#     BLOCK:          ACTUAL_PE:             PE_AVE:              ERROR:
           1             -8.7125             -8.7125                   0
           2            -8.70991            -8.71121         0.000915169
           3            -8.70561            -8.70934          0.00164144
           4            -8.69959             -8.7069          0.00244287
           5            -8.69124            -8.70377          0.00341624
           6            -8.67959            -8.69974          0.00465178
           7            -8.66661            -8.69501          0.00592468
           8            -8.65165            -8.68959          0.00725101
           9            -8.63311            -8.68331          0.00874884
          10            -8.61263            -8.67624           0.0103422
          11            -8.58957            -8.66836           0.0120348
          12            -8.56621            -8.65985           0.0137159
          13            -8.54256            -8.65083           0.0153442
          14            -8.51506            -8.64113           0.0170393
          15            -8.48634            -8.63081           0.0187699
          16            -8.45706            -8.61995            0.020499
          17            -8.42917            -8.60873           0.0221531
          18            -8.39818            -8.59703           0.0238112
          19            -8.36605            -8.58488            0.025473
          20            -8.33251            -8.57226           0.0271454
          21            -8.29888            -8.55924           0.0288056
          22             -8.2623            -8.54574           0.0304949
          23            -8.22574            -8.53183           0.0321869
          24            -8.18731            -8.51747           0.0338961
          25            -8.14837            -8.50271           0.0356108
          26            -8.10867            -8.48755            0.037327
          27            -8.06636            -8.47195           0.0390685
          28             -8.0241            -8.45596           0.0408162
          29            -7.98071            -8.43957           0.0425718
          30            -7.93789            -8.42285           0.0443156
          31            -7.89511            -8.40582             0.04604
          32            -7.85119            -8.38849           0.0477524
          33            -7.80691            -8.37087           0.0494506
          34            -7.76241            -8.35297            0.051132
          35            -7.71684             -8.3348           0.0528026
          36            -7.67166            -8.31638           0.0544542
          37            -7.62733            -8.29775           0.0560766
          38              -7.584            -8.27897           0.0576609
          39            -7.54053            -8.26004           0.0592096
          40            -7.49806            -8.24099           0.0607164
          41            -7.45641            -8.22185            0.062178
          42            -7.41573            -8.20266            0.063591
          43             -7.3765            -8.18345           0.0649497
          44            -7.33886            -8.16425           0.0662494
          45            -7.30164            -8.14508           0.0674934
          46            -7.26563            -8.12596           0.0686806
          47            -7.23222            -8.10695           0.0698022
          48            -7.20022            -8.08806           0.0708579
          49            -7.17006            -8.06932           0.0718459
          50            -7.14115            -8.05076           0.0727676
          51            -7.11486            -8.03241           0.0736184
          52            -7.09092             -8.0143           0.0743958
          53             -7.0687            -7.99646            0.075101
          54            -7.04823             -7.9789           0.0757353
          55            -7.03081            -7.96166           0.0762948
          56            -7.01513            -7.94476           0.0767819
          57            -7.00183            -7.92822           0.0771963
          58            -6.99022            -7.91205           0.0775408
          59            -6.98026            -7.89625           0.0778183
          60            -6.97189            -7.88085           0.0780314
          61            -6.96635            -7.86585           0.0781791
          62            -6.96193            -7.85128           0.0782658
          63            -6.95954            -7.83712           0.0782929
          64            -6.95875             -7.8234           0.0782633
          65            -6.95981            -7.81011           0.0781788
          66            -6.96132            -7.79725           0.0780449
          67            -6.96544            -7.78483           0.0778613
          68            -6.97013            -7.77285           0.0776326
          69            -6.97561             -7.7613           0.0773625
          70            -6.98243            -7.75017           0.0770533
          71             -6.9895            -7.73946           0.0767093
          72            -6.99803            -7.72916           0.0763319
          73            -7.00757            -7.71928           0.0759236
          74            -7.01674            -7.70978           0.0754888
          75            -7.02642            -7.70067           0.0750302
          76            -7.03748            -7.69195           0.0745487
          77            -7.04853            -7.68359           0.0740473
          78            -7.06111            -7.67561           0.0735268
          79            -7.07256            -7.66798           0.0729913
          80            -7.08407            -7.66068           0.0724429
          81             -7.0943            -7.65368           0.0718852
          82            -7.10545              -7.647           0.0713188
          83            -7.11616             -7.6406           0.0707457
          84            -7.12701            -7.63449           0.0701672
          85             -7.1383            -7.62865           0.0695841
          86            -7.14931            -7.62308           0.0689978
          87            -7.15938            -7.61775           0.0684103
          88            -7.16943            -7.61265           0.0678223
          89             -7.1788            -7.60778           0.0672353
          90             -7.1881            -7.60312           0.0666497
          91            -7.19699            -7.59865           0.0660665
          92            -7.20547            -7.59438           0.0654865
          93            -7.21417            -7.59029           0.0649098
          94            -7.22211            -7.58637           0.0643374
          95            -7.22929            -7.58261           0.0637698
          96            -7.23572              -7.579           0.0632079
          97            -7.24173            -7.57552           0.0626518
          98            -7.24764            -7.57218           0.0621018
          99            -7.25315            -7.56896            0.061558
         100            -7.25795            -7.56585            0.061021
         101            -7.26238            -7.56284           0.0604907
         102            -7.26613            -7.55993           0.0599676
         103            -7.27052            -7.55712           0.0594512
         104             -7.2746            -7.55441           0.0589416
         105            -7.27838            -7.55178           0.0584388
         106            -7.28191            -7.54923           0.0579429
         107            -7.28552            -7.54677           0.0574538
         108            -7.28858            -7.54438           0.0569715
         109            -7.29114            -7.54205           0.0564962
         110            -7.29352            -7.53979           0.0560278
         111            -7.29576            -7.53759           0.0555661
         112            -7.29756            -7.53545           0.0551113
         113            -7.29991            -7.53337            0.054663
         114            -7.30218            -7.53134           0.0542211
         115            -7.30375            -7.52936           0.0537857
         116            -7.30624            -7.52744           0.0533564
         117            -7.30775            -7.52556           0.0529334
         118             -7.3099            -7.52373           0.0525164
         119            -7.31174            -7.52195           0.0521053
         120            -7.31491            -7.52022           0.0516996
         121            -7.31682            -7.51854           0.0512997
         122            -7.31944            -7.51691           0.0509051
         123            -7.32148            -7.51532           0.0505161
         124            -7.32392            -7.51378           0.0501323
         125            -7.32646            -7.51228           0.0497536
         126            -7.32812            -7.51082           0.0493802
         127            -7.33118             -7.5094           0.0490116
         128            -7.33437            -7.50804           0.0486478
         129            -7.33768            -7.50672           0.0482886
         130            -7.33982            -7.50543           0.0479342
         131            -7.34275            -7.50419           0.0475844
         132            -7.34647              -7.503           0.0472389
         133            -7.35002            -7.50185           0.0468977
         134             -7.3534            -7.50074           0.0465608
         135            -7.35627            -7.49967           0.0462282
         136             -7.3606            -7.49865           0.0458996
         137            -7.36378            -7.49766           0.0455751
         138            -7.36809            -7.49672           0.0452545
         139            -7.37319            -7.49583           0.0449377
         140             -7.3778            -7.49499           0.0446246
         141            -7.38157            -7.49419           0.0443154
         142             -7.3858            -7.49342           0.0440099
         143            -7.39049             -7.4927            0.043708
         144            -7.39594            -7.49203           0.0434096
         145            -7.40215            -7.49141           0.0431147
         146            -7.40782            -7.49084           0.0428232
         147            -7.41195             -7.4903           0.0425352
         148            -7.41682            -7.48981           0.0422507
         149            -7.42143            -7.48935           0.0419697
         150            -7.42642            -7.48893            0.041692
         151            -7.43145            -7.48855           0.0414176
         152            -7.43651             -7.4882           0.0411465
         153            -7.44158             -7.4879           0.0408787
         154            -7.44633            -7.48763           0.0406142
         155            -7.45204             -7.4874           0.0403528
         156            -7.45773            -7.48721           0.0400946
         157            -7.46273            -7.48705           0.0398395
         158            -7.46768            -7.48693           0.0395875
         159            -7.47225            -7.48684           0.0393387
         160            -7.47706            -7.48678           0.0390928
         161            -7.48179            -7.48675             0.03885
         162            -7.48707            -7.48675           0.0386102
         163            -7.49288            -7.48679           0.0383734
         164             -7.4976            -7.48685           0.0381394
         165            -7.50186            -7.48694           0.0379084
         166             -7.5063            -7.48706           0.0376802
         167            -7.51025             -7.4872           0.0374548
         168            -7.51307            -7.48735           0.0372322
         169            -7.51734            -7.48753           0.0370123
         170            -7.52046            -7.48772           0.0367951
         171            -7.52338            -7.48793           0.0365805
         172             -7.5261            -7.48815           0.0363685
         173            -7.52927            -7.48839           0.0361591
         174            -7.53191            -7.48864           0.0359521
         175            -7.53434             -7.4889           0.0357476
         176            -7.53655            -7.48917           0.0355456
         177            -7.53919            -7.48946           0.0353459
         178            -7.54193            -7.48975           0.0351485
         179            -7.54477            -7.49006           0.0349535
         180            -7.54674            -7.49037           0.0347607
         181            -7.54784            -7.49069           0.0345701
         182            -7.54905            -7.49101           0.0343817
         183            -7.55036            -7.49134           0.0341953
         184            -7.55145            -7.49166            0.034011
         185            -7.55136            -7.49198           0.0338287
         186            -7.55139             -7.4923           0.0336484
         187            -7.55186            -7.49262           0.0334699
         188            -7.55182            -7.49294           0.0332934
         189            -7.55126            -7.49325           0.0331187
         190            -7.55085            -7.49355           0.0329457
         191            -7.55025            -7.49385           0.0327746
         192            -7.54818            -7.49413           0.0326051
         193            -7.54724             -7.4944           0.0324373
         194            -7.54613            -7.49467           0.0322712
         195            -7.54455            -7.49493           0.0321067
         196             -7.5428            -7.49517           0.0319439
         197            -7.54123             -7.4954           0.0317826
         198            -7.53822            -7.49562           0.0316228
         199            -7.53734            -7.49583           0.0314646
         200            -7.53503            -7.49603           0.0313078
         201            -7.53324            -7.49621           0.0311526
         202            -7.53133            -7.49639           0.0309989
         203            -7.52929            -7.49655           0.0308466
         204            -7.52649            -7.49669           0.0306958
         205            -7.52488            -7.49683           0.0305463
         206            -7.52316            -7.49696           0.0303983
         207            -7.52005            -7.49707           0.0302517
         208            -7.51749            -7.49717           0.0301064
         209            -7.51289            -7.49724           0.0299624
         210             -7.5108            -7.49731           0.0298198
         211            -7.50863            -7.49736           0.0296785
         212            -7.50572             -7.4974           0.0295386
         213            -7.50209            -7.49742           0.0293999
         214            -7.49839            -7.49743           0.0292625
         215            -7.49529            -7.49742           0.0291264
         216             -7.4918            -7.49739           0.0289916
         217            -7.48859            -7.49735            0.028858
         218            -7.48533             -7.4973           0.0287257
         219            -7.48204            -7.49723           0.0285946
         220            -7.47807            -7.49714           0.0284648
         221            -7.47474            -7.49704           0.0283361
         222            -7.47172            -7.49693           0.0282087
         223            -7.46708            -7.49679           0.0280826
         224            -7.46343            -7.49664           0.0279576
         225            -7.45947            -7.49648           0.0278338
         226            -7.45716             -7.4963           0.0277112
         227            -7.45361            -7.49612           0.0275898
         228             -7.4501            -7.49591           0.0274695
         229            -7.44698             -7.4957           0.0273504
         230            -7.44363            -7.49547           0.0272324
         231            -7.43971            -7.49523           0.0271156
         232            -7.43653            -7.49498           0.0269999
         233            -7.43314            -7.49471           0.0268853
         234            -7.43117            -7.49444           0.0267718
         235            -7.42868            -7.49416           0.0266593
         236            -7.42698            -7.49388           0.0265479
         237            -7.42445            -7.49358           0.0264375
         238            -7.42142            -7.49328           0.0263281
         239            -7.41824            -7.49297           0.0262198
         240             -7.4162            -7.49265           0.0261125
         241            -7.41466            -7.49232           0.0260062
         242            -7.41201            -7.49199           0.0259009
         243            -7.41051            -7.49166           0.0257964
         244            -7.40985            -7.49132           0.0256929
         245            -7.40906            -7.49099           0.0255902
         246             -7.4075            -7.49065           0.0254884
         247             -7.4071            -7.49031           0.0253875
         248            -7.40724            -7.48997           0.0252873
         249            -7.40661            -7.48964            0.025188
         250            -7.40618             -7.4893           0.0250895
         251             -7.4063            -7.48897           0.0249917
         252            -7.40759            -7.48865           0.0248946
         253            -7.40877            -7.48833           0.0247982
         254             -7.4092            -7.48802           0.0247025
         255            -7.40952            -7.48772           0.0246076
         256            -7.41071            -7.48741           0.0245133
         257            -7.41277            -7.48712           0.0244196
         258            -7.41407            -7.48684           0.0243266
         259            -7.41529            -7.48656           0.0242343
         260            -7.41736             -7.4863           0.0241425
         261            -7.41965            -7.48604           0.0240514
         262            -7.42119             -7.4858           0.0239608
         263             -7.4239            -7.48556           0.0238709
         264            -7.42714            -7.48534           0.0237815
         265             -7.4296            -7.48513           0.0236927
         266            -7.43226            -7.48493           0.0236044
         267            -7.43607            -7.48475           0.0235167
         268            -7.43973            -7.48458           0.0234296
         269            -7.44354            -7.48443            0.023343
         270            -7.44749            -7.48429           0.0232569
         271            -7.45124            -7.48417           0.0231714
         272            -7.45639            -7.48407           0.0230865
         273            -7.45969            -7.48398           0.0230021
         274            -7.46467            -7.48391           0.0229182
         275            -7.46873            -7.48385            0.022835
         276            -7.47345            -7.48381           0.0227523
         277            -7.47818            -7.48379           0.0226701
         278            -7.48288            -7.48379           0.0225886
         279            -7.48852            -7.48381           0.0225076
         280            -7.49214            -7.48384           0.0224273
         281            -7.49634            -7.48388           0.0223475
         282            -7.50042            -7.48394           0.0222683
         283            -7.50439            -7.48401           0.0221898
         284            -7.50919             -7.4841           0.0221118
         285            -7.51222             -7.4842           0.0220344
         286            -7.51476            -7.48431           0.0219577
         287            -7.51778            -7.48442           0.0218815
         288            -7.52029            -7.48455           0.0218058
         289            -7.52359            -7.48468           0.0217308
         290            -7.52638            -7.48483           0.0216563
         291            -7.52897            -7.48498           0.0215825
         292            -7.53267            -7.48514           0.0215092
         293            -7.53522            -7.48531           0.0214364
         294            -7.53662            -7.48549           0.0213642
         295            -7.53816            -7.48566           0.0212926
         296            -7.53889            -7.48584           0.0212214
         297            -7.54011            -7.48603           0.0211507
         298            -7.54152            -7.48621           0.0210806
         299            -7.54279             -7.4864           0.0210109
         300            -7.54491             -7.4866           0.0209418
         301            -7.54596             -7.4868           0.0208731
         302             -7.5453            -7.48699           0.0208049
         303            -7.54585            -7.48718           0.0207371
         304            -7.54829            -7.48738           0.0206699
         305            -7.54873            -7.48759           0.0206031
         306            -7.54946            -7.48779           0.0205368
         307            -7.55015            -7.48799           0.0204709
         308            -7.55115             -7.4882           0.0204055
         309            -7.55151             -7.4884           0.0203404
         310            -7.55154             -7.4886           0.0202758
         311            -7.55256            -7.48881           0.0202117
         312            -7.55359            -7.48902            0.020148
         313            -7.55499            -7.48923           0.0200847
         314            -7.55545            -7.48944           0.0200219
         315            -7.55629            -7.48965           0.0199594
         316            -7.55782            -7.48987           0.0198974
         317            -7.55941            -7.49009           0.0198359
         318            -7.56042            -7.49031           0.0197747
         319            -7.56117            -7.49053            0.019714
         320            -7.56264            -7.49076           0.0196537
         321            -7.56288            -7.49098           0.0195937
         322            -7.56449            -7.49121           0.0195342
         323             -7.5665            -7.49144           0.0194751
         324            -7.56826            -7.49168           0.0194164
         325            -7.56944            -7.49192           0.0193582
         326            -7.57037            -7.49216           0.0193003
         327            -7.57297            -7.49241           0.0192429
         328            -7.57498            -7.49266           0.0191858
         329            -7.57608            -7.49291           0.0191292
         330            -7.57884            -7.49317            0.019073
         331            -7.58001            -7.49343           0.0190172
         332            -7.58218             -7.4937           0.0189618
         333            -7.58371            -7.49397           0.0189068
         334            -7.58589            -7.49425           0.0188522
         335            -7.58806            -7.49453            0.018798
         336            -7.58956            -7.49481           0.0187441
         337            -7.59199             -7.4951           0.0186907
         338            -7.59502            -7.49539           0.0186378
         339             -7.5967            -7.49569           0.0185852
         340             -7.5983            -7.49599            0.018533
         341            -7.60013             -7.4963           0.0184812
         342            -7.60122            -7.49661           0.0184297
         343            -7.60317            -7.49692           0.0183785
         344            -7.60435            -7.49723           0.0183278
         345            -7.60443            -7.49754           0.0182773
         346            -7.60438            -7.49785           0.0182271
         347            -7.60451            -7.49816           0.0181771
         348            -7.60546            -7.49846           0.0181275
         349            -7.60561            -7.49877           0.0180782
         350            -7.60592            -7.49908           0.0180291
         351            -7.60639            -7.49938           0.0179803
         352            -7.60604            -7.49969           0.0179318
         353            -7.60586            -7.49999           0.0178835
         354            -7.60551            -7.50028           0.0178355
         355            -7.60467            -7.50058           0.0177877
         356            -7.60431            -7.50087           0.0177401
         357            -7.60282            -7.50116           0.0176927
         358            -7.60181            -7.50144           0.0176455
         359            -7.60065            -7.50171           0.0175985
         360            -7.59965            -7.50199           0.0175518
         361            -7.59819            -7.50225           0.0175052
         362             -7.5969            -7.50251           0.0174588
         363            -7.59386            -7.50276           0.0174125
         364            -7.59166            -7.50301           0.0173663
         365            -7.58933            -7.50325           0.0173204
         366             -7.5872            -7.50348           0.0172746
         367             -7.5843             -7.5037           0.0172289
         368            -7.58259            -7.50391           0.0171834
         369            -7.57884            -7.50411           0.0171381
         370            -7.57629            -7.50431           0.0170928
         371            -7.57366            -7.50449           0.0170478
         372            -7.57126            -7.50467           0.0170029
         373             -7.5688            -7.50485           0.0169582
         374             -7.5666            -7.50501           0.0169137
         375            -7.56339            -7.50517           0.0168693
         376            -7.56177            -7.50532           0.0168251
         377            -7.55949            -7.50546           0.0167811
         378            -7.55721             -7.5056           0.0167372
         379            -7.55331            -7.50572           0.0166935
         380            -7.55042            -7.50584             0.01665
         381            -7.54788            -7.50595           0.0166067
         382            -7.54444            -7.50605           0.0165635
         383            -7.54203            -7.50615           0.0165205
         384            -7.53938            -7.50623           0.0164777
         385            -7.53716            -7.50631           0.0164351
         386            -7.53505            -7.50639           0.0163927
         387             -7.5321            -7.50645           0.0163505
         388            -7.53027            -7.50652           0.0163085
         389            -7.52728            -7.50657           0.0162666
         390            -7.52641            -7.50662            0.016225
         391            -7.52408            -7.50666           0.0161836
         392            -7.52192             -7.5067           0.0161423
         393            -7.52027            -7.50674           0.0161013
         394            -7.52075            -7.50677           0.0160605
         395            -7.52108            -7.50681           0.0160199
         396            -7.52063            -7.50684           0.0159794
         397            -7.52132            -7.50688           0.0159392
         398            -7.52121            -7.50692           0.0158992
         399            -7.52063            -7.50695           0.0158594
         400            -7.52021            -7.50698           0.0158198
         401            -7.52027            -7.50702           0.0157804
         402            -7.51918            -7.50705           0.0157412
         403            -7.51952            -7.50708           0.0157021
         404            -7.52031            -7.50711           0.0156633
         405            -7.52027            -7.50714           0.0156247
         406             -7.5213            -7.50718           0.0155862
         407             -7.5218            -7.50722            0.015548
         408             -7.5224            -7.50725           0.0155099
         409            -7.52343            -7.50729            0.015472
         410            -7.52519            -7.50734           0.0154343
         411            -7.52639            -7.50738           0.0153969
         412            -7.52735            -7.50743           0.0153596
         413            -7.52968            -7.50748           0.0153225
         414            -7.53047            -7.50754           0.0152856
         415            -7.53198             -7.5076           0.0152488
         416            -7.53355            -7.50766           0.0152123
         417            -7.53549            -7.50773            0.015176
         418            -7.53685             -7.5078           0.0151398
         419            -7.53858            -7.50787           0.0151039
         420            -7.54034            -7.50795           0.0150681
         421             -7.5415            -7.50803           0.0150325
         422            -7.54364            -7.50811           0.0149972
         423            -7.54612             -7.5082            0.014962
         424            -7.54764             -7.5083            0.014927
         425             -7.5498            -7.50839           0.0148922
         426            -7.55161            -7.50849           0.0148576
         427            -7.55178             -7.5086           0.0148231
         428            -7.55385             -7.5087           0.0147888
         429            -7.55587            -7.50881           0.0147548
         430            -7.55749            -7.50892           0.0147209
         431            -7.55838            -7.50904           0.0146872
         432            -7.55917            -7.50916           0.0146537
         433            -7.56049            -7.50927           0.0146203
         434            -7.56135            -7.50939           0.0145871
         435            -7.56207            -7.50952           0.0145541
         436            -7.56328            -7.50964           0.0145212
         437            -7.56463            -7.50976           0.0144885
         438            -7.56579            -7.50989            0.014456
         439            -7.56611            -7.51002           0.0144236
         440            -7.56589            -7.51015           0.0143914
         441            -7.56577            -7.51027           0.0143593
         442            -7.56541             -7.5104           0.0143274
         443            -7.56514            -7.51052           0.0142956
         444            -7.56302            -7.51064           0.0142639
         445            -7.56163            -7.51075           0.0142323
         446            -7.55968            -7.51086           0.0142008
         447            -7.55813            -7.51097           0.0141694
         448            -7.55667            -7.51107           0.0141382
         449            -7.55467            -7.51117            0.014107
         450            -7.55374            -7.51126            0.014076
         451            -7.55036            -7.51135            0.014045
         452            -7.54743            -7.51143           0.0140142
         453            -7.54402             -7.5115           0.0139834
         454            -7.54047            -7.51157           0.0139528
         455            -7.53841            -7.51162           0.0139222
         456            -7.53658            -7.51168           0.0138918
         457            -7.53241            -7.51172           0.0138615
         458            -7.52787            -7.51176           0.0138313
         459            -7.52396            -7.51179           0.0138012
         460            -7.52103            -7.51181           0.0137712
         461             -7.5175            -7.51182           0.0137413
         462            -7.51436            -7.51182           0.0137116
         463            -7.51035            -7.51182            0.013682
         464            -7.50743            -7.51181           0.0136525
         465            -7.50435             -7.5118           0.0136231
         466            -7.50208            -7.51178           0.0135939
         467            -7.49775            -7.51175           0.0135648
         468            -7.49526            -7.51171           0.0135359
         469            -7.49333            -7.51167           0.0135071
         470            -7.49262            -7.51163           0.0134784
         471            -7.49153            -7.51159           0.0134499
         472            -7.49072            -7.51154           0.0134214
         473            -7.49051             -7.5115           0.0133931
         474            -7.49027            -7.51145            0.013365
         475            -7.48998            -7.51141           0.0133369
         476            -7.49031            -7.51136           0.0133089
         477            -7.49058            -7.51132           0.0132811
         478            -7.49111            -7.51128           0.0132534
         479            -7.49222            -7.51124           0.0132258
         480            -7.49356             -7.5112           0.0131983
         481             -7.4948            -7.51117           0.0131709
         482            -7.49655            -7.51114           0.0131436
         483            -7.49847            -7.51111           0.0131164
         484            -7.49924            -7.51109           0.0130893
         485            -7.50175            -7.51107           0.0130624
         486            -7.50338            -7.51105           0.0130355
         487            -7.50604            -7.51104           0.0130087
         488            -7.50777            -7.51103           0.0129821
         489            -7.50949            -7.51103           0.0129555
         490            -7.51182            -7.51103           0.0129291
         491            -7.51345            -7.51104           0.0129028
         492              -7.514            -7.51104           0.0128765
         493             -7.5154            -7.51105           0.0128504
         494            -7.51729            -7.51107           0.0128244
         495              -7.519            -7.51108           0.0127985
         496            -7.52082             -7.5111           0.0127727
         497            -7.52176            -7.51112            0.012747
         498            -7.52309            -7.51115           0.0127215
         499            -7.52414            -7.51117            0.012696
         500            -7.52554             -7.5112           0.0126706
         501            -7.52501            -7.51123           0.0126454
         502            -7.52352            -7.51125           0.0126202
         503            -7.52299            -7.51128           0.0125951
         504            -7.52116             -7.5113           0.0125702
         505            -7.51965            -7.51131           0.0125453
         506            -7.51814            -7.51133           0.0125205
         507            -7.51728            -7.51134           0.0124958
         508             -7.5145            -7.51134           0.0124712
         509            -7.51143            -7.51134           0.0124467
         510            -7.50873            -7.51134           0.0124223
         511            -7.50545            -7.51133            0.012398
         512            -7.50163            -7.51131           0.0123738
         513            -7.49762            -7.51128           0.0123497
         514            -7.49345            -7.51125           0.0123257
         515            -7.48981            -7.51121           0.0123019
         516            -7.48479            -7.51115           0.0122781
         517            -7.48038             -7.5111           0.0122545
         518            -7.47661            -7.51103           0.0122311
         519            -7.47258            -7.51095           0.0122077
         520            -7.46895            -7.51087           0.0121845
         521            -7.46546            -7.51079           0.0121614
         522            -7.46151            -7.51069           0.0121385
         523            -7.45875            -7.51059           0.0121157
         524            -7.45659            -7.51049            0.012093
         525            -7.45408            -7.51038           0.0120705
         526             -7.4516            -7.51027            0.012048
         527            -7.44885            -7.51015           0.0120257
         528            -7.44651            -7.51003           0.0120036
         529            -7.44526            -7.50991           0.0119815
         530            -7.44478            -7.50979           0.0119595
         531            -7.44413            -7.50966           0.0119376
         532            -7.44525            -7.50954           0.0119158
         533            -7.44621            -7.50942            0.011894
         534             -7.4483            -7.50931           0.0118723
         535            -7.45023             -7.5092           0.0118506
         536             -7.4523            -7.50909            0.011829
         537             -7.4545            -7.50899           0.0118074
         538            -7.45811             -7.5089           0.0117859
         539            -7.46245            -7.50881           0.0117643
         540            -7.46622            -7.50873           0.0117428
         541            -7.47002            -7.50866           0.0117213
         542             -7.4748             -7.5086           0.0116998
         543            -7.47924            -7.50854           0.0116784
         544            -7.48264             -7.5085            0.011657
         545            -7.48789            -7.50846           0.0116357
         546            -7.49302            -7.50843           0.0116144
         547            -7.49864            -7.50841           0.0115932
         548            -7.50438            -7.50841           0.0115721
         549            -7.51054            -7.50841            0.011551
         550            -7.51643            -7.50842             0.01153
         551            -7.52266            -7.50845           0.0115091
         552            -7.52791            -7.50848           0.0114883
         553            -7.53441            -7.50853           0.0114676
         554            -7.54018            -7.50859           0.0114471
         555            -7.54584            -7.50866           0.0114266
         556            -7.55135            -7.50873           0.0114063
         557            -7.55636            -7.50882           0.0113862
         558            -7.56245            -7.50891           0.0113662
         559            -7.56702            -7.50902           0.0113463
         560            -7.57231            -7.50913           0.0113266
         561            -7.57633            -7.50925           0.0113071
         562            -7.58037            -7.50938           0.0112877
         563            -7.58343            -7.50951           0.0112684
         564            -7.58711            -7.50965           0.0112492
         565            -7.58815            -7.50979           0.0112302
         566            -7.59011            -7.50993           0.0112112
         567            -7.59265            -7.51007           0.0111924
         568            -7.59413            -7.51022           0.0111737
         569            -7.59487            -7.51037            0.011155
         570            -7.59519            -7.51052           0.0111365
         571            -7.59509            -7.51067           0.0111179
         572            -7.59425            -7.51081           0.0110995
         573            -7.59363            -7.51096            0.011081
         574            -7.59356             -7.5111           0.0110627
         575            -7.59209            -7.51124           0.0110443
         576            -7.59087            -7.51138            0.011026
         577             -7.5886            -7.51151           0.0110077
         578            -7.58625            -7.51164           0.0109894
         579            -7.58385            -7.51177           0.0109712
         580            -7.58174            -7.51189           0.0109529
         581            -7.57928            -7.51201           0.0109347
         582            -7.57456            -7.51211           0.0109164
         583            -7.57115            -7.51221           0.0108982
         584            -7.56809            -7.51231           0.0108799
         585            -7.56379             -7.5124           0.0108617
         586            -7.55859            -7.51248           0.0108434
         587            -7.55316            -7.51255           0.0108252
         588            -7.54851            -7.51261           0.0108069
         589            -7.54336            -7.51266           0.0107887
         590            -7.53839             -7.5127           0.0107705
         591            -7.53329            -7.51274           0.0107524
         592             -7.5281            -7.51276           0.0107342
         593            -7.52252            -7.51278           0.0107161
         594             -7.5156            -7.51278           0.0106981
         595            -7.50964            -7.51278           0.0106801
         596            -7.50306            -7.51276           0.0106622
         597            -7.49751            -7.51274           0.0106444
         598             -7.4917             -7.5127           0.0106266
         599              -7.486            -7.51266            0.010609
         600            -7.48109            -7.51261           0.0105914
         601            -7.47602            -7.51254            0.010574
         602            -7.46952            -7.51247           0.0105567
         603            -7.46487            -7.51239           0.0105395
         604            -7.46048            -7.51231           0.0105224
         605            -7.45507            -7.51221           0.0105054
         606            -7.45159            -7.51211           0.0104885
         607            -7.44748            -7.51201           0.0104718
         608            -7.44406             -7.5119           0.0104552
         609            -7.44102            -7.51178           0.0104386
         610            -7.43743            -7.51166           0.0104222
         611             -7.4359            -7.51153           0.0104059
         612            -7.43353            -7.51141           0.0103897
         613            -7.43294            -7.51128           0.0103735
         614            -7.43155            -7.51115           0.0103575
         615            -7.43131            -7.51102           0.0103414
         616            -7.43191            -7.51089           0.0103254
         617            -7.43239            -7.51076           0.0103095
         618            -7.43469            -7.51064           0.0102935
         619            -7.43687            -7.51052           0.0102776
         620            -7.43923            -7.51041           0.0102617
         621            -7.44179            -7.51029           0.0102457
         622            -7.44581            -7.51019           0.0102298
         623            -7.44999            -7.51009           0.0102138
         624            -7.45527            -7.51001           0.0101978
         625            -7.45937            -7.50993           0.0101818
         626            -7.46484            -7.50985           0.0101658
         627            -7.46971            -7.50979           0.0101498
         628            -7.47621            -7.50974           0.0101338
         629            -7.48269            -7.50969           0.0101178
         630            -7.48944            -7.50966           0.0101018
         631            -7.49511            -7.50964           0.0100858
         632            -7.50227            -7.50963           0.0100698
         633            -7.51021            -7.50963           0.0100539
         634            -7.51795            -7.50964           0.0100381
         635            -7.52577            -7.50967           0.0100223
         636              -7.532             -7.5097           0.0100066
         637            -7.53856            -7.50975            0.009991
         638            -7.54639             -7.5098           0.0099755
         639            -7.55318            -7.50987          0.00996012
         640            -7.56019            -7.50995          0.00994487
         641            -7.56709            -7.51004          0.00992975
         642             -7.5732            -7.51014          0.00991477
         643            -7.57979            -7.51025          0.00989995
         644            -7.58619            -7.51036          0.00988528
         645            -7.59206            -7.51049          0.00987076
         646            -7.59869            -7.51063          0.00985643
         647            -7.60445            -7.51077          0.00984226
         648            -7.61029            -7.51093          0.00982827
         649            -7.61653            -7.51109          0.00981447
         650             -7.6209            -7.51126          0.00980083
         651            -7.62533            -7.51143          0.00978734
         652            -7.63016            -7.51161          0.00977402
         653            -7.63342             -7.5118          0.00976083
         654            -7.63706            -7.51199          0.00974779
         655            -7.63948            -7.51219          0.00973485
         656            -7.64292            -7.51239          0.00972205
         657             -7.6461            -7.51259          0.00970938
         658            -7.64902             -7.5128          0.00969684
         659            -7.65199            -7.51301          0.00968442
         660            -7.65568            -7.51322          0.00967216
         661             -7.6578            -7.51344             0.00966
         662            -7.65998            -7.51366          0.00964794
         663            -7.66059            -7.51389          0.00963594
         664            -7.66159            -7.51411          0.00962399
         665            -7.66167            -7.51433          0.00961208
         666            -7.66278            -7.51455          0.00960023
         667            -7.66362            -7.51478          0.00958844
         668            -7.66483              -7.515          0.00957671
         669            -7.66513            -7.51523          0.00956503
         670            -7.66483            -7.51545          0.00955336
         671            -7.66425            -7.51567          0.00954169
         672            -7.66309            -7.51589          0.00953002
         673            -7.66164            -7.51611          0.00951832
         674            -7.66025            -7.51632           0.0095066
         675            -7.65858            -7.51653          0.00949485
         676            -7.65727            -7.51674          0.00948309
         677            -7.65472            -7.51694          0.00947127
         678            -7.65286            -7.51714          0.00945942
         679            -7.65072            -7.51734          0.00944753
         680            -7.64733            -7.51753          0.00943557
         681            -7.64494            -7.51772          0.00942357
         682            -7.64097             -7.5179          0.00941149
         683            -7.63734            -7.51807          0.00939933
         684            -7.63308            -7.51824           0.0093871
         685            -7.62819             -7.5184          0.00937476
         686             -7.6233            -7.51856          0.00936234
         687            -7.61778             -7.5187          0.00934983
         688            -7.61259            -7.51884          0.00933724
         689            -7.60577            -7.51896          0.00932454
         690            -7.59961            -7.51908          0.00931176
         691            -7.59345            -7.51919           0.0092989
         692            -7.58664            -7.51929          0.00928598
         693            -7.57886            -7.51937          0.00927297
         694             -7.5711            -7.51945          0.00925991
         695            -7.56335            -7.51951           0.0092468
         696            -7.55564            -7.51956          0.00923366
         697            -7.54667             -7.5196           0.0092205
         698            -7.53711            -7.51962          0.00920732
         699            -7.52859            -7.51964          0.00919416
         700            -7.51953            -7.51964          0.00918102
         701            -7.51027            -7.51962          0.00916794
         702            -7.50082             -7.5196          0.00915492
         703            -7.49155            -7.51956          0.00914198
         704            -7.48152             -7.5195          0.00912915
         705            -7.47174            -7.51944          0.00911646
         706            -7.46224            -7.51935           0.0091039
         707            -7.45242            -7.51926          0.00909152
         708              -7.442            -7.51915          0.00907933
         709            -7.43233            -7.51903          0.00906735
         710            -7.42279            -7.51889           0.0090556
         711            -7.41474            -7.51875          0.00904404
         712            -7.40499            -7.51859          0.00903275
         713            -7.39682            -7.51842           0.0090217
         714            -7.38769            -7.51823          0.00901092
         715            -7.37992            -7.51804          0.00900039
         716            -7.37129            -7.51783          0.00899016
         717            -7.36379            -7.51762          0.00898019
         718             -7.3565             -7.5174          0.00897048
         719            -7.35043            -7.51716          0.00896101
         720            -7.34433            -7.51692          0.00895178
         721            -7.33953            -7.51668          0.00894274
         722            -7.33476            -7.51642          0.00893391
         723            -7.33038            -7.51617          0.00892525
         724            -7.32706            -7.51591          0.00891675
         725            -7.32547            -7.51564          0.00890832
         726            -7.32466            -7.51538          0.00889993
         727              -7.323            -7.51512          0.00889162
         728            -7.32343            -7.51485           0.0088833
         729            -7.32496            -7.51459          0.00887494
         730            -7.32727            -7.51434          0.00886649
         731            -7.33067            -7.51408          0.00885792
         732            -7.33385            -7.51384          0.00884924
         733            -7.33874             -7.5136          0.00884039
         734            -7.34433            -7.51337          0.00883135
         735            -7.34963            -7.51315          0.00882215
         736            -7.35558            -7.51293          0.00881276
         737            -7.36375            -7.51273          0.00880313
         738            -7.37088            -7.51254          0.00879329
         739            -7.37918            -7.51236          0.00878325
         740            -7.38701            -7.51219          0.00877301
         741            -7.39722            -7.51203          0.00876254
         742            -7.40654            -7.51189          0.00875189
         743            -7.41654            -7.51176          0.00874105
         744            -7.42587            -7.51165          0.00873006
         745            -7.43579            -7.51154          0.00871894
         746            -7.44625            -7.51146          0.00870769
         747            -7.45687            -7.51138          0.00869634
         748            -7.46697            -7.51132          0.00868492
         749            -7.47844            -7.51128          0.00867343
         750            -7.49027            -7.51125          0.00866191
         751            -7.50144            -7.51124          0.00865039
         752            -7.51192            -7.51124          0.00863889
         753            -7.52261            -7.51126          0.00862743
         754            -7.53318            -7.51128          0.00861603
         755            -7.54389            -7.51133          0.00860473
         756            -7.55536            -7.51139          0.00859354
         757            -7.56529            -7.51146          0.00858249
         758             -7.5746            -7.51154          0.00857157
         759            -7.58392            -7.51164          0.00856081
         760            -7.59224            -7.51174           0.0085502
         761            -7.60049            -7.51186          0.00853976
         762            -7.60801            -7.51198          0.00852948
         763            -7.61509            -7.51212          0.00851938
         764            -7.62235            -7.51226          0.00850945
         765            -7.62977            -7.51242          0.00849971
         766            -7.63733            -7.51258          0.00849018
         767            -7.64274            -7.51275           0.0084808
         768            -7.64824            -7.51293           0.0084716
         769            -7.65253            -7.51311          0.00846252
         770            -7.65559            -7.51329          0.00845356
         771            -7.65872            -7.51348           0.0084447
         772             -7.6619            -7.51367          0.00843595
         773            -7.66383            -7.51387          0.00842727
         774            -7.66581            -7.51406          0.00841867
         775            -7.66621            -7.51426          0.00841009
         776            -7.66795            -7.51446          0.00840159
         777            -7.66877            -7.51466          0.00839312
         778            -7.66835            -7.51486          0.00838466
         779            -7.66703            -7.51505          0.00837617
         780            -7.66515            -7.51524          0.00836764
         781            -7.66239            -7.51543          0.00835905
         782            -7.65909            -7.51562          0.00835038
         783            -7.65528            -7.51579          0.00834162
         784            -7.65097            -7.51597          0.00833276
         785            -7.64653            -7.51613           0.0083238
         786            -7.64131            -7.51629          0.00831474
         787            -7.63601            -7.51644          0.00830556
         788            -7.63032            -7.51659          0.00829628
         789            -7.62428            -7.51672          0.00828689
         790            -7.61793            -7.51685          0.00827739
         791            -7.61226            -7.51697           0.0082678
         792            -7.60505            -7.51708          0.00825811
         793            -7.59796            -7.51719          0.00824833
         794            -7.59004            -7.51728          0.00823845
         795            -7.58199            -7.51736          0.00822849
         796            -7.57513            -7.51743          0.00821847
         797            -7.56821             -7.5175          0.00820841
         798            -7.55998            -7.51755          0.00819829
         799            -7.55209            -7.51759          0.00818815
         800            -7.54425            -7.51763          0.00817798
         801            -7.53554            -7.51765           0.0081678
         802             -7.5276            -7.51766          0.00815763
         803            -7.52081            -7.51766          0.00814747
         804            -7.51356            -7.51766          0.00813733
         805             -7.5072            -7.51765          0.00812724
         806            -7.50046            -7.51763          0.00811718
         807            -7.49531             -7.5176          0.00810717
         808            -7.48887            -7.51756          0.00809721
         809             -7.4844            -7.51752          0.00808731
         810            -7.47998            -7.51747          0.00807746
         811            -7.47564            -7.51742          0.00806766
         812            -7.47138            -7.51737          0.00805793
         813            -7.46852            -7.51731          0.00804824
         814            -7.46481            -7.51724          0.00803861
         815            -7.46155            -7.51717          0.00802904
         816            -7.45843             -7.5171          0.00801952
         817            -7.45706            -7.51703          0.00801004
         818            -7.45485            -7.51695          0.00800061
         819            -7.45472            -7.51688           0.0079912
         820            -7.45439             -7.5168          0.00798182
         821            -7.45417            -7.51672          0.00797246
         822            -7.45438            -7.51665          0.00796312
         823            -7.45467            -7.51657           0.0079538
         824            -7.45568             -7.5165          0.00794449
         825             -7.4561            -7.51643           0.0079352
         826            -7.45751            -7.51635          0.00792592
         827            -7.46054            -7.51629          0.00791662
         828            -7.46322            -7.51622          0.00790732
         829            -7.46586            -7.51616          0.00789801
         830            -7.46906             -7.5161           0.0078887
         831            -7.47215            -7.51605          0.00787939
         832            -7.47511              -7.516          0.00787007
         833             -7.4779            -7.51596          0.00786075
         834             -7.4805            -7.51591          0.00785144
         835             -7.4845            -7.51588          0.00784213
         836            -7.48922            -7.51584          0.00783281
         837            -7.49271            -7.51582          0.00782351
         838            -7.49623            -7.51579           0.0078142
         839            -7.49976            -7.51577          0.00780491
         840            -7.50425            -7.51576          0.00779563
         841            -7.50774            -7.51575          0.00778637
         842            -7.51216            -7.51575          0.00777712
         843            -7.51588            -7.51575           0.0077679
         844            -7.51985            -7.51575           0.0077587
         845            -7.52407            -7.51576          0.00774952
         846            -7.52724            -7.51578          0.00774037
         847            -7.53193            -7.51579          0.00773126
         848            -7.53426            -7.51582          0.00772217
         849            -7.53746            -7.51584          0.00771312
         850            -7.54023            -7.51587           0.0077041
         851            -7.54322             -7.5159          0.00769511
         852            -7.54676            -7.51594          0.00768616
         853            -7.54987            -7.51598          0.00767726
         854            -7.55159            -7.51602          0.00766838
         855            -7.55322            -7.51606          0.00765953
         856            -7.55541            -7.51611          0.00765072
         857            -7.55849            -7.51616          0.00764196
         858            -7.56118            -7.51621          0.00763323
         859            -7.56315            -7.51627          0.00762454
         860            -7.56472            -7.51632          0.00761588
         861            -7.56624            -7.51638          0.00760726
         862            -7.56834            -7.51644          0.00759867
         863            -7.57135             -7.5165          0.00759013
         864            -7.57301            -7.51657          0.00758163
         865             -7.5746            -7.51664          0.00757316
         866            -7.57581            -7.51671          0.00756472
         867             -7.5776            -7.51678          0.00755633
         868            -7.58029            -7.51685          0.00754797
         869             -7.5816            -7.51692          0.00753966
         870            -7.58249              -7.517          0.00753137
         871            -7.58426            -7.51708          0.00752312
         872            -7.58526            -7.51715           0.0075149
         873            -7.58613            -7.51723           0.0075067
         874            -7.58621            -7.51731          0.00749853
         875            -7.58742            -7.51739          0.00749039
         876            -7.58749            -7.51747          0.00748226
         877            -7.58737            -7.51755          0.00747416
         878            -7.58865            -7.51763          0.00746608
         879            -7.58843            -7.51771          0.00745802
         880            -7.58862            -7.51779          0.00744998
         881            -7.58824            -7.51787          0.00744196
         882            -7.58792            -7.51795          0.00743394
         883            -7.58733            -7.51803          0.00742594
         884            -7.58645            -7.51811          0.00741794
         885             -7.5853            -7.51819          0.00740995
         886            -7.58482            -7.51826          0.00740197
         887            -7.58211            -7.51833          0.00739397
         888            -7.57976             -7.5184          0.00738597
         889            -7.57647            -7.51847          0.00737795
         890            -7.57355            -7.51853          0.00736992
         891            -7.57067            -7.51859          0.00736188
         892            -7.56786            -7.51864          0.00735383
         893            -7.56415            -7.51869          0.00734577
         894            -7.56019            -7.51874           0.0073377
         895            -7.55602            -7.51878          0.00732962
         896            -7.55131            -7.51882          0.00732153
         897            -7.54609            -7.51885          0.00731343
         898            -7.54168            -7.51887          0.00730533
         899            -7.53582            -7.51889          0.00729723
         900            -7.53049            -7.51891          0.00728914
         901            -7.52603            -7.51891          0.00728105
         902            -7.51988            -7.51891          0.00727298
         903            -7.51497            -7.51891          0.00726493
         904            -7.50939             -7.5189           0.0072569
         905            -7.50414            -7.51888           0.0072489
         906            -7.49956            -7.51886          0.00724093
         907            -7.49439            -7.51884          0.00723299
         908            -7.48898             -7.5188           0.0072251
         909            -7.48303            -7.51876          0.00721726
         910            -7.47885            -7.51872          0.00720946
         911            -7.47385            -7.51867          0.00720172
         912            -7.46969            -7.51862          0.00719402
         913            -7.46542            -7.51856          0.00718638
         914             -7.4617             -7.5185          0.00717878
         915            -7.45759            -7.51843          0.00717125
         916            -7.45409            -7.51836          0.00716376
         917            -7.45087            -7.51829          0.00715633
         918            -7.44732            -7.51821          0.00714895
         919            -7.44507            -7.51813          0.00714161
         920            -7.44316            -7.51805          0.00713432
         921            -7.44161            -7.51796          0.00712705
         922            -7.43977            -7.51788          0.00711983
         923            -7.43829            -7.51779          0.00711264
         924            -7.43784            -7.51771          0.00710546
         925            -7.43776            -7.51762          0.00709831
         926            -7.43837            -7.51753          0.00709116
         927            -7.43871            -7.51745          0.00708402
         928             -7.4394            -7.51737          0.00707688
         929            -7.43948            -7.51728          0.00706976
         930            -7.44086             -7.5172          0.00706264
         931            -7.44193            -7.51712          0.00705552
         932            -7.44428            -7.51704          0.00704838
         933            -7.44596            -7.51696          0.00704124
         934            -7.44822            -7.51689          0.00703408
         935            -7.45073            -7.51682          0.00702691
         936            -7.45444            -7.51675          0.00701972
         937            -7.45835            -7.51669          0.00701251
         938            -7.46211            -7.51663          0.00700527
         939            -7.46569            -7.51658          0.00699802
         940            -7.46938            -7.51653          0.00699076
         941            -7.47446            -7.51648          0.00698347
         942             -7.4783            -7.51644          0.00697618
         943            -7.48218            -7.51641          0.00696887
         944            -7.48605            -7.51637          0.00696156
         945            -7.48958            -7.51635          0.00695426
         946            -7.49337            -7.51632          0.00694695
         947            -7.49773             -7.5163          0.00693964
         948            -7.50133            -7.51629          0.00693234
         949            -7.50481            -7.51627          0.00692504
         950            -7.50717            -7.51626          0.00691776
         951            -7.51066            -7.51626          0.00691049
         952            -7.51365            -7.51626          0.00690323
         953            -7.51613            -7.51626          0.00689599
         954            -7.51936            -7.51626          0.00688876
         955            -7.52205            -7.51627          0.00688155
         956            -7.52419            -7.51627          0.00687435
         957            -7.52642            -7.51628          0.00686718
         958            -7.52906             -7.5163          0.00686002
         959            -7.53049            -7.51631          0.00685289
         960            -7.53039            -7.51633          0.00684576
         961             -7.5307            -7.51634          0.00683866
         962            -7.53143            -7.51636          0.00683157
         963            -7.53193            -7.51637          0.00682449
         964            -7.53189            -7.51639          0.00681743
         965            -7.53164            -7.51641          0.00681038
         966            -7.53151            -7.51642          0.00680335
         967            -7.53087            -7.51644          0.00679633
         968             -7.5307            -7.51645          0.00678933
         969            -7.52939            -7.51646          0.00678233
         970             -7.5289            -7.51648          0.00677535
         971            -7.52794            -7.51649          0.00676839
         972            -7.52654             -7.5165          0.00676143
         973            -7.52535            -7.51651          0.00675449
         974             -7.5247            -7.51652          0.00674756
         975            -7.52365            -7.51652          0.00674064
         976            -7.52253            -7.51653          0.00673374
         977            -7.52102            -7.51653          0.00672685
         978             -7.5198            -7.51654          0.00671997
         979            -7.51854            -7.51654          0.00671311
         980            -7.51725            -7.51654          0.00670626
         981            -7.51467            -7.51654          0.00669942
         982            -7.51338            -7.51654           0.0066926
         983            -7.51211            -7.51653          0.00668579
         984             -7.5115            -7.51653            0.006679
         985            -7.50963            -7.51652          0.00667222
         986            -7.50747            -7.51651          0.00666546
         987            -7.50566             -7.5165          0.00665872
         988             -7.5052            -7.51649          0.00665199
         989            -7.50415            -7.51647          0.00664527
         990            -7.50347            -7.51646          0.00663857
         991             -7.5009            -7.51645          0.00663189
         992                -7.5            -7.51643          0.00662523
         993             -7.4985            -7.51641          0.00661858
         994            -7.49835            -7.51639          0.00661195
         995            -7.49792            -7.51637          0.00660533
         996            -7.49722            -7.51636          0.00659873
         997            -7.49657            -7.51634          0.00659214
         998            -7.49629            -7.51632          0.00658556
         999            -7.49542            -7.51629            0.006579
        1000            -7.49427            -7.51627          0.00657246
        1001            -7.49381            -7.51625          0.00656593
        1002            -7.49341            -7.51623          0.00655942
        1003            -7.49306             -7.5162          0.00655292
        1004            -7.49115            -7.51618          0.00654644
        1005            -7.49125            -7.51615          0.00653998
        1006            -7.49109            -7.51613          0.00653352
        1007              -7.491             -7.5161          0.00652708
        1008            -7.49131            -7.51608          0.00652065
        1009            -7.49137            -7.51606          0.00651424
        1010            -7.49119            -7.51603          0.00650783
        1011            -7.49044            -7.51601          0.00650144
        1012            -7.49172            -7.51598          0.00649506
        1013             -7.4918            -7.51596           0.0064887
        1014            -7.49228            -7.51593          0.00648234
        1015            -7.49285            -7.51591          0.00647599
        1016             -7.4935            -7.51589          0.00646966
        1017            -7.49392            -7.51587          0.00646333
        1018            -7.49474            -7.51585          0.00645702
        1019            -7.49468            -7.51583          0.00645071
        1020            -7.49534            -7.51581          0.00644442
        1021            -7.49705            -7.51579          0.00643813
        1022            -7.49787            -7.51577          0.00643186
        1023            -7.49812            -7.51575          0.00642559
        1024            -7.49942            -7.51574          0.00641934
        1025            -7.50048            -7.51572          0.00641309
        1026            -7.50097            -7.51571          0.00640686
        1027            -7.50155            -7.51569          0.00640064
        1028            -7.50287            -7.51568          0.00639442
        1029            -7.50492            -7.51567          0.00638822
        1030            -7.50675            -7.51566          0.00638202
        1031            -7.50772            -7.51565          0.00637583
        1032            -7.51009            -7.51565          0.00636966
        1033            -7.51129            -7.51565          0.00636349
        1034            -7.51294            -7.51564          0.00635734
        1035            -7.51537            -7.51564           0.0063512
        1036            -7.51828            -7.51564          0.00634507
        1037            -7.52134            -7.51565          0.00633895
        1038            -7.52489            -7.51566          0.00633285
        1039            -7.52732            -7.51567          0.00632676
        1040            -7.52993            -7.51568           0.0063207
        1041            -7.53241             -7.5157          0.00631464
        1042            -7.53573            -7.51572          0.00630861
        1043            -7.53892            -7.51574           0.0063026
        1044             -7.5423            -7.51577          0.00629662
        1045            -7.54524             -7.5158          0.00629066
        1046            -7.54967            -7.51583          0.00628473
        1047             -7.5543            -7.51586          0.00627883
        1048            -7.55813             -7.5159          0.00627297
        1049            -7.56246            -7.51595          0.00626715
        1050            -7.56728              -7.516          0.00626137
        1051            -7.57159            -7.51605          0.00625563
        1052            -7.57666            -7.51611          0.00624995
        1053            -7.58247            -7.51617          0.00624434
        1054            -7.58803            -7.51624          0.00623878
        1055            -7.59299            -7.51631          0.00623329
        1056            -7.59829            -7.51639          0.00622787
        1057            -7.60324            -7.51647          0.00622252
        1058            -7.60813            -7.51656          0.00621725
        1059            -7.61326            -7.51665          0.00621205
        1060            -7.61697            -7.51675          0.00620691
        1061            -7.62183            -7.51684          0.00620185
        1062             -7.6252            -7.51695          0.00619685
        1063            -7.62901            -7.51705          0.00619191
        1064            -7.63257            -7.51716          0.00618704
        1065            -7.63714            -7.51727          0.00618226
        1066             -7.6414            -7.51739          0.00617756
        1067            -7.64566            -7.51751          0.00617294
        1068            -7.64827            -7.51763          0.00616837
        1069            -7.65116            -7.51776          0.00616387
        1070            -7.65333            -7.51788          0.00615941
        1071            -7.65445            -7.51801          0.00615498
        1072            -7.65516            -7.51814          0.00615056
        1073            -7.65578            -7.51827          0.00614617
        1074            -7.65662             -7.5184           0.0061418
        1075            -7.65671            -7.51852          0.00613743
        1076            -7.65573            -7.51865          0.00613305
        1077            -7.65434            -7.51878          0.00612865
        1078            -7.65448             -7.5189          0.00612426
        1079            -7.65196            -7.51903          0.00611982
        1080            -7.65067            -7.51915          0.00611537
        1081            -7.64868            -7.51927          0.00611089
        1082            -7.64601            -7.51939          0.00610636
        1083            -7.64203             -7.5195          0.00610177
        1084             -7.6387            -7.51961          0.00609714
        1085            -7.63539            -7.51972          0.00609245
        1086            -7.63245            -7.51982          0.00608772
        1087            -7.62923            -7.51992          0.00608296
        1088            -7.62416            -7.52002          0.00607812
        1089            -7.61917            -7.52011          0.00607322
        1090            -7.61398            -7.52019          0.00606826
        1091            -7.60925            -7.52028          0.00606325
        1092            -7.60303            -7.52035          0.00605817
        1093            -7.59699            -7.52042          0.00605303
        1094            -7.59111            -7.52049          0.00604784
        1095            -7.58543            -7.52055          0.00604261
        1096             -7.5793             -7.5206          0.00603733
        1097            -7.57371            -7.52065          0.00603203
        1098            -7.56803            -7.52069          0.00602669
        1099             -7.5626            -7.52073          0.00602132
        1100            -7.55645            -7.52076          0.00601594
        1101            -7.55057            -7.52079          0.00601053
        1102            -7.54433            -7.52081          0.00600512
        1103            -7.53807            -7.52082          0.00599969
        1104            -7.53179            -7.52083          0.00599427
        1105            -7.52552            -7.52084          0.00598884
        1106            -7.51928            -7.52084          0.00598343
        1107            -7.51308            -7.52083          0.00597803
        1108            -7.50694            -7.52082          0.00597265
        1109            -7.50089             -7.5208          0.00596729
        1110            -7.49398            -7.52078          0.00596196
        1111            -7.48852            -7.52075          0.00595666
        1112            -7.48193            -7.52071          0.00595141
        1113            -7.47619            -7.52067           0.0059462
        1114            -7.47133            -7.52063          0.00594102
        1115            -7.46673            -7.52058          0.00593589
        1116             -7.4618            -7.52053          0.00593081
        1117            -7.45655            -7.52047          0.00592577
        1118            -7.45361            -7.52041          0.00592078
        1119            -7.45011            -7.52035          0.00591582
        1120            -7.44704            -7.52028           0.0059109
        1121            -7.44442            -7.52021          0.00590601
        1122            -7.44325            -7.52015          0.00590115
        1123            -7.44194            -7.52008           0.0058963
        1124            -7.44017               -7.52          0.00589149
        1125            -7.43957            -7.51993          0.00588668
        1126            -7.43822            -7.51986           0.0058819
        1127            -7.43999            -7.51979          0.00587711
        1128            -7.44033            -7.51972          0.00587232
        1129            -7.44118            -7.51965          0.00586753
        1130             -7.4435            -7.51958          0.00586273
        1131            -7.44628            -7.51952           0.0058579
        1132            -7.44983            -7.51946          0.00585305
        1133            -7.45378             -7.5194          0.00584817
        1134            -7.45779            -7.51934          0.00584327
        1135            -7.46246            -7.51929          0.00583833
        1136             -7.4658            -7.51925          0.00583338
        1137            -7.47005             -7.5192          0.00582841
        1138            -7.47484            -7.51916          0.00582342
        1139            -7.48013            -7.51913          0.00581841
        1140            -7.48523             -7.5191          0.00581338
        1141             -7.4901            -7.51907          0.00580834
        1142            -7.49535            -7.51905          0.00580329
        1143            -7.50159            -7.51904          0.00579824
        1144            -7.50685            -7.51903          0.00579318
        1145            -7.51239            -7.51902          0.00578812
        1146            -7.51754            -7.51902          0.00578307
        1147            -7.52356            -7.51902          0.00577803
        1148            -7.52913            -7.51903            0.005773
        1149            -7.53326            -7.51905          0.00576799
        1150            -7.53786            -7.51906            0.005763
        1151            -7.54195            -7.51908          0.00575803
        1152            -7.54583            -7.51911          0.00575308
        1153            -7.54982            -7.51913          0.00574815
        1154             -7.5539            -7.51916          0.00574325
        1155             -7.5574             -7.5192          0.00573837
        1156            -7.56066            -7.51923          0.00573352
        1157            -7.56364            -7.51927          0.00572869
        1158            -7.56538            -7.51931          0.00572388
        1159            -7.56846            -7.51935           0.0057191
        1160            -7.57093             -7.5194          0.00571434
        1161            -7.57279            -7.51944          0.00570961
        1162            -7.57436            -7.51949          0.00570489
        1163            -7.57499            -7.51954          0.00570018
        1164            -7.57629            -7.51959          0.00569549
        1165            -7.57665            -7.51963          0.00569082
        1166            -7.57767            -7.51968          0.00568615
        1167             -7.5784            -7.51973           0.0056815
        1168            -7.57753            -7.51978          0.00567685
        1169            -7.57734            -7.51983          0.00567221
        1170            -7.57622            -7.51988          0.00566757
        1171            -7.57611            -7.51993          0.00566293
        1172            -7.57411            -7.51998          0.00565829
        1173            -7.57216            -7.52002          0.00565364
        1174            -7.57125            -7.52006          0.00564899
        1175            -7.56815            -7.52011          0.00564433
        1176            -7.56578            -7.52014          0.00563967
        1177            -7.56286            -7.52018          0.00563499
        1178            -7.56005            -7.52021          0.00563031
        1179            -7.55705            -7.52025          0.00562562
        1180            -7.55354            -7.52027          0.00562092
        1181            -7.55051             -7.5203          0.00561622
        1182            -7.54605            -7.52032          0.00561151
        1183            -7.54308            -7.52034           0.0056068
        1184            -7.53968            -7.52036          0.00560209
        1185            -7.53749            -7.52037          0.00559738
        1186            -7.53329            -7.52038          0.00559267
        1187            -7.52936            -7.52039          0.00558797
        1188            -7.52508            -7.52039          0.00558327
        1189            -7.52079            -7.52039          0.00557857
        1190            -7.51618            -7.52039          0.00557388
        1191            -7.51223            -7.52038          0.00556921
        1192              -7.508            -7.52037          0.00556455
        1193            -7.50415            -7.52036           0.0055599
        1194             -7.4997            -7.52034          0.00555527
        1195            -7.49662            -7.52032          0.00555065
        1196            -7.49297             -7.5203          0.00554606
        1197            -7.48941            -7.52027          0.00554149
        1198            -7.48496            -7.52024          0.00553694
        1199            -7.48126            -7.52021          0.00553242
        1200            -7.47798            -7.52018          0.00552792
        1201            -7.47544            -7.52014          0.00552344
        1202            -7.47268             -7.5201          0.00551899
        1203            -7.46969            -7.52006          0.00551456
        1204            -7.46614            -7.52001          0.00551016
        1205            -7.46301            -7.51997          0.00550579
        1206            -7.45997            -7.51992          0.00550145
        1207             -7.4567            -7.51986          0.00549714
        1208            -7.45384            -7.51981          0.00549286
        1209             -7.4514            -7.51975          0.00548861
        1210            -7.44871            -7.51969          0.00548439
        1211            -7.44709            -7.51963          0.00548019
        1212            -7.44491            -7.51957          0.00547601
        1213            -7.44217            -7.51951          0.00547187
        1214            -7.44018            -7.51944          0.00546775
        1215            -7.43796            -7.51938          0.00546366
        1216            -7.43552            -7.51931          0.00545961
        1217             -7.4332            -7.51924          0.00545558
        1218            -7.43197            -7.51916          0.00545157
        1219             -7.4312            -7.51909          0.00544758
        1220            -7.43023            -7.51902           0.0054436
        1221            -7.42909            -7.51895          0.00543964
        1222            -7.42843            -7.51887          0.00543569
        1223            -7.42793             -7.5188          0.00543175
        1224            -7.42793            -7.51872          0.00542782
        1225            -7.42682            -7.51865          0.00542391
        1226            -7.42655            -7.51857          0.00542001
        1227            -7.42679             -7.5185          0.00541611
        1228            -7.42724            -7.51842          0.00541221
        1229            -7.42757            -7.51835          0.00540831
        1230            -7.42778            -7.51828          0.00540441
        1231            -7.42951             -7.5182           0.0054005
        1232            -7.43177            -7.51813          0.00539657
        1233            -7.43425            -7.51807          0.00539263
        1234            -7.43597              -7.518          0.00538867
        1235            -7.43822            -7.51793          0.00538469
        1236            -7.44036            -7.51787           0.0053807
        1237            -7.44334            -7.51781          0.00537669
        1238             -7.4462            -7.51775          0.00537266
        1239            -7.44925             -7.5177           0.0053686
        1240            -7.45247            -7.51765          0.00536453
        1241            -7.45523             -7.5176          0.00536044
        1242            -7.45816            -7.51755          0.00535634
        1243            -7.46191             -7.5175          0.00535222
        1244             -7.4642            -7.51746          0.00534809
        1245            -7.46696            -7.51742          0.00534395
        1246             -7.4702            -7.51738          0.00533979
        1247            -7.47389            -7.51735          0.00533562
        1248            -7.47773            -7.51732          0.00533144
        1249            -7.48137            -7.51729          0.00532725
        1250            -7.48448            -7.51726          0.00532306
        1251            -7.48739            -7.51724          0.00531885
        1252            -7.49236            -7.51722          0.00531464
        1253            -7.49679             -7.5172          0.00531043
        1254              -7.501            -7.51719          0.00530621
        1255             -7.5053            -7.51718          0.00530199
        1256            -7.51163            -7.51717          0.00529777
        1257            -7.51642            -7.51717          0.00529355
        1258            -7.52128            -7.51718          0.00528935
        1259            -7.52619            -7.51718          0.00528515
        1260            -7.53178            -7.51719          0.00528097
        1261            -7.53676            -7.51721           0.0052768
        1262            -7.54207            -7.51723          0.00527266
        1263            -7.54802            -7.51725          0.00526854
        1264            -7.55298            -7.51728          0.00526445
        1265            -7.55788            -7.51731          0.00526038
        1266            -7.56337            -7.51735          0.00525635
        1267            -7.56747            -7.51739          0.00525236
        1268            -7.57148            -7.51743          0.00524839
        1269            -7.57471            -7.51748          0.00524444
        1270            -7.57942            -7.51753          0.00524054
        1271            -7.58299            -7.51758          0.00523667
        1272            -7.58605            -7.51763          0.00523283
        1273            -7.59053            -7.51769          0.00522903
        1274            -7.59317            -7.51775          0.00522527
        1275            -7.59623            -7.51781          0.00522153
        1276            -7.59873            -7.51787          0.00521782
        1277            -7.60162            -7.51794          0.00521415
        1278            -7.60457            -7.51801          0.00521051
        1279             -7.6066            -7.51808           0.0052069
        1280            -7.60868            -7.51815          0.00520331
        1281            -7.61048            -7.51822          0.00519975
        1282            -7.61201            -7.51829           0.0051962
        1283            -7.61325            -7.51837          0.00519268
        1284            -7.61486            -7.51844          0.00518918
        1285            -7.61554            -7.51852          0.00518569
        1286            -7.61529            -7.51859          0.00518221
        1287            -7.61476            -7.51867          0.00517872
        1288            -7.61525            -7.51874          0.00517524
        1289            -7.61417            -7.51882          0.00517176
        1290             -7.6141            -7.51889          0.00516827
        1291            -7.61278            -7.51896          0.00516478
        1292            -7.61084            -7.51903          0.00516127
        1293            -7.60925             -7.5191          0.00515775
        1294            -7.60737            -7.51917          0.00515422
        1295            -7.60485            -7.51924          0.00515066
        1296            -7.60201             -7.5193          0.00514709
        1297            -7.59852            -7.51936          0.00514348
        1298            -7.59503            -7.51942          0.00513985
        1299            -7.59151            -7.51948          0.00513619
        1300            -7.58764            -7.51953          0.00513251
        1301            -7.58375            -7.51958           0.0051288
        1302            -7.58014            -7.51963          0.00512507
        1303            -7.57489            -7.51967          0.00512131
        1304            -7.56961            -7.51971          0.00511753
        1305            -7.56432            -7.51974          0.00511372
        1306            -7.55804            -7.51977          0.00510989
        1307            -7.55209            -7.51979          0.00510604
        1308            -7.54584            -7.51981          0.00510218
        1309            -7.54029            -7.51983           0.0050983
        1310            -7.53352            -7.51984          0.00509442
        1311            -7.52621            -7.51985          0.00509054
        1312            -7.51808            -7.51984          0.00508666
        1313            -7.51045            -7.51984          0.00508279
        1314            -7.50304            -7.51982          0.00507894
        1315             -7.4946             -7.5198          0.00507511
        1316            -7.48551            -7.51978          0.00507132
        1317            -7.47807            -7.51975          0.00506757
        1318            -7.47007            -7.51971          0.00506386
        1319            -7.46284            -7.51967          0.00506021
        1320            -7.45548            -7.51962          0.00505661
        1321            -7.44835            -7.51956          0.00505307
        1322            -7.44085             -7.5195           0.0050496
        1323            -7.43497            -7.51944          0.00504618
        1324            -7.42881            -7.51937          0.00504284
        1325            -7.42274             -7.5193          0.00503956
        1326            -7.41647            -7.51922          0.00503635
        1327            -7.41165            -7.51914          0.00503321
        1328            -7.40638            -7.51906          0.00503014
        1329            -7.40196            -7.51897          0.00502712
        1330            -7.39973            -7.51888          0.00502414
        1331            -7.39646            -7.51879          0.00502121
        1332            -7.39445            -7.51869          0.00501831
        1333             -7.3924             -7.5186          0.00501544
        1334            -7.39032             -7.5185           0.0050126
        1335            -7.39114            -7.51841          0.00500975
        1336            -7.39162            -7.51831           0.0050069
        1337            -7.39304            -7.51822          0.00500403
        1338            -7.39477            -7.51812          0.00500114
        1339            -7.39581            -7.51803          0.00499824
        1340            -7.40004            -7.51795          0.00499529
        1341            -7.40357            -7.51786          0.00499229
        1342            -7.40862            -7.51778          0.00498924
        1343            -7.41292             -7.5177          0.00498613
        1344            -7.41838            -7.51763          0.00498297
        1345              -7.424            -7.51756          0.00497975
        1346            -7.42975            -7.51749          0.00497648
        1347            -7.43656            -7.51743          0.00497315
        1348            -7.44376            -7.51738          0.00496976
        1349             -7.4513            -7.51733          0.00496632
        1350            -7.45978            -7.51729          0.00496282
        1351            -7.46691            -7.51725          0.00495929
        1352            -7.47556            -7.51722          0.00495571
        1353            -7.48437            -7.51719          0.00495211
        1354            -7.49201            -7.51717          0.00494849
        1355            -7.49974            -7.51716          0.00494485
        1356            -7.50783            -7.51715          0.00494121
        1357             -7.5172            -7.51715          0.00493757
        1358            -7.52554            -7.51716          0.00493394
        1359            -7.53345            -7.51717          0.00493032
        1360            -7.54122            -7.51719          0.00492673
        1361            -7.54944            -7.51721          0.00492317
        1362            -7.55809            -7.51724          0.00491964
        1363            -7.56516            -7.51728          0.00491616
        1364            -7.57224            -7.51732          0.00491272
        1365            -7.57897            -7.51737          0.00490933
        1366            -7.58532            -7.51741          0.00490599
        1367            -7.59224            -7.51747           0.0049027
        1368            -7.59742            -7.51753          0.00489947
        1369            -7.60214            -7.51759          0.00489628
        1370            -7.60604            -7.51765          0.00489313
        1371            -7.60977            -7.51772          0.00489002
        1372            -7.61297            -7.51779          0.00488695
        1373            -7.61532            -7.51786          0.00488391
        1374            -7.61809            -7.51793           0.0048809
        1375            -7.61901            -7.51801           0.0048779
        1376            -7.62068            -7.51808          0.00487493
        1377            -7.62213            -7.51816          0.00487197
        1378            -7.62174            -7.51823          0.00486902
        1379            -7.62179            -7.51831          0.00486606
        1380            -7.62163            -7.51838          0.00486311
        1381            -7.62129            -7.51846          0.00486016
        1382            -7.62078            -7.51853          0.00485721
        1383            -7.61817             -7.5186          0.00485423
        1384            -7.61674            -7.51868          0.00485124
        1385            -7.61358            -7.51874          0.00484822
        1386            -7.61099            -7.51881          0.00484518
        1387            -7.60737            -7.51887          0.00484211
        1388            -7.60277            -7.51893            0.004839
        1389            -7.59849            -7.51899          0.00483585
        1390            -7.59489            -7.51905          0.00483268
        1391            -7.58944             -7.5191          0.00482947
        1392            -7.58376            -7.51914          0.00482623
        1393            -7.57726            -7.51919          0.00482294
        1394            -7.57287            -7.51922          0.00481964
        1395             -7.5687            -7.51926          0.00481631
        1396             -7.5625            -7.51929          0.00481296
        1397            -7.55625            -7.51932          0.00480959
        1398            -7.55127            -7.51934           0.0048062
        1399            -7.54436            -7.51936           0.0048028
        1400            -7.53912            -7.51937          0.00479939
        1401            -7.53265            -7.51938          0.00479598
        1402            -7.52724            -7.51939          0.00479256
        1403            -7.52097            -7.51939          0.00478914
        1404            -7.51614            -7.51939          0.00478573
        1405            -7.51115            -7.51938          0.00478233
        1406            -7.50537            -7.51937          0.00477894
        1407            -7.50013            -7.51936          0.00477556
        1408            -7.49641            -7.51934           0.0047722
        1409             -7.4923            -7.51932          0.00476885
        1410            -7.48846             -7.5193          0.00476552
        1411            -7.48362            -7.51927          0.00476221
        1412            -7.47942            -7.51925          0.00475892
        1413            -7.47556            -7.51921          0.00475565
        1414            -7.47303            -7.51918           0.0047524
        1415            -7.46992            -7.51915          0.00474917
        1416            -7.46819            -7.51911          0.00474595
        1417            -7.46623            -7.51907          0.00474275
        1418            -7.46441            -7.51903          0.00473956
        1419            -7.46306              -7.519          0.00473638
        1420            -7.46317            -7.51896          0.00473321
        1421            -7.46444            -7.51892          0.00473004
        1422            -7.46494            -7.51888          0.00472686
        1423            -7.46695            -7.51884          0.00472368
        1424             -7.4682            -7.51881           0.0047205
        1425             -7.4713            -7.51877           0.0047173
        1426            -7.47461            -7.51874           0.0047141
        1427            -7.47812            -7.51871          0.00471088
        1428            -7.48149            -7.51869          0.00470765
        1429            -7.48633            -7.51867          0.00470441
        1430            -7.49098            -7.51865          0.00470116
        1431            -7.49604            -7.51863           0.0046979
        1432            -7.50149            -7.51862          0.00469464
        1433            -7.50825            -7.51861          0.00469137
        1434            -7.51497            -7.51861           0.0046881
        1435             -7.5203            -7.51861          0.00468483
        1436            -7.52645            -7.51862          0.00468157
        1437            -7.53302            -7.51863          0.00467832
        1438            -7.53995            -7.51864          0.00467509
        1439            -7.54588            -7.51866          0.00467188
        1440            -7.55332            -7.51868           0.0046687
        1441            -7.55994            -7.51871          0.00466555
        1442            -7.56664            -7.51875          0.00466243
        1443            -7.57304            -7.51878          0.00465935
        1444            -7.57811            -7.51882          0.00465631
        1445            -7.58275            -7.51887           0.0046533
        1446            -7.58788            -7.51892          0.00465032
        1447            -7.59315            -7.51897          0.00464739
        1448             -7.5972            -7.51902           0.0046445
        1449            -7.60034            -7.51908          0.00464163
        1450            -7.60252            -7.51914          0.00463879
        1451            -7.60469            -7.51919          0.00463596
        1452            -7.60652            -7.51925          0.00463316
        1453            -7.60734            -7.51932          0.00463037
        1454            -7.60749            -7.51938          0.00462758
        1455            -7.60695            -7.51944          0.00462479
        1456            -7.60541            -7.51949          0.00462199
        1457            -7.60353            -7.51955          0.00461918
        1458            -7.60035            -7.51961          0.00461634
        1459            -7.59656            -7.51966          0.00461348
        1460            -7.59218            -7.51971          0.00461059
        1461            -7.58755            -7.51976          0.00460767
        1462            -7.58176             -7.5198          0.00460471
        1463            -7.57645            -7.51984          0.00460173
        1464             -7.5707            -7.51987          0.00459871
        1465            -7.56358             -7.5199          0.00459567
        1466             -7.5574            -7.51993          0.00459261
        1467            -7.55028            -7.51995          0.00458952
        1468            -7.54227            -7.51996          0.00458642
        1469            -7.53438            -7.51997          0.00458331
        1470            -7.52667            -7.51998           0.0045802
        1471            -7.51857            -7.51998          0.00457708
        1472            -7.51108            -7.51997          0.00457398
        1473            -7.50362            -7.51996          0.00457088
        1474            -7.49593            -7.51994          0.00456781
        1475            -7.48934            -7.51992          0.00456476
        1476            -7.48231             -7.5199          0.00456174
        1477            -7.47423            -7.51987          0.00455876
        1478            -7.46646            -7.51983          0.00455582
        1479            -7.46099            -7.51979          0.00455291
        1480            -7.45366            -7.51975          0.00455005
        1481            -7.44809             -7.5197          0.00454724
        1482            -7.44173            -7.51965          0.00454447
        1483            -7.43688            -7.51959          0.00454175
        1484            -7.43326            -7.51953          0.00453906
        1485            -7.43026            -7.51947          0.00453641
        1486            -7.42726            -7.51941          0.00453378
        1487            -7.42591            -7.51935          0.00453116
        1488            -7.42462            -7.51928          0.00452857
        1489            -7.42403            -7.51922          0.00452598
        1490            -7.42481            -7.51916          0.00452338
        1491            -7.42373            -7.51909           0.0045208
        1492            -7.42562            -7.51903          0.00451821
        1493             -7.4279            -7.51897          0.00451559
        1494            -7.43184            -7.51891          0.00451295
        1495            -7.43546            -7.51885          0.00451027
        1496            -7.43906             -7.5188          0.00450757
        1497            -7.44421            -7.51875          0.00450484
        1498            -7.45088             -7.5187          0.00450206
        1499            -7.45611            -7.51866          0.00449925
        1500            -7.46177            -7.51863          0.00449641
        1501            -7.46749            -7.51859          0.00449354
        1502            -7.47385            -7.51856          0.00449065
        1503            -7.48111            -7.51854          0.00448773
        1504            -7.48888            -7.51852          0.00448479
        1505            -7.49644             -7.5185          0.00448183
        1506            -7.50275            -7.51849          0.00447887
        1507            -7.51066            -7.51849           0.0044759
        1508            -7.51752            -7.51849          0.00447293
        1509            -7.52519            -7.51849          0.00446997
        1510            -7.53265             -7.5185          0.00446702
        1511            -7.53983            -7.51851          0.00446409
        1512            -7.54701            -7.51853          0.00446117
        1513            -7.55285            -7.51856          0.00445828
        1514            -7.55697            -7.51858          0.00445541
        1515            -7.56226            -7.51861          0.00445256
        1516            -7.56609            -7.51864          0.00444974
        1517            -7.57167            -7.51868          0.00444694
        1518            -7.57607            -7.51871          0.00444417
        1519            -7.57991            -7.51875          0.00444143
        1520            -7.58287             -7.5188          0.00443871
        1521            -7.58527            -7.51884            0.004436
        1522            -7.58647            -7.51888          0.00443331
        1523            -7.58744            -7.51893          0.00443063
        1524            -7.58788            -7.51897          0.00442795
        1525            -7.58781            -7.51902          0.00442528
        1526            -7.58693            -7.51906           0.0044226
        1527            -7.58558            -7.51911          0.00441992
        1528            -7.58413            -7.51915          0.00441723
        1529            -7.58165            -7.51919          0.00441453
        1530            -7.57948            -7.51923          0.00441182
        1531            -7.57668            -7.51927           0.0044091
        1532            -7.57494             -7.5193          0.00440637
        1533            -7.57299            -7.51934          0.00440364
        1534            -7.57089            -7.51937           0.0044009
        1535            -7.56708             -7.5194          0.00439814
        1536            -7.56418            -7.51943          0.00439537
        1537            -7.56032            -7.51946          0.00439259
        1538            -7.55778            -7.51948          0.00438981
        1539            -7.55469            -7.51951          0.00438701
        1540            -7.55107            -7.51953          0.00438421
        1541            -7.54859            -7.51955          0.00438141
        1542            -7.54597            -7.51956           0.0043786
        1543            -7.54389            -7.51958          0.00437579
        1544            -7.54303             -7.5196          0.00437298
        1545            -7.54145            -7.51961          0.00437018
        1546            -7.53918            -7.51962          0.00436737
        1547            -7.53719            -7.51963          0.00436456
        1548            -7.53614            -7.51964          0.00436175
        1549            -7.53538            -7.51965          0.00435895
        1550            -7.53556            -7.51966          0.00435615
        1551            -7.53604            -7.51967          0.00435335
        1552            -7.53583            -7.51969          0.00435056
        1553            -7.53721             -7.5197          0.00434777
        1554            -7.53821            -7.51971          0.00434499
        1555            -7.53916            -7.51972          0.00434222
        1556            -7.54005            -7.51973          0.00433945
        1557            -7.54152            -7.51975          0.00433668
        1558            -7.54388            -7.51976          0.00433393
        1559            -7.54552            -7.51978          0.00433118
        1560            -7.54934             -7.5198          0.00432844
        1561            -7.55177            -7.51982          0.00432572
        1562            -7.55443            -7.51984            0.004323
        1563            -7.55696            -7.51987           0.0043203
        1564            -7.55906            -7.51989          0.00431761
        1565            -7.56232            -7.51992          0.00431494
        1566            -7.56545            -7.51995          0.00431228
        1567            -7.56971            -7.51998          0.00430965
        1568            -7.57412            -7.52001          0.00430704
        1569             -7.5777            -7.52005          0.00430445
        1570            -7.58141            -7.52009          0.00430189
        1571            -7.58488            -7.52013          0.00429935
        1572            -7.58876            -7.52017          0.00429683
        1573            -7.59366            -7.52022          0.00429435
        1574            -7.59762            -7.52027          0.00429191
        1575            -7.60319            -7.52032          0.00428951
        1576            -7.60712            -7.52038          0.00428714
        1577            -7.61196            -7.52044          0.00428481
        1578            -7.61608             -7.5205          0.00428253
        1579            -7.62008            -7.52056          0.00428028
        1580            -7.62461            -7.52062          0.00427808
        1581            -7.62864            -7.52069          0.00427591
        1582            -7.63088            -7.52076          0.00427378
        1583            -7.63485            -7.52083          0.00427169
        1584            -7.63763            -7.52091          0.00426963
        1585             -7.6408            -7.52098           0.0042676
        1586            -7.64372            -7.52106          0.00426561
        1587            -7.64507            -7.52114          0.00426364
        1588            -7.64808            -7.52122          0.00426171
        1589            -7.64918             -7.5213          0.00425978
        1590            -7.65094            -7.52138          0.00425789
        1591            -7.65305            -7.52146          0.00425601
        1592            -7.65582            -7.52155          0.00425418
        1593            -7.65601            -7.52163          0.00425234
        1594            -7.65589            -7.52172          0.00425051
        1595            -7.65417             -7.5218          0.00424866
        1596            -7.65375            -7.52188           0.0042468
        1597            -7.65334            -7.52197          0.00424494
        1598            -7.65198            -7.52205          0.00424306
        1599            -7.64935            -7.52213          0.00424115
        1600            -7.64772            -7.52221          0.00423923
        1601             -7.6458            -7.52228          0.00423728
        1602            -7.64328            -7.52236          0.00423531
        1603            -7.64081            -7.52243          0.00423331
        1604            -7.63743             -7.5225          0.00423128
        1605            -7.63379            -7.52257          0.00422921
        1606            -7.63022            -7.52264          0.00422711
        1607            -7.62705             -7.5227          0.00422498
        1608            -7.62299            -7.52277          0.00422281
        1609            -7.61837            -7.52283          0.00422061
        1610            -7.61255            -7.52288          0.00421835
        1611            -7.60878            -7.52294          0.00421607
        1612            -7.60349            -7.52299          0.00421375
        1613            -7.59864            -7.52303           0.0042114
        1614            -7.59423            -7.52308          0.00420902
        1615              -7.588            -7.52312          0.00420661
        1616            -7.58255            -7.52315          0.00420417
        1617            -7.57627            -7.52319          0.00420169
        1618             -7.5698            -7.52322           0.0041992
        1619            -7.56413            -7.52324          0.00419668
        1620            -7.55765            -7.52326          0.00419414
        1621            -7.55005            -7.52328          0.00419159
        1622            -7.54296            -7.52329          0.00418902
        1623            -7.53671             -7.5233          0.00418645
        1624            -7.53067             -7.5233          0.00418387
        1625            -7.52453             -7.5233           0.0041813
        1626              -7.518             -7.5233          0.00417873
        1627            -7.51108            -7.52329          0.00417617
        1628            -7.50347            -7.52328          0.00417362
        1629            -7.49715            -7.52326          0.00417109
        1630            -7.49019            -7.52324          0.00416858
        1631            -7.48293            -7.52322          0.00416609
        1632            -7.47507            -7.52319          0.00416365
        1633            -7.46924            -7.52316          0.00416123
        1634            -7.46286            -7.52312          0.00415885
        1635            -7.45693            -7.52308           0.0041565
        1636            -7.45082            -7.52304          0.00415419
        1637            -7.44489            -7.52299          0.00415193
        1638            -7.43915            -7.52294          0.00414971
        1639            -7.43363            -7.52288          0.00414754
        1640            -7.42769            -7.52282          0.00414541
        1641            -7.42264            -7.52276          0.00414334
        1642            -7.41754             -7.5227          0.00414131
        1643            -7.41304            -7.52263          0.00413933
        1644            -7.40818            -7.52256          0.00413739
        1645            -7.40299            -7.52249          0.00413552
        1646            -7.39908            -7.52242          0.00413368
        1647            -7.39581            -7.52234          0.00413189
        1648            -7.39223            -7.52226          0.00413014
        1649            -7.38994            -7.52218          0.00412841
        1650            -7.38735             -7.5221          0.00412672
        1651            -7.38606            -7.52202          0.00412504
        1652            -7.38447            -7.52193          0.00412338
        1653            -7.38256            -7.52185          0.00412175
        1654            -7.38195            -7.52176          0.00412013
        1655            -7.38006            -7.52168          0.00411853
        1656            -7.37914            -7.52159          0.00411694
        1657            -7.37887            -7.52151          0.00411535
        1658            -7.37957            -7.52142          0.00411376
        1659            -7.37994            -7.52133          0.00411217
        1660            -7.38029            -7.52125          0.00411057
        1661            -7.38125            -7.52116          0.00410896
        1662            -7.38251            -7.52108          0.00410733
        1663            -7.38501              -7.521          0.00410568
        1664            -7.38584            -7.52092          0.00410401
        1665            -7.38726            -7.52084          0.00410233
        1666            -7.39022            -7.52076          0.00410062
        1667            -7.39277            -7.52068          0.00409888
        1668            -7.39587            -7.52061           0.0040971
        1669            -7.39692            -7.52053          0.00409532
        1670            -7.39945            -7.52046          0.00409351
        1671            -7.40314            -7.52039          0.00409166
        1672              -7.407            -7.52032          0.00408978
        1673            -7.41165            -7.52026          0.00408785
        1674            -7.41514             -7.5202          0.00408589
        1675            -7.41875            -7.52014           0.0040839
        1676            -7.42311            -7.52008          0.00408187
        1677            -7.42787            -7.52002          0.00407981
        1678            -7.43174            -7.51997          0.00407771
        1679            -7.43665            -7.51992          0.00407559
        1680            -7.44094            -7.51987          0.00407343
        1681            -7.44462            -7.51983          0.00407126
        1682             -7.4496            -7.51979          0.00406905
        1683            -7.45264            -7.51975          0.00406683
        1684            -7.45534            -7.51971          0.00406459
        1685            -7.45931            -7.51967          0.00406234
        1686            -7.46388            -7.51964          0.00406006
        1687             -7.4684            -7.51961          0.00405777
        1688            -7.47252            -7.51958          0.00405546
        1689            -7.47689            -7.51956          0.00405314
        1690            -7.48052            -7.51953          0.00405081
        1691            -7.48372            -7.51951          0.00404847
        1692            -7.48843            -7.51949          0.00404612
        1693            -7.49204            -7.51948          0.00404376
        1694             -7.4952            -7.51946           0.0040414
        1695            -7.49821            -7.51945          0.00403903
        1696            -7.50237            -7.51944          0.00403666
        1697            -7.50475            -7.51943          0.00403429
        1698            -7.50858            -7.51943          0.00403192
        1699            -7.51095            -7.51942          0.00402955
        1700            -7.51378            -7.51942          0.00402718
        1701            -7.51545            -7.51941          0.00402482
        1702            -7.51758            -7.51941          0.00402245
        1703            -7.51952            -7.51941          0.00402009
        1704            -7.52093            -7.51941          0.00401773
        1705            -7.52278            -7.51942          0.00401538
        1706            -7.52442            -7.51942          0.00401302
        1707            -7.52553            -7.51942          0.00401067
        1708            -7.52675            -7.51943          0.00400833
        1709            -7.52742            -7.51943          0.00400599
        1710            -7.52789            -7.51944          0.00400365
        1711            -7.52781            -7.51944          0.00400131
        1712            -7.52849            -7.51945          0.00399897
        1713            -7.52831            -7.51945          0.00399664
        1714            -7.52856            -7.51946          0.00399432
        1715             -7.5286            -7.51946          0.00399199
        1716            -7.52874            -7.51947          0.00398967
        1717            -7.52738            -7.51947          0.00398735
        1718            -7.52646            -7.51948          0.00398503
        1719             -7.5247            -7.51948          0.00398271
        1720            -7.52339            -7.51948           0.0039804
        1721            -7.52092            -7.51948          0.00397808
        1722            -7.51859            -7.51948          0.00397577
        1723            -7.51609            -7.51948          0.00397347
        1724            -7.51312            -7.51948          0.00397116
        1725            -7.51161            -7.51947          0.00396886
        1726            -7.50934            -7.51947          0.00396657
        1727            -7.50663            -7.51946          0.00396428
        1728            -7.50351            -7.51945          0.00396199
        1729            -7.50095            -7.51944          0.00395972
        1730            -7.49803            -7.51943          0.00395745
        1731             -7.4941            -7.51941          0.00395519
        1732            -7.49145             -7.5194          0.00395294
        1733            -7.48818            -7.51938           0.0039507
        1734            -7.48495            -7.51936          0.00394847
        1735            -7.48179            -7.51934          0.00394625
        1736            -7.47937            -7.51931          0.00394405
        1737            -7.47676            -7.51929          0.00394185
        1738            -7.47429            -7.51926          0.00393967
        1739              -7.472            -7.51924           0.0039375
        1740             -7.4699            -7.51921          0.00393534
        1741             -7.4677            -7.51918          0.00393319
        1742            -7.46541            -7.51915          0.00393105
        1743            -7.46467            -7.51912          0.00392892
        1744            -7.46355            -7.51908           0.0039268
        1745            -7.46402            -7.51905          0.00392467
        1746            -7.46316            -7.51902          0.00392256
        1747            -7.46227            -7.51899          0.00392045
        1748              -7.462            -7.51896          0.00391834
        1749            -7.46268            -7.51892          0.00391623
        1750            -7.46269            -7.51889          0.00391412
        1751            -7.46363            -7.51886          0.00391202
        1752            -7.46452            -7.51883          0.00390991
        1753            -7.46534             -7.5188          0.00390779
        1754            -7.46739            -7.51877          0.00390568
        1755            -7.46933            -7.51874          0.00390355
        1756            -7.47116            -7.51871          0.00390142
        1757            -7.47349            -7.51869          0.00389929
        1758            -7.47502            -7.51866          0.00389715
        1759            -7.47701            -7.51864          0.00389501
        1760            -7.48009            -7.51862          0.00389285
        1761            -7.48358             -7.5186          0.00389069
        1762            -7.48552            -7.51858          0.00388853
        1763            -7.48784            -7.51856          0.00388636
        1764            -7.49148            -7.51855          0.00388419
        1765            -7.49448            -7.51853          0.00388201
        1766            -7.49682            -7.51852          0.00387984
        1767            -7.50075            -7.51851          0.00387765
        1768            -7.50269             -7.5185          0.00387547
        1769            -7.50521            -7.51849          0.00387329
        1770            -7.50799            -7.51849           0.0038711
        1771            -7.51035            -7.51848          0.00386892
        1772            -7.51261            -7.51848          0.00386674
        1773            -7.51575            -7.51848          0.00386456
        1774            -7.51814            -7.51848          0.00386238
        1775            -7.52011            -7.51848           0.0038602
        1776            -7.52166            -7.51848          0.00385803
        1777            -7.52311            -7.51848          0.00385586
        1778            -7.52544            -7.51849          0.00385369
        1779            -7.52802            -7.51849          0.00385153
        1780            -7.52989             -7.5185          0.00384937
        1781            -7.53235            -7.51851          0.00384722
        1782             -7.5338            -7.51851          0.00384507
        1783            -7.53556            -7.51852          0.00384293
        1784            -7.53894            -7.51854          0.00384079
        1785            -7.54104            -7.51855          0.00383866
        1786            -7.54315            -7.51856          0.00383653
        1787            -7.54499            -7.51858          0.00383441
        1788            -7.54654            -7.51859           0.0038323
        1789             -7.5488            -7.51861           0.0038302
        1790             -7.5508            -7.51863           0.0038281
        1791            -7.55286            -7.51865          0.00382601
        1792            -7.55563            -7.51867          0.00382393
        1793            -7.55846            -7.51869          0.00382186
        1794            -7.56101            -7.51871           0.0038198
        1795            -7.56295            -7.51874          0.00381776
        1796            -7.56457            -7.51876          0.00381571
        1797            -7.56748            -7.51879          0.00381369
        1798            -7.57004            -7.51882          0.00381167
        1799            -7.57092            -7.51885          0.00380966
        1800            -7.57368            -7.51888          0.00380767
        1801             -7.5757            -7.51891          0.00380569
        1802            -7.57761            -7.51894          0.00380371
        1803            -7.57939            -7.51898          0.00380175
        1804            -7.58102            -7.51901           0.0037998
        1805            -7.58313            -7.51905          0.00379786
        1806            -7.58474            -7.51908          0.00379593
        1807            -7.58649            -7.51912          0.00379401
        1808            -7.58806            -7.51916          0.00379211
        1809            -7.58879             -7.5192          0.00379021
        1810            -7.58966            -7.51924          0.00378831
        1811            -7.59002            -7.51927          0.00378642
        1812            -7.59054            -7.51931          0.00378454
        1813            -7.59089            -7.51935          0.00378266
        1814             -7.5911            -7.51939          0.00378078
        1815            -7.59183            -7.51943          0.00377891
        1816            -7.59147            -7.51947          0.00377703
        1817            -7.59101            -7.51951          0.00377516
        1818            -7.59144            -7.51955          0.00377329
        1819            -7.59149            -7.51959          0.00377142
        1820            -7.59118            -7.51963          0.00376956
        1821            -7.59019            -7.51967          0.00376768
        1822            -7.59018            -7.51971          0.00376582
        1823            -7.58919            -7.51975          0.00376394
        1824             -7.5876            -7.51978          0.00376206
        1825            -7.58701            -7.51982          0.00376018
        1826            -7.58681            -7.51986           0.0037583
        1827            -7.58667            -7.51989          0.00375642
        1828            -7.58565            -7.51993          0.00375454
        1829            -7.58504            -7.51996          0.00375266
        1830            -7.58388               -7.52          0.00375077
        1831            -7.58412            -7.52003          0.00374888
        1832             -7.5835            -7.52007            0.003747
        1833            -7.58268             -7.5201          0.00374511
        1834            -7.58262            -7.52014          0.00374322
        1835            -7.58301            -7.52017          0.00374134
        1836            -7.58288            -7.52021          0.00373946
        1837            -7.58351            -7.52024          0.00373758
        1838            -7.58426            -7.52027          0.00373571
        1839            -7.58449            -7.52031          0.00373384
        1840            -7.58484            -7.52034          0.00373198
        1841            -7.58531            -7.52038          0.00373011
        1842            -7.58653            -7.52042          0.00372826
        1843            -7.58721            -7.52045          0.00372642
        1844            -7.58929            -7.52049          0.00372458
        1845            -7.59049            -7.52053          0.00372276
        1846            -7.59243            -7.52057          0.00372094
        1847             -7.5938            -7.52061          0.00371914
        1848            -7.59525            -7.52065          0.00371735
        1849            -7.59675            -7.52069          0.00371556
        1850            -7.59829            -7.52073          0.00371379
        1851            -7.60019            -7.52077          0.00371203
        1852            -7.60309            -7.52082           0.0037103
        1853            -7.60501            -7.52086          0.00370857
        1854            -7.60627            -7.52091          0.00370686
        1855             -7.6088            -7.52096          0.00370516
        1856            -7.61127              -7.521          0.00370349
        1857            -7.61366            -7.52105          0.00370183
        1858            -7.61498            -7.52111          0.00370018
        1859            -7.61617            -7.52116          0.00369854
        1860            -7.61785            -7.52121          0.00369692
        1861            -7.61969            -7.52126          0.00369531
        1862              -7.621            -7.52131          0.00369372
        1863            -7.62241            -7.52137          0.00369213
        1864            -7.62357            -7.52142          0.00369056
        1865            -7.62446            -7.52148          0.00368899
        1866             -7.6257            -7.52153          0.00368744
        1867            -7.62598            -7.52159          0.00368589
        1868            -7.62529            -7.52165          0.00368433
        1869            -7.62263             -7.5217          0.00368276
        1870            -7.62123            -7.52175          0.00368117
        1871            -7.61914            -7.52181          0.00367957
        1872            -7.61733            -7.52186          0.00367796
        1873            -7.61482            -7.52191          0.00367633
        1874            -7.61226            -7.52195          0.00367469
        1875            -7.60902              -7.522          0.00367302
        1876            -7.60511            -7.52205          0.00367133
        1877            -7.60118            -7.52209          0.00366962
        1878            -7.59663            -7.52213          0.00366788
        1879            -7.59112            -7.52216          0.00366611
        1880            -7.58697             -7.5222          0.00366432
        1881            -7.58226            -7.52223          0.00366251
        1882            -7.57669            -7.52226          0.00366068
        1883            -7.57191            -7.52229          0.00365883
        1884            -7.56601            -7.52231          0.00365696
        1885            -7.56033            -7.52233          0.00365508
        1886            -7.55393            -7.52235          0.00365318
        1887            -7.54717            -7.52236          0.00365127
        1888            -7.54073            -7.52237          0.00364934
        1889            -7.53529            -7.52238          0.00364742
        1890             -7.5296            -7.52238          0.00364549
        1891              -7.524            -7.52238          0.00364356
        1892            -7.51853            -7.52238          0.00364164
        1893            -7.51289            -7.52237          0.00363972
        1894            -7.50774            -7.52237           0.0036378
        1895            -7.50247            -7.52235           0.0036359
        1896            -7.49773            -7.52234          0.00363401
        1897            -7.49354            -7.52233          0.00363212
        1898            -7.48893            -7.52231          0.00363025
        1899             -7.4852            -7.52229          0.00362839
        1900            -7.48008            -7.52227          0.00362655
        1901            -7.47586            -7.52224          0.00362472
        1902            -7.47282            -7.52222          0.00362291
        1903            -7.47096            -7.52219          0.00362111
        1904            -7.46801            -7.52216          0.00361932
        1905            -7.46459            -7.52213          0.00361754
        1906            -7.46132             -7.5221          0.00361579
        1907            -7.45819            -7.52207          0.00361405
        1908            -7.45583            -7.52203          0.00361232
        1909            -7.45323              -7.522          0.00361061
        1910            -7.45136            -7.52196          0.00360891
        1911             -7.4492            -7.52192          0.00360722
        1912            -7.44708            -7.52188          0.00360554
        1913            -7.44463            -7.52184          0.00360388
        1914            -7.44316             -7.5218          0.00360224
        1915            -7.44101            -7.52176           0.0036006
        1916            -7.43947            -7.52171          0.00359898
        1917            -7.43724            -7.52167          0.00359737
        1918            -7.43497            -7.52163          0.00359578
        1919            -7.43331            -7.52158           0.0035942
        1920            -7.43064            -7.52153          0.00359264
        1921            -7.42796            -7.52148           0.0035911
        1922            -7.42527            -7.52143          0.00358958
        1923            -7.42358            -7.52138          0.00358808
        1924            -7.42225            -7.52133          0.00358658
        1925            -7.42004            -7.52128           0.0035851
        1926            -7.41728            -7.52122          0.00358365
        1927            -7.41531            -7.52117          0.00358221
        1928             -7.4132            -7.52111          0.00358079
        1929             -7.4113            -7.52106          0.00357939
        1930            -7.40996              -7.521          0.00357799
        1931             -7.4092            -7.52094          0.00357661
        1932            -7.40873            -7.52088          0.00357523
        1933            -7.40855            -7.52082          0.00357385
        1934            -7.40867            -7.52077          0.00357248
        1935            -7.40843            -7.52071           0.0035711
        1936            -7.40848            -7.52065          0.00356973
        1937             -7.4088            -7.52059          0.00356835
        1938            -7.40969            -7.52054          0.00356697
        1939            -7.41112            -7.52048          0.00356557
        1940            -7.41209            -7.52042          0.00356417
        1941            -7.41354            -7.52037          0.00356276
        1942            -7.41576            -7.52031          0.00356134
        1943            -7.41711            -7.52026           0.0035599
        1944            -7.41916            -7.52021          0.00355845
        1945            -7.42027            -7.52016          0.00355699
        1946            -7.42334            -7.52011          0.00355551
        1947            -7.42444            -7.52006          0.00355402
        1948            -7.42553            -7.52001          0.00355253
        1949            -7.42658            -7.51996          0.00355103
        1950            -7.42759            -7.51991          0.00354953
        1951            -7.42954            -7.51987          0.00354801
        1952            -7.43145            -7.51982          0.00354648
        1953            -7.43302            -7.51978          0.00354494
        1954            -7.43361            -7.51973           0.0035434
        1955            -7.43518            -7.51969          0.00354185
        1956            -7.43644            -7.51965           0.0035403
        1957            -7.43841            -7.51961          0.00353873
        1958            -7.43948            -7.51957          0.00353716
        1959            -7.44162            -7.51953          0.00353558
        1960            -7.44354            -7.51949          0.00353399
        1961            -7.44496            -7.51945          0.00353239
        1962            -7.44816            -7.51941          0.00353078
        1963            -7.45025            -7.51938          0.00352916
        1964            -7.45352            -7.51934          0.00352752
        1965            -7.45667            -7.51931          0.00352587
        1966            -7.46007            -7.51928           0.0035242
        1967             -7.4637            -7.51925          0.00352252
        1968            -7.46694            -7.51923          0.00352083
        1969            -7.47172             -7.5192          0.00351913
        1970            -7.47515            -7.51918          0.00351741
        1971            -7.47979            -7.51916          0.00351569
        1972            -7.48404            -7.51914          0.00351395
        1973            -7.48883            -7.51913           0.0035122
        1974            -7.49417            -7.51912          0.00351044
        1975            -7.49939            -7.51911          0.00350868
        1976            -7.50414             -7.5191          0.00350691
        1977            -7.50903            -7.51909          0.00350514
        1978            -7.51534            -7.51909          0.00350337
        1979            -7.52013            -7.51909           0.0035016
        1980            -7.52561            -7.51909          0.00349983
        1981            -7.53177             -7.5191          0.00349807
        1982            -7.53823            -7.51911          0.00349632
        1983            -7.54431            -7.51912          0.00349458
        1984            -7.55095            -7.51914          0.00349286
        1985            -7.55648            -7.51916          0.00349115
        1986             -7.5625            -7.51918          0.00348946
        1987            -7.56638             -7.5192          0.00348778
        1988            -7.57132            -7.51923          0.00348613
        1989            -7.57503            -7.51926          0.00348449
        1990             -7.5791            -7.51929          0.00348287
        1991            -7.58414            -7.51932          0.00348127
        1992            -7.58852            -7.51936          0.00347969
        1993             -7.5909            -7.51939          0.00347813
        1994            -7.59387            -7.51943          0.00347659
        1995            -7.59644            -7.51947          0.00347506
        1996             -7.5989            -7.51951          0.00347355
        1997            -7.60061            -7.51955          0.00347205
        1998            -7.60155            -7.51959          0.00347055
        1999            -7.60302            -7.51963          0.00346907
        2000            -7.60306            -7.51967          0.00346758
        2001            -7.60395            -7.51971          0.00346611
        2002            -7.60341            -7.51976          0.00346463
        2003            -7.60209             -7.5198          0.00346314
        2004            -7.60001            -7.51984          0.00346164
        2005            -7.59812            -7.51988          0.00346014
        2006            -7.59613            -7.51991          0.00345862
        2007            -7.59438            -7.51995           0.0034571
        2008            -7.59222            -7.51999          0.00345556
        2009            -7.58967            -7.52002          0.00345402
        2010            -7.58546            -7.52005          0.00345245
        2011            -7.58122            -7.52009          0.00345087
        2012            -7.57666            -7.52011          0.00344927
        2013            -7.57082            -7.52014          0.00344765
        2014            -7.56567            -7.52016          0.00344601
        2015            -7.55964            -7.52018          0.00344435
        2016            -7.55436             -7.5202          0.00344269
        2017            -7.54858            -7.52021          0.00344101
        2018            -7.54298            -7.52022          0.00343932
        2019            -7.53598            -7.52023          0.00343763
        2020            -7.52989            -7.52024          0.00343593
        2021            -7.52409            -7.52024          0.00343423
        2022            -7.51766            -7.52024          0.00343253
        2023            -7.51194            -7.52023          0.00343084
        2024            -7.50599            -7.52023          0.00342915
        2025            -7.49985            -7.52022          0.00342747
        2026            -7.49389             -7.5202           0.0034258
        2027            -7.48815            -7.52019          0.00342415
        2028            -7.48363            -7.52017          0.00342251
        2029            -7.47907            -7.52015          0.00342088
        2030            -7.47548            -7.52013          0.00341927
        2031            -7.47095             -7.5201          0.00341767
        2032            -7.46745            -7.52008          0.00341609
        2033            -7.46435            -7.52005          0.00341452
        2034            -7.46102            -7.52002          0.00341296
        2035            -7.45813            -7.51999          0.00341142
        2036            -7.45504            -7.51996          0.00340989
        2037            -7.45436            -7.51993          0.00340837
        2038            -7.45253            -7.51989          0.00340686
        2039             -7.4515            -7.51986          0.00340535
        2040            -7.45224            -7.51983          0.00340385
        2041            -7.45279            -7.51979          0.00340234
        2042            -7.45349            -7.51976          0.00340082
        2043            -7.45432            -7.51973          0.00339931
        2044             -7.4559             -7.5197          0.00339779
        2045            -7.45759            -7.51967          0.00339627
        2046            -7.45903            -7.51964          0.00339474
        2047            -7.46214            -7.51961          0.00339319
        2048            -7.46594            -7.51958          0.00339164
        2049            -7.46974            -7.51956          0.00339007
        2050             -7.4732            -7.51954          0.00338849
        2051            -7.47822            -7.51952           0.0033869
        2052            -7.48251             -7.5195           0.0033853
        2053            -7.48701            -7.51948          0.00338368
        2054            -7.49168            -7.51947          0.00338206
        2055            -7.49714            -7.51946          0.00338044
        2056            -7.50205            -7.51945           0.0033788
        2057            -7.50704            -7.51944          0.00337716
        2058            -7.51141            -7.51944          0.00337553
        2059            -7.51675            -7.51944          0.00337389
        2060            -7.52141            -7.51944          0.00337225
        2061            -7.52502            -7.51944          0.00337061
        2062            -7.52983            -7.51945          0.00336898
        2063            -7.53418            -7.51945          0.00336736
        2064            -7.53901            -7.51946          0.00336574
        2065            -7.54365            -7.51947          0.00336413
        2066            -7.54807            -7.51949          0.00336253
        2067            -7.55256             -7.5195          0.00336094
        2068            -7.55549            -7.51952          0.00335936
        2069            -7.55942            -7.51954          0.00335779
        2070            -7.56402            -7.51956          0.00335624
        2071            -7.56601            -7.51958          0.00335469
        2072            -7.56799            -7.51961          0.00335316
        2073            -7.56896            -7.51963          0.00335162
        2074            -7.57021            -7.51966           0.0033501
        2075            -7.57303            -7.51968          0.00334858
        2076            -7.57417            -7.51971          0.00334707
        2077            -7.57492            -7.51973          0.00334556
        2078             -7.5756            -7.51976          0.00334406
        2079             -7.5759            -7.51979          0.00334256
        2080            -7.57486            -7.51982          0.00334106
        2081            -7.57376            -7.51984          0.00333956
        2082            -7.57262            -7.51987          0.00333805
        2083            -7.57211            -7.51989          0.00333654
        2084            -7.56866            -7.51992          0.00333502
        2085            -7.56588            -7.51994          0.00333349
        2086            -7.56181            -7.51996          0.00333196
        2087            -7.55877            -7.51998          0.00333041
        2088            -7.55547            -7.51999          0.00332886
        2089            -7.55161            -7.52001           0.0033273
        2090            -7.54755            -7.52002          0.00332573
        2091            -7.54332            -7.52003          0.00332416
        2092            -7.53958            -7.52004          0.00332259
        2093            -7.53444            -7.52005          0.00332101
        2094            -7.53051            -7.52005          0.00331942
        2095             -7.5262            -7.52006          0.00331784
        2096            -7.52156            -7.52006          0.00331626
        2097            -7.51661            -7.52006          0.00331468
        2098            -7.51237            -7.52005           0.0033131
        2099            -7.50822            -7.52005          0.00331153
        2100            -7.50483            -7.52004          0.00330996
        2101            -7.50129            -7.52003          0.00330839
        2102            -7.49793            -7.52002          0.00330684
        2103            -7.49285            -7.52001          0.00330529
        2104            -7.48932            -7.51999          0.00330375
        2105            -7.48606            -7.51998          0.00330222
        2106            -7.48342            -7.51996           0.0033007
        2107            -7.48206            -7.51994          0.00329918
        2108            -7.48039            -7.51992          0.00329767
        2109            -7.47874             -7.5199          0.00329616
        2110            -7.47679            -7.51988          0.00329466
        2111            -7.47552            -7.51986          0.00329317
        2112            -7.47364            -7.51984          0.00329168
        2113            -7.47308            -7.51982           0.0032902
        2114            -7.47384             -7.5198          0.00328872
        2115            -7.47463            -7.51977          0.00328723
        2116             -7.4751            -7.51975          0.00328574
        2117            -7.47654            -7.51973          0.00328426
        2118            -7.47828            -7.51971          0.00328276
        2119            -7.47999            -7.51969          0.00328127
        2120            -7.48198            -7.51968          0.00327977
        2121            -7.48424            -7.51966          0.00327826
        2122            -7.48673            -7.51964          0.00327676
        2123            -7.49011            -7.51963          0.00327524
        2124            -7.49272            -7.51962          0.00327373
        2125            -7.49585            -7.51961           0.0032722
        2126            -7.49948             -7.5196          0.00327068
        2127            -7.50261            -7.51959          0.00326915
        2128            -7.50524            -7.51958          0.00326762
        2129            -7.50931            -7.51958          0.00326609
        2130            -7.51381            -7.51957          0.00326456
        2131            -7.51745            -7.51957          0.00326303
        2132            -7.52086            -7.51957           0.0032615
        2133              -7.525            -7.51958          0.00325997
        2134            -7.52951            -7.51958          0.00325844
        2135            -7.53375            -7.51959          0.00325692
        2136            -7.53834             -7.5196          0.00325541
        2137            -7.54198            -7.51961           0.0032539
        2138            -7.54627            -7.51962          0.00325241
        2139            -7.55184            -7.51963          0.00325092
        2140            -7.55642            -7.51965          0.00324945
        2141            -7.56097            -7.51967          0.00324799
        2142            -7.56386            -7.51969          0.00324654
        2143            -7.56765            -7.51971           0.0032451
        2144             -7.5717            -7.51974          0.00324367
        2145            -7.57534            -7.51976          0.00324227
        2146             -7.5792            -7.51979          0.00324087
        2147            -7.58458            -7.51982           0.0032395
        2148            -7.58887            -7.51985          0.00323816
        2149            -7.59207            -7.51989          0.00323682
        2150            -7.59547            -7.51992          0.00323551
        2151            -7.59841            -7.51996          0.00323421
        2152            -7.60152               -7.52          0.00323293
        2153             -7.6045            -7.52004          0.00323167
        2154            -7.60798            -7.52008          0.00323042
        2155            -7.60937            -7.52012          0.00322919
        2156            -7.61321            -7.52016          0.00322798
        2157            -7.61595            -7.52021          0.00322679
        2158            -7.61692            -7.52025          0.00322561
        2159            -7.61842             -7.5203          0.00322443
        2160            -7.62077            -7.52034          0.00322328
        2161            -7.62299            -7.52039          0.00322213
        2162            -7.62511            -7.52044          0.00322101
        2163            -7.62679            -7.52049          0.00321989
        2164            -7.62869            -7.52054          0.00321879
        2165            -7.62986            -7.52059           0.0032177
        2166            -7.63093            -7.52064          0.00321662
        2167            -7.63226            -7.52069          0.00321555
        2168            -7.63351            -7.52074          0.00321449
        2169            -7.63437             -7.5208          0.00321343
        2170            -7.63485            -7.52085          0.00321238
        2171            -7.63657             -7.5209          0.00321134
        2172            -7.63824            -7.52096          0.00321032
        2173             -7.6389            -7.52101           0.0032093
        2174            -7.63984            -7.52106          0.00320829
        2175            -7.64106            -7.52112          0.00320729
        2176            -7.64192            -7.52118           0.0032063
        2177            -7.64275            -7.52123          0.00320531
        2178            -7.64322            -7.52129          0.00320433
        2179            -7.64462            -7.52134          0.00320336
        2180            -7.64566             -7.5214          0.00320239
        2181            -7.64602            -7.52146          0.00320143
        2182            -7.64634            -7.52152          0.00320048
        2183            -7.64695            -7.52157          0.00319953
        2184            -7.64719            -7.52163          0.00319858
        2185             -7.6474            -7.52169          0.00319763
        2186            -7.64852            -7.52175           0.0031967
        2187             -7.6483             -7.5218          0.00319576
        2188            -7.64833            -7.52186          0.00319482
        2189            -7.64862            -7.52192          0.00319389
        2190            -7.65077            -7.52198          0.00319297
        2191             -7.6512            -7.52204          0.00319206
        2192            -7.65054             -7.5221          0.00319114
        2193            -7.65008            -7.52215          0.00319022
        2194            -7.64882            -7.52221          0.00318929
        2195            -7.64901            -7.52227          0.00318836
        2196            -7.64804            -7.52233          0.00318742
        2197            -7.64816            -7.52238          0.00318648
        2198            -7.64674            -7.52244          0.00318554
        2199            -7.64475             -7.5225          0.00318457
        2200            -7.64376            -7.52255           0.0031836
        2201            -7.64214            -7.52261          0.00318262
        2202            -7.63986            -7.52266          0.00318162
        2203            -7.63657            -7.52271           0.0031806
        2204            -7.63356            -7.52276          0.00317955
        2205            -7.63047            -7.52281          0.00317848
        2206            -7.62601            -7.52286          0.00317739
        2207            -7.62275             -7.5229          0.00317627
        2208            -7.61841            -7.52295          0.00317513
        2209            -7.61429            -7.52299          0.00317396
        2210            -7.60908            -7.52303          0.00317276
        2211            -7.60312            -7.52306          0.00317153
        2212             -7.5964            -7.52309          0.00317027
        2213            -7.58927            -7.52312          0.00316898
        2214            -7.58141            -7.52315          0.00316766
        2215            -7.57285            -7.52317          0.00316631
        2216            -7.56458            -7.52319          0.00316493
        2217            -7.55662            -7.52321          0.00316354
        2218            -7.54836            -7.52322          0.00316214
        2219             -7.5395            -7.52323          0.00316072
        2220            -7.53042            -7.52323           0.0031593
        2221            -7.52115            -7.52323          0.00315788
        2222            -7.51302            -7.52322          0.00315646
        2223            -7.50348            -7.52321          0.00315505
        2224            -7.49292             -7.5232          0.00315366
        2225            -7.48396            -7.52318          0.00315229
        2226            -7.47439            -7.52316          0.00315095
        2227             -7.4649            -7.52314          0.00314965
        2228            -7.45621            -7.52311          0.00314838
        2229            -7.44673            -7.52307          0.00314715
        2230            -7.43684            -7.52303          0.00314598
        2231            -7.42887            -7.52299          0.00314485
        2232            -7.42059            -7.52294          0.00314378
        2233            -7.41302             -7.5229          0.00314275
        2234            -7.40525            -7.52284          0.00314179
        2235            -7.39894            -7.52279          0.00314087
        2236            -7.39152            -7.52273          0.00314001
        2237            -7.38565            -7.52267          0.00313921
        2238              -7.381             -7.5226          0.00313844
        2239            -7.37633            -7.52254          0.00313772
        2240            -7.37262            -7.52247          0.00313704
        2241            -7.37054             -7.5224          0.00313637
        2242            -7.36816            -7.52233          0.00313572
        2243            -7.36678            -7.52227          0.00313509
        2244            -7.36511             -7.5222          0.00313448
        2245            -7.36475            -7.52213          0.00313387
        2246            -7.36472            -7.52206          0.00313325
        2247            -7.36534            -7.52199          0.00313264
        2248            -7.36593            -7.52192          0.00313201
        2249            -7.36875            -7.52185          0.00313136
        2250            -7.37052            -7.52178          0.00313069
        2251            -7.37316            -7.52171          0.00312999
        2252            -7.37664            -7.52165          0.00312927
        2253            -7.38027            -7.52159          0.00312851
        2254            -7.38434            -7.52153          0.00312771
        2255            -7.38882            -7.52147          0.00312688
        2256            -7.39464            -7.52141            0.003126
        2257            -7.40012            -7.52136          0.00312508
        2258            -7.40524            -7.52131          0.00312411
        2259            -7.41223            -7.52126           0.0031231
        2260            -7.41877            -7.52121          0.00312205
        2261            -7.42515            -7.52117          0.00312096
        2262            -7.43199            -7.52113          0.00311983
        2263            -7.43892            -7.52109          0.00311866
        2264            -7.44526            -7.52106          0.00311746
        2265            -7.45064            -7.52103          0.00311624
        2266            -7.45729              -7.521            0.003115
        2267            -7.46358            -7.52098          0.00311372
        2268            -7.46978            -7.52095          0.00311243
        2269            -7.47716            -7.52093          0.00311112
        2270            -7.48409            -7.52092          0.00310979
        2271            -7.49084            -7.52091          0.00310845
        2272            -7.49804             -7.5209           0.0031071
        2273            -7.50245            -7.52089          0.00310574
        2274            -7.50824            -7.52088          0.00310438
        2275            -7.51344            -7.52088          0.00310302
        2276            -7.51805            -7.52088          0.00310166
        2277            -7.52301            -7.52088          0.00310029
        2278            -7.52638            -7.52088          0.00309893
        2279            -7.53138            -7.52088          0.00309758
        2280            -7.53412            -7.52089          0.00309623
        2281            -7.53782             -7.5209          0.00309488
        2282            -7.54053            -7.52091          0.00309353
        2283            -7.54324            -7.52092          0.00309219
        2284            -7.54528            -7.52093          0.00309086
        2285            -7.54666            -7.52094          0.00308953
        2286            -7.54738            -7.52095           0.0030882
        2287             -7.5481            -7.52096          0.00308687
        2288            -7.54849            -7.52097          0.00308554
        2289            -7.54889            -7.52099          0.00308422
        2290             -7.5493              -7.521           0.0030829
        2291             -7.5491            -7.52101          0.00308158
        2292            -7.54861            -7.52102          0.00308025
        2293            -7.54851            -7.52103          0.00307893
        2294            -7.54782            -7.52105          0.00307761
        2295            -7.54818            -7.52106           0.0030763
        2296             -7.5467            -7.52107          0.00307498
        2297            -7.54566            -7.52108          0.00307366
        2298            -7.54408            -7.52109          0.00307233
        2299            -7.54232             -7.5211          0.00307101
        2300            -7.54038            -7.52111          0.00306969
        2301            -7.53828            -7.52112          0.00306836
        2302            -7.53637            -7.52112          0.00306704
        2303            -7.53369            -7.52113          0.00306571
        2304            -7.53025            -7.52113          0.00306438
        2305            -7.52801            -7.52113          0.00306305
        2306            -7.52472            -7.52114          0.00306173
        2307             -7.5217            -7.52114           0.0030604
        2308            -7.51799            -7.52113          0.00305907
        2309            -7.51458            -7.52113          0.00305775
        2310            -7.51213            -7.52113          0.00305643
        2311            -7.51001            -7.52112          0.00305511
        2312            -7.50759            -7.52112          0.00305379
        2313            -7.50522            -7.52111          0.00305248
        2314            -7.50161             -7.5211          0.00305117
        2315            -7.49903            -7.52109          0.00304987
        2316            -7.49622            -7.52108          0.00304857
        2317            -7.49287            -7.52107          0.00304728
        2318            -7.49027            -7.52106            0.003046
        2319            -7.48683            -7.52104          0.00304472
        2320             -7.4845            -7.52103          0.00304345
        2321            -7.48232            -7.52101          0.00304218
        2322            -7.48094            -7.52099          0.00304092
        2323            -7.47875            -7.52097          0.00303967
        2324            -7.47738            -7.52095          0.00303842
        2325            -7.47649            -7.52094          0.00303717
        2326            -7.47578            -7.52092          0.00303593
        2327            -7.47427             -7.5209          0.00303469
        2328             -7.4739            -7.52088          0.00303345
        2329            -7.47369            -7.52086          0.00303222
        2330            -7.47429            -7.52084          0.00303098
        2331            -7.47278            -7.52082          0.00302975
        2332            -7.47303            -7.52079          0.00302852
        2333             -7.4731            -7.52077          0.00302729
        2334            -7.47233            -7.52075          0.00302607
        2335            -7.47362            -7.52073          0.00302484
        2336            -7.47404            -7.52071          0.00302361
        2337            -7.47391            -7.52069          0.00302238
        2338            -7.47418            -7.52067          0.00302115
        2339            -7.47452            -7.52065          0.00301993
        2340            -7.47556            -7.52063           0.0030187
        2341            -7.47729            -7.52062          0.00301746
        2342            -7.47872             -7.5206          0.00301623
        2343            -7.47919            -7.52058          0.00301499
        2344            -7.47998            -7.52056          0.00301376
        2345            -7.48076            -7.52055          0.00301252
        2346            -7.48151            -7.52053          0.00301128
        2347            -7.48222            -7.52051          0.00301004
        2348            -7.48224             -7.5205           0.0030088
        2349            -7.48318            -7.52048          0.00300757
        2350             -7.4834            -7.52047          0.00300633
        2351            -7.48322            -7.52045          0.00300509
        2352            -7.48264            -7.52043          0.00300386
        2353            -7.48328            -7.52042          0.00300262
        2354            -7.48351             -7.5204          0.00300139
        2355            -7.48366            -7.52039          0.00300015
        2356            -7.48338            -7.52037          0.00299892
        2357              -7.484            -7.52036          0.00299769
        2358            -7.48388            -7.52034          0.00299646
        2359            -7.48337            -7.52032          0.00299523
        2360            -7.48311            -7.52031            0.002994
        2361            -7.48279            -7.52029          0.00299277
        2362            -7.48275            -7.52028          0.00299155
        2363            -7.48332            -7.52026          0.00299032
        2364            -7.48289            -7.52024           0.0029891
        2365            -7.48309            -7.52023          0.00298788
        2366            -7.48362            -7.52021          0.00298665
        2367            -7.48224             -7.5202          0.00298544
        2368            -7.48219            -7.52018          0.00298422
        2369            -7.48124            -7.52017            0.002983
        2370            -7.48295            -7.52015          0.00298179
        2371            -7.48283            -7.52013          0.00298057
        2372            -7.48282            -7.52012          0.00297935
        2373             -7.4836             -7.5201          0.00297814
        2374            -7.48487            -7.52009          0.00297692
        2375            -7.48631            -7.52007           0.0029757
        2376            -7.48698            -7.52006          0.00297448
        2377            -7.48819            -7.52005          0.00297326
        2378            -7.48964            -7.52003          0.00297204
        2379            -7.49035            -7.52002          0.00297082
        2380            -7.49229            -7.52001          0.00296959
        2381             -7.4958               -7.52          0.00296836
        2382            -7.49893            -7.51999          0.00296713
        2383            -7.50104            -7.51998          0.00296589
        2384            -7.50375            -7.51998          0.00296466
        2385            -7.50739            -7.51997          0.00296342
        2386            -7.51195            -7.51997          0.00296218
        2387            -7.51613            -7.51997          0.00296094
        2388            -7.51897            -7.51996           0.0029597
        2389            -7.52302            -7.51997          0.00295846
        2390            -7.52796            -7.51997          0.00295722
        2391            -7.53247            -7.51997          0.00295599
        2392            -7.53718            -7.51998          0.00295476
        2393            -7.54238            -7.51999          0.00295354
        2394            -7.54741               -7.52          0.00295233
        2395            -7.55321            -7.52002          0.00295113
        2396            -7.55588            -7.52003          0.00294994
        2397            -7.56024            -7.52005          0.00294876
        2398            -7.56529            -7.52007          0.00294759
        2399            -7.57036            -7.52009          0.00294643
        2400            -7.57574            -7.52011           0.0029453
        2401            -7.58076            -7.52014          0.00294418
        2402             -7.5857            -7.52016          0.00294308
        2403            -7.59152            -7.52019            0.002942
        2404            -7.59624            -7.52023          0.00294095
        2405            -7.60177            -7.52026          0.00293992
        2406             -7.6068             -7.5203          0.00293892
        2407            -7.61098            -7.52033          0.00293794
        2408            -7.61526            -7.52037          0.00293698
        2409            -7.61993            -7.52041          0.00293606
        2410            -7.62401            -7.52046          0.00293515
        2411            -7.62683             -7.5205          0.00293427
        2412               -7.63            -7.52055           0.0029334
        2413             -7.6322            -7.52059          0.00293255
        2414            -7.63408            -7.52064          0.00293171
        2415            -7.63626            -7.52069          0.00293089
        2416            -7.63843            -7.52074          0.00293008
        2417            -7.63959            -7.52079          0.00292928
        2418            -7.64105            -7.52083          0.00292849
        2419            -7.64184            -7.52088          0.00292771
        2420            -7.64259            -7.52094          0.00292693
        2421            -7.64267            -7.52099          0.00292615
        2422            -7.64239            -7.52104          0.00292538
        2423            -7.64047            -7.52108          0.00292458
        2424             -7.6395            -7.52113          0.00292378
        2425            -7.63786            -7.52118          0.00292298
        2426            -7.63589            -7.52123          0.00292215
        2427            -7.63456            -7.52128          0.00292132
        2428             -7.6326            -7.52132          0.00292048
        2429            -7.62969            -7.52137          0.00291962
        2430            -7.62649            -7.52141          0.00291874
        2431            -7.62398            -7.52145          0.00291784
        2432            -7.62121            -7.52149          0.00291693
        2433            -7.61786            -7.52153            0.002916
        2434            -7.61362            -7.52157          0.00291505
        2435            -7.60915            -7.52161          0.00291407
        2436             -7.6048            -7.52164          0.00291307
        2437            -7.59994            -7.52167          0.00291206
        2438            -7.59553             -7.5217          0.00291102
        2439             -7.5913            -7.52173          0.00290997
        2440            -7.58692            -7.52176           0.0029089
        2441            -7.57982            -7.52178           0.0029078
        2442            -7.57522             -7.5218          0.00290669
        2443             -7.5702            -7.52182          0.00290557
        2444            -7.56415            -7.52184          0.00290443
        2445            -7.55838            -7.52186          0.00290328
        2446            -7.55193            -7.52187          0.00290212
        2447            -7.54484            -7.52188          0.00290095
        2448            -7.54003            -7.52188          0.00289978
        2449             -7.5343            -7.52189           0.0028986
        2450            -7.52798            -7.52189          0.00289742
        2451            -7.52304            -7.52189          0.00289623
        2452            -7.51789            -7.52189          0.00289505
        2453            -7.51321            -7.52189          0.00289387
        2454            -7.50805            -7.52188           0.0028927
        2455             -7.5034            -7.52187          0.00289153
        2456            -7.49798            -7.52186          0.00289037
        2457            -7.49376            -7.52185          0.00288922
        2458            -7.49012            -7.52184          0.00288807
        2459             -7.4861            -7.52183          0.00288693
        2460            -7.48301            -7.52181           0.0028858
        2461            -7.48021            -7.52179          0.00288468
        2462            -7.47774            -7.52178          0.00288356
        2463            -7.47526            -7.52176          0.00288245
        2464            -7.47473            -7.52174          0.00288135
        2465            -7.47292            -7.52172          0.00288025
        2466            -7.47145             -7.5217          0.00287915
        2467            -7.46967            -7.52168          0.00287806
        2468            -7.46952            -7.52165          0.00287697
        2469            -7.46874            -7.52163          0.00287589
        2470            -7.46861            -7.52161           0.0028748
        2471            -7.46783            -7.52159          0.00287372
        2472            -7.46865            -7.52157          0.00287264
        2473            -7.47041            -7.52155          0.00287155
        2474            -7.46986            -7.52153          0.00287047
        2475            -7.47087            -7.52151          0.00286938
        2476            -7.47211            -7.52149          0.00286829
        2477            -7.47261            -7.52147           0.0028672
        2478            -7.47526            -7.52145           0.0028661
        2479            -7.47745            -7.52143            0.002865
        2480            -7.48044            -7.52141           0.0028639
        2481            -7.48196             -7.5214          0.00286279
        2482            -7.48426            -7.52138          0.00286167
        2483            -7.48732            -7.52137          0.00286055
        2484            -7.49014            -7.52136          0.00285943
        2485            -7.49173            -7.52135           0.0028583
        2486            -7.49467            -7.52133          0.00285717
        2487            -7.49828            -7.52133          0.00285604
        2488            -7.50126            -7.52132           0.0028549
        2489            -7.50456            -7.52131          0.00285376
        2490            -7.50751             -7.5213          0.00285262
        2491            -7.51107             -7.5213          0.00285148
        2492            -7.51362             -7.5213          0.00285034
        2493            -7.51675             -7.5213          0.00284919
        2494             -7.5198             -7.5213          0.00284805
        2495            -7.52277             -7.5213          0.00284691
        2496            -7.52564             -7.5213          0.00284577
        2497            -7.52744             -7.5213          0.00284463
        2498            -7.52978             -7.5213           0.0028435
        2499              -7.532            -7.52131          0.00284236
        2500            -7.53476            -7.52131          0.00284123
        2501            -7.53707            -7.52132           0.0028401
        2502             -7.5383            -7.52133          0.00283897
        2503            -7.54038            -7.52133          0.00283785
        2504            -7.54202            -7.52134          0.00283673
        2505            -7.54388            -7.52135          0.00283561
        2506            -7.54628            -7.52136           0.0028345
        2507            -7.54697            -7.52137          0.00283338
        2508            -7.54822            -7.52138          0.00283227
        2509            -7.54971            -7.52139          0.00283117
        2510            -7.55178            -7.52141          0.00283007
        2511            -7.55314            -7.52142          0.00282897
        2512            -7.55411            -7.52143          0.00282787
        2513            -7.55566            -7.52144          0.00282678
        2514            -7.55683            -7.52146          0.00282569
        2515            -7.55762            -7.52147           0.0028246
        2516            -7.55835            -7.52149          0.00282352
        2517            -7.55805             -7.5215          0.00282243
        2518            -7.55833            -7.52152          0.00282135
        2519            -7.55821            -7.52153          0.00282027
        2520            -7.55866            -7.52155          0.00281919
        2521            -7.55902            -7.52156          0.00281811
        2522             -7.5596            -7.52158          0.00281703
        2523            -7.55941            -7.52159          0.00281595
        2524             -7.5591            -7.52161          0.00281488
        2525             -7.5593            -7.52162           0.0028138
        2526            -7.55837            -7.52164          0.00281273
        2527            -7.55729            -7.52165          0.00281165
        2528            -7.55473            -7.52166          0.00281057
        2529            -7.55424            -7.52168          0.00280948
        2530            -7.55291            -7.52169           0.0028084
        2531            -7.55169             -7.5217          0.00280732
        2532            -7.55025            -7.52171          0.00280623
        2533            -7.54892            -7.52172          0.00280514
        2534            -7.54704            -7.52173          0.00280405
        2535            -7.54558            -7.52174          0.00280296
        2536            -7.54357            -7.52175          0.00280187
        2537            -7.54135            -7.52176          0.00280078
        2538            -7.53957            -7.52176          0.00279968
        2539            -7.53661            -7.52177          0.00279859
        2540            -7.53283            -7.52177          0.00279749
        2541             -7.5292            -7.52178          0.00279639
        2542            -7.52607            -7.52178          0.00279529
        2543            -7.52281            -7.52178          0.00279419
        2544            -7.51975            -7.52178          0.00279309
        2545            -7.51661            -7.52178          0.00279199
        2546             -7.5121            -7.52177           0.0027909
        2547            -7.50788            -7.52177          0.00278981
        2548            -7.50428            -7.52176          0.00278872
        2549            -7.50035            -7.52175          0.00278764
        2550            -7.49711            -7.52174          0.00278657
        2551            -7.49262            -7.52173           0.0027855
        2552            -7.48885            -7.52172          0.00278444
        2553            -7.48582             -7.5217          0.00278338
        2554            -7.48226            -7.52169          0.00278233
        2555            -7.47883            -7.52167          0.00278129
        2556            -7.47651            -7.52165          0.00278026
        2557            -7.47402            -7.52164          0.00277924
        2558            -7.47171            -7.52162          0.00277822
        2559            -7.46957             -7.5216          0.00277721
        2560            -7.46697            -7.52157          0.00277621
        2561            -7.46487            -7.52155          0.00277521
        2562            -7.46232            -7.52153          0.00277422
        2563            -7.46026            -7.52151          0.00277324
        2564            -7.45904            -7.52148          0.00277227
        2565            -7.45831            -7.52146           0.0027713
        2566            -7.45582            -7.52143          0.00277034
        2567            -7.45479             -7.5214          0.00276938
        2568             -7.4536            -7.52138          0.00276843
        2569            -7.45256            -7.52135          0.00276748
        2570            -7.45101            -7.52132          0.00276654
        2571            -7.45057             -7.5213           0.0027656
        2572            -7.45059            -7.52127          0.00276466
        2573            -7.45072            -7.52124          0.00276372
        2574            -7.44968            -7.52121          0.00276279
        2575            -7.44909            -7.52119          0.00276185
        2576             -7.4486            -7.52116          0.00276093
        2577            -7.44854            -7.52113             0.00276
        2578            -7.44891             -7.5211          0.00275907
        2579            -7.44907            -7.52107          0.00275814
        2580            -7.44869            -7.52105          0.00275722
        2581            -7.44938            -7.52102          0.00275629
        2582            -7.45052            -7.52099          0.00275535
        2583            -7.45111            -7.52096          0.00275442
        2584             -7.4515            -7.52094          0.00275349
        2585            -7.45299            -7.52091          0.00275255
        2586            -7.45492            -7.52088           0.0027516
        2587             -7.4544            -7.52086          0.00275066
        2588             -7.4553            -7.52083          0.00274971
        2589            -7.45796            -7.52081          0.00274876
        2590            -7.45881            -7.52079           0.0027478
        2591            -7.45981            -7.52076          0.00274684
        2592            -7.46129            -7.52074          0.00274587
        2593            -7.46291            -7.52072          0.00274491
        2594            -7.46502             -7.5207          0.00274393
        2595            -7.46696            -7.52067          0.00274295
        2596             -7.4697            -7.52066          0.00274197
        2597            -7.47261            -7.52064          0.00274097
        2598            -7.47535            -7.52062          0.00273997
        2599            -7.47825             -7.5206          0.00273897
        2600            -7.48229            -7.52059          0.00273795
        2601             -7.4852            -7.52057          0.00273694
        2602            -7.48828            -7.52056          0.00273591
        2603            -7.49121            -7.52055          0.00273488
        2604            -7.49461            -7.52054          0.00273385
        2605            -7.49817            -7.52053          0.00273282
        2606            -7.50221            -7.52053          0.00273178
        2607            -7.50672            -7.52052          0.00273073
        2608            -7.51007            -7.52052          0.00272969
        2609            -7.51421            -7.52051          0.00272864
        2610            -7.51912            -7.52051           0.0027276
        2611            -7.52285            -7.52051          0.00272655
        2612            -7.52732            -7.52052          0.00272551
        2613            -7.53221            -7.52052          0.00272447
        2614            -7.53685            -7.52053          0.00272344
        2615            -7.54123            -7.52054          0.00272241
        2616            -7.54662            -7.52055          0.00272138
        2617            -7.55203            -7.52056          0.00272037
        2618            -7.55746            -7.52057          0.00271937
        2619            -7.56256            -7.52059          0.00271838
        2620            -7.56762            -7.52061           0.0027174
        2621            -7.57233            -7.52062          0.00271643
        2622             -7.5773            -7.52065          0.00271548
        2623            -7.58283            -7.52067          0.00271455
        2624            -7.58955             -7.5207          0.00271364
        2625             -7.5942            -7.52072          0.00271276
        2626            -7.59967            -7.52075          0.00271189
        2627            -7.60497            -7.52079          0.00271105
        2628            -7.60911            -7.52082          0.00271022
        2629            -7.61368            -7.52086          0.00270942
        2630             -7.6177            -7.52089          0.00270864
        2631             -7.6218            -7.52093          0.00270788
        2632            -7.62368            -7.52097          0.00270714
        2633            -7.62592            -7.52101           0.0027064
        2634            -7.62786            -7.52105          0.00270568
        2635            -7.63045            -7.52109          0.00270497
        2636            -7.63237            -7.52113          0.00270427
        2637             -7.6346            -7.52118          0.00270359
        2638            -7.63614            -7.52122          0.00270292
        2639            -7.63698            -7.52126          0.00270225
        2640            -7.63776            -7.52131          0.00270159
        2641            -7.63782            -7.52135          0.00270092
        2642            -7.63684             -7.5214          0.00270025
        2643            -7.63643            -7.52144          0.00269958
        2644            -7.63562            -7.52148          0.00269891
        2645            -7.63409            -7.52153          0.00269822
        2646            -7.63118            -7.52157          0.00269752
        2647            -7.62918            -7.52161          0.00269681
        2648            -7.62583            -7.52165          0.00269608
        2649             -7.6234            -7.52169          0.00269533
        2650            -7.61996            -7.52172          0.00269457
        2651            -7.61553            -7.52176          0.00269379
        2652            -7.61174            -7.52179          0.00269298
        2653             -7.6057            -7.52182          0.00269216
        2654            -7.60131            -7.52185          0.00269131
        2655            -7.59631            -7.52188          0.00269044
        2656            -7.59075            -7.52191          0.00268955
        2657            -7.58592            -7.52193          0.00268865
        2658            -7.58056            -7.52195          0.00268773
        2659            -7.57502            -7.52197          0.00268679
        2660            -7.56966            -7.52199          0.00268584
        2661            -7.56318            -7.52201          0.00268488
        2662            -7.55628            -7.52202           0.0026839
        2663            -7.54995            -7.52203          0.00268291
        2664            -7.54324            -7.52204          0.00268191
        2665            -7.53652            -7.52204          0.00268091
        2666            -7.53012            -7.52205          0.00267991
        2667            -7.52376            -7.52205          0.00267891
        2668            -7.51745            -7.52205           0.0026779
        2669            -7.51058            -7.52204           0.0026769
        2670            -7.50383            -7.52203          0.00267591
        2671            -7.49785            -7.52203          0.00267492
        2672            -7.49107            -7.52201          0.00267395
        2673            -7.48447              -7.522          0.00267298
        2674            -7.47904            -7.52198          0.00267203
        2675            -7.47415            -7.52197          0.00267109
        2676            -7.46917            -7.52195          0.00267017
        2677            -7.46443            -7.52192          0.00266926
        2678            -7.45931             -7.5219          0.00266836
        2679             -7.4551            -7.52188          0.00266748
        2680            -7.45117            -7.52185          0.00266662
        2681            -7.44655            -7.52182          0.00266577
        2682            -7.44254            -7.52179          0.00266494
        2683            -7.43882            -7.52176          0.00266413
        2684            -7.43637            -7.52173          0.00266332
        2685            -7.43355             -7.5217          0.00266253
        2686            -7.43199            -7.52166          0.00266175
        2687            -7.43038            -7.52163          0.00266098
        2688            -7.42742            -7.52159          0.00266022
        2689            -7.42602            -7.52156          0.00265947
        2690             -7.4252            -7.52152          0.00265872
        2691            -7.42464            -7.52149          0.00265798
        2692            -7.42366            -7.52145          0.00265724
        2693            -7.42259            -7.52141           0.0026565
        2694            -7.42207            -7.52138          0.00265577
        2695            -7.42177            -7.52134          0.00265504
        2696            -7.42201             -7.5213          0.00265432
        2697             -7.4231            -7.52127          0.00265358
        2698            -7.42373            -7.52123          0.00265284
        2699            -7.42392            -7.52119          0.00265211
        2700            -7.42559            -7.52116          0.00265136
        2701            -7.42615            -7.52112          0.00265061
        2702            -7.42722            -7.52109          0.00264986
        2703            -7.42878            -7.52106           0.0026491
        2704            -7.43052            -7.52102          0.00264833
        2705            -7.43178            -7.52099          0.00264756
        2706            -7.43387            -7.52096          0.00264677
        2707            -7.43709            -7.52093          0.00264598
        2708             -7.4395             -7.5209          0.00264517
        2709            -7.44239            -7.52087          0.00264435
        2710            -7.44447            -7.52084          0.00264353
        2711              -7.448            -7.52081          0.00264269
        2712            -7.45039            -7.52079          0.00264184
        2713            -7.45356            -7.52076          0.00264099
        2714            -7.45589            -7.52074          0.00264012
        2715            -7.45933            -7.52071          0.00263924
        2716            -7.46322            -7.52069          0.00263836
        2717            -7.46528            -7.52067          0.00263747
        2718            -7.46971            -7.52065          0.00263656
        2719            -7.47392            -7.52064          0.00263565
        2720            -7.47724            -7.52062          0.00263473
        2721            -7.48193            -7.52061           0.0026338
        2722            -7.48604            -7.52059          0.00263286
        2723            -7.48956            -7.52058          0.00263192
        2724            -7.49376            -7.52057          0.00263097
        2725            -7.49734            -7.52056          0.00263002
        2726            -7.50191            -7.52056          0.00262906
        2727            -7.50616            -7.52055           0.0026281
        2728            -7.51007            -7.52055          0.00262714
        2729            -7.51492            -7.52055          0.00262618
        2730            -7.51973            -7.52055          0.00262522
        2731            -7.52351            -7.52055          0.00262426
        2732            -7.52754            -7.52055           0.0026233
        2733            -7.53277            -7.52055          0.00262234
        2734            -7.53693            -7.52056          0.00262139
        2735            -7.54097            -7.52057          0.00262044
        2736            -7.54454            -7.52058           0.0026195
        2737            -7.54764            -7.52059          0.00261856
        2738            -7.55122             -7.5206          0.00261763
        2739            -7.55494            -7.52061           0.0026167
        2740            -7.55846            -7.52062          0.00261579
        2741            -7.56015            -7.52064          0.00261487
        2742            -7.56292            -7.52065          0.00261396
        2743            -7.56545            -7.52067          0.00261306
        2744            -7.56774            -7.52069          0.00261216
        2745            -7.56944             -7.5207          0.00261127
        2746            -7.57087            -7.52072          0.00261039
        2747             -7.5717            -7.52074           0.0026095
        2748            -7.57355            -7.52076          0.00260862
        2749            -7.57446            -7.52078          0.00260775
        2750            -7.57572             -7.5208          0.00260688
        2751            -7.57572            -7.52082            0.002606
        2752            -7.57509            -7.52084          0.00260513
        2753            -7.57448            -7.52086          0.00260426
        2754             -7.5739            -7.52088          0.00260338
        2755            -7.57205             -7.5209          0.00260251
        2756            -7.57056            -7.52092          0.00260162
        2757            -7.56878            -7.52093          0.00260074
        2758            -7.56737            -7.52095          0.00259985
        2759            -7.56472            -7.52097          0.00259896
        2760            -7.56246            -7.52098          0.00259806
        2761            -7.55996            -7.52099          0.00259715
        2762             -7.5569            -7.52101          0.00259625
        2763            -7.55459            -7.52102          0.00259534
        2764             -7.5508            -7.52103          0.00259442
        2765            -7.54813            -7.52104           0.0025935
        2766            -7.54368            -7.52105          0.00259257
        2767            -7.54136            -7.52106          0.00259165
        2768            -7.53699            -7.52106          0.00259072
        2769            -7.53285            -7.52107          0.00258979
        2770            -7.52864            -7.52107          0.00258885
        2771            -7.52439            -7.52107          0.00258792
        2772            -7.52013            -7.52107          0.00258698
        2773            -7.51458            -7.52107          0.00258605
        2774            -7.51004            -7.52106          0.00258512
        2775            -7.50589            -7.52106           0.0025842
        2776             -7.5028            -7.52105          0.00258328
        2777            -7.49788            -7.52104          0.00258236
        2778            -7.49473            -7.52103          0.00258145
        2779            -7.49141            -7.52102          0.00258054
        2780            -7.48698            -7.52101          0.00257964
        2781            -7.48438              -7.521          0.00257875
        2782            -7.48135            -7.52098          0.00257786
        2783            -7.47954            -7.52097          0.00257698
        2784             -7.4767            -7.52095           0.0025761
        2785            -7.47574            -7.52094          0.00257523
        2786             -7.4741            -7.52092          0.00257436
        2787            -7.47276             -7.5209          0.00257349
        2788            -7.47107            -7.52088          0.00257263
        2789            -7.46968            -7.52087          0.00257177
        2790            -7.46827            -7.52085          0.00257092
        2791            -7.46716            -7.52083          0.00257007
        2792            -7.46667            -7.52081          0.00256922
        2793            -7.46711            -7.52079          0.00256837
        2794            -7.46816            -7.52077          0.00256752
        2795            -7.46915            -7.52075          0.00256667
        2796            -7.47008            -7.52073          0.00256582
        2797            -7.47092            -7.52072          0.00256496
        2798            -7.47199             -7.5207          0.00256411
        2799            -7.47391            -7.52068          0.00256324
        2800            -7.47538            -7.52067          0.00256238
        2801            -7.47769            -7.52065          0.00256151
        2802            -7.48079            -7.52064          0.00256064
        2803            -7.48404            -7.52062          0.00255976
        2804            -7.48547            -7.52061          0.00255887
        2805            -7.48798             -7.5206          0.00255799
        2806             -7.4922            -7.52059           0.0025571
        2807            -7.49457            -7.52058           0.0025562
        2808            -7.49732            -7.52057          0.00255531
        2809            -7.50014            -7.52056          0.00255441
        2810            -7.50431            -7.52056           0.0025535
        2811            -7.50691            -7.52055           0.0025526
        2812            -7.50857            -7.52055           0.0025517
        2813             -7.5106            -7.52054          0.00255079
        2814            -7.51427            -7.52054          0.00254989
        2815            -7.51765            -7.52054          0.00254898
        2816            -7.52137            -7.52054          0.00254807
        2817            -7.52445            -7.52054          0.00254717
        2818             -7.5282            -7.52055          0.00254627
        2819            -7.53098            -7.52055          0.00254537
        2820            -7.53246            -7.52055          0.00254447
        2821            -7.53618            -7.52056          0.00254357
        2822            -7.53955            -7.52057          0.00254268
        2823             -7.5419            -7.52057          0.00254179
        2824            -7.54517            -7.52058          0.00254091
        2825            -7.54642            -7.52059          0.00254002
        2826            -7.54954             -7.5206          0.00253914
        2827            -7.55191            -7.52061          0.00253827
        2828            -7.55449            -7.52062           0.0025374
        2829            -7.55693            -7.52064          0.00253654
        2830            -7.55858            -7.52065          0.00253568
        2831             -7.5617            -7.52067          0.00253482
        2832            -7.56302            -7.52068          0.00253397
        2833            -7.56482             -7.5207          0.00253312
        2834            -7.56611            -7.52071          0.00253228
        2835            -7.56785            -7.52073          0.00253144
        2836            -7.56843            -7.52075          0.00253061
        2837            -7.56882            -7.52076          0.00252977
        2838            -7.56935            -7.52078          0.00252894
        2839             -7.5697             -7.5208           0.0025281
        2840            -7.56987            -7.52081          0.00252727
        2841            -7.56987            -7.52083          0.00252644
        2842            -7.56972            -7.52085          0.00252561
        2843             -7.5691            -7.52087          0.00252478
        2844            -7.56803            -7.52088          0.00252395
        2845            -7.56749             -7.5209          0.00252311
        2846            -7.56619            -7.52091          0.00252228
        2847            -7.56644            -7.52093          0.00252144
        2848            -7.56533            -7.52095           0.0025206
        2849            -7.56416            -7.52096          0.00251977
        2850            -7.56391            -7.52098          0.00251893
        2851            -7.56332            -7.52099          0.00251809
        2852            -7.56271            -7.52101          0.00251725
        2853            -7.56242            -7.52102          0.00251641
        2854            -7.56279            -7.52104          0.00251557
        2855             -7.5632            -7.52105          0.00251473
        2856            -7.56267            -7.52106          0.00251389
        2857            -7.56316            -7.52108          0.00251305
        2858            -7.56338            -7.52109          0.00251222
        2859            -7.56237            -7.52111          0.00251138
        2860            -7.56045            -7.52112          0.00251054
        2861             -7.5599            -7.52114           0.0025097
        2862            -7.55941            -7.52115          0.00250886
        2863            -7.55964            -7.52116          0.00250802
        2864            -7.56026            -7.52118          0.00250718
        2865            -7.56062            -7.52119          0.00250634
        2866            -7.55972             -7.5212           0.0025055
        2867            -7.55952            -7.52122          0.00250467
        2868            -7.55999            -7.52123          0.00250383
        2869            -7.56015            -7.52124          0.00250299
        2870            -7.55998            -7.52126          0.00250216
        2871            -7.56044            -7.52127          0.00250132
        2872            -7.55957            -7.52128          0.00250049
        2873             -7.5606             -7.5213          0.00249965
        2874            -7.56025            -7.52131          0.00249882
        2875            -7.56045            -7.52133          0.00249799
        2876            -7.56087            -7.52134          0.00249716
        2877            -7.56083            -7.52135          0.00249633
        2878            -7.56032            -7.52137           0.0024955
        2879            -7.56061            -7.52138          0.00249467
        2880            -7.56071            -7.52139          0.00249384
        2881            -7.55965            -7.52141          0.00249301
        2882            -7.55773            -7.52142          0.00249218
        2883            -7.55625            -7.52143          0.00249134
        2884            -7.55518            -7.52144           0.0024905
        2885            -7.55324            -7.52145          0.00248967
        2886            -7.55042            -7.52146          0.00248882
        2887            -7.54705            -7.52147          0.00248798
        2888            -7.54412            -7.52148          0.00248713
        2889            -7.54162            -7.52149          0.00248628
        2890            -7.53861            -7.52149          0.00248542
        2891            -7.53608             -7.5215          0.00248457
        2892            -7.53275             -7.5215          0.00248371
        2893            -7.52896            -7.52151          0.00248286
        2894            -7.52441            -7.52151            0.002482
        2895            -7.52109            -7.52151          0.00248114
        2896             -7.5187            -7.52151          0.00248028
        2897            -7.51533             -7.5215          0.00247943
        2898            -7.51069             -7.5215          0.00247858
        2899            -7.50741            -7.52149          0.00247773
        2900            -7.50455            -7.52149          0.00247688
        2901            -7.50151            -7.52148          0.00247603
        2902            -7.49734            -7.52147          0.00247519
        2903            -7.49534            -7.52146          0.00247436
        2904            -7.49229            -7.52145          0.00247353
        2905            -7.48985            -7.52144           0.0024727
        2906            -7.48741            -7.52143          0.00247188
        2907            -7.48596            -7.52142          0.00247106
        2908            -7.48425            -7.52141          0.00247024
        2909            -7.48229            -7.52139          0.00246943
        2910            -7.48141            -7.52138          0.00246862
        2911            -7.48197            -7.52137          0.00246781
        2912            -7.48235            -7.52135          0.00246699
        2913            -7.48354            -7.52134          0.00246618
        2914            -7.48458            -7.52133          0.00246537
        2915            -7.48644            -7.52132          0.00246455
        2916             -7.4888             -7.5213          0.00246373
        2917             -7.4923            -7.52129          0.00246291
        2918            -7.49628            -7.52129          0.00246208
        2919            -7.50041            -7.52128          0.00246124
        2920            -7.50465            -7.52127          0.00246041
        2921            -7.51027            -7.52127          0.00245957
        2922            -7.51563            -7.52127          0.00245873
        2923            -7.52069            -7.52127          0.00245789
        2924            -7.52865            -7.52127          0.00245705
        2925            -7.53362            -7.52127          0.00245621
        2926            -7.54009            -7.52128          0.00245538
        2927            -7.54607            -7.52129          0.00245456
        2928            -7.55214             -7.5213          0.00245374
        2929            -7.55923            -7.52131          0.00245294
        2930            -7.56631            -7.52133          0.00245215
        2931            -7.57202            -7.52134          0.00245137
        2932            -7.57859            -7.52136          0.00245061
        2933            -7.58531            -7.52139          0.00244987
        2934            -7.59051            -7.52141          0.00244915
        2935            -7.59675            -7.52144          0.00244845
        2936              -7.603            -7.52146          0.00244778
        2937            -7.60664            -7.52149          0.00244711
        2938            -7.61089            -7.52152          0.00244647
        2939            -7.61537            -7.52155          0.00244585
        2940            -7.61878            -7.52159          0.00244524
        2941            -7.62271            -7.52162          0.00244465
        2942            -7.62487            -7.52166          0.00244407
        2943            -7.62559            -7.52169          0.00244349
        2944            -7.62775            -7.52173          0.00244293
        2945            -7.62846            -7.52176          0.00244237
        2946            -7.62931             -7.5218          0.00244181
        2947            -7.62902            -7.52184          0.00244126
        2948            -7.62889            -7.52187           0.0024407
        2949            -7.62794            -7.52191          0.00244013
        2950            -7.62749            -7.52195          0.00243957
        2951             -7.6256            -7.52198            0.002439
        2952            -7.62358            -7.52201          0.00243841
        2953            -7.61982            -7.52205          0.00243781
        2954            -7.61757            -7.52208           0.0024372
        2955            -7.61491            -7.52211          0.00243658
        2956            -7.61185            -7.52214          0.00243594
        2957            -7.60744            -7.52217          0.00243529
        2958            -7.60267             -7.5222          0.00243462
        2959            -7.59789            -7.52222          0.00243393
        2960             -7.5931            -7.52225          0.00243323
        2961            -7.58705            -7.52227           0.0024325
        2962            -7.58104            -7.52229          0.00243176
        2963            -7.57542            -7.52231          0.00243101
        2964            -7.56924            -7.52232          0.00243024
        2965            -7.56252            -7.52234          0.00242946
        2966            -7.55626            -7.52235          0.00242867
        2967            -7.55014            -7.52236          0.00242787
        2968             -7.5429            -7.52236          0.00242706
        2969            -7.53649            -7.52237          0.00242624
        2970            -7.52898            -7.52237          0.00242543
        2971            -7.52137            -7.52237          0.00242461
        2972            -7.51432            -7.52237           0.0024238
        2973            -7.50656            -7.52236          0.00242299
        2974            -7.49873            -7.52236          0.00242219
        2975            -7.49119            -7.52234           0.0024214
        2976            -7.48298            -7.52233          0.00242062
        2977            -7.47605            -7.52232          0.00241985
        2978            -7.46912             -7.5223          0.00241911
        2979            -7.46155            -7.52228          0.00241838
        2980            -7.45338            -7.52225          0.00241768
        2981            -7.44719            -7.52223            0.002417
        2982            -7.43879             -7.5222          0.00241635
        2983            -7.43112            -7.52217          0.00241573
        2984            -7.42387            -7.52214          0.00241515
        2985            -7.41739             -7.5221           0.0024146
        2986            -7.41006            -7.52207          0.00241408
        2987            -7.40321            -7.52203           0.0024136
        2988            -7.39718            -7.52198          0.00241315
        2989            -7.39168            -7.52194          0.00241274
        2990            -7.38316            -7.52189          0.00241238
        2991            -7.37651            -7.52185          0.00241206
        2992            -7.37111            -7.52179          0.00241178
        2993            -7.36535            -7.52174          0.00241154
        2994            -7.36058            -7.52169          0.00241134
        2995            -7.35519            -7.52163          0.00241117
        2996            -7.35115            -7.52158          0.00241104
        2997            -7.34721            -7.52152          0.00241094
        2998            -7.34404            -7.52146          0.00241086
        2999            -7.34135             -7.5214           0.0024108
        3000            -7.33981            -7.52134          0.00241076
        3001            -7.33717            -7.52128          0.00241074
        3002            -7.33606            -7.52122          0.00241072
        3003            -7.33454            -7.52115          0.00241072
        3004            -7.33393            -7.52109          0.00241072
        3005            -7.33425            -7.52103          0.00241072
        3006            -7.33517            -7.52097          0.00241072
        3007            -7.33704            -7.52091          0.00241069
        3008            -7.34017            -7.52085          0.00241064
        3009            -7.34197            -7.52079          0.00241057
        3010              -7.346            -7.52073          0.00241047
        3011            -7.34998            -7.52067          0.00241033
        3012            -7.35324            -7.52062          0.00241017
        3013            -7.35934            -7.52056          0.00240997
        3014            -7.36564            -7.52051          0.00240972
        3015            -7.37211            -7.52046          0.00240942
        3016            -7.37938            -7.52041          0.00240908
        3017            -7.38675            -7.52037          0.00240868
        3018            -7.39386            -7.52033          0.00240825
        3019            -7.40164            -7.52029          0.00240777
        3020            -7.40842            -7.52025          0.00240726
        3021            -7.41675            -7.52022          0.00240671
        3022            -7.42529            -7.52019          0.00240612
        3023            -7.43366            -7.52016          0.00240549
        3024             -7.4428            -7.52013          0.00240483
        3025            -7.45232            -7.52011          0.00240414
        3026             -7.4609            -7.52009          0.00240343
        3027            -7.47042            -7.52007          0.00240269
        3028            -7.47923            -7.52006          0.00240193
        3029            -7.48793            -7.52005          0.00240116
        3030            -7.49713            -7.52004          0.00240038
        3031            -7.50518            -7.52004           0.0023996
        3032            -7.51366            -7.52004          0.00239881
        3033            -7.52156            -7.52004          0.00239801
        3034            -7.52887            -7.52004          0.00239723
        3035            -7.53685            -7.52004          0.00239644
        3036            -7.54385            -7.52005          0.00239567
        3037            -7.55018            -7.52006           0.0023949
        3038            -7.55744            -7.52007          0.00239414
        3039            -7.56303            -7.52009          0.00239339
        3040            -7.56821             -7.5201          0.00239266
        3041            -7.57364            -7.52012          0.00239194
        3042            -7.57768            -7.52014          0.00239123
        3043             -7.5826            -7.52016          0.00239053
        3044            -7.58643            -7.52018          0.00238984
        3045            -7.59015            -7.52021          0.00238917
        3046             -7.5928            -7.52023           0.0023885
        3047            -7.59566            -7.52025          0.00238785
        3048            -7.59744            -7.52028           0.0023872
        3049            -7.59848            -7.52031          0.00238655
        3050            -7.59975            -7.52033          0.00238591
        3051            -7.60061            -7.52036          0.00238528
        3052             -7.6014            -7.52038          0.00238464
        3053            -7.60149            -7.52041          0.00238401
        3054            -7.60089            -7.52044          0.00238337
        3055            -7.60027            -7.52046          0.00238274
        3056            -7.59996            -7.52049           0.0023821
        3057            -7.59902            -7.52052          0.00238146
        3058            -7.59714            -7.52054          0.00238081
        3059            -7.59629            -7.52056          0.00238016
        3060            -7.59454            -7.52059          0.00237951
        3061            -7.59224            -7.52061          0.00237884
        3062            -7.59102            -7.52064          0.00237818
        3063            -7.58865            -7.52066          0.00237751
        3064            -7.58644            -7.52068          0.00237683
        3065            -7.58377             -7.5207          0.00237614
        3066            -7.58034            -7.52072          0.00237545
        3067            -7.57715            -7.52074          0.00237474
        3068            -7.57355            -7.52075          0.00237403
        3069            -7.56991            -7.52077          0.00237331
        3070            -7.56624            -7.52079          0.00237258
        3071            -7.56255             -7.5208          0.00237185
        3072            -7.55855            -7.52081          0.00237111
        3073            -7.55523            -7.52082          0.00237036
        3074            -7.55194            -7.52083          0.00236962
        3075            -7.54806            -7.52084          0.00236886
        3076            -7.54523            -7.52085           0.0023681
        3077             -7.5412            -7.52086          0.00236734
        3078            -7.53727            -7.52086          0.00236658
        3079            -7.53411            -7.52087          0.00236582
        3080             -7.5311            -7.52087          0.00236505
        3081            -7.52889            -7.52087          0.00236428
        3082             -7.5262            -7.52087          0.00236352
        3083            -7.52337            -7.52087          0.00236275
        3084            -7.52107            -7.52087          0.00236199
        3085            -7.51929            -7.52087          0.00236122
        3086             -7.5174            -7.52087          0.00236045
        3087            -7.51576            -7.52087          0.00235969
        3088            -7.51533            -7.52087          0.00235893
        3089            -7.51451            -7.52087          0.00235816
        3090            -7.51461            -7.52087           0.0023574
        3091              -7.514            -7.52086          0.00235664
        3092            -7.51336            -7.52086          0.00235588
        3093            -7.51333            -7.52086          0.00235512
        3094            -7.51424            -7.52086          0.00235436
        3095            -7.51511            -7.52085           0.0023536
        3096            -7.51595            -7.52085          0.00235284
        3097            -7.51804            -7.52085          0.00235208
        3098            -7.52009            -7.52085          0.00235132
        3099            -7.52271            -7.52085          0.00235056
        3100            -7.52558            -7.52085           0.0023498
        3101            -7.52737            -7.52086          0.00234905
        3102            -7.53033            -7.52086          0.00234829
        3103            -7.53379            -7.52086          0.00234754
        3104            -7.53675            -7.52087          0.00234679
        3105             -7.5395            -7.52087          0.00234604
        3106            -7.54264            -7.52088           0.0023453
        3107            -7.54583            -7.52089          0.00234455
        3108            -7.54903             -7.5209          0.00234382
        3109            -7.55155            -7.52091          0.00234308
        3110            -7.55465            -7.52092          0.00234236
        3111            -7.55862            -7.52093          0.00234163
        3112            -7.56051            -7.52094          0.00234092
        3113            -7.56352            -7.52096           0.0023402
        3114             -7.5673            -7.52097           0.0023395
        3115             -7.5689            -7.52099           0.0023388
        3116            -7.57056              -7.521           0.0023381
        3117            -7.57193            -7.52102          0.00233741
        3118            -7.57331            -7.52104          0.00233672
        3119            -7.57309            -7.52105          0.00233603
        3120            -7.57448            -7.52107          0.00233535
        3121            -7.57521            -7.52109          0.00233466
        3122            -7.57497             -7.5211          0.00233398
        3123            -7.57504            -7.52112          0.00233329
        3124            -7.57543            -7.52114          0.00233261
        3125            -7.57486            -7.52116          0.00233193
        3126            -7.57336            -7.52117          0.00233124
        3127             -7.5719            -7.52119          0.00233055
        3128            -7.56987            -7.52121          0.00232986
        3129            -7.56826            -7.52122          0.00232916
        3130            -7.56741            -7.52124          0.00232847
        3131            -7.56413            -7.52125          0.00232776
        3132            -7.56071            -7.52126          0.00232705
        3133            -7.55814            -7.52127          0.00232634
        3134            -7.55516            -7.52128          0.00232562
        3135            -7.55245            -7.52129           0.0023249
        3136            -7.55004             -7.5213          0.00232418
        3137            -7.54599            -7.52131          0.00232345
        3138            -7.54456            -7.52132          0.00232272
        3139            -7.54155            -7.52132          0.00232199
        3140            -7.53859            -7.52133          0.00232126
        3141            -7.53635            -7.52134          0.00232053
        3142            -7.53419            -7.52134          0.00231979
        3143            -7.53149            -7.52134          0.00231906
        3144            -7.52922            -7.52134          0.00231832
        3145            -7.52771            -7.52135          0.00231758
        3146            -7.52632            -7.52135          0.00231685
        3147            -7.52441            -7.52135          0.00231611
        3148            -7.52262            -7.52135          0.00231537
        3149            -7.52097            -7.52135          0.00231464
        3150            -7.51911            -7.52135           0.0023139
        3151            -7.51639            -7.52135          0.00231317
        3152            -7.51541            -7.52135          0.00231244
        3153            -7.51422            -7.52134          0.00231171
        3154            -7.51314            -7.52134          0.00231097
        3155            -7.51183            -7.52134          0.00231024
        3156            -7.51126            -7.52133          0.00230951
        3157            -7.51046            -7.52133          0.00230878
        3158            -7.50942            -7.52133          0.00230806
        3159             -7.5101            -7.52132          0.00230733
        3160            -7.50989            -7.52132           0.0023066
        3161            -7.50879            -7.52132          0.00230588
        3162            -7.50843            -7.52131          0.00230515
        3163            -7.50879            -7.52131          0.00230442
        3164            -7.50859             -7.5213           0.0023037
        3165            -7.50847             -7.5213          0.00230298
        3166            -7.50714             -7.5213          0.00230225
        3167            -7.50751            -7.52129          0.00230153
        3168            -7.50764            -7.52129          0.00230081
        3169            -7.50688            -7.52128          0.00230009
        3170            -7.50815            -7.52128          0.00229936
        3171            -7.50918            -7.52127          0.00229864
        3172            -7.50964            -7.52127          0.00229792
        3173            -7.51116            -7.52127           0.0022972
        3174            -7.51147            -7.52126          0.00229648
        3175            -7.51217            -7.52126          0.00229575
        3176             -7.5123            -7.52126          0.00229503
        3177            -7.51282            -7.52126          0.00229431
        3178            -7.51373            -7.52125          0.00229359
        3179            -7.51502            -7.52125          0.00229287
        3180            -7.51701            -7.52125          0.00229215
        3181            -7.51839            -7.52125          0.00229143
        3182            -7.51882            -7.52125          0.00229071
        3183            -7.51864            -7.52125          0.00228999
        3184            -7.51847            -7.52125          0.00228927
        3185             -7.5196            -7.52125          0.00228855
        3186            -7.52136            -7.52125          0.00228783
        3187            -7.52214            -7.52125          0.00228712
        3188            -7.52322            -7.52125           0.0022864
        3189            -7.52361            -7.52125          0.00228568
        3190            -7.52462            -7.52125          0.00228497
        3191            -7.52622            -7.52125          0.00228425
        3192             -7.5268            -7.52125          0.00228354
        3193            -7.52798            -7.52125          0.00228282
        3194            -7.52813            -7.52126          0.00228211
        3195            -7.52918            -7.52126           0.0022814
        3196            -7.52986            -7.52126          0.00228068
        3197            -7.53112            -7.52127          0.00227997
        3198            -7.53168            -7.52127          0.00227926
        3199            -7.53283            -7.52127          0.00227855
        3200            -7.53263            -7.52128          0.00227784
        3201            -7.53239            -7.52128          0.00227713
        3202            -7.53177            -7.52128          0.00227642
        3203            -7.53241            -7.52129          0.00227572
        3204            -7.53268            -7.52129          0.00227501
        3205            -7.53323            -7.52129           0.0022743
        3206            -7.53375             -7.5213           0.0022736
        3207            -7.53555             -7.5213          0.00227289
        3208            -7.53537            -7.52131          0.00227219
        3209            -7.53581            -7.52131          0.00227148
        3210            -7.53559            -7.52131          0.00227078
        3211            -7.53534            -7.52132          0.00227008
        3212             -7.5354            -7.52132          0.00226937
        3213            -7.53446            -7.52133          0.00226867
        3214            -7.53482            -7.52133          0.00226797
        3215            -7.53353            -7.52134          0.00226727
        3216            -7.53353            -7.52134          0.00226657
        3217            -7.53448            -7.52134          0.00226587
        3218            -7.53412            -7.52135          0.00226516
        3219            -7.53407            -7.52135          0.00226446
        3220            -7.53369            -7.52136          0.00226376
        3221            -7.53297            -7.52136          0.00226306
        3222             -7.5332            -7.52136          0.00226236
        3223            -7.53376            -7.52137          0.00226167
        3224            -7.53269            -7.52137          0.00226097
        3225             -7.5326            -7.52137          0.00226027
        3226            -7.53284            -7.52138          0.00225957
        3227            -7.53276            -7.52138          0.00225887
        3228            -7.53238            -7.52138          0.00225818
        3229            -7.53332            -7.52139          0.00225748
        3230            -7.53299            -7.52139          0.00225678
        3231             -7.5343             -7.5214          0.00225609
        3232            -7.53436             -7.5214          0.00225539
        3233            -7.53478             -7.5214           0.0022547
        3234             -7.5333            -7.52141          0.00225401
        3235            -7.53382            -7.52141          0.00225331
        3236             -7.5344            -7.52141          0.00225262
        3237            -7.53503            -7.52142          0.00225193
        3238            -7.53539            -7.52142          0.00225124
        3239            -7.53581            -7.52143          0.00225055
        3240            -7.53629            -7.52143          0.00224986
        3241            -7.53716            -7.52144          0.00224917
        3242            -7.53842            -7.52144          0.00224848
        3243            -7.53973            -7.52145          0.00224779
        3244            -7.54012            -7.52145          0.00224711
        3245            -7.53992            -7.52146          0.00224642
        3246            -7.54041            -7.52147          0.00224574
        3247            -7.54127            -7.52147          0.00224506
        3248            -7.54184            -7.52148          0.00224437
        3249            -7.54343            -7.52148          0.00224369
        3250            -7.54341            -7.52149          0.00224301
        3251            -7.54504             -7.5215          0.00224233
        3252             -7.5457            -7.52151          0.00224166
        3253            -7.54702            -7.52151          0.00224098
        3254            -7.54769            -7.52152          0.00224031
        3255            -7.54801            -7.52153          0.00223963
        3256            -7.54831            -7.52154          0.00223896
        3257            -7.54988            -7.52155          0.00223829
        3258            -7.55012            -7.52156          0.00223762
        3259            -7.55063            -7.52156          0.00223695
        3260             -7.5514            -7.52157          0.00223628
        3261            -7.55177            -7.52158          0.00223562
        3262            -7.55143            -7.52159          0.00223495
        3263            -7.55261             -7.5216          0.00223429
        3264            -7.55176            -7.52161          0.00223362
        3265            -7.55276            -7.52162          0.00223296
        3266            -7.55267            -7.52163          0.00223229
        3267            -7.55312            -7.52164          0.00223163
        3268            -7.55376            -7.52165          0.00223097
        3269             -7.5546            -7.52166          0.00223031
        3270            -7.55466            -7.52167          0.00222965
        3271            -7.55523            -7.52168          0.00222899
        3272             -7.5547            -7.52169          0.00222833
        3273            -7.55403             -7.5217          0.00222768
        3274            -7.55289            -7.52171          0.00222702
        3275            -7.55194            -7.52172          0.00222635
        3276            -7.55118            -7.52173          0.00222569
        3277            -7.54898            -7.52174          0.00222503
        3278            -7.54731            -7.52174          0.00222436
        3279            -7.54551            -7.52175           0.0022237
        3280            -7.54358            -7.52176          0.00222303
        3281            -7.54122            -7.52176          0.00222236
        3282            -7.53972            -7.52177          0.00222169
        3283            -7.53779            -7.52177          0.00222102
        3284            -7.53577            -7.52178          0.00222035
        3285            -7.53365            -7.52178          0.00221967
        3286            -7.53146            -7.52178            0.002219
        3287            -7.52919            -7.52179          0.00221833
        3288             -7.5275            -7.52179          0.00221765
        3289            -7.52444            -7.52179          0.00221698
        3290            -7.52263            -7.52179           0.0022163
        3291            -7.51981            -7.52179          0.00221563
        3292             -7.5176            -7.52179          0.00221496
        3293             -7.5147            -7.52179          0.00221429
        3294            -7.51177            -7.52178          0.00221362
        3295            -7.50947            -7.52178          0.00221295
        3296            -7.50681            -7.52177          0.00221228
        3297            -7.50316            -7.52177          0.00221162
        3298            -7.50047            -7.52176          0.00221096
        3299            -7.49679            -7.52175           0.0022103
        3300             -7.4944            -7.52175          0.00220964
        3301            -7.49231            -7.52174          0.00220899
        3302            -7.48957            -7.52173          0.00220835
        3303            -7.48713            -7.52172           0.0022077
        3304            -7.48403            -7.52171          0.00220706
        3305            -7.48156            -7.52169          0.00220643
        3306            -7.47842            -7.52168           0.0022058
        3307            -7.47462            -7.52167          0.00220518
        3308            -7.47112            -7.52165          0.00220456
        3309            -7.46759            -7.52163          0.00220396
        3310            -7.46533            -7.52162          0.00220336
        3311            -7.46239             -7.5216          0.00220277
        3312            -7.45908            -7.52158          0.00220218
        3313            -7.45542            -7.52156          0.00220161
        3314            -7.45236            -7.52154          0.00220104
        3315            -7.45121            -7.52152          0.00220048
        3316            -7.44777             -7.5215          0.00219993
        3317            -7.44428            -7.52147          0.00219939
        3318            -7.44142            -7.52145          0.00219886
        3319            -7.43788            -7.52142          0.00219834
        3320            -7.43367             -7.5214          0.00219784
        3321            -7.43074            -7.52137          0.00219735
        3322            -7.42716            -7.52134          0.00219687
        3323            -7.42422            -7.52131           0.0021964
        3324            -7.42097            -7.52128          0.00219595
        3325            -7.41742            -7.52125          0.00219551
        3326            -7.41422            -7.52122          0.00219508
        3327            -7.41141            -7.52119          0.00219467
        3328            -7.40899            -7.52115          0.00219427
        3329             -7.4073            -7.52112          0.00219388
        3330             -7.4041            -7.52108           0.0021935
        3331            -7.40101            -7.52105          0.00219314
        3332            -7.39839            -7.52101          0.00219279
        3333            -7.39593            -7.52097          0.00219245
        3334            -7.39331            -7.52093          0.00219213
        3335            -7.39187             -7.5209          0.00219181
        3336            -7.39064            -7.52086          0.00219151
        3337            -7.38967            -7.52082           0.0021912
        3338            -7.38896            -7.52078           0.0021909
        3339            -7.38821            -7.52074           0.0021906
        3340            -7.38713             -7.5207          0.00219031
        3341            -7.38736            -7.52066          0.00219002
        3342            -7.38762            -7.52062          0.00218973
        3343            -7.38826            -7.52058          0.00218943
        3344            -7.38932            -7.52054          0.00218913
        3345            -7.39114             -7.5205          0.00218882
        3346            -7.39308            -7.52046          0.00218849
        3347            -7.39517            -7.52043          0.00218816
        3348            -7.39904            -7.52039          0.00218781
        3349            -7.40244            -7.52035          0.00218744
        3350            -7.40601            -7.52032          0.00218705
        3351            -7.41073            -7.52029          0.00218664
        3352            -7.41466            -7.52026          0.00218622
        3353            -7.41972            -7.52023          0.00218577
        3354             -7.4246             -7.5202           0.0021853
        3355            -7.43091            -7.52017          0.00218481
        3356            -7.43699            -7.52015           0.0021843
        3357             -7.4441            -7.52012          0.00218377
        3358            -7.45156             -7.5201          0.00218322
        3359            -7.45995            -7.52008          0.00218264
        3360            -7.46795            -7.52007          0.00218204
        3361            -7.47549            -7.52006          0.00218144
        3362            -7.48316            -7.52004          0.00218081
        3363            -7.49123            -7.52004          0.00218018
        3364              -7.499            -7.52003          0.00217954
        3365            -7.50704            -7.52003           0.0021789
        3366            -7.51499            -7.52002          0.00217825
        3367            -7.52407            -7.52003          0.00217761
        3368            -7.53165            -7.52003          0.00217696
        3369            -7.53865            -7.52003          0.00217632
        3370            -7.54534            -7.52004          0.00217569
        3371            -7.55266            -7.52005          0.00217507
        3372            -7.55927            -7.52006          0.00217445
        3373             -7.5648            -7.52008          0.00217385
        3374            -7.57087            -7.52009          0.00217326
        3375            -7.57549            -7.52011          0.00217267
        3376            -7.58027            -7.52013           0.0021721
        3377            -7.58422            -7.52015          0.00217154
        3378            -7.58667            -7.52017          0.00217099
        3379            -7.58828            -7.52019          0.00217044
        3380            -7.58969            -7.52021           0.0021699
        3381            -7.59187            -7.52023          0.00216936
        3382            -7.59321            -7.52025          0.00216882
        3383            -7.59405            -7.52027          0.00216829
        3384            -7.59439            -7.52029          0.00216776
        3385            -7.59457            -7.52031          0.00216723
        3386            -7.59331            -7.52034           0.0021667
        3387            -7.59258            -7.52036          0.00216617
        3388            -7.59208            -7.52038          0.00216563
        3389            -7.59118             -7.5204          0.00216509
        3390            -7.58928            -7.52042          0.00216455
        3391            -7.58509            -7.52044          0.00216399
        3392            -7.58255            -7.52046          0.00216343
        3393            -7.57909            -7.52047          0.00216286
        3394            -7.57538            -7.52049          0.00216229
        3395            -7.57114            -7.52051           0.0021617
        3396            -7.56801            -7.52052          0.00216111
        3397            -7.56342            -7.52053          0.00216051
        3398            -7.55773            -7.52054           0.0021599
        3399            -7.55421            -7.52055          0.00215929
        3400            -7.54995            -7.52056          0.00215867
        3401            -7.54595            -7.52057          0.00215805
        3402            -7.53996            -7.52057          0.00215742
        3403            -7.53524            -7.52058          0.00215679
        3404            -7.52922            -7.52058          0.00215616
        3405            -7.52416            -7.52058          0.00215553
        3406            -7.51976            -7.52058           0.0021549
        3407             -7.5157            -7.52058          0.00215426
        3408            -7.51101            -7.52058          0.00215363
        3409            -7.50635            -7.52057          0.00215301
        3410            -7.50236            -7.52057          0.00215238
        3411             -7.4984            -7.52056          0.00215176
        3412            -7.49416            -7.52055          0.00215114
        3413            -7.48931            -7.52054          0.00215053
        3414            -7.48482            -7.52053          0.00214993
        3415             -7.4807            -7.52052          0.00214933
        3416            -7.47599            -7.52051          0.00214874
        3417            -7.47133             -7.5205          0.00214816
        3418            -7.46803            -7.52048          0.00214759
        3419            -7.46416            -7.52046          0.00214702
        3420            -7.45972            -7.52045          0.00214647
        3421            -7.45602            -7.52043          0.00214592
        3422            -7.45178            -7.52041          0.00214539
        3423            -7.44831            -7.52039          0.00214487
        3424            -7.44562            -7.52036          0.00214435
        3425            -7.44276            -7.52034          0.00214384
        3426            -7.44007            -7.52032          0.00214335
        3427            -7.43754            -7.52029          0.00214286
        3428            -7.43522            -7.52027          0.00214238
        3429            -7.43213            -7.52024          0.00214191
        3430            -7.42894            -7.52022          0.00214145
        3431            -7.42729            -7.52019          0.00214099
        3432            -7.42557            -7.52016          0.00214055
        3433            -7.42508            -7.52013           0.0021401
        3434             -7.4239            -7.52011          0.00213966
        3435            -7.42333            -7.52008          0.00213923
        3436            -7.42306            -7.52005          0.00213879
        3437            -7.42243            -7.52002          0.00213836
        3438            -7.42178            -7.51999          0.00213792
        3439            -7.42371            -7.51996          0.00213749
        3440            -7.42464            -7.51994          0.00213704
        3441            -7.42555            -7.51991           0.0021366
        3442            -7.42805            -7.51988          0.00213615
        3443            -7.42956            -7.51986          0.00213569
        3444             -7.4307            -7.51983          0.00213522
        3445            -7.43276            -7.51981          0.00213475
        3446             -7.4354            -7.51978          0.00213427
        3447            -7.43797            -7.51976          0.00213379
        3448             -7.4411            -7.51973          0.00213329
        3449            -7.44413            -7.51971          0.00213278
        3450             -7.4464            -7.51969          0.00213227
        3451             -7.4492            -7.51967          0.00213175
        3452            -7.45284            -7.51965          0.00213122
        3453            -7.45697            -7.51963          0.00213068
        3454            -7.45997            -7.51962          0.00213013
        3455            -7.46444             -7.5196          0.00212958
        3456            -7.46872            -7.51959          0.00212901
        3457             -7.4725            -7.51957          0.00212844
        3458            -7.47802            -7.51956          0.00212786
        3459            -7.48302            -7.51955          0.00212727
        3460            -7.48781            -7.51954          0.00212667
        3461            -7.49206            -7.51953          0.00212608
        3462            -7.49673            -7.51953          0.00212547
        3463            -7.50117            -7.51952          0.00212486
        3464            -7.50635            -7.51952          0.00212425
        3465            -7.51064            -7.51951          0.00212364
        3466            -7.51662            -7.51951          0.00212303
        3467            -7.52266            -7.51951          0.00212242
        3468            -7.52812            -7.51952          0.00212181
        3469            -7.53266            -7.51952           0.0021212
        3470            -7.53854            -7.51953          0.00212059
        3471            -7.54477            -7.51953             0.00212
        3472            -7.54942            -7.51954           0.0021194
        3473            -7.55536            -7.51955          0.00211882
        3474             -7.5613            -7.51956          0.00211824
        3475            -7.56721            -7.51958          0.00211768
        3476            -7.57277            -7.51959          0.00211712
        3477            -7.57892            -7.51961          0.00211658
        3478            -7.58532            -7.51963          0.00211606
        3479            -7.59197            -7.51965          0.00211555
        3480            -7.59689            -7.51967          0.00211506
        3481            -7.60201             -7.5197          0.00211459
        3482            -7.60795            -7.51972          0.00211413
        3483            -7.61276            -7.51975          0.00211369
        3484            -7.61738            -7.51978          0.00211327
        3485            -7.62212            -7.51981          0.00211287
        3486            -7.62664            -7.51984          0.00211249
        3487            -7.63059            -7.51987          0.00211212
        3488            -7.63494             -7.5199          0.00211177
        3489            -7.63901            -7.51993          0.00211144
        3490            -7.64344            -7.51997          0.00211113
        3491            -7.64563            -7.52001          0.00211083
        3492             -7.6488            -7.52004          0.00211055
        3493             -7.6497            -7.52008          0.00211027
        3494            -7.65156            -7.52012          0.00211001
        3495            -7.65373            -7.52016          0.00210975
        3496            -7.65555            -7.52019           0.0021095
        3497            -7.65638            -7.52023          0.00210926
        3498            -7.65718            -7.52027          0.00210902
        3499            -7.65732            -7.52031          0.00210878
        3500            -7.65645            -7.52035          0.00210853
        3501            -7.65589            -7.52039          0.00210829
        3502            -7.65531            -7.52043          0.00210804
        3503            -7.65375            -7.52047          0.00210778
        3504            -7.65185             -7.5205          0.00210751
        3505            -7.64964            -7.52054          0.00210723
        3506            -7.64745            -7.52058          0.00210694
        3507            -7.64528            -7.52061          0.00210664
        3508            -7.64282            -7.52065          0.00210633
        3509            -7.63978            -7.52068            0.002106
        3510            -7.63649            -7.52071          0.00210566
        3511            -7.63295            -7.52075           0.0021053
        3512            -7.62952            -7.52078          0.00210493
        3513            -7.62589            -7.52081          0.00210454
        3514            -7.62142            -7.52084          0.00210414
        3515            -7.61646            -7.52086          0.00210372
        3516            -7.61266            -7.52089          0.00210328
        3517            -7.60839            -7.52091          0.00210283
        3518            -7.60467            -7.52094          0.00210237
        3519             -7.6002            -7.52096          0.00210189
        3520            -7.59599            -7.52098           0.0021014
        3521             -7.5914              -7.521           0.0021009
        3522             -7.5858            -7.52102          0.00210038
        3523            -7.58117            -7.52104          0.00209986
        3524            -7.57526            -7.52105          0.00209932
        3525            -7.57066            -7.52107          0.00209877
        3526            -7.56643            -7.52108          0.00209821
        3527            -7.56064            -7.52109          0.00209765
        3528            -7.55365             -7.5211          0.00209707
        3529            -7.54902            -7.52111           0.0020965
        3530            -7.54418            -7.52111          0.00209591
        3531            -7.54044            -7.52112          0.00209533
        3532            -7.53586            -7.52112          0.00209474
        3533            -7.53145            -7.52113          0.00209415
        3534            -7.52883            -7.52113          0.00209355
        3535            -7.52444            -7.52113          0.00209296
        3536            -7.52057            -7.52113          0.00209237
        3537            -7.51852            -7.52113          0.00209178
        3538            -7.51538            -7.52113          0.00209119
        3539            -7.51182            -7.52112           0.0020906
        3540            -7.50816            -7.52112          0.00209001
        3541             -7.5044            -7.52112          0.00208943
        3542            -7.50248            -7.52111          0.00208884
        3543            -7.49981             -7.5211          0.00208826
        3544            -7.49769             -7.5211          0.00208768
        3545            -7.49514            -7.52109          0.00208711
        3546            -7.49444            -7.52108          0.00208653
        3547            -7.49298            -7.52108          0.00208596
        3548            -7.49239            -7.52107          0.00208539
        3549            -7.49266            -7.52106          0.00208481
        3550            -7.49249            -7.52105          0.00208424
        3551            -7.49187            -7.52104          0.00208367
        3552            -7.49243            -7.52104           0.0020831
        3553            -7.49222            -7.52103          0.00208253
        3554            -7.49284            -7.52102          0.00208196
        3555            -7.49171            -7.52101          0.00208139
        3556            -7.49305              -7.521          0.00208082
        3557            -7.49361              -7.521          0.00208025
        3558            -7.49501            -7.52099          0.00207968
        3559            -7.49565            -7.52098          0.00207911
        3560            -7.49681            -7.52097          0.00207853
        3561            -7.49884            -7.52097          0.00207796
        3562            -7.50076            -7.52096          0.00207738
        3563            -7.50292            -7.52096          0.00207681
        3564            -7.50499            -7.52095          0.00207623
        3565            -7.50667            -7.52095          0.00207565
        3566            -7.50991            -7.52095          0.00207507
        3567            -7.51245            -7.52094          0.00207449
        3568             -7.5156            -7.52094          0.00207391
        3569            -7.52034            -7.52094          0.00207333
        3570            -7.52506            -7.52094          0.00207275
        3571            -7.53008            -7.52095          0.00207217
        3572             -7.5341            -7.52095          0.00207159
        3573            -7.53874            -7.52095          0.00207102
        3574            -7.54366            -7.52096          0.00207045
        3575            -7.54853            -7.52097          0.00206988
        3576            -7.55496            -7.52098          0.00206933
        3577            -7.55967            -7.52099          0.00206878
        3578            -7.56685              -7.521          0.00206824
        3579            -7.57356            -7.52102          0.00206771
        3580             -7.5804            -7.52103           0.0020672
        3581            -7.58733            -7.52105          0.00206671
        3582            -7.59497            -7.52107          0.00206623
        3583            -7.60294            -7.52109          0.00206578
        3584            -7.60925            -7.52112          0.00206535
        3585            -7.61482            -7.52115          0.00206494
        3586            -7.62123            -7.52117          0.00206455
        3587            -7.62679             -7.5212          0.00206419
        3588            -7.63307            -7.52123          0.00206385
        3589            -7.63842            -7.52127          0.00206353
        3590            -7.64406             -7.5213          0.00206324
        3591            -7.64964            -7.52134          0.00206297
        3592            -7.65349            -7.52137          0.00206273
        3593             -7.6572            -7.52141           0.0020625
        3594            -7.66071            -7.52145          0.00206229
        3595            -7.66336            -7.52149           0.0020621
        3596            -7.66608            -7.52153          0.00206191
        3597             -7.6682            -7.52157          0.00206174
        3598            -7.66906            -7.52161          0.00206158
        3599             -7.6696            -7.52165          0.00206142
        3600            -7.66981            -7.52169          0.00206125
        3601             -7.6684            -7.52173          0.00206108
        3602            -7.66729            -7.52177          0.00206091
        3603            -7.66487            -7.52181          0.00206072
        3604            -7.66179            -7.52185          0.00206051
        3605             -7.6587            -7.52189          0.00206029
        3606            -7.65464            -7.52193          0.00206005
        3607            -7.64929            -7.52196          0.00205978
        3608            -7.64431              -7.522          0.00205949
        3609            -7.63904            -7.52203          0.00205917
        3610            -7.63221            -7.52206          0.00205883
        3611            -7.62483            -7.52209          0.00205845
        3612            -7.61692            -7.52211          0.00205805
        3613            -7.60979            -7.52214          0.00205763
        3614            -7.60121            -7.52216          0.00205717
        3615            -7.59282            -7.52218           0.0020567
        3616            -7.58402             -7.5222           0.0020562
        3617            -7.57354            -7.52221          0.00205568
        3618            -7.56303            -7.52222          0.00205514
        3619            -7.55156            -7.52223          0.00205459
        3620             -7.5421            -7.52224          0.00205403
        3621             -7.5311            -7.52224          0.00205346
        3622            -7.51895            -7.52224           0.0020529
        3623            -7.50761            -7.52223          0.00205233
        3624            -7.49616            -7.52223          0.00205178
        3625            -7.48466            -7.52222          0.00205124
        3626            -7.47313             -7.5222          0.00205072
        3627            -7.46294            -7.52219          0.00205022
        3628            -7.45153            -7.52217          0.00204975
        3629             -7.4396            -7.52214          0.00204931
        3630            -7.42721            -7.52212          0.00204891
        3631             -7.4157            -7.52209          0.00204856
        3632            -7.40513            -7.52206          0.00204824
        3633            -7.39554            -7.52202          0.00204798
        3634            -7.38472            -7.52198          0.00204776
        3635            -7.37531            -7.52194           0.0020476
        3636            -7.36671             -7.5219          0.00204748
        3637            -7.35766            -7.52186          0.00204741
        3638            -7.34985            -7.52181           0.0020474
        3639            -7.34232            -7.52176          0.00204743
        3640            -7.33708            -7.52171          0.00204749
        3641            -7.33059            -7.52166           0.0020476
        3642            -7.32611             -7.5216          0.00204775
        3643            -7.32303            -7.52155          0.00204791
        3644            -7.31976            -7.52149           0.0020481
        3645            -7.31632            -7.52144          0.00204831
        3646            -7.31432            -7.52138          0.00204853
        3647            -7.31281            -7.52132          0.00204877
        3648            -7.31211            -7.52126          0.00204901
        3649            -7.31157            -7.52121          0.00204925
        3650            -7.31247            -7.52115          0.00204949
        3651             -7.3148            -7.52109          0.00204971
        3652            -7.31789            -7.52104           0.0020499
        3653            -7.32235            -7.52098          0.00205006
        3654            -7.32621            -7.52093          0.00205019
        3655             -7.3304            -7.52088           0.0020503
        3656            -7.33585            -7.52083          0.00205036
        3657            -7.34219            -7.52078          0.00205038
        3658            -7.34872            -7.52073          0.00205036
        3659            -7.35573            -7.52069           0.0020503
        3660             -7.3638            -7.52064          0.00205018
        3661             -7.3716             -7.5206          0.00205003
        3662            -7.37906            -7.52056          0.00204983
        3663            -7.38775            -7.52053          0.00204959
        3664            -7.39632            -7.52049          0.00204931
        3665            -7.40472            -7.52046            0.002049
        3666            -7.41322            -7.52043          0.00204865
        3667            -7.42306            -7.52041          0.00204826
        3668            -7.43257            -7.52038          0.00204784
        3669            -7.44075            -7.52036           0.0020474
        3670             -7.4498            -7.52034          0.00204693
        3671             -7.4584            -7.52033          0.00204644
        3672            -7.46715            -7.52031          0.00204594
        3673            -7.47601             -7.5203          0.00204542
        3674            -7.48463            -7.52029          0.00204488
        3675            -7.49265            -7.52028          0.00204434
        3676            -7.49908            -7.52028          0.00204379
        3677            -7.50615            -7.52027          0.00204324
        3678            -7.51286            -7.52027          0.00204269
        3679            -7.51886            -7.52027          0.00204213
        3680             -7.5248            -7.52027          0.00204158
        3681            -7.53065            -7.52027          0.00204102
        3682            -7.53641            -7.52028          0.00204047
        3683            -7.54013            -7.52028          0.00203993
        3684            -7.54438            -7.52029          0.00203938
        3685            -7.54788             -7.5203          0.00203884
        3686             -7.5519            -7.52031          0.00203831
        3687            -7.55485            -7.52032          0.00203778
        3688            -7.55768            -7.52033          0.00203725
        3689            -7.55976            -7.52034          0.00203673
        3690            -7.55981            -7.52035           0.0020362
        3691            -7.56043            -7.52036          0.00203568
        3692            -7.56066            -7.52037          0.00203516
        3693             -7.5615            -7.52038          0.00203464
        3694            -7.56327            -7.52039          0.00203412
        3695             -7.5631             -7.5204           0.0020336
        3696            -7.56293            -7.52041          0.00203308
        3697            -7.56214            -7.52043          0.00203256
        3698            -7.56108            -7.52044          0.00203204
        3699            -7.55913            -7.52045          0.00203152
        3700            -7.55794            -7.52046            0.002031
        3701            -7.55655            -7.52047          0.00203047
        3702            -7.55466            -7.52048          0.00202995
        3703            -7.55167            -7.52048          0.00202942
        3704            -7.54985            -7.52049          0.00202888
        3705            -7.54763             -7.5205          0.00202835
        3706            -7.54502            -7.52051          0.00202781
        3707            -7.54303            -7.52051          0.00202727
        3708             -7.5407            -7.52052          0.00202673
        3709            -7.53741            -7.52052          0.00202619
        3710            -7.53578            -7.52053          0.00202565
        3711            -7.53388            -7.52053          0.00202511
        3712            -7.53173            -7.52053          0.00202457
        3713            -7.53031            -7.52054          0.00202402
        3714            -7.52901            -7.52054          0.00202348
        3715            -7.52685            -7.52054          0.00202293
        3716            -7.52451            -7.52054          0.00202239
        3717             -7.5223            -7.52054          0.00202185
        3718            -7.52187            -7.52054           0.0020213
        3719            -7.52126            -7.52054          0.00202076
        3720            -7.52017            -7.52054          0.00202022
        3721            -7.51988            -7.52054          0.00201967
        3722            -7.51878            -7.52054          0.00201913
        3723            -7.51849            -7.52054          0.00201859
        3724             -7.5177            -7.52054          0.00201805
        3725            -7.51674            -7.52054           0.0020175
        3726            -7.51625            -7.52054          0.00201696
        3727            -7.51655            -7.52054          0.00201642
        3728            -7.51698            -7.52054          0.00201588
        3729            -7.51721            -7.52053          0.00201534
        3730            -7.51725            -7.52053           0.0020148
        3731            -7.51707            -7.52053          0.00201426
        3732            -7.51894            -7.52053          0.00201372
        3733            -7.51961            -7.52053          0.00201318
        3734            -7.52069            -7.52053          0.00201264
        3735            -7.52121            -7.52053           0.0020121
        3736            -7.52149            -7.52053          0.00201157
        3737            -7.52248            -7.52053          0.00201103
        3738            -7.52419            -7.52053          0.00201049
        3739            -7.52468            -7.52054          0.00200995
        3740            -7.52651            -7.52054          0.00200942
        3741            -7.52742            -7.52054          0.00200888
        3742            -7.52838            -7.52054          0.00200834
        3743            -7.52938            -7.52054          0.00200781
        3744            -7.53106            -7.52055          0.00200727
        3745            -7.53149            -7.52055          0.00200674
        3746            -7.53325            -7.52055          0.00200621
        3747            -7.53406            -7.52056          0.00200567
        3748            -7.53684            -7.52056          0.00200514
        3749            -7.53803            -7.52056          0.00200462
        3750            -7.53989            -7.52057          0.00200409
        3751            -7.54175            -7.52058          0.00200356
        3752            -7.54394            -7.52058          0.00200304
        3753            -7.54579            -7.52059          0.00200251
        3754            -7.54634             -7.5206          0.00200199
        3755            -7.54784             -7.5206          0.00200147
        3756            -7.54931            -7.52061          0.00200095
        3757            -7.55107            -7.52062          0.00200044
        3758             -7.5518            -7.52063          0.00199992
        3759             -7.5528            -7.52064          0.00199941
        3760            -7.55308            -7.52064           0.0019989
        3761            -7.55457            -7.52065          0.00199838
        3762            -7.55566            -7.52066          0.00199788
        3763            -7.55599            -7.52067          0.00199737
        3764            -7.55686            -7.52068          0.00199686
        3765            -7.55793            -7.52069          0.00199635
        3766            -7.55887             -7.5207          0.00199585
        3767            -7.56031            -7.52071          0.00199535
        3768            -7.55967            -7.52072          0.00199484
        3769            -7.55985            -7.52073          0.00199434
        3770            -7.56019            -7.52074          0.00199384
        3771            -7.56037            -7.52075          0.00199334
        3772            -7.55941            -7.52076          0.00199284
        3773            -7.55861            -7.52077          0.00199233
        3774            -7.55958            -7.52078          0.00199183
        3775            -7.56007            -7.52079          0.00199133
        3776            -7.55748             -7.5208          0.00199083
        3777              -7.557            -7.52081          0.00199032
        3778            -7.55538            -7.52082          0.00198982
        3779            -7.55362            -7.52083          0.00198931
        3780            -7.55172            -7.52084           0.0019888
        3781            -7.55064            -7.52085          0.00198829
        3782            -7.54912            -7.52086          0.00198778
        3783             -7.5478            -7.52086          0.00198727
        3784            -7.54476            -7.52087          0.00198675
        3785            -7.54291            -7.52087          0.00198624
        3786             -7.5413            -7.52088          0.00198572
        3787            -7.53865            -7.52088           0.0019852
        3788            -7.53563            -7.52089          0.00198468
        3789            -7.53288            -7.52089          0.00198416
        3790            -7.53074            -7.52089          0.00198364
        3791            -7.52794             -7.5209          0.00198311
        3792            -7.52513             -7.5209          0.00198259
        3793            -7.52267             -7.5209          0.00198207
        3794             -7.5199             -7.5209          0.00198155
        3795            -7.51685             -7.5209          0.00198102
        3796            -7.51452            -7.52089           0.0019805
        3797            -7.51225            -7.52089          0.00197998
        3798            -7.51104            -7.52089          0.00197946
        3799            -7.50896            -7.52089          0.00197894
        3800            -7.50666            -7.52088          0.00197843
        3801             -7.5045            -7.52088          0.00197791
        3802            -7.50344            -7.52087           0.0019774
        3803            -7.50189            -7.52087          0.00197688
        3804            -7.49952            -7.52086          0.00197637
        3805            -7.49894            -7.52086          0.00197586
        3806            -7.49822            -7.52085          0.00197535
        3807            -7.49671            -7.52085          0.00197484
        3808            -7.49636            -7.52084          0.00197433
        3809            -7.49525            -7.52083          0.00197383
        3810            -7.49466            -7.52083          0.00197332
        3811            -7.49461            -7.52082          0.00197281
        3812            -7.49445            -7.52081          0.00197231
        3813            -7.49549             -7.5208           0.0019718
        3814            -7.49578             -7.5208           0.0019713
        3815            -7.49758            -7.52079          0.00197079
        3816            -7.49929            -7.52079          0.00197028
        3817            -7.50091            -7.52078          0.00196977
        3818            -7.50242            -7.52078          0.00196926
        3819            -7.50415            -7.52077          0.00196875
        3820            -7.50577            -7.52077          0.00196824
        3821            -7.50727            -7.52076          0.00196773
        3822            -7.50896            -7.52076          0.00196721
        3823            -7.51116            -7.52076           0.0019667
        3824            -7.51384            -7.52076          0.00196619
        3825            -7.51635            -7.52076          0.00196567
        3826             -7.5193            -7.52076          0.00196516
        3827            -7.52333            -7.52076          0.00196465
        3828            -7.52745            -7.52076          0.00196414
        3829            -7.53098            -7.52076          0.00196362
        3830            -7.53357            -7.52076          0.00196311
        3831            -7.53648            -7.52077          0.00196261
        3832            -7.53937            -7.52077           0.0019621
        3833            -7.54383            -7.52078           0.0019616
        3834            -7.54593            -7.52079           0.0019611
        3835            -7.54922            -7.52079           0.0019606
        3836            -7.55205             -7.5208           0.0019601
        3837            -7.55438            -7.52081          0.00195961
        3838            -7.55653            -7.52082          0.00195913
        3839            -7.55846            -7.52083          0.00195864
        3840            -7.56145            -7.52084          0.00195816
        3841            -7.56289            -7.52085          0.00195768
        3842            -7.56437            -7.52086           0.0019572
        3843            -7.56525            -7.52087          0.00195673
        3844            -7.56616            -7.52089          0.00195625
        3845            -7.56708             -7.5209          0.00195578
        3846            -7.56768            -7.52091          0.00195531
        3847            -7.56797            -7.52092          0.00195484
        3848            -7.56697            -7.52093          0.00195437
        3849            -7.56728            -7.52095           0.0019539
        3850             -7.5663            -7.52096          0.00195343
        3851            -7.56439            -7.52097          0.00195295
        3852            -7.56219            -7.52098          0.00195247
        3853            -7.55972            -7.52099          0.00195199
        3854            -7.55797              -7.521          0.00195151
        3855            -7.55695            -7.52101          0.00195103
        3856            -7.55476            -7.52102          0.00195054
        3857            -7.55302            -7.52103          0.00195005
        3858            -7.55047            -7.52103          0.00194956
        3859            -7.54777            -7.52104          0.00194907
        3860            -7.54463            -7.52105          0.00194857
        3861             -7.5414            -7.52105          0.00194808
        3862            -7.53746            -7.52106          0.00194758
        3863            -7.53413            -7.52106          0.00194707
        3864            -7.53144            -7.52106          0.00194657
        3865            -7.52878            -7.52106          0.00194607
        3866            -7.52615            -7.52107          0.00194557
        3867             -7.5223            -7.52107          0.00194506
        3868            -7.51886            -7.52106          0.00194456
        3869            -7.51523            -7.52106          0.00194406
        3870            -7.51174            -7.52106          0.00194356
        3871            -7.50906            -7.52106          0.00194306
        3872            -7.50592            -7.52105          0.00194256
        3873             -7.5046            -7.52105          0.00194206
        3874            -7.50255            -7.52104          0.00194157
        3875            -7.50008            -7.52104          0.00194107
        3876            -7.49756            -7.52103          0.00194058
        3877            -7.49629            -7.52103          0.00194009
        3878             -7.4953            -7.52102           0.0019396
        3879            -7.49461            -7.52101          0.00193912
        3880            -7.49359            -7.52101          0.00193863
        3881             -7.4932              -7.521          0.00193814
        3882            -7.49346            -7.52099          0.00193766
        3883            -7.49403            -7.52099          0.00193717
        3884            -7.49493            -7.52098          0.00193668
        3885            -7.49581            -7.52097           0.0019362
        3886            -7.49766            -7.52097          0.00193571
        3887             -7.4998            -7.52096          0.00193522
        3888            -7.50157            -7.52096          0.00193473
        3889            -7.50459            -7.52095          0.00193423
        3890            -7.50688            -7.52095          0.00193374
        3891            -7.50971            -7.52095          0.00193324
        3892            -7.51211            -7.52094          0.00193275
        3893            -7.51566            -7.52094          0.00193225
        3894            -7.51968            -7.52094          0.00193176
        3895            -7.52221            -7.52094          0.00193126
        3896             -7.5258            -7.52094          0.00193076
        3897             -7.5301            -7.52095          0.00193027
        3898            -7.53314            -7.52095          0.00192978
        3899            -7.53683            -7.52095          0.00192929
        3900            -7.54081            -7.52096           0.0019288
        3901            -7.54506            -7.52096          0.00192831
        3902            -7.54858            -7.52097          0.00192783
        3903            -7.55264            -7.52098          0.00192736
        3904            -7.55494            -7.52099          0.00192688
        3905            -7.55806              -7.521          0.00192641
        3906             -7.5597            -7.52101          0.00192594
        3907            -7.56277            -7.52102          0.00192548
        3908            -7.56563            -7.52103          0.00192502
        3909            -7.56762            -7.52104          0.00192457
        3910            -7.57001            -7.52105          0.00192412
        3911            -7.57215            -7.52107          0.00192367
        3912            -7.57369            -7.52108          0.00192322
        3913            -7.57529            -7.52109          0.00192278
        3914            -7.57629            -7.52111          0.00192234
        3915            -7.57702            -7.52112           0.0019219
        3916            -7.57908            -7.52114          0.00192147
        3917            -7.57829            -7.52115          0.00192104
        3918             -7.5782            -7.52117           0.0019206
        3919            -7.57882            -7.52118          0.00192017
        3920            -7.57822             -7.5212          0.00191973
        3921             -7.5777            -7.52121           0.0019193
        3922            -7.57663            -7.52122          0.00191886
        3923            -7.57599            -7.52124          0.00191842
        3924            -7.57449            -7.52125          0.00191798
        3925             -7.5728            -7.52126          0.00191754
        3926            -7.57093            -7.52128          0.00191709
        3927             -7.5702            -7.52129          0.00191664
        3928            -7.56836             -7.5213          0.00191619
        3929            -7.56606            -7.52131          0.00191574
        3930            -7.56365            -7.52132          0.00191528
        3931            -7.56082            -7.52133          0.00191482
        3932            -7.55921            -7.52134          0.00191436
        3933             -7.5556            -7.52135          0.00191389
        3934            -7.55194            -7.52136          0.00191342
        3935            -7.54922            -7.52137          0.00191295
        3936            -7.54649            -7.52137          0.00191247
        3937            -7.54406            -7.52138          0.00191199
        3938            -7.54163            -7.52138          0.00191151
        3939            -7.53955            -7.52139          0.00191103
        3940             -7.5378            -7.52139          0.00191055
        3941            -7.53674             -7.5214          0.00191007
        3942            -7.53248             -7.5214          0.00190959
        3943            -7.52827             -7.5214          0.00190911
        3944            -7.52638             -7.5214          0.00190862
        3945            -7.52356             -7.5214          0.00190814
        3946            -7.52112             -7.5214          0.00190766
        3947            -7.51906             -7.5214          0.00190717
        3948             -7.5164             -7.5214          0.00190669
        3949            -7.51445             -7.5214          0.00190621
        3950            -7.51126             -7.5214          0.00190573
        3951            -7.50844            -7.52139          0.00190525
        3952              -7.506            -7.52139          0.00190477
        3953             -7.5046            -7.52139          0.00190429
        3954            -7.50292            -7.52138          0.00190382
        3955            -7.50129            -7.52138          0.00190334
        3956            -7.49809            -7.52137          0.00190287
        3957            -7.49593            -7.52136           0.0019024
        3958            -7.49414            -7.52136          0.00190193
        3959            -7.49208            -7.52135          0.00190147
        3960            -7.49105            -7.52134            0.001901
        3961             -7.4891            -7.52133          0.00190054
        3962            -7.48818            -7.52133          0.00190008
        3963            -7.48666            -7.52132          0.00189962
        3964            -7.48391            -7.52131          0.00189916
        3965            -7.48316             -7.5213          0.00189871
        3966             -7.4815            -7.52129          0.00189826
        3967            -7.48185            -7.52128           0.0018978
        3968             -7.4813            -7.52127          0.00189735
        3969            -7.48082            -7.52126           0.0018969
        3970            -7.47976            -7.52125          0.00189645
        3971            -7.47942            -7.52124            0.001896
        3972            -7.47788            -7.52123          0.00189556
        3973            -7.47674            -7.52121          0.00189511
        3974            -7.47635             -7.5212          0.00189467
        3975            -7.47509            -7.52119          0.00189423
        3976            -7.47427            -7.52118          0.00189379
        3977            -7.47292            -7.52117          0.00189335
        3978            -7.47365            -7.52116          0.00189291
        3979            -7.47323            -7.52114          0.00189248
        3980            -7.47265            -7.52113          0.00189204
        3981            -7.47255            -7.52112           0.0018916
        3982            -7.47264            -7.52111          0.00189117
        3983            -7.47259            -7.52109          0.00189073
        3984            -7.47469            -7.52108          0.00189029
        3985            -7.47538            -7.52107          0.00188986
        3986            -7.47792            -7.52106          0.00188941
        3987            -7.47907            -7.52105          0.00188897
        3988            -7.48046            -7.52104          0.00188852
        3989            -7.48111            -7.52103          0.00188807
        3990            -7.48332            -7.52102          0.00188762
        3991            -7.48576            -7.52101          0.00188717
        3992             -7.4891              -7.521          0.00188672
        3993             -7.4917              -7.521          0.00188626
        3994            -7.49518            -7.52099           0.0018858
        3995            -7.49888            -7.52098          0.00188533
        3996            -7.50149            -7.52098          0.00188487
        3997            -7.50461            -7.52098           0.0018844
        3998            -7.50921            -7.52097          0.00188393
        3999            -7.51299            -7.52097          0.00188346
        4000            -7.51722            -7.52097          0.00188299
        4001             -7.5206            -7.52097          0.00188252
        4002            -7.52471            -7.52097          0.00188205
        4003             -7.5292            -7.52097          0.00188158
        4004            -7.53374            -7.52098          0.00188111
        4005            -7.53862            -7.52098          0.00188065
        4006            -7.54285            -7.52099          0.00188019
        4007            -7.54801            -7.52099          0.00187973
        4008            -7.55183              -7.521          0.00187928
        4009            -7.55622            -7.52101          0.00187883
        4010             -7.5602            -7.52102          0.00187839
        4011            -7.56439            -7.52103          0.00187795
        4012            -7.56844            -7.52104          0.00187752
        4013            -7.57202            -7.52105          0.00187709
        4014            -7.57545            -7.52107          0.00187667
        4015            -7.57902            -7.52108          0.00187626
        4016            -7.58207             -7.5211          0.00187586
        4017            -7.58589            -7.52111          0.00187546
        4018            -7.58917            -7.52113          0.00187507
        4019            -7.59319            -7.52115          0.00187469
        4020            -7.59536            -7.52117          0.00187431
        4021             -7.5976            -7.52119          0.00187394
        4022            -7.59927             -7.5212          0.00187358
        4023            -7.60035            -7.52122          0.00187322
        4024            -7.60213            -7.52124          0.00187286
        4025            -7.60396            -7.52126           0.0018725
        4026             -7.6055            -7.52129          0.00187216
        4027            -7.60676            -7.52131          0.00187181
        4028            -7.60643            -7.52133          0.00187147
        4029            -7.60611            -7.52135          0.00187112
        4030             -7.6055            -7.52137          0.00187077
        4031            -7.60522            -7.52139          0.00187042
        4032            -7.60496            -7.52141          0.00187008
        4033            -7.60373            -7.52143          0.00186972
        4034            -7.60282            -7.52145          0.00186937
        4035            -7.60095            -7.52147          0.00186901
        4036            -7.59811            -7.52149          0.00186864
        4037            -7.59462            -7.52151          0.00186827
        4038            -7.59116            -7.52153          0.00186788
        4039            -7.58739            -7.52154          0.00186749
        4040             -7.5843            -7.52156           0.0018671
        4041            -7.58058            -7.52157          0.00186669
        4042            -7.57658            -7.52159          0.00186628
        4043            -7.57199             -7.5216          0.00186586
        4044            -7.56714            -7.52161          0.00186543
        4045            -7.56206            -7.52162            0.001865
        4046            -7.55709            -7.52163          0.00186456
        4047            -7.55224            -7.52164          0.00186411
        4048            -7.54722            -7.52164          0.00186366
        4049            -7.54238            -7.52165          0.00186321
        4050            -7.53612            -7.52165          0.00186275
        4051            -7.53106            -7.52165          0.00186229
        4052            -7.52368            -7.52165          0.00186183
        4053            -7.51821            -7.52165          0.00186137
        4054            -7.51242            -7.52165          0.00186092
        4055             -7.5073            -7.52165          0.00186046
        4056            -7.50064            -7.52164          0.00186001
        4057            -7.49536            -7.52164          0.00185956
        4058            -7.49021            -7.52163          0.00185912
        4059            -7.48587            -7.52162          0.00185868
        4060            -7.47946            -7.52161          0.00185825
        4061            -7.47457             -7.5216          0.00185783
        4062            -7.46928            -7.52158          0.00185742
        4063            -7.46428            -7.52157          0.00185702
        4064            -7.46056            -7.52156          0.00185662
        4065            -7.45653            -7.52154          0.00185623
        4066            -7.45351            -7.52152          0.00185585
        4067            -7.45087            -7.52151          0.00185548
        4068            -7.44896            -7.52149          0.00185511
        4069            -7.44681            -7.52147          0.00185474
        4070            -7.44476            -7.52145          0.00185438
        4071            -7.44413            -7.52143          0.00185402
        4072            -7.44394            -7.52141          0.00185366
        4073            -7.44323            -7.52139          0.00185331
        4074            -7.44394            -7.52137          0.00185295
        4075            -7.44413            -7.52136          0.00185259
        4076            -7.44442            -7.52134          0.00185224
        4077            -7.44579            -7.52132          0.00185187
        4078             -7.4479             -7.5213          0.00185151
        4079            -7.44912            -7.52128          0.00185114
        4080            -7.45168            -7.52126          0.00185076
        4081            -7.45461            -7.52125          0.00185038
        4082            -7.45884            -7.52123          0.00184999
        4083            -7.46273            -7.52122          0.00184959
        4084            -7.46528            -7.52121          0.00184919
        4085            -7.46874            -7.52119          0.00184878
        4086            -7.47241            -7.52118          0.00184837
        4087            -7.47724            -7.52117          0.00184795
        4088            -7.48158            -7.52116          0.00184752
        4089            -7.48637            -7.52115          0.00184709
        4090            -7.49125            -7.52114          0.00184665
        4091            -7.49718            -7.52114          0.00184621
        4092             -7.5025            -7.52113          0.00184576
        4093            -7.50717            -7.52113          0.00184532
        4094            -7.51053            -7.52113          0.00184487
        4095            -7.51578            -7.52113          0.00184442
        4096             -7.5216            -7.52113          0.00184397
        4097            -7.52538            -7.52113          0.00184352
        4098            -7.52904            -7.52113          0.00184307
        4099            -7.53353            -7.52113          0.00184262
        4100            -7.53817            -7.52114          0.00184218
        4101            -7.54393            -7.52114          0.00184174
        4102            -7.54754            -7.52115           0.0018413
        4103            -7.55126            -7.52116          0.00184086
        4104             -7.5554            -7.52116          0.00184043
        4105            -7.55897            -7.52117          0.00184001
        4106            -7.56162            -7.52118          0.00183959
        4107            -7.56498            -7.52119          0.00183917
        4108            -7.56871            -7.52121          0.00183876
        4109            -7.57053            -7.52122          0.00183835
        4110            -7.57238            -7.52123          0.00183795
        4111            -7.57392            -7.52124          0.00183754
        4112             -7.5758            -7.52126          0.00183714
        4113             -7.5777            -7.52127          0.00183675
        4114            -7.57832            -7.52128          0.00183635
        4115            -7.57799             -7.5213          0.00183596
        4116            -7.57929            -7.52131          0.00183557
        4117            -7.57868            -7.52133          0.00183518
        4118            -7.57875            -7.52134          0.00183478
        4119            -7.57788            -7.52135          0.00183439
        4120            -7.57642            -7.52137          0.00183399
        4121             -7.5747            -7.52138          0.00183359
        4122            -7.57305            -7.52139          0.00183319
        4123            -7.57149             -7.5214          0.00183279
        4124            -7.56874            -7.52142          0.00183238
        4125            -7.56742            -7.52143          0.00183197
        4126            -7.56528            -7.52144          0.00183155
        4127            -7.56265            -7.52145          0.00183114
        4128            -7.55925            -7.52146          0.00183072
        4129            -7.55573            -7.52147          0.00183029
        4130            -7.55309            -7.52147          0.00182987
        4131            -7.55038            -7.52148          0.00182944
        4132            -7.54763            -7.52149            0.001829
        4133            -7.54486            -7.52149          0.00182857
        4134            -7.54144             -7.5215          0.00182813
        4135            -7.53805             -7.5215           0.0018277
        4136            -7.53469             -7.5215          0.00182726
        4137            -7.53173            -7.52151          0.00182682
        4138            -7.52951            -7.52151          0.00182638
        4139            -7.52609            -7.52151          0.00182594
        4140            -7.52312            -7.52151          0.00182549
        4141            -7.52061            -7.52151          0.00182505
        4142            -7.51891            -7.52151          0.00182461
        4143            -7.51543            -7.52151          0.00182417
        4144            -7.51375            -7.52151          0.00182373
        4145             -7.5116             -7.5215           0.0018233
        4146            -7.51029             -7.5215          0.00182286
        4147            -7.50917             -7.5215          0.00182242
        4148             -7.5076            -7.52149          0.00182198
        4149             -7.5072            -7.52149          0.00182155
        4150            -7.50699            -7.52149          0.00182111
        4151            -7.50568            -7.52148          0.00182068
        4152            -7.50551            -7.52148          0.00182024
        4153            -7.50519            -7.52148          0.00181981
        4154            -7.50568            -7.52147          0.00181938
        4155            -7.50502            -7.52147          0.00181894
        4156            -7.50483            -7.52146          0.00181851
        4157            -7.50443            -7.52146          0.00181808
        4158            -7.50448            -7.52146          0.00181764
        4159            -7.50429            -7.52145          0.00181721
        4160            -7.50419            -7.52145          0.00181678
        4161             -7.5048            -7.52144          0.00181635
        4162            -7.50611            -7.52144          0.00181591
        4163            -7.50553            -7.52144          0.00181548
        4164            -7.50593            -7.52143          0.00181505
        4165            -7.50699            -7.52143          0.00181462
        4166            -7.50838            -7.52143          0.00181418
        4167            -7.50846            -7.52142          0.00181375
        4168            -7.50949            -7.52142          0.00181332
        4169            -7.50953            -7.52142          0.00181289
        4170            -7.50986            -7.52141          0.00181245
        4171            -7.51081            -7.52141          0.00181202
        4172             -7.5114            -7.52141          0.00181159
        4173            -7.51163            -7.52141          0.00181116
        4174            -7.51215             -7.5214          0.00181072
        4175            -7.51232             -7.5214          0.00181029
        4176            -7.51181             -7.5214          0.00180986
        4177            -7.51258             -7.5214          0.00180943
        4178            -7.51301             -7.5214          0.00180899
        4179            -7.51279            -7.52139          0.00180856
        4180            -7.51451            -7.52139          0.00180813
        4181            -7.51461            -7.52139           0.0018077
        4182            -7.51538            -7.52139          0.00180727
        4183            -7.51551            -7.52139          0.00180684
        4184            -7.51663            -7.52139           0.0018064
        4185            -7.51681            -7.52139          0.00180597
        4186            -7.51669            -7.52138          0.00180554
        4187            -7.51821            -7.52138          0.00180511
        4188            -7.51912            -7.52138          0.00180468
        4189            -7.52071            -7.52138          0.00180425
        4190            -7.52167            -7.52138          0.00180382
        4191            -7.52201            -7.52138          0.00180339
        4192              -7.523            -7.52138          0.00180296
        4193            -7.52335            -7.52138          0.00180253
        4194            -7.52435            -7.52138           0.0018021
        4195            -7.52468            -7.52139          0.00180167
        4196            -7.52434            -7.52139          0.00180124
        4197            -7.52559            -7.52139          0.00180081
        4198             -7.5255            -7.52139          0.00180038
        4199            -7.52601            -7.52139          0.00179995
        4200             -7.5271            -7.52139          0.00179953
        4201            -7.52715            -7.52139           0.0017991
        4202            -7.52809            -7.52139          0.00179867
        4203            -7.52796             -7.5214          0.00179824
        4204            -7.52774             -7.5214          0.00179782
        4205            -7.52677             -7.5214          0.00179739
        4206            -7.52763             -7.5214          0.00179696
        4207            -7.52741             -7.5214          0.00179654
        4208            -7.52707             -7.5214          0.00179611
        4209            -7.52694             -7.5214          0.00179568
        4210            -7.52669             -7.5214          0.00179526
        4211            -7.52601            -7.52141          0.00179483
        4212            -7.52521            -7.52141          0.00179441
        4213            -7.52431            -7.52141          0.00179398
        4214            -7.52363            -7.52141          0.00179355
        4215            -7.52287            -7.52141          0.00179313
        4216            -7.52072            -7.52141           0.0017927
        4217            -7.51883            -7.52141          0.00179228
        4218            -7.51849            -7.52141          0.00179185
        4219            -7.51713            -7.52141          0.00179143
        4220            -7.51507             -7.5214            0.001791
        4221            -7.51395             -7.5214          0.00179058
        4222            -7.51249             -7.5214          0.00179016
        4223              -7.511             -7.5214          0.00178974
        4224            -7.50951             -7.5214          0.00178931
        4225             -7.5077            -7.52139          0.00178889
        4226            -7.50525            -7.52139          0.00178847
        4227            -7.50379            -7.52138          0.00178806
        4228            -7.50203            -7.52138          0.00178764
        4229            -7.49997            -7.52137          0.00178722
        4230            -7.49762            -7.52137          0.00178681
        4231            -7.49694            -7.52136           0.0017864
        4232            -7.49564            -7.52136          0.00178599
        4233            -7.49502            -7.52135          0.00178557
        4234            -7.49347            -7.52134          0.00178517
        4235             -7.4913            -7.52134          0.00178476
        4236            -7.49015            -7.52133          0.00178435
        4237            -7.48935            -7.52132          0.00178395
        4238            -7.48761            -7.52131          0.00178354
        4239            -7.48655            -7.52131          0.00178314
        4240             -7.4852             -7.5213          0.00178274
        4241             -7.4842            -7.52129          0.00178234
        4242            -7.48388            -7.52128          0.00178194
        4243            -7.48357            -7.52127          0.00178155
        4244            -7.48101            -7.52126          0.00178115
        4245            -7.47944            -7.52125          0.00178076
        4246            -7.47885            -7.52124          0.00178037
        4247            -7.47729            -7.52123          0.00177998
        4248            -7.47638            -7.52122          0.00177959
        4249            -7.47482            -7.52121          0.00177921
        4250            -7.47423             -7.5212          0.00177882
        4251            -7.47299            -7.52119          0.00177844
        4252            -7.47207            -7.52118          0.00177806
        4253            -7.47147            -7.52116          0.00177768
        4254            -7.47021            -7.52115           0.0017773
        4255            -7.46927            -7.52114          0.00177693
        4256            -7.46865            -7.52113          0.00177655
        4257            -7.46772            -7.52111          0.00177618
        4258            -7.46743             -7.5211           0.0017758
        4259            -7.46779            -7.52109          0.00177543
        4260            -7.46719            -7.52108          0.00177506
        4261            -7.46628            -7.52106          0.00177469
        4262            -7.46571            -7.52105          0.00177432
        4263            -7.46516            -7.52104          0.00177395
        4264            -7.46465            -7.52103          0.00177359
        4265            -7.46416            -7.52101          0.00177322
        4266            -7.46405              -7.521          0.00177286
        4267            -7.46365            -7.52098          0.00177249
        4268            -7.46299            -7.52097          0.00177213
        4269            -7.46304            -7.52096          0.00177177
        4270            -7.46316            -7.52094           0.0017714
        4271            -7.46239            -7.52093          0.00177104
        4272            -7.46203            -7.52092          0.00177068
        4273            -7.46177             -7.5209          0.00177032
        4274            -7.46162            -7.52089          0.00176996
        4275            -7.46223            -7.52088           0.0017696
        4276            -7.46136            -7.52086          0.00176924
        4277            -7.46223            -7.52085          0.00176888
        4278            -7.46325            -7.52083          0.00176852
        4279            -7.46409            -7.52082          0.00176815
        4280             -7.4638            -7.52081          0.00176779
        4281            -7.46496            -7.52079          0.00176742
        4282            -7.46467            -7.52078          0.00176706
        4283            -7.46554            -7.52077           0.0017667
        4284            -7.46722            -7.52076          0.00176633
        4285            -7.46877            -7.52074          0.00176596
        4286            -7.47115            -7.52073          0.00176558
        4287            -7.47242            -7.52072          0.00176521
        4288            -7.47548            -7.52071          0.00176483
        4289            -7.47777             -7.5207          0.00176444
        4290            -7.48088            -7.52069          0.00176406
        4291            -7.48353            -7.52068          0.00176367
        4292            -7.48538            -7.52067          0.00176327
        4293            -7.48805            -7.52067          0.00176288
        4294            -7.49152            -7.52066          0.00176248
        4295            -7.49548            -7.52065          0.00176208
        4296            -7.49894            -7.52065          0.00176168
        4297            -7.50285            -7.52064          0.00176127
        4298             -7.5069            -7.52064          0.00176087
        4299            -7.51138            -7.52064          0.00176046
        4300            -7.51466            -7.52064          0.00176005
        4301            -7.51804            -7.52064          0.00175964
        4302            -7.52245            -7.52064          0.00175923
        4303            -7.52758            -7.52064          0.00175882
        4304            -7.53209            -7.52064          0.00175842
        4305            -7.53598            -7.52065          0.00175801
        4306            -7.54053            -7.52065          0.00175761
        4307            -7.54377            -7.52066          0.00175721
        4308             -7.5473            -7.52066          0.00175681
        4309            -7.55142            -7.52067          0.00175642
        4310            -7.55548            -7.52068          0.00175603
        4311            -7.55944            -7.52069          0.00175565
        4312            -7.56264             -7.5207          0.00175527
        4313            -7.56636            -7.52071          0.00175489
        4314            -7.56993            -7.52072          0.00175452
        4315            -7.57364            -7.52073          0.00175416
        4316            -7.57651            -7.52074           0.0017538
        4317            -7.57981            -7.52076          0.00175345
        4318             -7.5832            -7.52077           0.0017531
        4319            -7.58537            -7.52079          0.00175276
        4320             -7.5876             -7.5208          0.00175242
        4321            -7.58954            -7.52082          0.00175209
        4322            -7.59055            -7.52083          0.00175176
        4323            -7.59125            -7.52085          0.00175143
        4324            -7.59197            -7.52087           0.0017511
        4325            -7.59239            -7.52088          0.00175077
        4326            -7.59216             -7.5209          0.00175045
        4327            -7.59195            -7.52092          0.00175012
        4328            -7.59144            -7.52093          0.00174979
        4329            -7.59161            -7.52095          0.00174946
        4330            -7.59117            -7.52096          0.00174913
        4331            -7.59014            -7.52098           0.0017488
        4332            -7.58787              -7.521          0.00174847
        4333            -7.58633            -7.52101          0.00174813
        4334            -7.58521            -7.52103          0.00174779
        4335            -7.58388            -7.52104          0.00174744
        4336            -7.58105            -7.52105           0.0017471
        4337            -7.57871            -7.52107          0.00174674
        4338            -7.57686            -7.52108          0.00174639
        4339            -7.57519            -7.52109          0.00174603
        4340            -7.57179             -7.5211          0.00174567
        4341            -7.56892            -7.52112           0.0017453
        4342            -7.56597            -7.52113          0.00174493
        4343            -7.56231            -7.52114          0.00174455
        4344            -7.55988            -7.52114          0.00174417
        4345            -7.55709            -7.52115          0.00174379
        4346            -7.55427            -7.52116          0.00174341
        4347             -7.5511            -7.52117          0.00174302
        4348            -7.54726            -7.52117          0.00174263
        4349             -7.5434            -7.52118          0.00174224
        4350            -7.54114            -7.52118          0.00174184
        4351            -7.53662            -7.52119          0.00174144
        4352            -7.53402            -7.52119          0.00174105
        4353             -7.5311            -7.52119          0.00174065
        4354            -7.52752            -7.52119          0.00174025
        4355            -7.52523            -7.52119          0.00173985
        4356            -7.52162            -7.52119          0.00173945
        4357            -7.51832            -7.52119          0.00173905
        4358              -7.515            -7.52119          0.00173865
        4359            -7.51165            -7.52119          0.00173826
        4360            -7.50796            -7.52119          0.00173786
        4361            -7.50456            -7.52118          0.00173746
        4362            -7.50114            -7.52118          0.00173707
        4363            -7.49736            -7.52117          0.00173668
        4364            -7.49356            -7.52117           0.0017363
        4365            -7.49071            -7.52116          0.00173591
        4366            -7.48621            -7.52115          0.00173553
        4367            -7.48267            -7.52114          0.00173516
        4368            -7.47846            -7.52113          0.00173479
        4369            -7.47456            -7.52112          0.00173442
        4370             -7.4713            -7.52111          0.00173407
        4371            -7.46771             -7.5211          0.00173371
        4372             -7.4638            -7.52109          0.00173336
        4373            -7.46022            -7.52107          0.00173302
        4374            -7.45828            -7.52106          0.00173269
        4375            -7.45441            -7.52104          0.00173236
        4376            -7.45089            -7.52103          0.00173204
        4377            -7.44771            -7.52101          0.00173172
        4378            -7.44457            -7.52099          0.00173141
        4379            -7.44146            -7.52097          0.00173111
        4380            -7.43839            -7.52095          0.00173082
        4381            -7.43568            -7.52094          0.00173054
        4382            -7.43205            -7.52092          0.00173026
        4383             -7.4288            -7.52089          0.00172999
        4384            -7.42496            -7.52087          0.00172974
        4385            -7.42117            -7.52085          0.00172949
        4386            -7.41842            -7.52083          0.00172925
        4387            -7.41542             -7.5208          0.00172903
        4388            -7.41249            -7.52078          0.00172881
        4389            -7.40998            -7.52075           0.0017286
        4390             -7.4079            -7.52073           0.0017284
        4391            -7.40464             -7.5207          0.00172821
        4392            -7.40053            -7.52067          0.00172803
        4393            -7.39917            -7.52065          0.00172786
        4394              -7.397            -7.52062          0.00172769
        4395            -7.39533            -7.52059          0.00172753
        4396            -7.39385            -7.52056          0.00172738
        4397            -7.39324            -7.52053          0.00172723
        4398            -7.39188             -7.5205          0.00172709
        4399             -7.3898            -7.52047          0.00172695
        4400            -7.38832            -7.52044          0.00172682
        4401            -7.38711            -7.52041          0.00172669
        4402            -7.38718            -7.52038          0.00172657
        4403            -7.38592            -7.52035          0.00172644
        4404            -7.38564            -7.52032          0.00172632
        4405            -7.38536            -7.52029           0.0017262
        4406            -7.38702            -7.52026          0.00172608
        4407            -7.38804            -7.52023          0.00172594
        4408            -7.38939             -7.5202          0.00172581
        4409            -7.39172            -7.52017          0.00172566
        4410            -7.39306            -7.52014          0.00172551
        4411            -7.39603            -7.52011          0.00172535
        4412             -7.3993            -7.52009          0.00172518
        4413            -7.40125            -7.52006            0.001725
        4414            -7.40511            -7.52003           0.0017248
        4415            -7.40892            -7.52001          0.00172459
        4416            -7.41235            -7.51998          0.00172438
        4417            -7.41635            -7.51996          0.00172415
        4418            -7.42092            -7.51994           0.0017239
        4419            -7.42602            -7.51992          0.00172364
        4420            -7.43165             -7.5199          0.00172337
        4421            -7.43681            -7.51988          0.00172308
        4422            -7.44214            -7.51986          0.00172278
        4423             -7.4489            -7.51984          0.00172247
        4424            -7.45547            -7.51983          0.00172214
        4425            -7.46279            -7.51982           0.0017218
        4426            -7.46955            -7.51981          0.00172144
        4427            -7.47506            -7.51979          0.00172109
        4428            -7.48125            -7.51979          0.00172072
        4429            -7.48712            -7.51978          0.00172035
        4430            -7.49395            -7.51977          0.00171997
        4431            -7.50073            -7.51977          0.00171959
        4432            -7.50646            -7.51977           0.0017192
        4433             -7.5121            -7.51976          0.00171881
        4434            -7.51793            -7.51976          0.00171843
        4435            -7.52298            -7.51976          0.00171804
        4436            -7.52786            -7.51977          0.00171765
        4437            -7.53288            -7.51977          0.00171727
        4438             -7.5377            -7.51977          0.00171688
        4439            -7.54166            -7.51978          0.00171651
        4440            -7.54605            -7.51978          0.00171613
        4441            -7.54989            -7.51979          0.00171576
        4442            -7.55349             -7.5198          0.00171539
        4443            -7.55653            -7.51981          0.00171502
        4444            -7.55998            -7.51982          0.00171466
        4445            -7.56352            -7.51983           0.0017143
        4446            -7.56682            -7.51984          0.00171395
        4447            -7.56989            -7.51985           0.0017136
        4448            -7.57207            -7.51986          0.00171325
        4449            -7.57501            -7.51987          0.00171291
        4450            -7.57837            -7.51988          0.00171258
        4451            -7.57957             -7.5199          0.00171225
        4452            -7.58218            -7.51991          0.00171192
        4453            -7.58394            -7.51993           0.0017116
        4454            -7.58551            -7.51994          0.00171127
        4455            -7.58656            -7.51996          0.00171096
        4456            -7.58678            -7.51997          0.00171064
        4457            -7.58713            -7.51999          0.00171032
        4458            -7.58763               -7.52             0.00171
        4459            -7.58795            -7.52002          0.00170969
        4460            -7.58808            -7.52003          0.00170937
        4461            -7.58706            -7.52005          0.00170906
        4462             -7.5878            -7.52006          0.00170874
        4463            -7.58706            -7.52008          0.00170842
        4464             -7.5868            -7.52009          0.00170811
        4465              -7.587            -7.52011          0.00170779
        4466            -7.58669            -7.52012          0.00170747
        4467            -7.58588            -7.52014          0.00170715
        4468            -7.58521            -7.52015          0.00170683
        4469            -7.58437            -7.52017          0.00170651
        4470            -7.58302            -7.52018          0.00170619
        4471            -7.57989            -7.52019          0.00170586
        4472            -7.57628            -7.52021          0.00170552
        4473            -7.57447            -7.52022          0.00170518
        4474             -7.5722            -7.52023          0.00170484
        4475            -7.57014            -7.52024           0.0017045
        4476            -7.56831            -7.52025          0.00170415
        4477            -7.56607            -7.52026           0.0017038
        4478            -7.56314            -7.52027          0.00170345
        4479            -7.55986            -7.52028          0.00170309
        4480            -7.55755            -7.52029          0.00170273
        4481            -7.55462             -7.5203          0.00170237
        4482            -7.55239             -7.5203            0.001702
        4483            -7.55025            -7.52031          0.00170164
        4484            -7.54823            -7.52032          0.00170127
        4485            -7.54637            -7.52032           0.0017009
        4486            -7.54502            -7.52033          0.00170053
        4487            -7.54293            -7.52033          0.00170016
        4488            -7.54172            -7.52034          0.00169979
        4489             -7.5411            -7.52034          0.00169941
        4490            -7.54142            -7.52035          0.00169904
        4491            -7.54012            -7.52035          0.00169867
        4492            -7.53916            -7.52035           0.0016983
        4493            -7.53855            -7.52036          0.00169792
        4494            -7.53831            -7.52036          0.00169755
        4495            -7.53909            -7.52037          0.00169718
        4496            -7.54024            -7.52037           0.0016968
        4497            -7.54146            -7.52038          0.00169643
        4498            -7.54337            -7.52038          0.00169606
        4499            -7.54566            -7.52039           0.0016957
        4500            -7.54765            -7.52039          0.00169533
        4501             -7.5503             -7.5204          0.00169497
        4502            -7.55393            -7.52041          0.00169461
        4503            -7.55787            -7.52042          0.00169425
        4504            -7.56241            -7.52042           0.0016939
        4505            -7.56591            -7.52043          0.00169355
        4506            -7.56997            -7.52045          0.00169321
        4507            -7.57391            -7.52046          0.00169288
        4508            -7.57931            -7.52047          0.00169256
        4509            -7.58258            -7.52048          0.00169224
        4510            -7.58823             -7.5205          0.00169193
        4511            -7.59201            -7.52052          0.00169163
        4512            -7.59746            -7.52053          0.00169134
        4513            -7.60291            -7.52055          0.00169106
        4514            -7.60771            -7.52057           0.0016908
        4515            -7.61277            -7.52059          0.00169055
        4516            -7.61776            -7.52061          0.00169031
        4517             -7.6233            -7.52063          0.00169009
        4518            -7.62805            -7.52066          0.00168988
        4519            -7.63395            -7.52068          0.00168969
        4520             -7.6387            -7.52071          0.00168952
        4521             -7.6426            -7.52074          0.00168936
        4522             -7.6479            -7.52076          0.00168922
        4523            -7.65233            -7.52079           0.0016891
        4524            -7.65618            -7.52082          0.00168899
        4525            -7.66009            -7.52085           0.0016889
        4526            -7.66406            -7.52089          0.00168882
        4527             -7.6671            -7.52092          0.00168876
        4528            -7.66953            -7.52095           0.0016887
        4529            -7.67166            -7.52098          0.00168866
        4530            -7.67318            -7.52102          0.00168862
        4531            -7.67376            -7.52105          0.00168858
        4532            -7.67469            -7.52109          0.00168855
        4533            -7.67467            -7.52112          0.00168852
        4534            -7.67565            -7.52115          0.00168849
        4535            -7.67731            -7.52119          0.00168847
        4536            -7.67737            -7.52122          0.00168845
        4537            -7.67714            -7.52126          0.00168842
        4538            -7.67629            -7.52129           0.0016884
        4539            -7.67579            -7.52133          0.00168837
        4540            -7.67565            -7.52136          0.00168834
        4541             -7.6749            -7.52139          0.00168831
        4542            -7.67321            -7.52143          0.00168827
        4543            -7.67088            -7.52146          0.00168821
        4544            -7.66728            -7.52149          0.00168815
        4545            -7.66467            -7.52152          0.00168807
        4546            -7.66142            -7.52155          0.00168798
        4547            -7.65785            -7.52158          0.00168787
        4548            -7.65332            -7.52161          0.00168775
        4549            -7.64846            -7.52164          0.00168761
        4550             -7.6436            -7.52167          0.00168745
        4551            -7.64002            -7.52169          0.00168728
        4552            -7.63417            -7.52172          0.00168709
        4553            -7.62796            -7.52174          0.00168688
        4554            -7.62207            -7.52176          0.00168666
        4555            -7.61582            -7.52178          0.00168641
        4556            -7.60924             -7.5218          0.00168615
        4557            -7.60232            -7.52182          0.00168587
        4558            -7.59573            -7.52184          0.00168558
        4559            -7.58915            -7.52185          0.00168528
        4560            -7.58163            -7.52186          0.00168496
        4561            -7.57449            -7.52188          0.00168463
        4562            -7.56678            -7.52189          0.00168429
        4563            -7.55853            -7.52189          0.00168394
        4564            -7.54913             -7.5219          0.00168358
        4565            -7.54088             -7.5219          0.00168322
        4566            -7.53253            -7.52191          0.00168285
        4567            -7.52349            -7.52191          0.00168248
        4568            -7.51542            -7.52191          0.00168211
        4569            -7.50773             -7.5219          0.00168175
        4570            -7.49984             -7.5219          0.00168139
        4571            -7.49214            -7.52189          0.00168103
        4572             -7.4837            -7.52188          0.00168069
        4573            -7.47591            -7.52187          0.00168035
        4574            -7.46817            -7.52186          0.00168002
        4575            -7.46054            -7.52185          0.00167971
        4576            -7.45342            -7.52183          0.00167941
        4577            -7.44686            -7.52182          0.00167912
        4578            -7.44221             -7.5218          0.00167884
        4579             -7.4382            -7.52178          0.00167858
        4580            -7.43391            -7.52176          0.00167832
        4581              -7.431            -7.52174          0.00167807
        4582            -7.42881            -7.52172          0.00167783
        4583            -7.42673             -7.5217          0.00167759
        4584            -7.42604            -7.52168          0.00167735
        4585            -7.42479            -7.52166          0.00167712
        4586            -7.42554            -7.52164          0.00167688
        4587            -7.42698            -7.52162          0.00167665
        4588            -7.42874             -7.5216           0.0016764
        4589            -7.43045            -7.52158          0.00167615
        4590            -7.43271            -7.52156           0.0016759
        4591            -7.43578            -7.52154          0.00167564
        4592            -7.43963            -7.52152          0.00167537
        4593            -7.44385             -7.5215          0.00167509
        4594            -7.44838            -7.52149           0.0016748
        4595            -7.45316            -7.52147           0.0016745
        4596            -7.45813            -7.52146           0.0016742
        4597            -7.46257            -7.52145          0.00167388
        4598            -7.46806            -7.52144          0.00167356
        4599            -7.47323            -7.52142          0.00167323
        4600            -7.47803            -7.52142          0.00167289
        4601            -7.48308            -7.52141          0.00167255
        4602            -7.48735             -7.5214           0.0016722
        4603            -7.49307            -7.52139          0.00167185
        4604            -7.49794            -7.52139          0.00167149
        4605            -7.50258            -7.52138          0.00167113
        4606            -7.50598            -7.52138          0.00167077
        4607            -7.51072            -7.52138          0.00167041
        4608            -7.51256            -7.52138          0.00167005
        4609            -7.51539            -7.52138          0.00166969
        4610            -7.51886            -7.52137          0.00166933
        4611            -7.52101            -7.52137          0.00166897
        4612            -7.52184            -7.52137           0.0016686
        4613            -7.52426            -7.52138          0.00166824
        4614            -7.52633            -7.52138          0.00166788
        4615            -7.52772            -7.52138          0.00166752
        4616            -7.52845            -7.52138          0.00166716
        4617            -7.52948            -7.52138           0.0016668
        4618             -7.5292            -7.52138          0.00166644
        4619             -7.5286            -7.52138          0.00166608
        4620            -7.52931            -7.52139          0.00166572
        4621             -7.5281            -7.52139          0.00166536
        4622            -7.52629            -7.52139            0.001665
        4623            -7.52616            -7.52139          0.00166464
        4624            -7.52449            -7.52139          0.00166428
        4625             -7.5213            -7.52139          0.00166392
        4626            -7.51854            -7.52139          0.00166356
        4627            -7.51593            -7.52139           0.0016632
        4628            -7.51283            -7.52139          0.00166284
        4629            -7.50991            -7.52138          0.00166249
        4630            -7.50784            -7.52138          0.00166213
        4631            -7.50439            -7.52138          0.00166177
        4632            -7.50217            -7.52137          0.00166142
        4633            -7.49894            -7.52137          0.00166107
        4634            -7.49571            -7.52136          0.00166072
        4635            -7.49249            -7.52136          0.00166037
        4636            -7.48933            -7.52135          0.00166003
        4637            -7.48656            -7.52134          0.00165969
        4638             -7.4839            -7.52133          0.00165935
        4639            -7.48203            -7.52133          0.00165901
        4640            -7.48064            -7.52132          0.00165868
        4641            -7.47913            -7.52131          0.00165835
        4642            -7.47655             -7.5213          0.00165802
        4643             -7.4739            -7.52129          0.00165769
        4644            -7.47218            -7.52128          0.00165737
        4645            -7.47141            -7.52127          0.00165705
        4646            -7.47097            -7.52126          0.00165673
        4647            -7.47057            -7.52125          0.00165641
        4648            -7.47151            -7.52123          0.00165608
        4649             -7.4722            -7.52122          0.00165576
        4650            -7.47265            -7.52121          0.00165544
        4651            -7.47255             -7.5212          0.00165512
        4652            -7.47481            -7.52119          0.00165479
        4653            -7.47718            -7.52118          0.00165446
        4654            -7.47964            -7.52117          0.00165413
        4655            -7.48316            -7.52117          0.00165379
        4656            -7.48674            -7.52116          0.00165346
        4657            -7.48908            -7.52115          0.00165311
        4658            -7.49372            -7.52115          0.00165277
        4659            -7.49803            -7.52114          0.00165242
        4660            -7.50294            -7.52114          0.00165207
        4661            -7.50907            -7.52113          0.00165172
        4662            -7.51345            -7.52113          0.00165137
        4663            -7.51864            -7.52113          0.00165101
        4664            -7.52426            -7.52113          0.00165066
        4665            -7.52929            -7.52114          0.00165031
        4666            -7.53498            -7.52114          0.00164996
        4667            -7.53999            -7.52114          0.00164961
        4668            -7.54622            -7.52115          0.00164926
        4669            -7.55103            -7.52115          0.00164892
        4670              -7.556            -7.52116          0.00164859
        4671            -7.56045            -7.52117          0.00164825
        4672            -7.56435            -7.52118          0.00164793
        4673            -7.56895            -7.52119          0.00164761
        4674            -7.57392             -7.5212          0.00164729
        4675            -7.57632            -7.52121          0.00164698
        4676             -7.5797            -7.52122          0.00164668
        4677            -7.58275            -7.52124          0.00164638
        4678            -7.58612            -7.52125          0.00164608
        4679            -7.58915            -7.52127           0.0016458
        4680            -7.59089            -7.52128          0.00164551
        4681            -7.59295             -7.5213          0.00164523
        4682            -7.59438            -7.52131          0.00164495
        4683            -7.59519            -7.52133          0.00164468
        4684             -7.5954            -7.52134           0.0016444
        4685            -7.59632            -7.52136          0.00164413
        4686            -7.59733            -7.52138          0.00164386
        4687            -7.59747            -7.52139          0.00164359
        4688            -7.59806            -7.52141          0.00164332
        4689            -7.59781            -7.52142          0.00164305
        4690            -7.59707            -7.52144          0.00164278
        4691            -7.59714            -7.52146          0.00164251
        4692            -7.59673            -7.52147          0.00164224
        4693            -7.59487            -7.52149          0.00164196
        4694            -7.59352             -7.5215          0.00164168
        4695            -7.59299            -7.52152           0.0016414
        4696            -7.59133            -7.52153          0.00164112
        4697             -7.5895            -7.52155          0.00164084
        4698            -7.58847            -7.52156          0.00164055
        4699            -7.58693            -7.52158          0.00164026
        4700            -7.58551            -7.52159          0.00163997
        4701            -7.58226             -7.5216          0.00163967
        4702            -7.58007            -7.52162          0.00163937
        4703            -7.57733            -7.52163          0.00163906
        4704            -7.57434            -7.52164          0.00163875
        4705            -7.57077            -7.52165          0.00163843
        4706            -7.56793            -7.52166          0.00163812
        4707            -7.56517            -7.52167          0.00163779
        4708            -7.56087            -7.52168          0.00163747
        4709            -7.55699            -7.52168          0.00163714
        4710            -7.55225            -7.52169           0.0016368
        4711            -7.54766             -7.5217          0.00163646
        4712            -7.54258             -7.5217          0.00163612
        4713            -7.53768             -7.5217          0.00163578
        4714            -7.53204            -7.52171          0.00163543
        4715            -7.52699            -7.52171          0.00163509
        4716            -7.52223            -7.52171          0.00163474
        4717            -7.51685            -7.52171          0.00163439
        4718            -7.51152             -7.5217          0.00163405
        4719            -7.50695             -7.5217          0.00163371
        4720            -7.50186             -7.5217          0.00163337
        4721            -7.49696            -7.52169          0.00163303
        4722            -7.49359            -7.52169          0.00163269
        4723            -7.48983            -7.52168          0.00163236
        4724            -7.48573            -7.52167          0.00163203
        4725            -7.48293            -7.52166          0.00163171
        4726            -7.48017            -7.52165          0.00163139
        4727            -7.47682            -7.52164          0.00163107
        4728            -7.47485            -7.52164          0.00163075
        4729            -7.47232            -7.52162          0.00163044
        4730            -7.47056            -7.52161          0.00163013
        4731            -7.46955             -7.5216          0.00162983
        4732            -7.46802            -7.52159          0.00162952
        4733            -7.46726            -7.52158          0.00162922
        4734            -7.46692            -7.52157          0.00162891
        4735            -7.46863            -7.52156          0.00162861
        4736            -7.47107            -7.52155           0.0016283
        4737            -7.47292            -7.52154          0.00162799
        4738            -7.47352            -7.52153          0.00162768
        4739            -7.47543            -7.52152          0.00162736
        4740             -7.4783            -7.52151          0.00162704
        4741            -7.48113             -7.5215          0.00162672
        4742            -7.48356            -7.52149           0.0016264
        4743             -7.4875            -7.52148          0.00162607
        4744            -7.49033            -7.52148          0.00162574
        4745            -7.49395            -7.52147          0.00162541
        4746            -7.49865            -7.52147          0.00162508
        4747            -7.50246            -7.52146          0.00162474
        4748            -7.50664            -7.52146           0.0016244
        4749            -7.50984            -7.52146          0.00162406
        4750            -7.51368            -7.52146          0.00162372
        4751            -7.51681            -7.52145          0.00162338
        4752            -7.52115            -7.52145          0.00162303
        4753            -7.52442            -7.52145          0.00162269
        4754            -7.52885            -7.52146          0.00162235
        4755            -7.53216            -7.52146          0.00162201
        4756            -7.53498            -7.52146          0.00162167
        4757            -7.53795            -7.52146          0.00162134
        4758            -7.54071            -7.52147            0.001621
        4759             -7.5436            -7.52147          0.00162067
        4760            -7.54498            -7.52148          0.00162033
        4761             -7.5468            -7.52148             0.00162
        4762            -7.54936            -7.52149          0.00161967
        4763            -7.55137             -7.5215          0.00161935
        4764            -7.55252             -7.5215          0.00161902
        4765             -7.5528            -7.52151          0.00161869
        4766            -7.55449            -7.52152          0.00161837
        4767            -7.55532            -7.52152          0.00161804
        4768            -7.55562            -7.52153          0.00161772
        4769            -7.55638            -7.52154           0.0016174
        4770            -7.55662            -7.52154          0.00161707
        4771            -7.55701            -7.52155          0.00161675
        4772            -7.55659            -7.52156          0.00161643
        4773            -7.55601            -7.52157          0.00161611
        4774            -7.55562            -7.52157          0.00161579
        4775            -7.55639            -7.52158          0.00161546
        4776            -7.55673            -7.52159          0.00161514
        4777            -7.55633             -7.5216          0.00161482
        4778            -7.55455             -7.5216           0.0016145
        4779            -7.55335            -7.52161          0.00161417
        4780            -7.55241            -7.52162          0.00161385
        4781            -7.55176            -7.52162          0.00161352
        4782            -7.55012            -7.52163           0.0016132
        4783             -7.5491            -7.52163          0.00161287
        4784            -7.54809            -7.52164          0.00161254
        4785            -7.54611            -7.52164          0.00161221
        4786            -7.54449            -7.52165          0.00161188
        4787            -7.54355            -7.52165          0.00161155
        4788            -7.54201            -7.52166          0.00161122
        4789             -7.5415            -7.52166          0.00161089
        4790            -7.54073            -7.52167          0.00161056
        4791            -7.54133            -7.52167          0.00161023
        4792            -7.54103            -7.52167           0.0016099
        4793            -7.54049            -7.52168          0.00160957
        4794            -7.54003            -7.52168          0.00160923
        4795            -7.53965            -7.52169           0.0016089
        4796            -7.53968            -7.52169          0.00160857
        4797            -7.53979            -7.52169          0.00160824
        4798             -7.5403             -7.5217          0.00160791
        4799            -7.53991             -7.5217          0.00160758
        4800            -7.54023            -7.52171          0.00160725
        4801            -7.54029            -7.52171          0.00160692
        4802            -7.53909            -7.52171          0.00160659
        4803            -7.53955            -7.52172          0.00160626
        4804            -7.54004            -7.52172          0.00160593
        4805            -7.53988            -7.52172           0.0016056
        4806            -7.53973            -7.52173          0.00160527
        4807            -7.53988            -7.52173          0.00160494
        4808            -7.53936            -7.52174          0.00160461
        4809            -7.53976            -7.52174          0.00160428
        4810            -7.53914            -7.52174          0.00160395
        4811            -7.53909            -7.52175          0.00160362
        4812            -7.53765            -7.52175          0.00160329
        4813            -7.53773            -7.52175          0.00160296
        4814            -7.53799            -7.52176          0.00160263
        4815            -7.53683            -7.52176           0.0016023
        4816            -7.53615            -7.52176          0.00160197
        4817            -7.53562            -7.52177          0.00160164
        4818             -7.5349            -7.52177          0.00160131
        4819            -7.53397            -7.52177          0.00160098
        4820            -7.53348            -7.52177          0.00160065
        4821            -7.53178            -7.52177          0.00160032
        4822            -7.52918            -7.52178          0.00159999
        4823            -7.52763            -7.52178          0.00159966
        4824            -7.52484            -7.52178          0.00159933
        4825            -7.52243            -7.52178            0.001599
        4826             -7.5191            -7.52178          0.00159867
        4827            -7.51581            -7.52178          0.00159834
        4828            -7.51223            -7.52177          0.00159801
        4829            -7.50806            -7.52177          0.00159768
        4830            -7.50393            -7.52177          0.00159735
        4831            -7.49953            -7.52176          0.00159703
        4832            -7.49649            -7.52176           0.0015967
        4833            -7.49223            -7.52175          0.00159639
        4834            -7.48676            -7.52174          0.00159607
        4835            -7.48139            -7.52174          0.00159576
        4836            -7.47581            -7.52173          0.00159546
        4837            -7.47038            -7.52172          0.00159517
        4838            -7.46575             -7.5217          0.00159488
        4839            -7.45905            -7.52169           0.0015946
        4840            -7.45256            -7.52168          0.00159434
        4841            -7.44565            -7.52166          0.00159409
        4842            -7.43934            -7.52164          0.00159385
        4843              -7.433            -7.52163          0.00159362
        4844            -7.42634            -7.52161          0.00159342
        4845            -7.41939            -7.52159          0.00159323
        4846            -7.41347            -7.52156          0.00159305
        4847            -7.40733            -7.52154           0.0015929
        4848            -7.40133            -7.52152          0.00159276
        4849            -7.39549            -7.52149          0.00159265
        4850            -7.39017            -7.52146          0.00159255
        4851             -7.3851            -7.52143          0.00159247
        4852            -7.37966             -7.5214          0.00159241
        4853            -7.37452            -7.52137          0.00159237
        4854            -7.37103            -7.52134          0.00159234
        4855            -7.36662            -7.52131          0.00159233
        4856            -7.36326            -7.52128          0.00159234
        4857            -7.35906            -7.52125          0.00159236
        4858            -7.35597            -7.52121          0.00159239
        4859            -7.35435            -7.52118          0.00159244
        4860            -7.35292            -7.52114          0.00159249
        4861            -7.35171            -7.52111          0.00159254
        4862             -7.3504            -7.52107           0.0015926
        4863             -7.3503            -7.52104          0.00159266
        4864            -7.35077              -7.521          0.00159272
        4865            -7.35182            -7.52097          0.00159277
        4866            -7.35344            -7.52093          0.00159281
        4867            -7.35595             -7.5209          0.00159285
        4868            -7.35935            -7.52087          0.00159286
        4869            -7.36362            -7.52083          0.00159287
        4870            -7.36744             -7.5208          0.00159285
        4871            -7.37177            -7.52077          0.00159282
        4872            -7.37592            -7.52074          0.00159277
        4873            -7.38149            -7.52071           0.0015927
        4874            -7.38714            -7.52069          0.00159261
        4875            -7.39188            -7.52066           0.0015925
        4876            -7.39727            -7.52063          0.00159237
        4877            -7.40459            -7.52061          0.00159222
        4878            -7.41119            -7.52059          0.00159205
        4879            -7.41735            -7.52057          0.00159187
        4880            -7.42433            -7.52055          0.00159167
        4881            -7.43144            -7.52053          0.00159144
        4882            -7.43831            -7.52051          0.00159121
        4883            -7.44588             -7.5205          0.00159095
        4884            -7.45344            -7.52048          0.00159069
        4885            -7.46195            -7.52047          0.00159041
        4886            -7.46909            -7.52046          0.00159012
        4887            -7.47613            -7.52045          0.00158982
        4888            -7.48433            -7.52044          0.00158951
        4889            -7.49042            -7.52044           0.0015892
        4890            -7.49826            -7.52043          0.00158888
        4891            -7.50492            -7.52043          0.00158856
        4892            -7.51165            -7.52043          0.00158823
        4893            -7.51811            -7.52043          0.00158791
        4894            -7.52461            -7.52043          0.00158758
        4895            -7.53047            -7.52043          0.00158726
        4896            -7.53569            -7.52043          0.00158694
        4897            -7.54056            -7.52044          0.00158662
        4898            -7.54444            -7.52044           0.0015863
        4899            -7.54957            -7.52045          0.00158599
        4900              -7.554            -7.52046          0.00158568
        4901            -7.55741            -7.52046          0.00158538
        4902            -7.55914            -7.52047          0.00158507
        4903             -7.5621            -7.52048          0.00158477
        4904            -7.56466            -7.52049          0.00158447
        4905            -7.56651             -7.5205          0.00158418
        4906            -7.56765            -7.52051          0.00158389
        4907            -7.56874            -7.52052          0.00158359
        4908            -7.57042            -7.52053           0.0015833
        4909            -7.57078            -7.52054          0.00158301
        4910            -7.57045            -7.52055          0.00158272
        4911            -7.57077            -7.52056          0.00158244
        4912            -7.57011            -7.52057          0.00158215
        4913            -7.56916            -7.52058          0.00158185
        4914             -7.5673            -7.52059          0.00158156
        4915            -7.56583             -7.5206          0.00158127
        4916            -7.56414            -7.52061          0.00158097
        4917            -7.56259            -7.52061          0.00158067
        4918            -7.56056            -7.52062          0.00158037
        4919             -7.5584            -7.52063          0.00158007
        4920            -7.55613            -7.52064          0.00157976
        4921            -7.55381            -7.52064          0.00157946
        4922            -7.55177            -7.52065          0.00157915
        4923            -7.54974            -7.52066          0.00157884
        4924            -7.54676            -7.52066          0.00157853
        4925            -7.54482            -7.52067          0.00157821
        4926            -7.54166            -7.52067           0.0015779
        4927            -7.53991            -7.52068          0.00157758
        4928            -7.53797            -7.52068          0.00157727
        4929            -7.53587            -7.52068          0.00157695
        4930             -7.5336            -7.52068          0.00157663
        4931             -7.5325            -7.52069          0.00157631
        4932            -7.53159            -7.52069            0.001576
        4933            -7.53056            -7.52069          0.00157568
        4934            -7.53006            -7.52069          0.00157536
        4935            -7.52944            -7.52069          0.00157504
        4936            -7.52935             -7.5207          0.00157472
        4937            -7.52979             -7.5207          0.00157441
        4938             -7.5301             -7.5207          0.00157409
        4939             -7.5306             -7.5207          0.00157377
        4940            -7.53063             -7.5207          0.00157345
        4941            -7.53083            -7.52071          0.00157314
        4942            -7.53151            -7.52071          0.00157282
        4943            -7.53265            -7.52071           0.0015725
        4944            -7.53361            -7.52071          0.00157219
        4945            -7.53532            -7.52072          0.00157187
        4946            -7.53618            -7.52072          0.00157156
        4947             -7.5368            -7.52072          0.00157124
        4948            -7.53847            -7.52073          0.00157093
        4949             -7.5399            -7.52073          0.00157062
        4950            -7.54106            -7.52073          0.00157031
        4951            -7.54194            -7.52074          0.00156999
        4952            -7.54287            -7.52074          0.00156968
        4953            -7.54384            -7.52075          0.00156937
        4954            -7.54549            -7.52075          0.00156906
        4955            -7.54715            -7.52076          0.00156876
        4956            -7.54851            -7.52076          0.00156845
        4957            -7.54957            -7.52077          0.00156814
        4958            -7.55129            -7.52078          0.00156784
        4959            -7.55366            -7.52078          0.00156754
        4960            -7.55475            -7.52079          0.00156724
        4961             -7.5565             -7.5208          0.00156694
        4962            -7.55759             -7.5208          0.00156664
        4963            -7.55966            -7.52081          0.00156634
        4964            -7.56076            -7.52082          0.00156605
        4965             -7.5625            -7.52083          0.00156576
        4966            -7.56456            -7.52084          0.00156546
        4967            -7.56693            -7.52085          0.00156518
        4968            -7.56864            -7.52086          0.00156489
        4969            -7.56937            -7.52087          0.00156461
        4970            -7.56975            -7.52088          0.00156432
        4971            -7.57076            -7.52089          0.00156404
        4972            -7.57304             -7.5209          0.00156376
        4973            -7.57464            -7.52091          0.00156348
        4974            -7.57652            -7.52092          0.00156321
        4975            -7.57836            -7.52093          0.00156294
        4976            -7.58048            -7.52094          0.00156267
        4977            -7.58221            -7.52095           0.0015624
        4978            -7.58325            -7.52097          0.00156214
        4979            -7.58324            -7.52098          0.00156188
        4980            -7.58478            -7.52099          0.00156162
        4981            -7.58658              -7.521          0.00156136
        4982            -7.58764            -7.52102           0.0015611
        4983            -7.58959            -7.52103          0.00156085
        4984            -7.59016            -7.52105           0.0015606
        4985            -7.59095            -7.52106          0.00156035
        4986              -7.591            -7.52107           0.0015601
        4987            -7.59093            -7.52109          0.00155985
        4988            -7.59141             -7.5211           0.0015596
        4989            -7.59112            -7.52112          0.00155935
        4990            -7.59137            -7.52113           0.0015591
        4991            -7.59181            -7.52114          0.00155885
        4992            -7.59115            -7.52116           0.0015586
        4993            -7.59166            -7.52117          0.00155836
        4994            -7.59171            -7.52119          0.00155811
        4995            -7.59131             -7.5212          0.00155786
        4996            -7.59011            -7.52121          0.00155761
        4997            -7.58878            -7.52123          0.00155735
        4998            -7.58828            -7.52124           0.0015571
        4999             -7.5873            -7.52125          0.00155685
        5000            -7.58684            -7.52127          0.00155659
