#     BLOCK:           ACTUAL_T:              T_AVE:              ERROR:
           1              1.5457              1.5457                   0
           2             1.54512             1.54541         0.000203651
           3              1.5434             1.54474         0.000564523
           4             1.54053             1.54369          0.00100536
           5             1.53652             1.54225          0.00151349
           6             1.53138             1.54044          0.00208013
           7             1.52513             1.53825          0.00269838
           8             1.51777             1.53569          0.00336338
           9             1.50931             1.53276          0.00407173
          10             1.49975             1.52946          0.00482022
          11             1.48912             1.52579          0.00560605
          12             1.47742             1.52176          0.00642689
          13             1.46465             1.51737          0.00728081
          14             1.45082             1.51262          0.00816628
          15             1.43595             1.50751           0.0090817
          16             1.42004             1.50204           0.0100254
          17              1.4031             1.49622           0.0109958
          18             1.38516             1.49005           0.0119916
          19             1.36623             1.48353           0.0130114
          20             1.34632             1.47667           0.0140537
          21             1.32547             1.46947           0.0151168
          22              1.3037             1.46194           0.0161992
          23             1.28104             1.45407           0.0172991
          24             1.25753             1.44588           0.0184149
          25             1.23321             1.43737           0.0195448
          26             1.20812             1.42856           0.0206867
          27              1.1823             1.41944           0.0218387
          28             1.15582             1.41002           0.0229988
          29             1.12873             1.40032           0.0241647
          30              1.1011             1.39035           0.0253341
          31             1.07299             1.38011           0.0265047
          32             1.04448             1.36962            0.027674
          33             1.01563              1.3589           0.0288396
          34            0.986554             1.34794           0.0299986
          35             0.95732             1.33678           0.0311485
          36            0.928028             1.32543           0.0322865
          37            0.898774              1.3139           0.0334097
          38            0.869657             1.30221           0.0345153
          39            0.840778             1.29038           0.0356004
          40             0.81224             1.27842           0.0366623
          41            0.784146             1.26637           0.0376981
          42            0.756601             1.25423           0.0387051
          43            0.729704             1.24203           0.0396807
          44            0.703554             1.22979           0.0406222
          45             0.67825             1.21754           0.0415274
          46            0.653877             1.20528           0.0423939
          47            0.630519             1.19305           0.0432197
          48             0.60825             1.18087            0.044003
          49             0.58714             1.16875           0.0447422
          50            0.567249             1.15672           0.0454359
          51            0.548628              1.1448           0.0460829
          52            0.531319               1.133           0.0466825
          53            0.515357             1.12135           0.0472339
          54            0.500763             1.10986           0.0477368
          55            0.487549             1.09854           0.0481911
          56            0.475719             1.08742            0.048597
          57            0.465267              1.0765           0.0489548
          58            0.456182             1.06581           0.0492652
          59            0.448441             1.05535            0.049529
          60            0.442013             1.04512           0.0497472
          61            0.436862             1.03515           0.0499211
          62            0.432945             1.02544           0.0500519
          63            0.430214             1.01599           0.0501412
          64            0.428615             1.00681           0.0501907
          65            0.428089             0.99791            0.050202
          66            0.428574            0.989283            0.050177
          67            0.430006            0.980936           0.0501176
          68            0.432318            0.972868           0.0500258
          69            0.435442            0.965079           0.0499034
          70            0.439308            0.957568           0.0497525
          71            0.443848            0.950333           0.0495751
          72            0.448991             0.94337           0.0493732
          73            0.454669            0.936675           0.0491486
          74            0.460813            0.930245           0.0489033
          75            0.467356            0.924073           0.0486392
          76            0.474235            0.918154            0.048358
          77            0.481387            0.912482           0.0480615
          78            0.488752            0.907049           0.0477513
          79            0.496274            0.901849           0.0474291
          80            0.503899            0.896875           0.0470964
          81            0.511575            0.892118           0.0467546
          82            0.519257            0.887571            0.046405
          83            0.526902            0.883226           0.0460489
          84            0.534468            0.879074           0.0456875
          85            0.541921            0.875107           0.0453218
          86            0.549226            0.871318            0.044953
          87            0.556354            0.867698           0.0445818
          88            0.563279            0.864239           0.0442092
          89            0.569981            0.860932           0.0438359
          90            0.576439            0.857771           0.0434627
          91            0.582639            0.854748           0.0430901
          92            0.588568            0.851855           0.0427188
          93            0.594217            0.849084           0.0423491
          94            0.599583             0.84643           0.0419817
          95            0.604661            0.843885           0.0416169
          96            0.609451            0.841443           0.0412549
          97            0.613954            0.839098           0.0408962
          98            0.618173            0.836843            0.040541
          99            0.622116            0.834674           0.0401895
         100            0.625791            0.832586           0.0398418
         101            0.629207            0.830572           0.0394982
         102            0.632376            0.828629           0.0391588
         103             0.63531            0.826752           0.0388235
         104            0.638021            0.824937           0.0384926
         105            0.640524            0.823181           0.0381661
         106            0.642834             0.82148           0.0378439
         107            0.644969             0.81983           0.0375262
         108            0.646944            0.818229           0.0372128
         109            0.648774            0.816674           0.0369039
         110            0.650476            0.815164           0.0365993
         111            0.652068            0.813694           0.0362991
         112            0.653565            0.812265           0.0360031
         113            0.654981            0.810873           0.0357114
         114             0.65633            0.809517           0.0354239
         115            0.657628            0.808196           0.0351404
         116            0.658889            0.806909           0.0348611
         117            0.660123            0.805655           0.0345857
         118            0.661344            0.804432           0.0343142
         119            0.662564            0.803239           0.0340465
         120            0.663791            0.802077           0.0337827
         121            0.665038            0.800945           0.0335224
         122            0.666314            0.799841           0.0332658
         123            0.667629            0.798766           0.0330127
         124            0.668989             0.79772           0.0327631
         125            0.670402            0.796701           0.0325168
         126            0.671876            0.795711           0.0322738
         127            0.673417            0.794748           0.0320341
         128             0.67503            0.793812           0.0317974
         129            0.676721            0.792905           0.0315639
         130            0.678494            0.792025           0.0313334
         131            0.680355            0.791172           0.0311058
         132            0.682308            0.790347           0.0308811
         133            0.684359             0.78955           0.0306592
         134             0.68651            0.788781             0.03044
         135            0.688759            0.788041           0.0302235
         136            0.691109            0.787328           0.0300097
         137             0.69356            0.786643           0.0297985
         138            0.696114            0.785987           0.0295897
         139            0.698769             0.78536           0.0293835
         140            0.701525            0.784761           0.0291797
         141            0.704379            0.784191           0.0289784
         142            0.707327             0.78365           0.0287793
         143            0.710365            0.783137           0.0285827
         144            0.713486            0.782654           0.0283883
         145            0.716688            0.782199           0.0281961
         146            0.719965            0.781772           0.0280062
         147            0.723311            0.781375           0.0278185
         148            0.726717            0.781005            0.027633
         149            0.730176            0.780664           0.0274497
         150            0.733681            0.780351           0.0272684
         151            0.737221            0.780065           0.0270894
         152            0.740789            0.779807           0.0269124
         153            0.744377            0.779575           0.0267375
         154            0.747974             0.77937           0.0265646
         155            0.751574            0.779191           0.0263939
         156            0.755166            0.779037           0.0262251
         157            0.758741            0.778908           0.0260584
         158            0.762291            0.778802           0.0258937
         159            0.765807            0.778721            0.025731
         160            0.769281            0.778662           0.0255702
         161            0.772706            0.778625           0.0254114
         162            0.776073            0.778609           0.0252546
         163            0.779373            0.778614           0.0250996
         164            0.782601            0.778638           0.0249466
         165            0.785747            0.778681           0.0247954
         166            0.788802            0.778742           0.0246461
         167            0.791761             0.77882           0.0244987
         168            0.794614            0.778914            0.024353
         169            0.797358            0.779023           0.0242092
         170            0.799987            0.779146           0.0240671
         171            0.802494            0.779283           0.0239267
         172            0.804874            0.779432           0.0237881
         173            0.807123            0.779592           0.0236511
         174            0.809235            0.779762           0.0235158
         175             0.81121            0.779942           0.0233821
         176            0.813045             0.78013             0.02325
         177            0.814735            0.780325           0.0231195
         178            0.816278            0.780527           0.0229905
         179            0.817674            0.780735            0.022863
         180             0.81892            0.780947           0.0227369
         181            0.820019            0.781163           0.0226124
         182            0.820969            0.781382           0.0224892
         183            0.821772            0.781602           0.0223674
         184            0.822429            0.781824           0.0222469
         185            0.822942            0.782047           0.0221278
         186            0.823316            0.782268           0.0220099
         187            0.823551            0.782489           0.0218933
         188            0.823651            0.782708           0.0217779
         189            0.823623            0.782925           0.0216638
         190            0.823468            0.783138           0.0215508
         191             0.82319            0.783348            0.021439
         192            0.822792            0.783553           0.0213283
         193            0.822275            0.783754           0.0212188
         194            0.821648            0.783949           0.0211103
         195            0.820913            0.784139           0.0210029
         196             0.82007            0.784322           0.0208965
         197            0.819123            0.784499           0.0207912
         198            0.818076            0.784668           0.0206869
         199            0.816933             0.78483           0.0205836
         200            0.815699            0.784985           0.0204812
         201            0.814376            0.785131           0.0203799
         202            0.812968            0.785269           0.0202794
         203            0.811475            0.785398           0.0201799
         204            0.809902            0.785518           0.0200814
         205            0.808251            0.785629           0.0199837
         206            0.806528             0.78573            0.019887
         207            0.804737            0.785822           0.0197911
         208            0.802878            0.785904           0.0196961
         209            0.800955            0.785976            0.019602
         210            0.798971            0.786038           0.0195088
         211            0.796929             0.78609           0.0194164
         212             0.79483            0.786131           0.0193249
         213            0.792677            0.786162           0.0192342
         214            0.790474            0.786182           0.0191443
         215            0.788225            0.786191           0.0190552
         216            0.785938             0.78619            0.018967
         217            0.783613            0.786178           0.0188796
         218            0.781254            0.786156            0.018793
         219            0.778867            0.786122           0.0187072
         220            0.776457            0.786078           0.0186223
         221            0.774031            0.786024           0.0185381
         222            0.771593            0.785959           0.0184547
         223            0.769148            0.785883           0.0183721
         224            0.766702            0.785798           0.0182903
         225            0.764266            0.785702           0.0182092
         226            0.761844            0.785597            0.018129
         227            0.759444            0.785481           0.0180495
         228            0.757073            0.785357           0.0179707
         229            0.754737            0.785223           0.0178928
         230            0.752444            0.785081           0.0178155
         231            0.750204             0.78493            0.017739
         232            0.748023             0.78477           0.0176633
         233            0.745908            0.784604           0.0175883
         234            0.743863             0.78443            0.017514
         235            0.741901            0.784249           0.0174404
         236            0.740026            0.784061           0.0173675
         237            0.738243            0.783868           0.0172953
         238            0.736556            0.783669           0.0172238
         239            0.734973            0.783465           0.0171529
         240              0.7335            0.783257           0.0170827
         241             0.73214            0.783045           0.0170131
         242            0.730898             0.78283           0.0169442
         243            0.729779            0.782611           0.0168759
         244            0.728783            0.782391           0.0168081
         245            0.727912            0.782168            0.016741
         246             0.72717            0.781945           0.0166744
         247            0.726558             0.78172           0.0166084
         248            0.726079            0.781496            0.016543
         249            0.725735            0.781272           0.0164781
         250             0.72553            0.781049           0.0164137
         251            0.725464            0.780828           0.0163498
         252            0.725539            0.780608           0.0162864
         253            0.725753            0.780392           0.0162234
         254            0.726111            0.780178            0.016161
         255            0.726612            0.779968            0.016099
         256            0.727256            0.779762           0.0160374
         257            0.728049            0.779561           0.0159762
         258             0.72899            0.779365           0.0159155
         259            0.730079            0.779174           0.0158552
         260            0.731318             0.77899           0.0157953
         261            0.732702            0.778813           0.0157358
         262            0.734229            0.778643           0.0156766
         263            0.735897             0.77848           0.0156179
         264            0.737705            0.778326           0.0155595
         265             0.73965             0.77818           0.0155014
         266            0.741726            0.778043           0.0154438
         267            0.743929            0.777915           0.0153865
         268            0.746255            0.777797           0.0153295
         269            0.748693            0.777689           0.0152729
         270            0.751233            0.777591           0.0152166
         271            0.753867            0.777503           0.0151607
         272            0.756581            0.777426           0.0151052
         273            0.759366             0.77736             0.01505
         274            0.762211            0.777305           0.0149952
         275              0.7651             0.77726           0.0149407
         276            0.768018            0.777227           0.0148866
         277            0.770951            0.777204           0.0148329
         278            0.773883            0.777192           0.0147796
         279            0.776802            0.777191           0.0147266
         280            0.779694              0.7772            0.014674
         281            0.782543            0.777219           0.0146218
         282            0.785337            0.777248             0.01457
         283            0.788062            0.777286           0.0145185
         284            0.790705            0.777333           0.0144675
         285            0.793256            0.777389           0.0144168
         286            0.795706            0.777453           0.0143666
         287            0.798048            0.777525           0.0143167
         288            0.800275            0.777604           0.0142672
         289            0.802382             0.77769           0.0142181
         290            0.804365            0.777782           0.0141694
         291            0.806223            0.777879            0.014121
         292            0.807952            0.777982            0.014073
         293            0.809556             0.77809           0.0140254
         294             0.81104            0.778202           0.0139781
         295            0.812403            0.778318           0.0139312
         296            0.813649            0.778437           0.0138847
         297            0.814783             0.77856           0.0138385
         298            0.815815            0.778685           0.0137926
         299             0.81675            0.778812           0.0137471
         300            0.817597            0.778941           0.0137018
         301            0.818365            0.779072           0.0136569
         302            0.819065            0.779205           0.0136124
         303            0.819702            0.779338           0.0135681
         304             0.82029            0.779473           0.0135241
         305            0.820836            0.779609           0.0134805
         306            0.821346            0.779745           0.0134371
         307            0.821829            0.779882            0.013394
         308            0.822293             0.78002           0.0133513
         309            0.822746            0.780158           0.0133088
         310            0.823198            0.780297           0.0132666
         311            0.823651            0.780436           0.0132246
         312            0.824113            0.780576            0.013183
         313             0.82459            0.780717           0.0131416
         314            0.825088            0.780858           0.0131005
         315            0.825614               0.781           0.0130597
         316             0.82617            0.781143           0.0130192
         317             0.82676            0.781287           0.0129789
         318             0.82739            0.781432           0.0129389
         319            0.828063            0.781578           0.0128991
         320             0.82878            0.781726           0.0128597
         321            0.829542            0.781875           0.0128205
         322            0.830352            0.782025           0.0127816
         323             0.83121            0.782178           0.0127429
         324            0.832117            0.782332           0.0127045
         325            0.833074            0.782488           0.0126664
         326            0.834078            0.782646           0.0126285
         327            0.835126            0.782807           0.0125909
         328            0.836215             0.78297           0.0125536
         329            0.837341            0.783135           0.0125165
         330              0.8385            0.783303           0.0124797
         331             0.83969            0.783473           0.0124431
         332            0.840905            0.783646           0.0124069
         333            0.842134            0.783822           0.0123709
         334             0.84337               0.784           0.0123351
         335            0.844609            0.784181           0.0122996
         336            0.845838            0.784364           0.0122644
         337            0.847052             0.78455           0.0122294
         338            0.848242            0.784739           0.0121947
         339              0.8494            0.784929           0.0121602
         340            0.850517            0.785122           0.0121259
         341            0.851583            0.785317           0.0120919
         342            0.852589            0.785514           0.0120582
         343            0.853529            0.785712           0.0120247
         344            0.854397            0.785912           0.0119914
         345            0.855185            0.786113           0.0119583
         346            0.855887            0.786314           0.0119254
         347            0.856498            0.786517           0.0118928
         348            0.857015            0.786719           0.0118603
         349            0.857433            0.786922           0.0118281
         350            0.857747            0.787124            0.011796
         351            0.857955            0.787326           0.0117641
         352            0.858052            0.787527           0.0117324
         353            0.858039            0.787727           0.0117009
         354            0.857918            0.787925           0.0116695
         355            0.857685            0.788121           0.0116383
         356            0.857341            0.788316           0.0116072
         357            0.856886            0.788508           0.0115763
         358            0.856322            0.788697           0.0115455
         359            0.855651            0.788884           0.0115149
         360            0.854876            0.789067           0.0114843
         361            0.853999            0.789247           0.0114539
         362            0.853022            0.789423           0.0114236
         363            0.851949            0.789596           0.0113935
         364            0.850785            0.789764           0.0113634
         365            0.849534            0.789927           0.0113335
         366            0.848195            0.790087           0.0113036
         367            0.846774            0.790241           0.0112739
         368            0.845276            0.790391           0.0112442
         369            0.843705            0.790535           0.0112147
         370            0.842068            0.790674           0.0111852
         371             0.84037            0.790808           0.0111559
         372            0.838612            0.790937           0.0111266
         373            0.836801             0.79106           0.0110975
         374            0.834944            0.791177           0.0110684
         375            0.833049            0.791289           0.0110395
         376            0.831125            0.791395           0.0110106
         377            0.829182            0.791495           0.0109819
         378             0.82723            0.791589           0.0109532
         379            0.825275            0.791678           0.0109247
         380            0.823327            0.791762           0.0108963
         381            0.821396            0.791839           0.0108679
         382            0.819492            0.791912           0.0108397
         383            0.817626            0.791979           0.0108116
         384            0.815806            0.792041           0.0107837
         385            0.814041            0.792098           0.0107558
         386            0.812344            0.792151           0.0107281
         387            0.810724            0.792199           0.0107005
         388             0.80919            0.792242            0.010673
         389             0.80775            0.792282           0.0106456
         390            0.806411            0.792318           0.0106184
         391            0.805178            0.792351           0.0105913
         392            0.804056            0.792381           0.0105643
         393            0.803052            0.792408           0.0105374
         394            0.802169            0.792433           0.0105107
         395            0.801407            0.792456           0.0104841
         396            0.800767            0.792477           0.0104577
         397            0.800246            0.792496           0.0104314
         398            0.799842            0.792515           0.0104052
         399            0.799556            0.792533           0.0103791
         400            0.799382             0.79255           0.0103532
         401            0.799317            0.792567           0.0103274
         402            0.799355            0.792583           0.0103017
         403            0.799492            0.792601           0.0102761
         404            0.799719            0.792618           0.0102507
         405            0.800034            0.792636           0.0102254
         406            0.800433            0.792656           0.0102003
         407            0.800909            0.792676           0.0101752
         408            0.801458            0.792697           0.0101503
         409            0.802073             0.79272           0.0101255
         410            0.802753            0.792745           0.0101008
         411            0.803497            0.792771           0.0100763
         412            0.804299            0.792799           0.0100519
         413            0.805154            0.792829           0.0100276
         414            0.806062            0.792861           0.0100034
         415            0.807019            0.792895          0.00997938
         416            0.808022            0.792931          0.00995545
         417            0.809068             0.79297          0.00993165
         418            0.810151            0.793011          0.00990798
         419            0.811271            0.793055          0.00988443
         420            0.812422            0.793101            0.009861
         421            0.813599             0.79315           0.0098377
         422            0.814798            0.793201          0.00981452
         423            0.816012            0.793255          0.00979147
         424            0.817235            0.793311          0.00976854
         425            0.818461            0.793371          0.00974573
         426            0.819682            0.793432          0.00972305
         427            0.820891            0.793497          0.00970049
         428            0.822081            0.793563          0.00967806
         429            0.823247            0.793633          0.00965574
         430            0.824375            0.793704          0.00963355
         431            0.825456            0.793778          0.00961148
         432            0.826479            0.793853          0.00958953
         433            0.827436            0.793931           0.0095677
         434            0.828314             0.79401          0.00954598
         435            0.829105            0.794091          0.00952438
         436            0.829799            0.794173          0.00950289
         437            0.830387            0.794256           0.0094815
         438            0.830858            0.794339          0.00946022
         439            0.831202            0.794423          0.00943905
         440            0.831411            0.794507          0.00941797
         441            0.831478            0.794591          0.00939698
         442            0.831396            0.794674          0.00937609
         443             0.83116            0.794757          0.00935529
         444            0.830766            0.794838          0.00933457
         445            0.830214            0.794917          0.00931393
         446            0.829502            0.794995          0.00929337
         447            0.828631             0.79507          0.00927289
         448              0.8276            0.795143          0.00925247
         449            0.826412            0.795212          0.00923213
         450            0.825075            0.795279          0.00921185
         451            0.823595            0.795342          0.00919164
         452            0.821985              0.7954          0.00917149
         453            0.820254            0.795455          0.00915141
         454            0.818413            0.795506          0.00913139
         455            0.816476            0.795552          0.00911144
         456            0.814456            0.795593          0.00909155
         457            0.812372             0.79563          0.00907173
         458            0.810241            0.795662          0.00905198
         459            0.808079            0.795689           0.0090323
         460            0.805906            0.795711          0.00901269
         461            0.803741            0.795729          0.00899316
         462            0.801602            0.795741           0.0089737
         463            0.799509             0.79575          0.00895433
         464            0.797483            0.795753          0.00893503
         465            0.795541            0.795753          0.00891581
         466              0.7937            0.795748          0.00889668
         467            0.791975             0.79574          0.00887763
         468            0.790384            0.795729          0.00885867
         469             0.78894            0.795714           0.0088398
         470            0.787653            0.795697            0.008821
         471            0.786535            0.795678           0.0088023
         472            0.785594            0.795656          0.00878367
         473            0.784835            0.795634          0.00876513
         474            0.784266             0.79561          0.00874668
         475            0.783887            0.795585           0.0087283
         476              0.7837             0.79556             0.00871
         477            0.783699            0.795535          0.00869177
         478             0.78388            0.795511          0.00867362
         479            0.784235            0.795487          0.00865555
         480            0.784757            0.795465          0.00863754
         481            0.785435            0.795444          0.00861961
         482            0.786256            0.795425          0.00860175
         483            0.787206            0.795408          0.00858396
         484            0.788269            0.795393          0.00856623
         485            0.789429            0.795381          0.00854858
         486            0.790669            0.795371            0.008531
         487            0.791971            0.795364          0.00851348
         488            0.793314             0.79536          0.00849604
         489            0.794678            0.795359          0.00847866
         490             0.79604             0.79536          0.00846136
         491             0.79738            0.795364          0.00844413
         492            0.798676            0.795371          0.00842697
         493            0.799909             0.79538          0.00840988
         494            0.801057            0.795392          0.00839286
         495            0.802101            0.795405          0.00837592
         496            0.803021             0.79542          0.00835904
         497            0.803801            0.795437          0.00834224
         498            0.804426            0.795455          0.00832551
         499            0.804879            0.795474          0.00830885
         500            0.805145            0.795494          0.00829225
         501            0.805216            0.795513          0.00827572
         502            0.805079            0.795532          0.00825926
         503            0.804729             0.79555          0.00824286
         504            0.804163            0.795567          0.00822652
         505            0.803378            0.795583          0.00821025
         506            0.802371            0.795596          0.00819403
         507            0.801148            0.795607          0.00817788
         508            0.799713            0.795615          0.00816178
         509            0.798074             0.79562          0.00814575
         510             0.79624            0.795621          0.00812978
         511            0.794226            0.795619          0.00811387
         512            0.792045            0.795612          0.00809803
         513            0.789717              0.7956          0.00808225
         514             0.78726            0.795584          0.00806654
         515            0.784698            0.795563           0.0080509
         516            0.782055            0.795537          0.00803534
         517            0.779358            0.795505          0.00801986
         518            0.776634            0.795469          0.00800446
         519            0.773911            0.795427          0.00798915
         520            0.771219            0.795381          0.00797392
         521            0.768588            0.795329          0.00795878
         522            0.766048            0.795273          0.00794373
         523             0.76363            0.795213          0.00792877
         524            0.761362            0.795148          0.00791391
         525            0.759273             0.79508          0.00789913
         526            0.757389            0.795008          0.00788443
         527            0.755736            0.794934          0.00786983
         528            0.754336            0.794857           0.0078553
         529            0.753209            0.794778          0.00784084
         530            0.752375            0.794698          0.00782646
         531            0.751843            0.794617          0.00781213
         532            0.751623            0.794537          0.00779787
         533            0.751724            0.794456          0.00778365
         534            0.752149            0.794377          0.00776948
         535            0.752896            0.794299          0.00775534
         536            0.753963            0.794224          0.00774124
         537            0.755342            0.794152          0.00772716
         538            0.757024            0.794083          0.00771311
         539            0.758996            0.794018          0.00769907
         540            0.761246            0.793957          0.00768505
         541            0.763755            0.793901          0.00767105
         542            0.766504            0.793851          0.00765706
         543            0.769474            0.793806          0.00764309
         544            0.772643            0.793767          0.00762914
         545             0.77599            0.793734          0.00761521
         546            0.779492            0.793708          0.00760131
         547            0.783125            0.793689          0.00758744
         548            0.786868            0.793676           0.0075736
         549            0.790695            0.793671          0.00755981
         550            0.794582            0.793673          0.00754607
         551            0.798506            0.793681          0.00753238
         552            0.802444            0.793697          0.00751875
         553            0.806374             0.79372          0.00750518
         554            0.810274             0.79375           0.0074917
         555             0.81412            0.793787          0.00747829
         556            0.817891             0.79383          0.00746496
         557            0.821564             0.79388          0.00745173
         558            0.825118            0.793936          0.00743858
         559            0.828535            0.793998          0.00742553
         560            0.831796            0.794065          0.00741258
         561            0.834884            0.794138          0.00739973
         562            0.837784            0.794216          0.00738697
         563            0.840475            0.794298           0.0073743
         564            0.842945            0.794384          0.00736173
         565            0.845181            0.794474          0.00734925
         566            0.847174            0.794567          0.00733686
         567            0.848912            0.794663          0.00732454
         568            0.850386            0.794761           0.0073123
         569             0.85159            0.794861          0.00730014
         570            0.852516            0.794962          0.00728803
         571            0.853161            0.795064          0.00727598
         572            0.853525            0.795166          0.00726398
         573            0.853608            0.795268          0.00725201
         574             0.85341            0.795369          0.00724009
         575             0.85293             0.79547          0.00722819
         576            0.852172            0.795568          0.00721631
         577             0.85114            0.795664          0.00720445
         578            0.849839            0.795758          0.00719259
         579            0.848277            0.795849          0.00718074
         580            0.846461            0.795936          0.00716889
         581            0.844404            0.796019          0.00715704
         582            0.842119            0.796099          0.00714518
         583             0.83962            0.796173          0.00713331
         584            0.836915            0.796243          0.00712144
         585            0.834014            0.796308          0.00710956
         586             0.83093            0.796367          0.00709767
         587             0.82768             0.79642          0.00708578
         588            0.824279            0.796467          0.00707389
         589            0.820747            0.796509            0.007062
         590            0.817101            0.796544          0.00705011
         591            0.813356            0.796572          0.00703824
         592            0.809529            0.796594          0.00702639
         593            0.805637            0.796609          0.00701455
         594              0.8017            0.796618          0.00700275
         595            0.797738             0.79662          0.00699098
         596            0.793768            0.796615          0.00697925
         597            0.789813            0.796603          0.00696757
         598            0.785892            0.796586          0.00695594
         599            0.782023            0.796561          0.00694437
         600            0.778225            0.796531          0.00693287
         601            0.774519            0.796494          0.00692143
         602            0.770924            0.796452          0.00691006
         603            0.767459            0.796403          0.00689877
         604            0.764144             0.79635          0.00688755
         605            0.760999            0.796292          0.00687642
         606            0.758043            0.796229          0.00686536
         607            0.755294            0.796161          0.00685438
         608             0.75277             0.79609          0.00684348
         609            0.750488            0.796015          0.00683265
         610            0.748465            0.795937          0.00682189
         611             0.74672            0.795856          0.00681121
         612            0.745268            0.795774          0.00680058
         613            0.744124            0.795689          0.00679001
         614            0.743297            0.795604          0.00677948
         615            0.742801            0.795518            0.006769
         616            0.742642            0.795432          0.00675856
         617            0.742828            0.795347          0.00674814
         618            0.743363            0.795263          0.00673775
         619            0.744248            0.795181          0.00672737
         620            0.745483              0.7951          0.00671699
         621            0.747061            0.795023          0.00670662
         622            0.748979            0.794949          0.00669625
         623            0.751229            0.794879          0.00668587
         624            0.753798            0.794813          0.00667548
         625             0.75667            0.794752          0.00666508
         626            0.759831            0.794696          0.00665466
         627            0.763262            0.794646          0.00664424
         628             0.76694            0.794602           0.0066338
         629            0.770841            0.794564          0.00662336
         630            0.774944            0.794533          0.00661292
         631            0.779222            0.794509          0.00660249
         632            0.783651            0.794492          0.00659206
         633            0.788203            0.794482          0.00658166
         634            0.792854            0.794479          0.00657128
         635             0.79758            0.794484          0.00656093
         636            0.802357            0.794496          0.00655063
         637             0.80716            0.794516          0.00654037
         638            0.811966            0.794544          0.00653018
         639             0.81675            0.794578          0.00652005
         640            0.821491             0.79462             0.00651
         641            0.826168             0.79467          0.00650003
         642            0.830766            0.794726          0.00649015
         643            0.835268            0.794789          0.00648036
         644             0.83966            0.794859          0.00647067
         645            0.843926            0.794935          0.00646109
         646            0.848057            0.795017          0.00645161
         647            0.852045            0.795105          0.00644224
         648            0.855881            0.795199          0.00643298
         649            0.859558            0.795298          0.00642383
         650            0.863071            0.795402           0.0064148
         651            0.866417            0.795511          0.00640587
         652            0.869592            0.795625          0.00639705
         653            0.872592            0.795743          0.00638834
         654            0.875414            0.795865          0.00637974
         655            0.878061             0.79599          0.00637123
         656            0.880532            0.796119          0.00636282
         657            0.882829            0.796251           0.0063545
         658             0.88495            0.796386          0.00634628
         659            0.886893            0.796523          0.00633813
         660            0.888661            0.796663          0.00633007
         661            0.890254            0.796804          0.00632207
         662            0.891668            0.796948          0.00631415
         663            0.892903            0.797092          0.00630628
         664            0.893961            0.797238          0.00629847
         665            0.894841            0.797385          0.00629071
         666            0.895543            0.797532          0.00628299
         667            0.896067             0.79768          0.00627531
         668            0.896411            0.797828          0.00626765
         669            0.896573            0.797976          0.00626002
         670            0.896554            0.798123          0.00625241
         671            0.896353            0.798269           0.0062448
         672            0.895971            0.798414           0.0062372
         673            0.895407            0.798559           0.0062296
         674            0.894661            0.798701          0.00622199
         675            0.893731            0.798842          0.00621436
         676            0.892616            0.798981          0.00620672
         677            0.891316            0.799117          0.00619905
         678             0.88983            0.799251          0.00619135
         679            0.888159            0.799382          0.00618362
         680            0.886301             0.79951          0.00617584
         681            0.884254            0.799634          0.00616803
         682            0.882014            0.799755          0.00616017
         683            0.879577            0.799872          0.00615226
         684            0.876941            0.799984          0.00614429
         685            0.874102            0.800093          0.00613628
         686            0.871057            0.800196           0.0061282
         687            0.867802            0.800294          0.00612007
         688            0.864336            0.800388          0.00611189
         689            0.860656            0.800475          0.00610364
         690            0.856761            0.800557          0.00609534
         691            0.852652            0.800632          0.00608699
         692            0.848326            0.800701          0.00607858
         693            0.843785            0.800763          0.00607013
         694            0.839034            0.800818          0.00606163
         695            0.834076            0.800866           0.0060531
         696            0.828913            0.800906          0.00604453
         697            0.823552            0.800939          0.00603595
         698            0.818004            0.800963          0.00602735
         699            0.812279            0.800979          0.00601875
         700             0.80639            0.800987          0.00601016
         701            0.800349            0.800986          0.00600158
         702            0.794172            0.800977          0.00599304
         703            0.787876            0.800958          0.00598455
         704            0.781482             0.80093          0.00597611
         705            0.775012            0.800894          0.00596775
         706            0.768491            0.800848          0.00595947
         707            0.761945            0.800793          0.00595129
         708            0.755402            0.800728          0.00594323
         709             0.74889            0.800655           0.0059353
         710             0.74244            0.800573          0.00592751
         711            0.736086            0.800483          0.00591986
         712            0.729858            0.800383          0.00591238
         713            0.723789            0.800276          0.00590506
         714            0.717912            0.800161          0.00589792
         715             0.71226            0.800038          0.00589095
         716            0.706866            0.799908          0.00588416
         717            0.701762            0.799771          0.00587755
         718            0.696982            0.799628          0.00587111
         719            0.692555            0.799479          0.00586483
         720            0.688512            0.799325          0.00585871
         721            0.684878            0.799166          0.00585273
         722            0.681676            0.799003          0.00584689
         723             0.67893            0.798837          0.00584116
         724            0.676659            0.798668          0.00583553
         725             0.67488            0.798498          0.00582998
         726            0.673605            0.798325          0.00582448
         727            0.672844            0.798153          0.00581903
         728            0.672605             0.79798          0.00581359
         729            0.672888            0.797809          0.00580815
         730            0.673694            0.797639          0.00580268
         731            0.675016            0.797471          0.00579716
         732             0.67685            0.797306          0.00579159
         733            0.679187            0.797145          0.00578593
         734            0.682012            0.796988          0.00578017
         735             0.68531            0.796836           0.0057743
         736            0.689058             0.79669          0.00576831
         737            0.693235             0.79655          0.00576219
         738            0.697819            0.796416          0.00575594
         739            0.702785            0.796289          0.00574954
         740            0.708105             0.79617          0.00574301
         741            0.713752            0.796059          0.00573634
         742            0.719696            0.795956          0.00572953
         743            0.725907            0.795861          0.00572259
         744            0.732355            0.795776          0.00571554
         745            0.739008              0.7957          0.00570837
         746            0.745834            0.795633          0.00570111
         747            0.752802            0.795576          0.00569377
         748            0.759882            0.795528          0.00568636
         749            0.767044             0.79549          0.00567889
         750            0.774258            0.795462          0.00567139
         751            0.781496            0.795443          0.00566387
         752            0.788729            0.795434          0.00565635
         753            0.795924            0.795435          0.00564883
         754            0.803056            0.795445          0.00564135
         755            0.810097            0.795464          0.00563391
         756             0.81702            0.795493          0.00562653
         757            0.823801             0.79553          0.00561922
         758            0.830417            0.795576            0.005612
         759            0.836842            0.795631          0.00560487
         760            0.843052            0.795693          0.00559784
         761            0.849027            0.795763          0.00559092
         762            0.854746             0.79584          0.00558412
         763            0.860189            0.795925          0.00557744
         764             0.86534            0.796016          0.00557088
         765            0.870181            0.796113          0.00556444
         766            0.874697            0.796215          0.00555812
         767            0.878873            0.796323          0.00555192
         768            0.882693            0.796435          0.00554583
         769            0.886145            0.796552          0.00553985
         770            0.889219            0.796672          0.00553396
         771            0.891909            0.796796          0.00552816
         772            0.894209            0.796922          0.00552244
         773            0.896113             0.79705          0.00551678
         774            0.897616             0.79718          0.00551119
         775            0.898716            0.797311          0.00550563
         776            0.899414            0.797443          0.00550011
         777            0.899711            0.797575          0.00549461
         778            0.899611            0.797706          0.00548911
         779            0.899118            0.797836          0.00548361
         780            0.898239            0.797965          0.00547809
         781            0.896982            0.798091          0.00547254
         782            0.895358            0.798216          0.00546695
         783            0.893377            0.798337          0.00546132
         784            0.891053            0.798456          0.00545564
         785            0.888402             0.79857          0.00544989
         786            0.885439            0.798681          0.00544408
         787             0.88218            0.798787          0.00543819
         788            0.878645            0.798888          0.00543224
         789            0.874854            0.798984           0.0054262
         790             0.87083            0.799075           0.0054201
         791            0.866595            0.799161          0.00541392
         792            0.862172             0.79924          0.00540767
         793            0.857583            0.799314          0.00540135
         794            0.852854            0.799381          0.00539497
         795            0.848008            0.799442          0.00538853
         796            0.843071            0.799497          0.00538204
         797             0.83807            0.799546           0.0053755
         798            0.833028            0.799588          0.00536893
         799            0.827972            0.799623          0.00536233
         800            0.822928            0.799652           0.0053557
         801             0.81792            0.799675          0.00534906
         802            0.812976            0.799692          0.00534242
         803             0.80812            0.799702          0.00533578
         804            0.803374            0.799707          0.00532914
         805            0.798761            0.799706          0.00532252
         806            0.794304            0.799699          0.00531592
         807            0.790028            0.799687          0.00530935
         808            0.785951             0.79967          0.00530281
         809            0.782091            0.799648           0.0052963
         810            0.778465            0.799622          0.00528982
         811            0.775088            0.799592          0.00528339
         812            0.771975            0.799558          0.00527699
         813            0.769136             0.79952          0.00527063
         814            0.766583             0.79948          0.00526431
         815            0.764326            0.799437          0.00525803
         816             0.76237            0.799391          0.00525178
         817            0.760718            0.799344          0.00524557
         818            0.759373            0.799295          0.00523938
         819            0.758333            0.799245          0.00523322
         820            0.757598            0.799194          0.00522709
         821            0.757162            0.799143          0.00522097
         822            0.757018            0.799092          0.00521487
         823            0.757154            0.799041          0.00520878
         824            0.757565            0.798991          0.00520271
         825            0.758238            0.798941          0.00519663
         826             0.75916            0.798893          0.00519057
         827            0.760317            0.798846           0.0051845
         828             0.76169            0.798802          0.00517843
         829            0.763263            0.798759          0.00517236
         830            0.765018            0.798718          0.00516629
         831            0.766936             0.79868          0.00516021
         832            0.768996            0.798644          0.00515414
         833            0.771181            0.798611          0.00514805
         834            0.773473            0.798581          0.00514197
         835            0.775852            0.798554          0.00513588
         836              0.7783             0.79853           0.0051298
         837            0.780801            0.798508          0.00512371
         838             0.78334             0.79849          0.00511763
         839            0.785901            0.798475          0.00511155
         840            0.788469            0.798463          0.00510548
         841             0.79103            0.798454          0.00509942
         842            0.793574            0.798449          0.00509336
         843            0.796089            0.798446          0.00508732
         844            0.798566            0.798446           0.0050813
         845            0.800998            0.798449          0.00507528
         846             0.80338            0.798455          0.00506929
         847            0.805708            0.798463          0.00506331
         848            0.807973            0.798475          0.00505735
         849            0.810174            0.798488          0.00505141
         850            0.812308            0.798505           0.0050455
         851             0.81437            0.798523           0.0050396
         852            0.816362            0.798544          0.00503373
         853            0.818287            0.798567          0.00502788
         854            0.820145            0.798593          0.00502206
         855             0.82194             0.79862          0.00501626
         856            0.823675            0.798649          0.00501048
         857            0.825351             0.79868          0.00500473
         858            0.826972            0.798713          0.00499901
         859            0.828546            0.798748          0.00499331
         860            0.830074            0.798785          0.00498764
         861            0.831558            0.798823          0.00498199
         862               0.833            0.798862          0.00497637
         863              0.8344            0.798903          0.00497077
         864             0.83576            0.798946           0.0049652
         865            0.837079             0.79899          0.00495966
         866            0.838358            0.799036          0.00495414
         867            0.839596            0.799082          0.00494865
         868             0.84079             0.79913          0.00494318
         869            0.841934             0.79918          0.00493774
         870            0.843022             0.79923          0.00493232
         871            0.844049            0.799282          0.00492692
         872            0.845008            0.799334          0.00492155
         873             0.84589            0.799387           0.0049162
         874            0.846687            0.799441          0.00491088
         875            0.847386            0.799496          0.00490557
         876            0.847978            0.799552          0.00490028
         877            0.848454            0.799607          0.00489501
         878            0.848802            0.799663          0.00488976
         879            0.849013             0.79972          0.00488452
         880            0.849078            0.799776          0.00487929
         881            0.848988            0.799831          0.00487407
         882            0.848731            0.799887          0.00486886
         883            0.848302            0.799942          0.00486365
         884            0.847692            0.799996          0.00485845
         885            0.846895            0.800049          0.00485325
         886            0.845907            0.800101          0.00484805
         887            0.844725            0.800151          0.00484284
         888             0.84335            0.800199          0.00483763
         889            0.841781            0.800246          0.00483242
         890            0.840022            0.800291           0.0048272
         891            0.838074            0.800333          0.00482196
         892            0.835943            0.800373          0.00481672
         893            0.833636            0.800411          0.00481147
         894             0.83116            0.800445          0.00480621
         895            0.828525            0.800476          0.00480095
         896            0.825742            0.800504          0.00479567
         897             0.82282            0.800529          0.00479039
         898            0.819773            0.800551           0.0047851
         899            0.816615            0.800569          0.00477981
         900             0.81336            0.800583          0.00477452
         901            0.810023            0.800593          0.00476924
         902            0.806619              0.8006          0.00476395
         903            0.803166            0.800603          0.00475868
         904            0.799679            0.800602          0.00475341
         905            0.796177            0.800597          0.00474817
         906            0.792675            0.800588          0.00474293
         907            0.789192            0.800576          0.00473772
         908            0.785746            0.800559          0.00473253
         909            0.782356            0.800539          0.00472737
         910            0.779043            0.800516          0.00472223
         911            0.775823            0.800489          0.00471712
         912            0.772711            0.800458          0.00471205
         913            0.769722            0.800424          0.00470701
         914            0.766873            0.800388            0.004702
         915            0.764181            0.800348          0.00469703
         916            0.761657            0.800306          0.00469209
         917             0.75932            0.800261          0.00468719
         918            0.757179            0.800214          0.00468232
         919            0.755245            0.800165          0.00467748
         920            0.753528            0.800115          0.00467267
         921            0.752039            0.800062          0.00466789
         922            0.750785            0.800009          0.00466313
         923            0.749774            0.799955           0.0046584
         924             0.74901            0.799899          0.00465368
         925            0.748493            0.799844          0.00464898
         926            0.748223            0.799788           0.0046443
         927            0.748199            0.799732          0.00463962
         928            0.748421            0.799677          0.00463495
         929            0.748883            0.799623          0.00463028
         930            0.749579            0.799569          0.00462562
         931            0.750503            0.799516          0.00462095
         932            0.751647            0.799465          0.00461627
         933            0.752998            0.799415           0.0046116
         934            0.754544            0.799367          0.00460691
         935            0.756269            0.799321          0.00460221
         936            0.758159            0.799277           0.0045975
         937            0.760199            0.799235          0.00459279
         938            0.762372            0.799196          0.00458806
         939            0.764661            0.799159          0.00458332
         940            0.767046            0.799125          0.00457857
         941            0.769507            0.799093          0.00457381
         942            0.772027            0.799065          0.00456905
         943             0.77459            0.799039          0.00456428
         944            0.777172            0.799015           0.0045595
         945            0.779754            0.798995          0.00455472
         946            0.782318            0.798977          0.00454994
         947            0.784846            0.798963          0.00454516
         948            0.787319             0.79895          0.00454038
         949            0.789722            0.798941          0.00453561
         950             0.79204            0.798933          0.00453084
         951            0.794259            0.798928          0.00452608
         952            0.796371            0.798926          0.00452133
         953            0.798364            0.798925          0.00451658
         954            0.800228            0.798926          0.00451185
         955            0.801953             0.79893          0.00450712
         956             0.80353            0.798934          0.00450241
         957            0.804955            0.798941          0.00449771
         958            0.806225            0.798948          0.00449302
         959            0.807337            0.798957          0.00448835
         960            0.808291            0.798967          0.00448368
         961            0.809087            0.798977          0.00447903
         962            0.809727            0.798988          0.00447439
         963            0.810213               0.799          0.00446976
         964            0.810547            0.799012          0.00446514
         965            0.810736            0.799024          0.00446052
         966            0.810785            0.799036          0.00445592
         967            0.810703            0.799049          0.00445133
         968            0.810494             0.79906          0.00444675
         969            0.810165            0.799072          0.00444217
         970            0.809724            0.799083          0.00443761
         971            0.809181            0.799093          0.00443305
         972            0.808544            0.799103           0.0044285
         973            0.807822            0.799112          0.00442396
         974            0.807028             0.79912          0.00441942
         975            0.806168            0.799127           0.0044149
         976            0.805251            0.799133          0.00441038
         977            0.804287            0.799139          0.00440587
         978            0.803284            0.799143          0.00440136
         979            0.802251            0.799146          0.00439687
         980            0.801194            0.799148          0.00439238
         981            0.800124            0.799149          0.00438791
         982            0.799048            0.799149          0.00438344
         983            0.797974            0.799148          0.00437898
         984            0.796909            0.799146          0.00437453
         985            0.795859            0.799142          0.00437009
         986            0.794827            0.799138          0.00436566
         987            0.793816            0.799133          0.00436124
         988            0.792831            0.799126          0.00435683
         989            0.791878            0.799119          0.00435243
         990            0.790959            0.799111          0.00434804
         991            0.790073            0.799102          0.00434366
         992            0.789223            0.799092           0.0043393
         993            0.788405            0.799081          0.00433494
         994            0.787622            0.799069          0.00433059
         995            0.786875            0.799057          0.00432626
         996             0.78616            0.799044          0.00432194
         997            0.785478             0.79903          0.00431762
         998            0.784827            0.799016          0.00431332
         999             0.78421            0.799001          0.00430903
        1000            0.783627            0.798986          0.00430475
        1001            0.783075             0.79897          0.00430047
        1002            0.782557            0.798954          0.00429621
        1003            0.782072            0.798937          0.00429196
        1004            0.781624             0.79892          0.00428772
        1005            0.781215            0.798902          0.00428349
        1006            0.780848            0.798884          0.00427927
        1007            0.780525            0.798866          0.00427506
        1008            0.780249            0.798847          0.00427086
        1009            0.780023            0.798829          0.00426667
        1010            0.779849             0.79881          0.00426249
        1011            0.779728            0.798791          0.00425831
        1012            0.779662            0.798772          0.00425415
        1013            0.779655            0.798753          0.00424999
        1014            0.779705            0.798735          0.00424584
        1015            0.779812            0.798716           0.0042417
        1016            0.779975            0.798697          0.00423756
        1017            0.780196            0.798679          0.00423343
        1018            0.780474            0.798661          0.00422931
        1019            0.780806            0.798644           0.0042252
        1020            0.781194            0.798627          0.00422109
        1021            0.781635             0.79861          0.00421699
        1022             0.78213            0.798594          0.00421289
        1023            0.782675            0.798578           0.0042088
        1024            0.783272            0.798563          0.00420472
        1025            0.783923            0.798549          0.00420064
        1026            0.784629            0.798536          0.00419657
        1027            0.785392            0.798523           0.0041925
        1028             0.78621            0.798511          0.00418844
        1029            0.787085              0.7985          0.00418439
        1030            0.788023             0.79849          0.00418034
        1031             0.78903             0.79848          0.00417629
        1032            0.790106            0.798472          0.00417225
        1033            0.791255            0.798465          0.00416822
        1034            0.792486            0.798459          0.00416419
        1035            0.793802            0.798455          0.00416017
        1036             0.79521            0.798452          0.00415616
        1037            0.796716             0.79845          0.00415215
        1038            0.798326             0.79845          0.00414815
        1039            0.800047            0.798452          0.00414416
        1040            0.801884            0.798455          0.00414017
        1041            0.803842             0.79846           0.0041362
        1042            0.805925            0.798467          0.00413224
        1043            0.808136            0.798477          0.00412829
        1044            0.810478            0.798488          0.00412435
        1045            0.812953            0.798502          0.00412042
        1046            0.815561            0.798518          0.00411652
        1047              0.8183            0.798537          0.00411263
        1048            0.821166            0.798559          0.00410876
        1049            0.824154            0.798583          0.00410492
        1050            0.827258             0.79861           0.0041011
        1051            0.830469            0.798641          0.00409731
        1052            0.833773            0.798674          0.00409355
        1053            0.837155            0.798711          0.00408982
        1054            0.840598             0.79875          0.00408614
        1055            0.844087            0.798793          0.00408249
        1056            0.847607             0.79884          0.00407889
        1057            0.851136            0.798889          0.00407533
        1058             0.85465            0.798942          0.00407182
        1059            0.858126            0.798998          0.00406835
        1060            0.861543            0.799057          0.00406494
        1061            0.864881            0.799119          0.00406159
        1062            0.868116            0.799184          0.00405828
        1063            0.871229            0.799251          0.00405503
        1064            0.874198            0.799322          0.00405183
        1065            0.876999            0.799395          0.00404868
        1066            0.879613             0.79947          0.00404558
        1067            0.882021            0.799547          0.00404253
        1068            0.884211            0.799627          0.00403952
        1069            0.886167            0.799708          0.00403656
        1070            0.887874             0.79979          0.00403362
        1071            0.889322            0.799874          0.00403072
        1072            0.890503            0.799958          0.00402785
        1073            0.891409            0.800043            0.004025
        1074            0.892034            0.800129          0.00402216
        1075            0.892377            0.800215          0.00401934
        1076            0.892439            0.800301          0.00401651
        1077            0.892219            0.800386          0.00401369
        1078            0.891722            0.800471          0.00401086
        1079            0.890954            0.800555          0.00400802
        1080            0.889921            0.800637          0.00400516
        1081             0.88863            0.800719          0.00400229
        1082            0.887091            0.800798          0.00399938
        1083            0.885314            0.800877          0.00399645
        1084            0.883309            0.800953          0.00399349
        1085            0.881089            0.801026          0.00399049
        1086            0.878665            0.801098          0.00398746
        1087            0.876053            0.801167          0.00398438
        1088            0.873265            0.801233          0.00398127
        1089            0.870312            0.801297          0.00397812
        1090            0.867207            0.801357          0.00397493
        1091            0.863963            0.801414           0.0039717
        1092            0.860589            0.801469          0.00396844
        1093            0.857095             0.80152          0.00396513
        1094            0.853495            0.801567          0.00396179
        1095            0.849795            0.801611          0.00395842
        1096            0.846006            0.801652          0.00395501
        1097            0.842137            0.801688          0.00395158
        1098            0.838197            0.801722          0.00394812
        1099            0.834195            0.801751          0.00394464
        1100            0.830142            0.801777          0.00394114
        1101            0.826043            0.801799          0.00393762
        1102            0.821909            0.801817          0.00393409
        1103            0.817749            0.801832          0.00393055
        1104            0.813572            0.801842            0.003927
        1105            0.809389            0.801849          0.00392346
        1106             0.80521            0.801852          0.00391991
        1107            0.801049            0.801852          0.00391637
        1108            0.796916            0.801847          0.00391284
        1109            0.792826            0.801839          0.00390932
        1110            0.788794            0.801827          0.00390581
        1111             0.78484            0.801812          0.00390233
        1112            0.780982            0.801793          0.00389886
        1113            0.777237            0.801771          0.00389542
        1114            0.773627            0.801746          0.00389201
        1115            0.770173            0.801718          0.00388862
        1116            0.766897            0.801686          0.00388526
        1117            0.763823            0.801652          0.00388193
        1118            0.760974            0.801616          0.00387863
        1119             0.75837            0.801577          0.00387535
        1120            0.756035            0.801537          0.00387211
        1121            0.753987            0.801494          0.00386889
        1122            0.752242             0.80145          0.00386569
        1123            0.750818            0.801405          0.00386251
        1124            0.749728            0.801359          0.00385934
        1125             0.74898            0.801313           0.0038562
        1126            0.748583            0.801266          0.00385305
        1127            0.748541            0.801219          0.00384992
        1128            0.748854            0.801173          0.00384679
        1129            0.749514            0.801127          0.00384365
        1130            0.750514            0.801082          0.00384051
        1131            0.751841            0.801039          0.00383736
        1132            0.753479            0.800997           0.0038342
        1133             0.75541            0.800956          0.00383103
        1134            0.757613            0.800918          0.00382784
        1135            0.760065            0.800882          0.00382464
        1136            0.762742            0.800849          0.00382142
        1137            0.765618            0.800818          0.00381818
        1138            0.768667            0.800789          0.00381493
        1139             0.77186            0.800764          0.00381167
        1140            0.775167            0.800742          0.00380839
        1141            0.778564            0.800722           0.0038051
        1142            0.782024            0.800706          0.00380181
        1143            0.785522            0.800692           0.0037985
        1144            0.789036            0.800682           0.0037952
        1145            0.792542            0.800675          0.00379189
        1146            0.796019            0.800671          0.00378858
        1147             0.79945             0.80067          0.00378528
        1148            0.802817            0.800672          0.00378198
        1149            0.806099            0.800677          0.00377869
        1150            0.809282            0.800684          0.00377541
        1151             0.81235            0.800694          0.00377215
        1152             0.81529            0.800707           0.0037689
        1153            0.818094            0.800722          0.00376566
        1154            0.820752            0.800739          0.00376243
        1155            0.823253            0.800759          0.00375923
        1156            0.825592             0.80078          0.00375604
        1157            0.827758            0.800804          0.00375286
        1158            0.829747            0.800829           0.0037497
        1159            0.831555            0.800855          0.00374656
        1160            0.833176            0.800883          0.00374344
        1161            0.834607            0.800912          0.00374032
        1162            0.835847            0.800942          0.00373723
        1163            0.836895            0.800973          0.00373414
        1164            0.837747            0.801005          0.00373107
        1165            0.838398            0.801037            0.003728
        1166             0.83885            0.801069          0.00372495
        1167            0.839101            0.801102           0.0037219
        1168            0.839154            0.801134          0.00371885
        1169             0.83901            0.801167          0.00371581
        1170             0.83867            0.801199          0.00371277
        1171            0.838139             0.80123          0.00370974
        1172            0.837419            0.801261           0.0037067
        1173            0.836514            0.801291          0.00370366
        1174            0.835432             0.80132          0.00370062
        1175            0.834176            0.801348          0.00369758
        1176            0.832756            0.801375          0.00369453
        1177            0.831177              0.8014          0.00369148
        1178            0.829447            0.801424          0.00368842
        1179            0.827576            0.801446          0.00368536
        1180            0.825573            0.801467          0.00368229
        1181             0.82345            0.801485          0.00367922
        1182            0.821219            0.801502          0.00367615
        1183            0.818892            0.801517          0.00367307
        1184            0.816482            0.801529          0.00366999
        1185            0.814001             0.80154          0.00366691
        1186            0.811461            0.801548          0.00366383
        1187            0.808876            0.801555          0.00366074
        1188            0.806259            0.801558          0.00365766
        1189            0.803623             0.80156          0.00365459
        1190            0.800978             0.80156          0.00365152
        1191            0.798335            0.801557          0.00364845
        1192            0.795706            0.801552           0.0036454
        1193            0.793102            0.801545          0.00364235
        1194             0.79053            0.801536          0.00363931
        1195            0.787998            0.801524          0.00363628
        1196            0.785514            0.801511          0.00363326
        1197            0.783083            0.801496          0.00363026
        1198            0.780707            0.801478          0.00362727
        1199             0.77839            0.801459           0.0036243
        1200            0.776138            0.801438          0.00362134
        1201             0.77395            0.801415           0.0036184
        1202            0.771826             0.80139          0.00361547
        1203            0.769767            0.801364          0.00361256
        1204            0.767771            0.801336          0.00360967
        1205            0.765838            0.801307          0.00360679
        1206            0.763967            0.801276          0.00360393
        1207            0.762159            0.801243          0.00360109
        1208            0.760412             0.80121          0.00359827
        1209            0.758722            0.801175          0.00359547
        1210            0.757089            0.801138          0.00359268
        1211            0.755516              0.8011          0.00358991
        1212            0.754002            0.801062          0.00358716
        1213            0.752547            0.801022          0.00358443
        1214            0.751154             0.80098          0.00358171
        1215            0.749824            0.800938          0.00357901
        1216            0.748561            0.800895          0.00357632
        1217            0.747369            0.800851          0.00357366
        1218            0.746254            0.800806            0.003571
        1219             0.74522            0.800761          0.00356836
        1220            0.744271            0.800715          0.00356574
        1221            0.743412            0.800668          0.00356313
        1222             0.74265             0.80062          0.00356053
        1223            0.741993            0.800572          0.00355794
        1224            0.741446            0.800524          0.00355536
        1225            0.741015            0.800475          0.00355279
        1226            0.740707            0.800427          0.00355023
        1227            0.740524            0.800378          0.00354767
        1228            0.740471            0.800329          0.00354512
        1229            0.740553             0.80028          0.00354256
        1230            0.740772            0.800232          0.00354002
        1231            0.741132            0.800184          0.00353747
        1232            0.741634            0.800136          0.00353491
        1233            0.742279             0.80009          0.00353236
        1234            0.743067            0.800043           0.0035298
        1235            0.743998            0.799998          0.00352723
        1236            0.745068            0.799953          0.00352466
        1237            0.746276             0.79991          0.00352207
        1238            0.747617            0.799868          0.00351948
        1239             0.74909            0.799827          0.00351688
        1240            0.750688            0.799787          0.00351427
        1241            0.752407            0.799749          0.00351164
        1242            0.754245            0.799712          0.00350901
        1243            0.756199            0.799677          0.00350636
        1244            0.758264            0.799644           0.0035037
        1245            0.760437            0.799613          0.00350103
        1246            0.762714            0.799583          0.00349834
        1247            0.765085            0.799555          0.00349565
        1248             0.76755             0.79953          0.00349294
        1249            0.770105            0.799506          0.00349022
        1250            0.772747            0.799485          0.00348749
        1251            0.775472            0.799466          0.00348476
        1252            0.778275            0.799449          0.00348202
        1253            0.781156            0.799434          0.00347927
        1254             0.78411            0.799422          0.00347652
        1255            0.787131            0.799412          0.00347376
        1256            0.790214            0.799405            0.003471
        1257            0.793354              0.7994          0.00346824
        1258            0.796547            0.799398          0.00346549
        1259            0.799783            0.799398          0.00346273
        1260            0.803056            0.799401          0.00345999
        1261            0.806354            0.799406          0.00345725
        1262            0.809672            0.799414          0.00345452
        1263            0.812997            0.799425           0.0034518
        1264            0.816316            0.799439          0.00344909
        1265            0.819617            0.799455          0.00344641
        1266            0.822886            0.799473          0.00344373
        1267            0.826111            0.799494          0.00344108
        1268            0.829281            0.799518          0.00343845
        1269            0.832382            0.799543          0.00343583
        1270              0.8354            0.799572          0.00343324
        1271            0.838321            0.799602          0.00343068
        1272            0.841131            0.799635          0.00342814
        1273            0.843819             0.79967          0.00342562
        1274            0.846372            0.799706          0.00342313
        1275            0.848781            0.799745          0.00342066
        1276            0.851037            0.799785          0.00341821
        1277            0.853133            0.799827          0.00341579
        1278             0.85506             0.79987          0.00341339
        1279             0.85681            0.799914          0.00341101
        1280            0.858381             0.79996          0.00340865
        1281            0.859769            0.800007          0.00340631
        1282            0.860971            0.800054          0.00340399
        1283            0.861986            0.800103          0.00340168
        1284            0.862815            0.800151          0.00339938
        1285            0.863455            0.800201          0.00339709
        1286            0.863908             0.80025          0.00339481
        1287            0.864174              0.8003          0.00339254
        1288            0.864256             0.80035          0.00339027
        1289            0.864152            0.800399            0.003388
        1290            0.863862            0.800448          0.00338573
        1291            0.863386            0.800497          0.00338346
        1292            0.862718            0.800545          0.00338118
        1293            0.861857            0.800593           0.0033789
        1294            0.860799            0.800639          0.00337661
        1295            0.859542            0.800685          0.00337431
        1296            0.858078            0.800729          0.00337199
        1297            0.856402            0.800772          0.00336967
        1298            0.854508            0.800813          0.00336732
        1299            0.852391            0.800853          0.00336497
        1300            0.850046            0.800891          0.00336259
        1301            0.847468            0.800927           0.0033602
        1302            0.844654             0.80096          0.00335778
        1303            0.841603            0.800991          0.00335535
        1304            0.838319             0.80102           0.0033529
        1305            0.834802            0.801046          0.00335043
        1306            0.831054            0.801069          0.00334794
        1307            0.827084            0.801089          0.00334544
        1308            0.822903            0.801105          0.00334293
        1309            0.818522            0.801119           0.0033404
        1310             0.81396            0.801129          0.00333786
        1311            0.809233            0.801135          0.00333532
        1312            0.804362            0.801137          0.00333278
        1313            0.799372            0.801136          0.00333024
        1314            0.794286            0.801131          0.00332771
        1315            0.789133            0.801121          0.00332519
        1316            0.783944            0.801108          0.00332269
        1317            0.778746            0.801091          0.00332021
        1318            0.773572            0.801071          0.00331776
        1319            0.768455            0.801046          0.00331534
        1320            0.763426            0.801017          0.00331295
        1321             0.75852            0.800985           0.0033106
        1322            0.753769            0.800949          0.00330828
        1323            0.749202             0.80091          0.00330602
        1324            0.744852            0.800868          0.00330379
        1325            0.740748            0.800823          0.00330161
        1326            0.736918            0.800774          0.00329947
        1327            0.733388            0.800724          0.00329737
        1328             0.73018            0.800671          0.00329532
        1329            0.727311            0.800615           0.0032933
        1330            0.724802            0.800558          0.00329132
        1331            0.722668              0.8005          0.00328937
        1332            0.720922             0.80044          0.00328744
        1333            0.719577            0.800379          0.00328553
        1334            0.718642            0.800318          0.00328364
        1335            0.718122            0.800257          0.00328176
        1336            0.718021            0.800195          0.00327988
        1337             0.71834            0.800134            0.003278
        1338            0.719075            0.800073          0.00327611
        1339            0.720225            0.800014           0.0032742
        1340            0.721783            0.799955          0.00327228
        1341            0.723742            0.799898          0.00327033
        1342             0.72609            0.799843          0.00326836
        1343            0.728811             0.79979          0.00326635
        1344            0.731891             0.79974          0.00326431
        1345            0.735314            0.799692          0.00326224
        1346            0.739059            0.799647          0.00326013
        1347            0.743106            0.799605          0.00325798
        1348            0.747432            0.799566          0.00325579
        1349            0.752012            0.799531          0.00325357
        1350             0.75682            0.799499          0.00325131
        1351            0.761829            0.799472          0.00324902
        1352            0.767012            0.799448          0.00324671
        1353             0.77234            0.799427          0.00324437
        1354            0.777782            0.799411          0.00324201
        1355            0.783309              0.7994          0.00323964
        1356             0.78889            0.799392          0.00323726
        1357            0.794494            0.799388          0.00323488
        1358            0.800091            0.799389           0.0032325
        1359            0.805649            0.799393          0.00323012
        1360             0.81114            0.799402          0.00322776
        1361            0.816533            0.799415          0.00322541
        1362            0.821799            0.799431          0.00322308
        1363             0.82691            0.799451          0.00322078
        1364            0.831838            0.799475          0.00321851
        1365            0.836558            0.799502          0.00321627
        1366            0.841045            0.799533          0.00321406
        1367            0.845279            0.799566          0.00321188
        1368            0.849241            0.799602          0.00320974
        1369             0.85291            0.799641          0.00320763
        1370             0.85627            0.799683          0.00320555
        1371            0.859305            0.799726          0.00320351
        1372            0.862004            0.799771           0.0032015
        1373            0.864355            0.799818          0.00319951
        1374            0.866348            0.799867          0.00319755
        1375            0.867979            0.799916          0.00319561
        1376            0.869245            0.799967          0.00319368
        1377            0.870144            0.800018          0.00319177
        1378            0.870677            0.800069          0.00318986
        1379            0.870849             0.80012          0.00318796
        1380            0.870666            0.800172          0.00318606
        1381            0.870132            0.800222          0.00318416
        1382            0.869257            0.800272          0.00318225
        1383            0.868052            0.800321          0.00318032
        1384            0.866533            0.800369          0.00317838
        1385            0.864714            0.800415          0.00317643
        1386            0.862609             0.80046          0.00317445
        1387            0.860235            0.800503          0.00317246
        1388             0.85761            0.800545          0.00317044
        1389            0.854755            0.800584           0.0031684
        1390            0.851687             0.80062          0.00316633
        1391            0.848431            0.800655          0.00316424
        1392             0.84501            0.800687          0.00316213
        1393            0.841444            0.800716          0.00315999
        1394            0.837756            0.800742          0.00315784
        1395            0.833969            0.800766          0.00315566
        1396            0.830108            0.800787          0.00315347
        1397            0.826192            0.800805          0.00315127
        1398            0.822242            0.800821          0.00314905
        1399            0.818279            0.800833          0.00314683
        1400            0.814323            0.800843          0.00314459
        1401            0.810396             0.80085          0.00314236
        1402            0.806513            0.800854          0.00314012
        1403            0.802691            0.800855          0.00313788
        1404            0.798948            0.800854          0.00313564
        1405            0.795298             0.80085          0.00313342
        1406            0.791756            0.800843          0.00313119
        1407            0.788337            0.800834          0.00312898
        1408            0.785057            0.800823          0.00312678
        1409            0.781932             0.80081          0.00312459
        1410            0.778974            0.800794          0.00312241
        1411            0.776197            0.800777          0.00312025
        1412            0.773617            0.800758           0.0031181
        1413            0.771251            0.800737          0.00311596
        1414            0.769111            0.800714          0.00311384
        1415            0.767211            0.800691          0.00311173
        1416            0.765568            0.800666          0.00310963
        1417            0.764196             0.80064          0.00310754
        1418            0.763112            0.800614          0.00310546
        1419            0.762328            0.800587          0.00310339
        1420            0.761861            0.800559          0.00310132
        1421            0.761722            0.800532          0.00309926
        1422            0.761923            0.800505           0.0030972
        1423            0.762471            0.800478          0.00309514
        1424            0.763375            0.800452          0.00309307
        1425            0.764644            0.800427          0.00309101
        1426            0.766275            0.800403          0.00308893
        1427            0.768265            0.800381          0.00308685
        1428            0.770605             0.80036          0.00308476
        1429            0.773286            0.800341          0.00308266
        1430            0.776293            0.800324          0.00308055
        1431            0.779604            0.800309          0.00307843
        1432            0.783196            0.800298           0.0030763
        1433            0.787042            0.800288          0.00307417
        1434            0.791113            0.800282          0.00307203
        1435            0.795374            0.800278          0.00306989
        1436            0.799788            0.800278          0.00306776
        1437            0.804316            0.800281          0.00306562
        1438            0.808912            0.800287           0.0030635
        1439             0.81353            0.800296          0.00306138
        1440            0.818125            0.800309          0.00305928
        1441             0.82265            0.800324           0.0030572
        1442             0.82706            0.800343          0.00305513
        1443            0.831312            0.800364          0.00305309
        1444             0.83536            0.800388          0.00305107
        1445            0.839165            0.800415          0.00304908
        1446            0.842689            0.800444          0.00304711
        1447            0.845896            0.800476          0.00304517
        1448            0.848754            0.800509          0.00304325
        1449             0.85124            0.800544          0.00304135
        1450            0.853327             0.80058          0.00303947
        1451            0.854995            0.800618           0.0030376
        1452            0.856228            0.800656          0.00303575
        1453            0.857014            0.800695          0.00303391
        1454            0.857349            0.800734          0.00303208
        1455             0.85723            0.800773          0.00303024
        1456            0.856655            0.800811           0.0030284
        1457             0.85563            0.800849          0.00302656
        1458            0.854161            0.800885           0.0030247
        1459            0.852263            0.800921          0.00302283
        1460            0.849952            0.800954          0.00302095
        1461            0.847247            0.800986          0.00301905
        1462            0.844166            0.801015          0.00301713
        1463            0.840735            0.801043          0.00301519
        1464            0.836981            0.801067          0.00301323
        1465            0.832933            0.801089          0.00301125
        1466            0.828619            0.801108          0.00300925
        1467            0.824073            0.801123          0.00300724
        1468            0.819328            0.801136          0.00300522
        1469            0.814418            0.801145          0.00300319
        1470            0.809378             0.80115          0.00300115
        1471            0.804245            0.801152          0.00299911
        1472            0.799059            0.801151          0.00299707
        1473            0.793855            0.801146          0.00299504
        1474             0.78867            0.801138          0.00299302
        1475            0.783542            0.801126          0.00299102
        1476            0.778507             0.80111          0.00298903
        1477            0.773605            0.801092          0.00298707
        1478             0.76887             0.80107          0.00298512
        1479            0.764338            0.801045          0.00298321
        1480            0.760045            0.801017          0.00298132
        1481            0.756026            0.800987          0.00297946
        1482            0.752312            0.800954          0.00297763
        1483            0.748934            0.800919          0.00297583
        1484            0.745919            0.800882          0.00297406
        1485            0.743293            0.800843          0.00297231
        1486            0.741079            0.800803          0.00297058
        1487            0.739297            0.800762          0.00296887
        1488            0.737967             0.80072          0.00296718
        1489            0.737103            0.800677          0.00296549
        1490            0.736713            0.800634          0.00296381
        1491            0.736803            0.800591          0.00296213
        1492            0.737374            0.800549          0.00296045
        1493            0.738423            0.800507          0.00295876
        1494             0.73994            0.800467          0.00295706
        1495            0.741913            0.800427          0.00295534
        1496            0.744326             0.80039           0.0029536
        1497            0.747155            0.800354          0.00295184
        1498            0.750376            0.800321          0.00295006
        1499            0.753959             0.80029          0.00294825
        1500            0.757872            0.800262          0.00294642
        1501            0.762077            0.800236          0.00294457
        1502            0.766534            0.800214           0.0029427
        1503            0.771204            0.800195           0.0029408
        1504             0.77604            0.800178          0.00293889
        1505            0.781001            0.800166          0.00293696
        1506            0.786039            0.800156          0.00293503
        1507            0.791108             0.80015          0.00293309
        1508            0.796163            0.800148          0.00293114
        1509            0.801161            0.800148           0.0029292
        1510            0.806058            0.800152          0.00292726
        1511            0.810812            0.800159          0.00292534
        1512            0.815383            0.800169          0.00292342
        1513            0.819737            0.800182          0.00292151
        1514            0.823841            0.800198          0.00291963
        1515            0.827668            0.800216          0.00291776
        1516            0.831193            0.800237           0.0029159
        1517            0.834393            0.800259          0.00291407
        1518             0.83725            0.800283          0.00291225
        1519            0.839748            0.800309          0.00291045
        1520            0.841877            0.800337          0.00290866
        1521            0.843634            0.800365          0.00290689
        1522             0.84502            0.800395          0.00290513
        1523            0.846035            0.800425          0.00290337
        1524            0.846685            0.800455          0.00290163
        1525             0.84698            0.800485          0.00289989
        1526            0.846934            0.800516          0.00289815
        1527            0.846562            0.800546           0.0028964
        1528            0.845882            0.800576          0.00289466
        1529            0.844919            0.800605          0.00289291
        1530              0.8437            0.800633          0.00289116
        1531             0.84225             0.80066           0.0028894
        1532            0.840605            0.800686          0.00288763
        1533            0.838795            0.800711          0.00288585
        1534            0.836853            0.800734          0.00288407
        1535             0.83481            0.800757          0.00288227
        1536            0.832701            0.800777          0.00288047
        1537            0.830558            0.800797          0.00287866
        1538            0.828413            0.800815          0.00287685
        1539            0.826296            0.800831          0.00287503
        1540            0.824235            0.800847           0.0028732
        1541            0.822257             0.80086          0.00287137
        1542            0.820385            0.800873          0.00286954
        1543             0.81864            0.800885           0.0028677
        1544             0.81704            0.800895          0.00286586
        1545            0.815602            0.800905          0.00286402
        1546            0.814337            0.800913          0.00286218
        1547            0.813253            0.800921          0.00286034
        1548            0.812359            0.800929           0.0028585
        1549            0.811659            0.800936          0.00285667
        1550            0.811153            0.800942          0.00285483
        1551            0.810843            0.800949            0.002853
        1552            0.810729            0.800955          0.00285117
        1553            0.810807            0.800961          0.00284934
        1554            0.811074            0.800968          0.00284751
        1555            0.811525            0.800975          0.00284569
        1556            0.812158            0.800982          0.00284387
        1557            0.812965            0.800989          0.00284205
        1558            0.813943            0.800998          0.00284024
        1559             0.81509            0.801007          0.00283843
        1560            0.816399            0.801017          0.00283663
        1561            0.817864            0.801027          0.00283484
        1562            0.819485            0.801039          0.00283304
        1563            0.821252            0.801052          0.00283126
        1564            0.823162            0.801066          0.00282949
        1565            0.825209            0.801082          0.00282772
        1566            0.827384            0.801099          0.00282597
        1567             0.82968            0.801117          0.00282422
        1568            0.832089            0.801137          0.00282249
        1569            0.834601            0.801158          0.00282077
        1570            0.837203            0.801181          0.00281907
        1571            0.839885            0.801205          0.00281738
        1572            0.842635            0.801232          0.00281571
        1573            0.845435             0.80126          0.00281406
        1574             0.84827             0.80129          0.00281243
        1575            0.851123            0.801321          0.00281082
        1576            0.853975            0.801355          0.00280924
        1577            0.856809             0.80139          0.00280768
        1578            0.859605            0.801427          0.00280614
        1579            0.862347            0.801465          0.00280463
        1580            0.865018            0.801506          0.00280314
        1581              0.8676            0.801547          0.00280168
        1582            0.870075            0.801591          0.00280025
        1583            0.872427            0.801636          0.00279883
        1584            0.874643            0.801682          0.00279745
        1585            0.876708            0.801729          0.00279608
        1586            0.878609            0.801777          0.00279474
        1587            0.880337            0.801827          0.00279342
        1588            0.881883            0.801877          0.00279211
        1589            0.883241            0.801929          0.00279082
        1590            0.884406             0.80198          0.00278955
        1591            0.885369            0.802033          0.00278829
        1592            0.886125            0.802086          0.00278704
        1593            0.886676            0.802139           0.0027858
        1594             0.88702            0.802192          0.00278456
        1595            0.887157            0.802245          0.00278332
        1596            0.887086            0.802298          0.00278208
        1597            0.886807            0.802351          0.00278084
        1598             0.88632            0.802404           0.0027796
        1599             0.88563            0.802456          0.00277835
        1600             0.88474            0.802507          0.00277709
        1601            0.883654            0.802558          0.00277582
        1602            0.882375            0.802608          0.00277453
        1603             0.88091            0.802657          0.00277323
        1604            0.879262            0.802705          0.00277191
        1605            0.877439            0.802751          0.00277058
        1606            0.875443            0.802796          0.00276922
        1607            0.873279             0.80284          0.00276785
        1608            0.870951            0.802883          0.00276645
        1609            0.868461            0.802923          0.00276503
        1610            0.865812            0.802962          0.00276359
        1611            0.863011               0.803          0.00276212
        1612            0.860063            0.803035          0.00276064
        1613             0.85697            0.803068          0.00275913
        1614            0.853735              0.8031           0.0027576
        1615            0.850366            0.803129          0.00275605
        1616            0.846863            0.803156          0.00275447
        1617             0.84323            0.803181          0.00275288
        1618            0.839469            0.803203          0.00275127
        1619            0.835589            0.803223          0.00274964
        1620            0.831594            0.803241            0.002748
        1621             0.82749            0.803256          0.00274635
        1622            0.823287            0.803268          0.00274468
        1623            0.818991            0.803278          0.00274301
        1624            0.814609            0.803285          0.00274133
        1625            0.810152            0.803289          0.00273964
        1626            0.805631            0.803291          0.00273796
        1627            0.801058            0.803289          0.00273628
        1628            0.796446            0.803285           0.0027346
        1629            0.791811            0.803278          0.00273293
        1630            0.787167            0.803268          0.00273127
        1631            0.782526            0.803255          0.00272963
        1632            0.777903             0.80324            0.002728
        1633            0.773315            0.803221          0.00272639
        1634            0.768777              0.8032           0.0027248
        1635            0.764308            0.803177          0.00272324
        1636            0.759923             0.80315           0.0027217
        1637            0.755639            0.803121           0.0027202
        1638            0.751469             0.80309          0.00271872
        1639            0.747428            0.803056          0.00271727
        1640            0.743529            0.803019          0.00271586
        1641            0.739785            0.802981          0.00271447
        1642            0.736206             0.80294          0.00271313
        1643            0.732804            0.802897          0.00271181
        1644            0.729589            0.802853          0.00271053
        1645             0.72657            0.802807          0.00270928
        1646            0.723753            0.802758          0.00270806
        1647            0.721147            0.802709          0.00270687
        1648            0.718756            0.802658           0.0027057
        1649            0.716582            0.802606          0.00270456
        1650            0.714629            0.802552          0.00270345
        1651            0.712899            0.802498          0.00270236
        1652            0.711394            0.802443          0.00270129
        1653            0.710113            0.802387          0.00270023
        1654            0.709055            0.802331          0.00269919
        1655             0.70822            0.802274          0.00269815
        1656            0.707607            0.802217          0.00269713
        1657            0.707211            0.802159          0.00269611
        1658            0.707032            0.802102           0.0026951
        1659            0.707067            0.802045          0.00269408
        1660            0.707311            0.801988          0.00269306
        1661            0.707756            0.801931          0.00269204
        1662              0.7084            0.801875          0.00269101
        1663            0.709235            0.801819          0.00268996
        1664            0.710257            0.801764          0.00268891
        1665            0.711459             0.80171          0.00268784
        1666            0.712836            0.801656          0.00268676
        1667            0.714379            0.801604          0.00268566
        1668            0.716079            0.801553          0.00268454
        1669             0.71793            0.801503           0.0026834
        1670            0.719921            0.801454          0.00268223
        1671            0.722044            0.801406          0.00268105
        1672            0.724286             0.80136          0.00267984
        1673            0.726639            0.801315          0.00267861
        1674            0.729092            0.801272          0.00267736
        1675            0.731635            0.801231          0.00267608
        1676            0.734255            0.801191          0.00267479
        1677            0.736944            0.801152          0.00267347
        1678            0.739691            0.801116          0.00267212
        1679            0.742487            0.801081          0.00267076
        1680            0.745323            0.801048          0.00266938
        1681            0.748186            0.801016          0.00266797
        1682            0.751067            0.800987          0.00266655
        1683            0.753956            0.800959          0.00266511
        1684            0.756843            0.800932          0.00266366
        1685            0.759722            0.800908          0.00266219
        1686            0.762584            0.800885          0.00266071
        1687            0.765418            0.800864          0.00265922
        1688            0.768213            0.800845          0.00265771
        1689            0.770962            0.800827           0.0026562
        1690            0.773658            0.800811          0.00265467
        1691            0.776292            0.800797          0.00265314
        1692            0.778858            0.800784          0.00265161
        1693            0.781348            0.800772          0.00265007
        1694            0.783756            0.800762          0.00264852
        1695            0.786076            0.800753          0.00264697
        1696              0.7883            0.800746          0.00264542
        1697            0.790425             0.80074          0.00264387
        1698            0.792444            0.800735          0.00264232
        1699            0.794353            0.800731          0.00264076
        1700            0.796145            0.800729          0.00263921
        1701            0.797816            0.800727          0.00263766
        1702            0.799363            0.800726          0.00263611
        1703            0.800783            0.800726          0.00263456
        1704            0.802073            0.800727          0.00263302
        1705            0.803226            0.800728          0.00263147
        1706            0.804244            0.800731          0.00262993
        1707            0.805123            0.800733          0.00262839
        1708            0.805862            0.800736          0.00262686
        1709            0.806458            0.800739          0.00262532
        1710            0.806912            0.800743          0.00262379
        1711            0.807221            0.800747          0.00262226
        1712            0.807384            0.800751          0.00262073
        1713            0.807404            0.800755           0.0026192
        1714            0.807282            0.800758          0.00261768
        1715            0.807016            0.800762          0.00261615
        1716            0.806608            0.800765          0.00261463
        1717            0.806057            0.800769          0.00261311
        1718            0.805366            0.800771          0.00261159
        1719             0.80454            0.800773          0.00261007
        1720             0.80358            0.800775          0.00260855
        1721             0.80249            0.800776          0.00260704
        1722            0.801275            0.800776          0.00260552
        1723            0.799939            0.800776          0.00260401
        1724            0.798489            0.800775           0.0026025
        1725            0.796936            0.800772          0.00260099
        1726             0.79529            0.800769          0.00259949
        1727            0.793559            0.800765          0.00259799
        1728            0.791753             0.80076          0.00259649
        1729            0.789885            0.800753            0.002595
        1730            0.787969            0.800746          0.00259351
        1731            0.786017            0.800738          0.00259202
        1732            0.784045            0.800728          0.00259054
        1733            0.782067            0.800717          0.00258907
        1734            0.780102            0.800705           0.0025876
        1735            0.778167            0.800692          0.00258615
        1736            0.776277            0.800678          0.00258469
        1737            0.774452            0.800663          0.00258325
        1738            0.772709            0.800647          0.00258181
        1739            0.771065             0.80063          0.00258039
        1740            0.769536            0.800612          0.00257896
        1741            0.768138            0.800593          0.00257755
        1742            0.766885            0.800574          0.00257614
        1743            0.765791            0.800554          0.00257474
        1744            0.764868            0.800534          0.00257335
        1745            0.764126            0.800513          0.00257196
        1746            0.763573            0.800492          0.00257057
        1747            0.763214             0.80047          0.00256919
        1748            0.763053            0.800449          0.00256781
        1749            0.763092            0.800428          0.00256643
        1750             0.76333            0.800406          0.00256505
        1751            0.763765            0.800385          0.00256367
        1752             0.76439            0.800365          0.00256229
        1753            0.765199            0.800345          0.00256091
        1754            0.766182            0.800325          0.00255952
        1755            0.767328            0.800307          0.00255813
        1756            0.768623            0.800289          0.00255674
        1757            0.770055            0.800271          0.00255534
        1758            0.771609            0.800255          0.00255394
        1759            0.773272             0.80024          0.00255253
        1760             0.77503            0.800225          0.00255112
        1761            0.776865            0.800212          0.00254971
        1762            0.778761              0.8002          0.00254829
        1763            0.780703            0.800189          0.00254687
        1764            0.782677            0.800179          0.00254544
        1765            0.784671             0.80017          0.00254402
        1766            0.786671            0.800162          0.00254259
        1767            0.788662            0.800156          0.00254116
        1768            0.790633            0.800151          0.00253973
        1769            0.792573            0.800146          0.00253829
        1770            0.794471            0.800143          0.00253686
        1771            0.796319            0.800141          0.00253543
        1772            0.798108             0.80014            0.002534
        1773            0.799834             0.80014          0.00253257
        1774            0.801495             0.80014          0.00253114
        1775            0.803089            0.800142          0.00252972
        1776            0.804616            0.800145          0.00252829
        1777            0.806078            0.800148          0.00252687
        1778            0.807477            0.800152          0.00252546
        1779            0.808817            0.800157          0.00252404
        1780            0.810105            0.800162          0.00252263
        1781            0.811351            0.800169          0.00252122
        1782             0.81256            0.800176          0.00251982
        1783            0.813747            0.800183          0.00251841
        1784            0.814922            0.800192          0.00251702
        1785            0.816095            0.800201          0.00251562
        1786            0.817276             0.80021          0.00251423
        1787            0.818472             0.80022          0.00251285
        1788            0.819694            0.800231          0.00251146
        1789            0.820949            0.800243          0.00251009
        1790            0.822241            0.800255          0.00250871
        1791            0.823573            0.800268          0.00250735
        1792            0.824947            0.800282          0.00250599
        1793            0.826363            0.800296          0.00250463
        1794            0.827816            0.800312          0.00250328
        1795            0.829299            0.800328          0.00250194
        1796            0.830805            0.800345           0.0025006
        1797            0.832319            0.800363          0.00249927
        1798            0.833827            0.800381          0.00249795
        1799            0.835314            0.800401          0.00249664
        1800            0.836769            0.800421          0.00249534
        1801            0.838177            0.800442          0.00249404
        1802            0.839524            0.800464          0.00249275
        1803            0.840795            0.800486          0.00249147
        1804            0.841979            0.800509          0.00249019
        1805            0.843063            0.800532          0.00248892
        1806            0.844038            0.800557          0.00248766
        1807            0.844896            0.800581          0.00248641
        1808            0.845633            0.800606          0.00248516
        1809            0.846247            0.800631          0.00248391
        1810            0.846735            0.800657          0.00248267
        1811              0.8471            0.800682          0.00248143
        1812            0.847345            0.800708          0.00248019
        1813            0.847474            0.800734          0.00247896
        1814            0.847496             0.80076          0.00247773
        1815            0.847421            0.800785           0.0024765
        1816            0.847257            0.800811          0.00247526
        1817            0.847018            0.800836          0.00247403
        1818            0.846714            0.800862           0.0024728
        1819            0.846357            0.800887          0.00247157
        1820            0.845961            0.800911          0.00247033
        1821            0.845536            0.800936           0.0024691
        1822            0.845095             0.80096          0.00246786
        1823            0.844651            0.800984          0.00246663
        1824            0.844214            0.801008          0.00246539
        1825            0.843796            0.801031          0.00246415
        1826            0.843408            0.801054          0.00246291
        1827            0.843058            0.801077          0.00246167
        1828            0.842754              0.8011          0.00246043
        1829            0.842503            0.801123          0.00245918
        1830            0.842312            0.801145          0.00245794
        1831            0.842185            0.801168           0.0024567
        1832             0.84213             0.80119          0.00245546
        1833            0.842151            0.801213          0.00245423
        1834            0.842251            0.801235          0.00245299
        1835             0.84243            0.801257          0.00245176
        1836             0.84269             0.80128          0.00245052
        1837            0.843031            0.801303           0.0024493
        1838            0.843452            0.801326          0.00244807
        1839            0.843954            0.801349          0.00244685
        1840            0.844539            0.801372          0.00244563
        1841            0.845204            0.801396          0.00244442
        1842            0.845946             0.80142          0.00244321
        1843            0.846762            0.801445          0.00244201
        1844            0.847648             0.80147          0.00244081
        1845            0.848602            0.801495          0.00243963
        1846            0.849619            0.801522          0.00243844
        1847            0.850694            0.801548          0.00243727
        1848            0.851825            0.801575           0.0024361
        1849            0.853003            0.801603          0.00243494
        1850            0.854218            0.801632          0.00243379
        1851            0.855464            0.801661          0.00243265
        1852            0.856732             0.80169          0.00243152
        1853            0.858012            0.801721           0.0024304
        1854            0.859294            0.801752          0.00242928
        1855            0.860568            0.801784          0.00242818
        1856             0.86182            0.801816          0.00242709
        1857            0.863033            0.801849          0.00242601
        1858            0.864193            0.801882          0.00242493
        1859            0.865286            0.801917          0.00242387
        1860            0.866295            0.801951          0.00242281
        1861            0.867201            0.801986          0.00242176
        1862            0.867991            0.802022          0.00242072
        1863            0.868648            0.802057          0.00241969
        1864            0.869157            0.802093          0.00241866
        1865            0.869499             0.80213          0.00241763
        1866            0.869657            0.802166           0.0024166
        1867            0.869619            0.802202          0.00241558
        1868            0.869373            0.802238          0.00241455
        1869            0.868909            0.802274          0.00241353
        1870            0.868214            0.802309          0.00241249
        1871            0.867281            0.802344          0.00241145
        1872            0.866104            0.802378          0.00241041
        1873             0.86468            0.802411          0.00240935
        1874            0.863008            0.802443          0.00240828
        1875             0.86109            0.802474           0.0024072
        1876             0.85893            0.802505           0.0024061
        1877            0.856537            0.802533          0.00240499
        1878            0.853922            0.802561          0.00240387
        1879            0.851099            0.802587          0.00240273
        1880            0.848079            0.802611          0.00240157
        1881            0.844881            0.802633           0.0024004
        1882            0.841524            0.802654          0.00239921
        1883            0.838027            0.802673          0.00239801
        1884            0.834411            0.802689           0.0023968
        1885            0.830698            0.802704          0.00239557
        1886            0.826911            0.802717          0.00239434
        1887            0.823075            0.802728          0.00239309
        1888            0.819217            0.802737          0.00239184
        1889            0.815359            0.802743          0.00239059
        1890            0.811521            0.802748          0.00238933
        1891            0.807727            0.802751          0.00238806
        1892            0.803997            0.802751           0.0023868
        1893            0.800351             0.80275          0.00238554
        1894            0.796806            0.802747          0.00238428
        1895            0.793377            0.802742          0.00238303
        1896            0.790078            0.802735          0.00238178
        1897             0.78692            0.802727          0.00238054
        1898             0.78391            0.802717          0.00237931
        1899            0.781051            0.802706          0.00237808
        1900            0.778348            0.802693          0.00237687
        1901            0.775802            0.802679          0.00237566
        1902            0.773414            0.802663          0.00237446
        1903            0.771173            0.802647          0.00237327
        1904            0.769072            0.802629          0.00237209
        1905            0.767101             0.80261          0.00237092
        1906            0.765249            0.802591          0.00236975
        1907            0.763503             0.80257           0.0023686
        1908            0.761848            0.802549          0.00236745
        1909            0.760271            0.802527          0.00236632
        1910            0.758756            0.802504          0.00236519
        1911            0.757287             0.80248          0.00236407
        1912            0.755849            0.802456          0.00236296
        1913             0.75443            0.802431          0.00236186
        1914            0.753018            0.802405          0.00236076
        1915            0.751601            0.802378          0.00235968
        1916            0.750167            0.802351          0.00235861
        1917             0.74871            0.802323          0.00235754
        1918            0.747223            0.802294          0.00235649
        1919            0.745709            0.802265          0.00235544
        1920            0.744169            0.802235          0.00235441
        1921            0.742608            0.802204          0.00235339
        1922            0.741035            0.802172          0.00235238
        1923            0.739461            0.802139          0.00235138
        1924              0.7379            0.802106           0.0023504
        1925            0.736371            0.802072          0.00234943
        1926            0.734894            0.802037          0.00234846
        1927            0.733489            0.802001          0.00234752
        1928            0.732181            0.801965          0.00234658
        1929            0.730991            0.801928          0.00234565
        1930             0.72994            0.801891          0.00234473
        1931            0.729047            0.801853          0.00234382
        1932            0.728328            0.801815          0.00234292
        1933            0.727796            0.801777          0.00234202
        1934             0.72746            0.801738          0.00234112
        1935            0.727323              0.8017          0.00234023
        1936            0.727382            0.801662          0.00233933
        1937             0.72763            0.801623          0.00233844
        1938            0.728058            0.801585          0.00233754
        1939            0.728648            0.801548          0.00233664
        1940            0.729384            0.801511          0.00233573
        1941            0.730246            0.801474          0.00233481
        1942            0.731212            0.801438          0.00233389
        1943             0.73226            0.801402          0.00233296
        1944            0.733371            0.801367          0.00233202
        1945            0.734523            0.801333          0.00233108
        1946            0.735696            0.801299          0.00233012
        1947            0.736874            0.801266          0.00232916
        1948            0.738043            0.801234          0.00232819
        1949            0.739197            0.801202          0.00232722
        1950            0.740329             0.80117          0.00232623
        1951            0.741435             0.80114          0.00232524
        1952            0.742517             0.80111          0.00232424
        1953            0.743579             0.80108          0.00232324
        1954            0.744627            0.801051          0.00232223
        1955            0.745668            0.801023          0.00232122
        1956            0.746713            0.800995          0.00232019
        1957            0.747775            0.800968          0.00231917
        1958             0.74887            0.800942          0.00231814
        1959            0.750015            0.800916           0.0023171
        1960            0.751225             0.80089          0.00231606
        1961            0.752511            0.800866          0.00231501
        1962            0.753891            0.800842          0.00231395
        1963            0.755379            0.800818          0.00231289
        1964            0.756988            0.800796          0.00231182
        1965            0.758732            0.800775          0.00231074
        1966            0.760622            0.800754          0.00230965
        1967            0.762668            0.800735          0.00230856
        1968            0.764875            0.800717          0.00230746
        1969            0.767249              0.8007          0.00230635
        1970            0.769793            0.800684          0.00230523
        1971            0.772507             0.80067          0.00230411
        1972            0.775389            0.800657          0.00230298
        1973            0.778432            0.800646          0.00230184
        1974             0.78163            0.800636          0.00230069
        1975            0.784973            0.800628          0.00229954
        1976            0.788451            0.800622          0.00229838
        1977            0.792045            0.800618          0.00229722
        1978            0.795739            0.800615          0.00229606
        1979            0.799514            0.800615           0.0022949
        1980            0.803348            0.800616          0.00229375
        1981             0.80722            0.800619          0.00229259
        1982            0.811106            0.800625          0.00229144
        1983             0.81498            0.800632           0.0022903
        1984            0.818816            0.800641          0.00228916
        1985            0.822592            0.800652          0.00228803
        1986            0.826282            0.800665          0.00228692
        1987            0.829861             0.80068          0.00228581
        1988            0.833308            0.800696          0.00228472
        1989            0.836602            0.800714          0.00228365
        1990            0.839721            0.800734          0.00228258
        1991            0.842647            0.800755          0.00228153
        1992            0.845359            0.800777           0.0022805
        1993            0.847842            0.800801          0.00227948
        1994            0.850082            0.800825          0.00227847
        1995            0.852062            0.800851          0.00227747
        1996            0.853771            0.800878          0.00227648
        1997            0.855198            0.800905           0.0022755
        1998            0.856335            0.800933          0.00227453
        1999            0.857177            0.800961          0.00227357
        2000            0.857722            0.800989          0.00227261
        2001            0.857967            0.801018          0.00227165
        2002             0.85791            0.801046           0.0022707
        2003            0.857551            0.801074          0.00226974
        2004             0.85689            0.801102          0.00226878
        2005            0.855931            0.801129          0.00226781
        2006            0.854677            0.801156          0.00226684
        2007            0.853137            0.801182          0.00226585
        2008             0.85132            0.801207          0.00226486
        2009            0.849234            0.801231          0.00226386
        2010            0.846889            0.801254          0.00226285
        2011            0.844297            0.801275          0.00226183
        2012            0.841474            0.801295          0.00226079
        2013            0.838431            0.801313          0.00225974
        2014            0.835185             0.80133          0.00225868
        2015            0.831757            0.801345          0.00225761
        2016            0.828165            0.801359          0.00225653
        2017            0.824433             0.80137          0.00225544
        2018             0.82058             0.80138          0.00225434
        2019            0.816632            0.801387          0.00225324
        2020            0.812615            0.801393          0.00225213
        2021            0.808554            0.801396          0.00225102
        2022            0.804476            0.801398          0.00224991
        2023            0.800408            0.801397           0.0022488
        2024            0.796377            0.801395          0.00224769
        2025            0.792412             0.80139          0.00224658
        2026            0.788539            0.801384          0.00224548
        2027            0.784785            0.801376          0.00224439
        2028            0.781173            0.801366           0.0022433
        2029            0.777728            0.801354          0.00224223
        2030            0.774476            0.801341          0.00224116
        2031             0.77144            0.801326          0.00224011
        2032            0.768638             0.80131          0.00223906
        2033            0.766086            0.801293          0.00223803
        2034            0.763803            0.801274            0.002237
        2035              0.7618            0.801255          0.00223599
        2036            0.760089            0.801235          0.00223498
        2037            0.758678            0.801214          0.00223398
        2038            0.757577            0.801193          0.00223299
        2039            0.756789            0.801171            0.002232
        2040            0.756317            0.801149          0.00223101
        2041             0.75616            0.801127          0.00223003
        2042            0.756317            0.801105          0.00222905
        2043            0.756781            0.801083          0.00222806
        2044            0.757547            0.801062          0.00222707
        2045            0.758605            0.801041          0.00222608
        2046            0.759942            0.801021          0.00222508
        2047            0.761548            0.801002          0.00222408
        2048            0.763408            0.800983          0.00222307
        2049            0.765506            0.800966          0.00222205
        2050            0.767824             0.80095          0.00222103
        2051            0.770343            0.800935          0.00221999
        2052            0.773043            0.800921          0.00221895
        2053            0.775902            0.800909          0.00221791
        2054            0.778898            0.800898          0.00221685
        2055             0.78201            0.800889          0.00221579
        2056            0.785216            0.800882          0.00221473
        2057            0.788493            0.800876          0.00221366
        2058            0.791815            0.800871          0.00221259
        2059            0.795159            0.800868          0.00221151
        2060            0.798501            0.800867          0.00221044
        2061             0.80182            0.800868          0.00220937
        2062            0.805093             0.80087           0.0022083
        2063            0.808298            0.800873          0.00220723
        2064            0.811412            0.800878          0.00220617
        2065            0.814415            0.800885          0.00220511
        2066            0.817289            0.800893          0.00220406
        2067            0.820018            0.800902          0.00220301
        2068            0.822583            0.800913          0.00220197
        2069            0.824966            0.800924          0.00220094
        2070            0.827155            0.800937          0.00219991
        2071            0.829136            0.800951          0.00219889
        2072              0.8309            0.800965          0.00219787
        2073            0.832434             0.80098          0.00219687
        2074            0.833728            0.800996          0.00219586
        2075            0.834778            0.801012          0.00219487
        2076            0.835576            0.801029          0.00219387
        2077            0.836118            0.801046          0.00219288
        2078            0.836401            0.801063          0.00219189
        2079            0.836427             0.80108           0.0021909
        2080            0.836196            0.801097          0.00218992
        2081            0.835713            0.801113          0.00218893
        2082            0.834982             0.80113          0.00218794
        2083            0.834008            0.801145          0.00218694
        2084            0.832801            0.801161          0.00218595
        2085            0.831372            0.801175          0.00218494
        2086             0.82973            0.801189          0.00218394
        2087            0.827885            0.801202          0.00218293
        2088            0.825857            0.801213          0.00218192
        2089            0.823657            0.801224           0.0021809
        2090            0.821303            0.801234          0.00217988
        2091            0.818812            0.801242          0.00217885
        2092            0.816205            0.801249          0.00217782
        2093            0.813501            0.801255          0.00217679
        2094            0.810719             0.80126          0.00217575
        2095            0.807883            0.801263          0.00217472
        2096            0.805014            0.801265          0.00217368
        2097            0.802135            0.801265          0.00217264
        2098             0.79927            0.801264          0.00217161
        2099            0.796444            0.801262          0.00217058
        2100            0.793676            0.801258          0.00216954
        2101            0.790991            0.801253          0.00216852
        2102            0.788413            0.801247          0.00216749
        2103            0.785961             0.80124          0.00216648
        2104            0.783655            0.801232          0.00216546
        2105            0.781516            0.801222          0.00216445
        2106             0.77956            0.801212          0.00216345
        2107            0.777801            0.801201          0.00216245
        2108            0.776251            0.801189          0.00216146
        2109            0.774922            0.801177          0.00216047
        2110             0.77382            0.801164          0.00215948
        2111            0.772952             0.80115           0.0021585
        2112            0.772323            0.801137          0.00215752
        2113            0.771931            0.801123          0.00215655
        2114            0.771774            0.801109          0.00215557
        2115            0.771852            0.801095           0.0021546
        2116            0.772158            0.801081          0.00215362
        2117            0.772686            0.801068          0.00215265
        2118            0.773428            0.801055          0.00215167
        2119            0.774375            0.801042          0.00215069
        2120            0.775517             0.80103          0.00214971
        2121            0.776844            0.801019          0.00214873
        2122            0.778345            0.801008          0.00214774
        2123             0.78001            0.800998          0.00214675
        2124            0.781828            0.800989          0.00214576
        2125            0.783786            0.800981          0.00214477
        2126             0.78587            0.800974          0.00214377
        2127            0.788071            0.800968          0.00214277
        2128            0.790376            0.800963          0.00214177
        2129            0.792779            0.800959          0.00214077
        2130            0.795271            0.800956          0.00213976
        2131            0.797843            0.800955          0.00213876
        2132            0.800486            0.800955          0.00213776
        2133            0.803191            0.800956          0.00213675
        2134            0.805946            0.800958          0.00213575
        2135             0.80874            0.800962          0.00213476
        2136            0.811564            0.800967          0.00213376
        2137            0.814409            0.800973          0.00213277
        2138            0.817265            0.800981          0.00213179
        2139            0.820124             0.80099          0.00213081
        2140            0.822977               0.801          0.00212984
        2141            0.825816            0.801011          0.00212888
        2142            0.828632            0.801024          0.00212792
        2143            0.831418            0.801039          0.00212698
        2144            0.834163            0.801054          0.00212604
        2145            0.836861            0.801071          0.00212512
        2146            0.839503            0.801089           0.0021242
        2147             0.84208            0.801108           0.0021233
        2148            0.844585            0.801128          0.00212241
        2149            0.847014            0.801149          0.00212153
        2150            0.849364            0.801172          0.00212066
        2151            0.851628            0.801195           0.0021198
        2152            0.853801             0.80122          0.00211896
        2153            0.855881            0.801245          0.00211812
        2154            0.857866            0.801271           0.0021173
        2155            0.859753            0.801298           0.0021165
        2156            0.861545            0.801326           0.0021157
        2157            0.863243            0.801355          0.00211491
        2158            0.864848            0.801385          0.00211414
        2159            0.866364            0.801415          0.00211337
        2160            0.867796            0.801445          0.00211262
        2161            0.869144            0.801477          0.00211187
        2162            0.870413            0.801509          0.00211114
        2163            0.871604            0.801541          0.00211041
        2164            0.872725            0.801574          0.00210969
        2165            0.873781            0.801607          0.00210898
        2166            0.874773            0.801641          0.00210828
        2167            0.875708            0.801675          0.00210758
        2168             0.87659             0.80171          0.00210689
        2169            0.877424            0.801745          0.00210621
        2170            0.878216             0.80178          0.00210553
        2171            0.878969            0.801815          0.00210486
        2172            0.879685            0.801851           0.0021042
        2173            0.880367            0.801887          0.00210354
        2174             0.88102            0.801924          0.00210289
        2175            0.881647             0.80196          0.00210224
        2176            0.882246            0.801997           0.0021016
        2177            0.882818            0.802034          0.00210096
        2178            0.883369            0.802072          0.00210033
        2179            0.883898            0.802109           0.0020997
        2180            0.884401            0.802147          0.00209908
        2181            0.884881            0.802185          0.00209846
        2182            0.885336            0.802223          0.00209784
        2183            0.885765            0.802261          0.00209723
        2184             0.88617              0.8023          0.00209662
        2185            0.886549            0.802338          0.00209602
        2186            0.886902            0.802377          0.00209541
        2187            0.887221            0.802416          0.00209481
        2188            0.887502            0.802455          0.00209422
        2189            0.887741            0.802494          0.00209362
        2190            0.887932            0.802533          0.00209303
        2191            0.888069            0.802572          0.00209244
        2192            0.888139            0.802611          0.00209185
        2193            0.888134             0.80265          0.00209126
        2194            0.888042            0.802689          0.00209067
        2195            0.887849            0.802728          0.00209008
        2196            0.887544            0.802766          0.00208948
        2197            0.887112            0.802805          0.00208888
        2198            0.886539            0.802843          0.00208828
        2199            0.885811             0.80288          0.00208767
        2200             0.88491            0.802918          0.00208705
        2201             0.88382            0.802954          0.00208643
        2202            0.882522            0.802991           0.0020858
        2203               0.881            0.803026          0.00208515
        2204            0.879239            0.803061          0.00208449
        2205             0.87723            0.803094          0.00208382
        2206            0.874957            0.803127          0.00208313
        2207            0.872412            0.803158          0.00208242
        2208            0.869588            0.803188          0.00208169
        2209            0.866481            0.803217          0.00208095
        2210            0.863085            0.803244          0.00208018
        2211            0.859399            0.803269           0.0020794
        2212            0.855424            0.803293          0.00207859
        2213            0.851162            0.803315          0.00207776
        2214            0.846622            0.803334          0.00207692
        2215            0.841816            0.803352          0.00207605
        2216            0.836758            0.803367          0.00207517
        2217            0.831461            0.803379          0.00207427
        2218             0.82594            0.803389          0.00207336
        2219            0.820218            0.803397          0.00207244
        2220            0.814318            0.803402          0.00207151
        2221            0.808263            0.803404          0.00207058
        2222            0.802082            0.803404          0.00206965
        2223            0.795801              0.8034          0.00206872
        2224            0.789447            0.803394           0.0020678
        2225            0.783053            0.803385          0.00206689
        2226            0.776651            0.803373            0.002066
        2227            0.770273            0.803358          0.00206512
        2228            0.763952             0.80334          0.00206427
        2229            0.757724             0.80332          0.00206345
        2230            0.751623            0.803297          0.00206265
        2231            0.745682            0.803271          0.00206189
        2232            0.739937            0.803242          0.00206116
        2233            0.734419            0.803211          0.00206047
        2234            0.729161            0.803178          0.00205981
        2235            0.724198            0.803143           0.0020592
        2236            0.719557            0.803106          0.00205861
        2237            0.715266            0.803066          0.00205807
        2238            0.711348            0.803025          0.00205756
        2239            0.707822            0.802983          0.00205708
        2240            0.704708            0.802939          0.00205663
        2241             0.70202            0.802894           0.0020562
        2242            0.699771            0.802848           0.0020558
        2243             0.69797            0.802801          0.00205541
        2244            0.696618            0.802754          0.00205504
        2245            0.695717            0.802706          0.00205468
        2246            0.695261            0.802658          0.00205432
        2247            0.695243            0.802611          0.00205396
        2248            0.695652            0.802563           0.0020536
        2249            0.696479            0.802516          0.00205323
        2250            0.697708            0.802469          0.00205285
        2251             0.69932            0.802423          0.00205245
        2252            0.701297            0.802378          0.00205203
        2253            0.703613            0.802335          0.00205158
        2254            0.706249            0.802292          0.00205112
        2255             0.70918            0.802251          0.00205062
        2256             0.71238            0.802211           0.0020501
        2257            0.715822            0.802173          0.00204955
        2258            0.719478            0.802136          0.00204897
        2259            0.723322            0.802101          0.00204836
        2260             0.72733            0.802068          0.00204772
        2261            0.731473            0.802037          0.00204705
        2262            0.735727            0.802007          0.00204636
        2263            0.740068             0.80198          0.00204563
        2264             0.74447            0.801955          0.00204489
        2265            0.748907            0.801931          0.00204412
        2266            0.753355             0.80191          0.00204333
        2267             0.75779             0.80189          0.00204252
        2268            0.762193            0.801873           0.0020417
        2269            0.766543            0.801857          0.00204086
        2270            0.770818            0.801844             0.00204
        2271               0.775            0.801832          0.00203914
        2272            0.779068            0.801822          0.00203827
        2273            0.783008            0.801814          0.00203739
        2274            0.786807            0.801807           0.0020365
        2275            0.790448            0.801802          0.00203561
        2276            0.793915            0.801798          0.00203472
        2277              0.7972            0.801796          0.00203383
        2278            0.800293            0.801796          0.00203293
        2279            0.803186            0.801796          0.00203204
        2280            0.805871            0.801798          0.00203115
        2281            0.808342            0.801801          0.00203026
        2282            0.810593            0.801805          0.00202938
        2283            0.812621             0.80181          0.00202849
        2284            0.814423            0.801815          0.00202761
        2285               0.816            0.801821          0.00202674
        2286            0.817353            0.801828          0.00202586
        2287            0.818482            0.801835          0.00202499
        2288             0.81939            0.801843          0.00202412
        2289            0.820083            0.801851          0.00202325
        2290            0.820566            0.801859          0.00202238
        2291            0.820842            0.801868          0.00202152
        2292            0.820921            0.801876          0.00202065
        2293            0.820812            0.801884          0.00201979
        2294            0.820526            0.801892          0.00201892
        2295            0.820068              0.8019          0.00201806
        2296            0.819449            0.801908          0.00201719
        2297            0.818681            0.801915          0.00201633
        2298            0.817768            0.801922          0.00201546
        2299            0.816718            0.801928           0.0020146
        2300            0.815541            0.801934          0.00201373
        2301            0.814249             0.80194          0.00201286
        2302            0.812854            0.801944          0.00201199
        2303            0.811365            0.801949          0.00201112
        2304            0.809791            0.801952          0.00201025
        2305            0.808145            0.801955          0.00200938
        2306            0.806438            0.801957          0.00200851
        2307            0.804681            0.801958          0.00200764
        2308            0.802885            0.801958          0.00200677
        2309            0.801059            0.801958           0.0020059
        2310            0.799216            0.801957          0.00200504
        2311            0.797368            0.801955          0.00200417
        2312            0.795526            0.801952           0.0020033
        2313            0.793699            0.801948          0.00200244
        2314              0.7919            0.801944          0.00200158
        2315            0.790139            0.801939          0.00200072
        2316            0.788425            0.801933          0.00199987
        2317            0.786768            0.801926          0.00199901
        2318            0.785177            0.801919          0.00199816
        2319            0.783663            0.801911          0.00199732
        2320            0.782234            0.801903          0.00199648
        2321            0.780898            0.801894          0.00199564
        2322            0.779661            0.801884           0.0019948
        2323            0.778527            0.801874          0.00199397
        2324              0.7775            0.801864          0.00199314
        2325            0.776583            0.801853          0.00199231
        2326             0.77578            0.801842          0.00199148
        2327             0.77509             0.80183          0.00199066
        2328            0.774515            0.801818          0.00198984
        2329             0.77405            0.801806          0.00198902
        2330            0.773695            0.801794           0.0019882
        2331            0.773446            0.801782          0.00198739
        2332            0.773302             0.80177          0.00198657
        2333            0.773255            0.801758          0.00198576
        2334            0.773299            0.801746          0.00198495
        2335            0.773431            0.801733          0.00198413
        2336            0.773643            0.801721          0.00198332
        2337            0.773925             0.80171          0.00198251
        2338            0.774269            0.801698          0.00198169
        2339            0.774666            0.801686          0.00198088
        2340            0.775108            0.801675          0.00198007
        2341            0.775585            0.801664          0.00197925
        2342            0.776089            0.801653          0.00197844
        2343            0.776609            0.801642          0.00197762
        2344            0.777137            0.801632          0.00197681
        2345            0.777663            0.801621          0.00197599
        2346            0.778181            0.801611          0.00197517
        2347            0.778681            0.801602          0.00197436
        2348            0.779157            0.801592          0.00197354
        2349              0.7796            0.801583          0.00197272
        2350            0.780007            0.801574           0.0019719
        2351            0.780369            0.801565          0.00197108
        2352            0.780682            0.801556          0.00197027
        2353            0.780945            0.801547          0.00196945
        2354            0.781153            0.801538          0.00196863
        2355            0.781307             0.80153          0.00196781
        2356            0.781402            0.801521            0.001967
        2357            0.781438            0.801513          0.00196618
        2358            0.781416            0.801504          0.00196536
        2359            0.781339            0.801496          0.00196455
        2360            0.781212            0.801487          0.00196374
        2361            0.781039            0.801478          0.00196292
        2362             0.78083             0.80147          0.00196211
        2363            0.780587            0.801461           0.0019613
        2364            0.780317            0.801452          0.00196049
        2365            0.780029            0.801443          0.00195968
        2366            0.779735            0.801434          0.00195888
        2367            0.779444            0.801424          0.00195807
        2368            0.779168            0.801415          0.00195727
        2369            0.778923            0.801405          0.00195646
        2370            0.778718            0.801396          0.00195566
        2371            0.778568            0.801386          0.00195486
        2372            0.778487            0.801377          0.00195406
        2373            0.778483            0.801367          0.00195326
        2374            0.778572            0.801357          0.00195246
        2375            0.778768            0.801348          0.00195166
        2376            0.779083            0.801338          0.00195086
        2377             0.77953            0.801329          0.00195006
        2378            0.780122             0.80132          0.00194927
        2379            0.780869            0.801312          0.00194846
        2380            0.781779            0.801303          0.00194766
        2381            0.782859            0.801296          0.00194686
        2382            0.784116            0.801289          0.00194606
        2383            0.785556            0.801282          0.00194525
        2384            0.787181            0.801276          0.00194444
        2385            0.788989            0.801271          0.00194364
        2386             0.79098            0.801267          0.00194283
        2387            0.793156            0.801263          0.00194202
        2388            0.795514            0.801261           0.0019412
        2389            0.798049            0.801259          0.00194039
        2390            0.800753            0.801259          0.00193958
        2391            0.803613             0.80126          0.00193877
        2392            0.806618            0.801262          0.00193796
        2393            0.809755            0.801266          0.00193715
        2394            0.813007            0.801271          0.00193635
        2395            0.816359            0.801277          0.00193555
        2396            0.819793            0.801285          0.00193476
        2397            0.823297            0.801294          0.00193397
        2398            0.826852            0.801305           0.0019332
        2399            0.830435            0.801317          0.00193243
        2400            0.834029            0.801331          0.00193167
        2401            0.837615            0.801346          0.00193093
        2402            0.841174            0.801362          0.00193019
        2403            0.844685             0.80138          0.00192947
        2404            0.848129              0.8014          0.00192877
        2405            0.851488            0.801421          0.00192808
        2406            0.854745            0.801443          0.00192741
        2407            0.857881            0.801466          0.00192675
        2408            0.860882            0.801491          0.00192611
        2409            0.863732            0.801517          0.00192548
        2410            0.866416            0.801544          0.00192487
        2411             0.86892            0.801572          0.00192427
        2412            0.871233              0.8016          0.00192369
        2413            0.873344             0.80163          0.00192313
        2414            0.875245            0.801661          0.00192257
        2415            0.876926            0.801692          0.00192203
        2416            0.878382            0.801724          0.00192149
        2417            0.879608            0.801756          0.00192097
        2418            0.880601            0.801788          0.00192045
        2419             0.88136            0.801821          0.00191994
        2420            0.881883            0.801854          0.00191943
        2421             0.88217            0.801888          0.00191892
        2422             0.88222            0.801921          0.00191842
        2423            0.882036            0.801954          0.00191791
        2424            0.881619            0.801987           0.0019174
        2425            0.880971            0.802019          0.00191689
        2426            0.880096            0.802051          0.00191637
        2427            0.878997            0.802083          0.00191584
        2428            0.877682            0.802114           0.0019153
        2429            0.876159            0.802145          0.00191476
        2430            0.874436            0.802174           0.0019142
        2431             0.87252            0.802203          0.00191363
        2432            0.870415            0.802231          0.00191305
        2433            0.868134            0.802258          0.00191246
        2434            0.865685            0.802285          0.00191185
        2435            0.863076             0.80231          0.00191123
        2436            0.860317            0.802333          0.00191059
        2437            0.857418            0.802356          0.00190994
        2438            0.854389            0.802377          0.00190928
        2439            0.851241            0.802397           0.0019086
        2440            0.847986            0.802416          0.00190791
        2441            0.844634            0.802433           0.0019072
        2442            0.841201            0.802449          0.00190649
        2443              0.8377            0.802464          0.00190576
        2444            0.834143            0.802477          0.00190503
        2445            0.830542            0.802488          0.00190428
        2446            0.826909            0.802498          0.00190353
        2447             0.82326            0.802507          0.00190277
        2448             0.81961            0.802513          0.00190201
        2449            0.815975            0.802519          0.00190124
        2450            0.812368            0.802523          0.00190047
        2451            0.808804            0.802526          0.00189969
        2452            0.805298            0.802527          0.00189892
        2453            0.801869            0.802526          0.00189815
        2454            0.798534            0.802525          0.00189737
        2455            0.795307            0.802522           0.0018966
        2456            0.792205            0.802518          0.00189583
        2457            0.789242            0.802512          0.00189507
        2458            0.786432            0.802506          0.00189431
        2459            0.783789            0.802498          0.00189356
        2460            0.781324             0.80249          0.00189281
        2461            0.779047             0.80248          0.00189206
        2462             0.77697             0.80247          0.00189132
        2463            0.775103            0.802459          0.00189058
        2464             0.77345            0.802447          0.00188985
        2465            0.772018            0.802434          0.00188913
        2466            0.770811            0.802422          0.00188841
        2467             0.76983            0.802408          0.00188769
        2468            0.769075            0.802395          0.00188697
        2469            0.768546            0.802381          0.00188625
        2470             0.76824            0.802367          0.00188554
        2471            0.768154            0.802353          0.00188483
        2472             0.76828             0.80234          0.00188412
        2473             0.76861            0.802326          0.00188341
        2474            0.769137            0.802313          0.00188269
        2475             0.76985              0.8023          0.00188198
        2476            0.770736            0.802287          0.00188126
        2477            0.771781            0.802274          0.00188054
        2478            0.772977            0.802263          0.00187982
        2479            0.774311            0.802251          0.00187909
        2480            0.775766            0.802241          0.00187837
        2481             0.77733            0.802231          0.00187764
        2482            0.778991            0.802221           0.0018769
        2483             0.78074            0.802213          0.00187617
        2484            0.782561            0.802205          0.00187543
        2485            0.784441            0.802198          0.00187469
        2486            0.786367            0.802191          0.00187394
        2487            0.788323            0.802186           0.0018732
        2488            0.790299            0.802181          0.00187245
        2489            0.792283            0.802177           0.0018717
        2490            0.794264            0.802174          0.00187096
        2491            0.796231            0.802171          0.00187021
        2492            0.798174             0.80217          0.00186946
        2493            0.800087            0.802169          0.00186871
        2494            0.801958            0.802169          0.00186796
        2495            0.803778            0.802169          0.00186721
        2496            0.805541            0.802171          0.00186646
        2497             0.80724            0.802173          0.00186571
        2498            0.808869            0.802175          0.00186497
        2499            0.810426            0.802179          0.00186423
        2500            0.811909            0.802183          0.00186348
        2501            0.813315            0.802187          0.00186274
        2502            0.814642            0.802192          0.00186201
        2503             0.81589            0.802198          0.00186127
        2504             0.81706            0.802204          0.00186054
        2505            0.818156             0.80221          0.00185981
        2506            0.819178            0.802217          0.00185908
        2507            0.820133            0.802224          0.00185835
        2508            0.821025            0.802231          0.00185762
        2509             0.82186            0.802239           0.0018569
        2510            0.822641            0.802247          0.00185618
        2511            0.823375            0.802256          0.00185546
        2512            0.824063            0.802264          0.00185474
        2513            0.824707            0.802273          0.00185402
        2514            0.825312            0.802282          0.00185331
        2515            0.825879            0.802292          0.00185259
        2516            0.826407            0.802301          0.00185188
        2517            0.826893            0.802311          0.00185117
        2518            0.827337            0.802321          0.00185046
        2519            0.827737            0.802331          0.00184976
        2520             0.82809            0.802341          0.00184905
        2521             0.82839            0.802352          0.00184835
        2522            0.828629            0.802362          0.00184764
        2523            0.828798            0.802373          0.00184694
        2524             0.82889            0.802383          0.00184624
        2525            0.828897            0.802394          0.00184554
        2526            0.828812            0.802404          0.00184484
        2527            0.828627            0.802414          0.00184413
        2528            0.828334            0.802425          0.00184343
        2529            0.827922            0.802435          0.00184273
        2530            0.827383            0.802445          0.00184203
        2531             0.82671            0.802454          0.00184133
        2532            0.825896            0.802464          0.00184062
        2533            0.824938            0.802472          0.00183992
        2534            0.823833            0.802481          0.00183921
        2535            0.822578            0.802489           0.0018385
        2536            0.821172            0.802496          0.00183779
        2537            0.819618            0.802503          0.00183708
        2538            0.817922            0.802509          0.00183637
        2539            0.816087            0.802514          0.00183565
        2540            0.814119            0.802519          0.00183493
        2541            0.812027            0.802523          0.00183422
        2542            0.809824            0.802525           0.0018335
        2543            0.807521            0.802527          0.00183278
        2544            0.805131            0.802528          0.00183206
        2545            0.802664            0.802529          0.00183134
        2546            0.800138            0.802528          0.00183062
        2547            0.797567            0.802526           0.0018299
        2548            0.794965            0.802523          0.00182918
        2549            0.792349            0.802519          0.00182847
        2550            0.789735            0.802514          0.00182776
        2551             0.78714            0.802508          0.00182705
        2552            0.784579            0.802501          0.00182635
        2553            0.782067            0.802493          0.00182565
        2554            0.779617            0.802484          0.00182496
        2555            0.777242            0.802474          0.00182427
        2556            0.774954            0.802463          0.00182359
        2557            0.772762            0.802451          0.00182292
        2558            0.770674            0.802439          0.00182225
        2559              0.7687            0.802426          0.00182158
        2560            0.766846            0.802412          0.00182092
        2561            0.765111            0.802397          0.00182027
        2562            0.763497            0.802382          0.00181962
        2563            0.762006            0.802366          0.00181898
        2564            0.760638             0.80235          0.00181834
        2565            0.759389            0.802333          0.00181771
        2566             0.75826            0.802316          0.00181709
        2567            0.757246            0.802299          0.00181646
        2568            0.756343            0.802281          0.00181584
        2569            0.755546            0.802263          0.00181523
        2570            0.754851            0.802244          0.00181461
        2571            0.754251            0.802225            0.001814
        2572            0.753742            0.802207           0.0018134
        2573             0.75332            0.802188          0.00181279
        2574             0.75298            0.802168          0.00181219
        2575            0.752718            0.802149          0.00181159
        2576            0.752534             0.80213          0.00181099
        2577            0.752425            0.802111          0.00181039
        2578            0.752387            0.802091          0.00180979
        2579             0.75242            0.802072          0.00180919
        2580            0.752524            0.802053          0.00180859
        2581              0.7527            0.802034          0.00180799
        2582            0.752949            0.802015          0.00180739
        2583            0.753272            0.801996          0.00180679
        2584            0.753669            0.801977          0.00180618
        2585            0.754146            0.801959          0.00180558
        2586            0.754704             0.80194          0.00180497
        2587            0.755345            0.801922          0.00180437
        2588            0.756074            0.801905          0.00180376
        2589            0.756891            0.801887          0.00180314
        2590            0.757798             0.80187          0.00180253
        2591              0.7588            0.801854          0.00180191
        2592              0.7599            0.801838          0.00180129
        2593              0.7611            0.801822          0.00180066
        2594            0.762401            0.801807          0.00180003
        2595            0.763807            0.801792           0.0017994
        2596            0.765316            0.801778          0.00179876
        2597            0.766929            0.801765          0.00179811
        2598            0.768649            0.801752          0.00179747
        2599            0.770475             0.80174          0.00179682
        2600            0.772411            0.801728          0.00179616
        2601            0.774456            0.801718           0.0017955
        2602            0.776614            0.801708          0.00179484
        2603            0.778884              0.8017          0.00179417
        2604            0.781263            0.801692           0.0017935
        2605            0.783749            0.801685          0.00179282
        2606            0.786338            0.801679          0.00179214
        2607             0.78903            0.801674          0.00179146
        2608             0.79182             0.80167          0.00179078
        2609            0.794704            0.801668           0.0017901
        2610            0.797679            0.801666          0.00178941
        2611            0.800736            0.801666          0.00178872
        2612            0.803869            0.801667          0.00178804
        2613            0.807068            0.801669          0.00178736
        2614            0.810326            0.801672          0.00178668
        2615            0.813634            0.801677            0.001786
        2616            0.816982            0.801682          0.00178533
        2617            0.820359             0.80169          0.00178466
        2618            0.823753            0.801698            0.001784
        2619            0.827155            0.801708          0.00178334
        2620            0.830551            0.801719          0.00178269
        2621            0.833931            0.801731          0.00178206
        2622            0.837282            0.801745          0.00178143
        2623            0.840592            0.801759          0.00178081
        2624            0.843846            0.801775           0.0017802
        2625             0.84703            0.801793          0.00177961
        2626            0.850129            0.801811          0.00177903
        2627            0.853128            0.801831          0.00177846
        2628            0.856013            0.801851           0.0017779
        2629             0.85877            0.801873          0.00177736
        2630            0.861387            0.801895          0.00177682
        2631             0.86385            0.801919           0.0017763
        2632            0.866149            0.801943           0.0017758
        2633            0.868266            0.801969           0.0017753
        2634            0.870193            0.801994          0.00177482
        2635            0.871915            0.802021          0.00177434
        2636            0.873422            0.802048          0.00177388
        2637            0.874705            0.802076          0.00177342
        2638            0.875758            0.802104          0.00177296
        2639             0.87657            0.802132          0.00177252
        2640            0.877131             0.80216          0.00177207
        2641            0.877434            0.802189          0.00177163
        2642            0.877476            0.802217          0.00177119
        2643            0.877254            0.802246          0.00177075
        2644            0.876765            0.802274           0.0017703
        2645            0.876009            0.802302          0.00176985
        2646            0.874985            0.802329           0.0017694
        2647            0.873695            0.802356          0.00176893
        2648            0.872146            0.802382          0.00176846
        2649            0.870344            0.802408          0.00176798
        2650            0.868293            0.802433          0.00176749
        2651            0.866003            0.802457          0.00176698
        2652            0.863483             0.80248          0.00176647
        2653            0.860743            0.802502          0.00176594
        2654            0.857796            0.802523           0.0017654
        2655            0.854651            0.802542          0.00176484
        2656            0.851322            0.802561          0.00176427
        2657            0.847826            0.802578          0.00176369
        2658            0.844178            0.802593          0.00176309
        2659            0.840392            0.802608          0.00176249
        2660            0.836485             0.80262          0.00176187
        2661            0.832475            0.802632          0.00176125
        2662            0.828376            0.802641          0.00176061
        2663            0.824207            0.802649          0.00175997
        2664            0.819986            0.802656          0.00175932
        2665            0.815734            0.802661          0.00175867
        2666            0.811469            0.802664          0.00175801
        2667            0.807208            0.802666          0.00175735
        2668            0.802967            0.802666          0.00175669
        2669            0.798763            0.802664          0.00175604
        2670            0.794616            0.802661          0.00175538
        2671            0.790544            0.802657          0.00175473
        2672            0.786563            0.802651          0.00175408
        2673             0.78269            0.802643          0.00175344
        2674            0.778937            0.802635          0.00175281
        2675            0.775317            0.802624          0.00175218
        2676             0.77184            0.802613          0.00175157
        2677            0.768518              0.8026          0.00175096
        2678             0.76536            0.802586          0.00175036
        2679            0.762377            0.802571          0.00174977
        2680            0.759572            0.802555          0.00174919
        2681            0.756952            0.802538          0.00174862
        2682            0.754521             0.80252          0.00174806
        2683            0.752281            0.802502          0.00174751
        2684            0.750234            0.802482          0.00174697
        2685             0.74838            0.802462          0.00174643
        2686            0.746718            0.802441          0.00174591
        2687            0.745243             0.80242          0.00174539
        2688            0.743954            0.802398          0.00174487
        2689            0.742845            0.802376          0.00174436
        2690            0.741913            0.802353          0.00174386
        2691            0.741153            0.802331          0.00174336
        2692            0.740559            0.802308          0.00174286
        2693            0.740125            0.802285          0.00174237
        2694            0.739845            0.802262          0.00174188
        2695            0.739714            0.802238          0.00174139
        2696            0.739729            0.802215          0.00174089
        2697            0.739886            0.802192           0.0017404
        2698            0.740179            0.802169          0.00173991
        2699            0.740604            0.802146          0.00173941
        2700            0.741158            0.802124          0.00173892
        2701            0.741839            0.802101          0.00173842
        2702            0.742645            0.802079          0.00173791
        2703            0.743571            0.802058           0.0017374
        2704            0.744614            0.802036          0.00173689
        2705            0.745773            0.802016          0.00173637
        2706            0.747048            0.801995          0.00173585
        2707            0.748436            0.801976          0.00173532
        2708            0.749934            0.801956          0.00173479
        2709            0.751541            0.801938          0.00173425
        2710            0.753255             0.80192           0.0017337
        2711            0.755074            0.801902          0.00173315
        2712            0.756995            0.801886          0.00173259
        2713            0.759015             0.80187          0.00173202
        2714            0.761129            0.801855          0.00173145
        2715            0.763335            0.801841          0.00173087
        2716            0.765627            0.801828          0.00173028
        2717            0.768001            0.801815          0.00172969
        2718            0.770453            0.801804          0.00172909
        2719            0.772976            0.801793          0.00172849
        2720            0.775564            0.801783          0.00172788
        2721             0.77821            0.801775          0.00172727
        2722            0.780907            0.801767          0.00172665
        2723            0.783648             0.80176          0.00172603
        2724            0.786423            0.801755           0.0017254
        2725            0.789225             0.80175          0.00172478
        2726            0.792046            0.801747          0.00172415
        2727            0.794877            0.801744          0.00172352
        2728            0.797709            0.801743          0.00172288
        2729             0.80053            0.801742          0.00172225
        2730            0.803332            0.801743          0.00172162
        2731            0.806105            0.801744          0.00172099
        2732             0.80884            0.801747          0.00172037
        2733            0.811524             0.80175          0.00171974
        2734             0.81415            0.801755          0.00171912
        2735            0.816706             0.80176           0.0017185
        2736            0.819181            0.801767          0.00171788
        2737            0.821564            0.801774          0.00171727
        2738            0.823845            0.801782          0.00171666
        2739            0.826014            0.801791          0.00171606
        2740             0.82806            0.801801          0.00171546
        2741            0.829976            0.801811          0.00171486
        2742            0.831752            0.801822          0.00171427
        2743            0.833379            0.801833          0.00171368
        2744            0.834851            0.801845           0.0017131
        2745            0.836158            0.801858          0.00171252
        2746            0.837292            0.801871          0.00171195
        2747            0.838246            0.801884          0.00171138
        2748            0.839017            0.801897          0.00171081
        2749            0.839599            0.801911          0.00171024
        2750            0.839991            0.801925          0.00170967
        2751            0.840187            0.801939          0.00170911
        2752            0.840184            0.801953          0.00170854
        2753            0.839979            0.801967          0.00170798
        2754            0.839575             0.80198          0.00170741
        2755            0.838971            0.801994          0.00170685
        2756            0.838171            0.802007          0.00170628
        2757            0.837176             0.80202          0.00170571
        2758             0.83599            0.802032          0.00170513
        2759            0.834618            0.802044          0.00170456
        2760            0.833068            0.802055          0.00170398
        2761            0.831345            0.802066          0.00170339
        2762            0.829459            0.802075           0.0017028
        2763            0.827419            0.802085          0.00170221
        2764            0.825237            0.802093          0.00170162
        2765            0.822925            0.802101          0.00170102
        2766            0.820495            0.802107          0.00170042
        2767            0.817961            0.802113          0.00169981
        2768            0.815338            0.802118           0.0016992
        2769             0.81264            0.802122          0.00169859
        2770            0.809881            0.802124          0.00169798
        2771            0.807078            0.802126          0.00169737
        2772            0.804248            0.802127          0.00169676
        2773            0.801406            0.802127          0.00169615
        2774             0.79857            0.802125          0.00169554
        2775            0.795759            0.802123          0.00169493
        2776            0.792992             0.80212          0.00169432
        2777            0.790286            0.802115          0.00169371
        2778            0.787657             0.80211          0.00169311
        2779            0.785122            0.802104          0.00169251
        2780            0.782696            0.802097          0.00169192
        2781            0.780392            0.802089          0.00169133
        2782            0.778226            0.802081          0.00169074
        2783            0.776211            0.802072          0.00169016
        2784            0.774356            0.802062          0.00168958
        2785            0.772674            0.802051          0.00168901
        2786            0.771177             0.80204          0.00168844
        2787            0.769869            0.802028          0.00168787
        2788            0.768758            0.802016          0.00168731
        2789            0.767848            0.802004          0.00168675
        2790            0.767138            0.801992          0.00168619
        2791            0.766628            0.801979          0.00168564
        2792             0.76632            0.801966          0.00168508
        2793            0.766208            0.801953          0.00168453
        2794            0.766287            0.801941          0.00168397
        2795            0.766553            0.801928          0.00168342
        2796            0.766997            0.801916          0.00168286
        2797            0.767613            0.801903           0.0016823
        2798             0.76839            0.801891          0.00168174
        2799            0.769317             0.80188          0.00168118
        2800            0.770385            0.801868          0.00168062
        2801            0.771582            0.801858          0.00168006
        2802            0.772899            0.801847          0.00167949
        2803            0.774323            0.801837          0.00167892
        2804             0.77584            0.801828          0.00167834
        2805             0.77744            0.801819          0.00167777
        2806            0.779112            0.801811          0.00167719
        2807            0.780847            0.801804          0.00167661
        2808            0.782638            0.801797          0.00167603
        2809            0.784477            0.801791          0.00167544
        2810            0.786357            0.801785          0.00167485
        2811            0.788273            0.801781          0.00167426
        2812            0.790218            0.801777          0.00167367
        2813            0.792191            0.801773          0.00167308
        2814             0.79419             0.80177          0.00167249
        2815            0.796207            0.801768           0.0016719
        2816            0.798241            0.801767           0.0016713
        2817            0.800289            0.801767          0.00167071
        2818            0.802347            0.801767          0.00167012
        2819            0.804414            0.801768          0.00166953
        2820            0.806482            0.801769          0.00166893
        2821            0.808545            0.801772          0.00166834
        2822            0.810597            0.801775          0.00166776
        2823            0.812626            0.801779          0.00166717
        2824            0.814626            0.801783          0.00166659
        2825            0.816587            0.801789            0.001666
        2826            0.818503            0.801795          0.00166543
        2827            0.820365            0.801801          0.00166485
        2828            0.822158            0.801808          0.00166428
        2829            0.823875            0.801816          0.00166371
        2830            0.825504            0.801824          0.00166314
        2831            0.827036            0.801833          0.00166258
        2832            0.828465            0.801843          0.00166202
        2833            0.829782            0.801853          0.00166146
        2834             0.83098            0.801863           0.0016609
        2835            0.832053            0.801874          0.00166035
        2836               0.833            0.801885           0.0016598
        2837            0.833819            0.801896          0.00165926
        2838            0.834513            0.801907          0.00165871
        2839            0.835081            0.801919          0.00165817
        2840             0.83553            0.801931          0.00165763
        2841            0.835861            0.801943          0.00165709
        2842             0.83608            0.801955          0.00165655
        2843            0.836194            0.801967          0.00165601
        2844            0.836213            0.801979          0.00165547
        2845            0.836147            0.801991          0.00165493
        2846            0.836003            0.802003          0.00165439
        2847            0.835791            0.802015          0.00165385
        2848            0.835524            0.802026          0.00165331
        2849            0.835214            0.802038          0.00165278
        2850            0.834866             0.80205          0.00165224
        2851            0.834488            0.802061           0.0016517
        2852            0.834091            0.802072          0.00165115
        2853            0.833685            0.802083          0.00165061
        2854            0.833277            0.802094          0.00165007
        2855             0.83288            0.802105          0.00164953
        2856            0.832504            0.802116          0.00164898
        2857            0.832152            0.802126          0.00164844
        2858            0.831831            0.802137           0.0016479
        2859            0.831547            0.802147          0.00164735
        2860            0.831306            0.802157          0.00164681
        2861            0.831109            0.802167          0.00164626
        2862            0.830957            0.802177          0.00164572
        2863            0.830848            0.802187          0.00164517
        2864            0.830785            0.802197          0.00164463
        2865            0.830765            0.802207          0.00164409
        2866            0.830784            0.802217          0.00164354
        2867            0.830837            0.802227            0.001643
        2868            0.830916            0.802237          0.00164246
        2869            0.831013            0.802247          0.00164192
        2870            0.831117            0.802257          0.00164137
        2871            0.831219            0.802267          0.00164083
        2872             0.83131            0.802277          0.00164029
        2873             0.83138            0.802288          0.00163975
        2874            0.831414            0.802298          0.00163922
        2875            0.831398            0.802308          0.00163868
        2876            0.831318            0.802318          0.00163814
        2877            0.831163            0.802328           0.0016376
        2878            0.830921            0.802338          0.00163706
        2879            0.830578            0.802348          0.00163652
        2880            0.830123            0.802357          0.00163598
        2881            0.829546            0.802367          0.00163544
        2882            0.828837            0.802376           0.0016349
        2883             0.82799            0.802385          0.00163436
        2884            0.826999            0.802393          0.00163381
        2885            0.825858            0.802402          0.00163327
        2886            0.824565            0.802409          0.00163272
        2887            0.823117            0.802416          0.00163217
        2888             0.82152            0.802423          0.00163162
        2889            0.819779            0.802429          0.00163106
        2890              0.8179            0.802434          0.00163051
        2891            0.815895            0.802439          0.00162995
        2892            0.813777            0.802443          0.00162939
        2893            0.811555            0.802446          0.00162883
        2894            0.809244            0.802448          0.00162827
        2895            0.806864             0.80245          0.00162771
        2896            0.804432            0.802451          0.00162715
        2897            0.801974             0.80245          0.00162658
        2898            0.799512            0.802449          0.00162602
        2899            0.797069            0.802448          0.00162546
        2900            0.794668            0.802445           0.0016249
        2901            0.792334            0.802441          0.00162435
        2902             0.79009            0.802437          0.00162379
        2903            0.787965            0.802432          0.00162324
        2904            0.785983            0.802427          0.00162269
        2905            0.784168             0.80242          0.00162215
        2906            0.782544            0.802413           0.0016216
        2907            0.781131            0.802406          0.00162106
        2908            0.779951            0.802398          0.00162052
        2909            0.779024             0.80239          0.00161999
        2910            0.778368            0.802382          0.00161945
        2911            0.778002            0.802374          0.00161892
        2912             0.77794            0.802365          0.00161838
        2913            0.778194            0.802357          0.00161785
        2914            0.778772            0.802349          0.00161731
        2915            0.779681            0.802341          0.00161678
        2916            0.780924            0.802334          0.00161624
        2917            0.782498            0.802327           0.0016157
        2918            0.784399            0.802321          0.00161516
        2919             0.78662            0.802315          0.00161461
        2920            0.789152            0.802311          0.00161406
        2921            0.791977            0.802307          0.00161352
        2922            0.795079            0.802305          0.00161297
        2923            0.798436            0.802304          0.00161241
        2924            0.802022            0.802304          0.00161186
        2925            0.805811            0.802305          0.00161131
        2926            0.809771            0.802307          0.00161076
        2927            0.813868            0.802311          0.00161022
        2928            0.818066            0.802317          0.00160968
        2929            0.822329            0.802323          0.00160914
        2930            0.826621            0.802332          0.00160861
        2931            0.830906            0.802341           0.0016081
        2932            0.835146            0.802353          0.00160759
        2933            0.839305            0.802365          0.00160709
        2934             0.84335            0.802379           0.0016066
        2935            0.847249            0.802395          0.00160613
        2936            0.850973            0.802411          0.00160566
        2937            0.854492            0.802429          0.00160521
        2938            0.857786            0.802448          0.00160478
        2939             0.86083            0.802468          0.00160436
        2940            0.863603            0.802488          0.00160394
        2941             0.86609             0.80251          0.00160355
        2942            0.868277            0.802532          0.00160316
        2943             0.87015            0.802555          0.00160278
        2944            0.871704            0.802579           0.0016024
        2945            0.872934            0.802603          0.00160204
        2946            0.873834            0.802627          0.00160168
        2947            0.874404            0.802651          0.00160132
        2948            0.874643            0.802676          0.00160096
        2949            0.874553              0.8027           0.0016006
        2950             0.87414            0.802724          0.00160024
        2951            0.873408            0.802748          0.00159988
        2952            0.872364            0.802772          0.00159951
        2953            0.871015            0.802795          0.00159914
        2954            0.869372            0.802817          0.00159876
        2955            0.867443            0.802839          0.00159836
        2956            0.865238             0.80286          0.00159796
        2957            0.862768            0.802881          0.00159755
        2958            0.860046              0.8029          0.00159713
        2959            0.857083            0.802918          0.00159669
        2960            0.853893            0.802935          0.00159625
        2961            0.850489            0.802952          0.00159579
        2962            0.846885            0.802966          0.00159532
        2963            0.843096             0.80298          0.00159484
        2964            0.839135            0.802992          0.00159435
        2965            0.835016            0.803003          0.00159384
        2966            0.830755            0.803012          0.00159333
        2967            0.826363             0.80302          0.00159282
        2968            0.821855            0.803026          0.00159229
        2969            0.817242            0.803031          0.00159176
        2970            0.812536            0.803034          0.00159123
        2971            0.807749            0.803036           0.0015907
        2972            0.802893            0.803036          0.00159016
        2973            0.797979            0.803034          0.00158963
        2974            0.793017            0.803031           0.0015891
        2975            0.788019            0.803026          0.00158857
        2976            0.782991            0.803019          0.00158805
        2977            0.777945            0.803011          0.00158754
        2978            0.772893            0.803001          0.00158704
        2979            0.767842            0.802989          0.00158655
        2980            0.762801            0.802975          0.00158608
        2981            0.757782             0.80296          0.00158562
        2982            0.752792            0.802943          0.00158517
        2983            0.747845            0.802925          0.00158475
        2984            0.742948            0.802905          0.00158435
        2985            0.738115            0.802883          0.00158396
        2986             0.73336             0.80286           0.0015836
        2987            0.728692            0.802835          0.00158327
        2988            0.724125            0.802809          0.00158296
        2989            0.719675            0.802781          0.00158267
        2990            0.715358            0.802752          0.00158241
        2991            0.711191            0.802721          0.00158218
        2992            0.707192            0.802689          0.00158197
        2993            0.703374            0.802656          0.00158179
        2994            0.699756            0.802621          0.00158164
        2995            0.696357            0.802586          0.00158151
        2996            0.693197            0.802549           0.0015814
        2997            0.690294            0.802512          0.00158132
        2998            0.687667            0.802474          0.00158125
        2999            0.685338            0.802435          0.00158121
        3000            0.683326            0.802395          0.00158118
        3001            0.681652            0.802355          0.00158116
        3002            0.680329            0.802314          0.00158116
        3003            0.679372            0.802273          0.00158116
        3004            0.678793            0.802232          0.00158117
        3005            0.678604            0.802191          0.00158118
        3006            0.678815             0.80215          0.00158119
        3007            0.679432            0.802109          0.00158119
        3008            0.680459            0.802069          0.00158118
        3009            0.681898            0.802029          0.00158116
        3010            0.683746            0.801989          0.00158112
        3011            0.686001            0.801951          0.00158107
        3012            0.688653            0.801913          0.00158099
        3013            0.691692            0.801877          0.00158089
        3014            0.695104            0.801841          0.00158076
        3015            0.698871            0.801807           0.0015806
        3016            0.702972            0.801774          0.00158042
        3017            0.707383            0.801743           0.0015802
        3018             0.71208            0.801713          0.00157996
        3019            0.717034            0.801685          0.00157969
        3020            0.722216            0.801659          0.00157938
        3021            0.727599            0.801634          0.00157905
        3022            0.733152            0.801612          0.00157869
        3023            0.738842            0.801591           0.0015783
        3024            0.744637            0.801572          0.00157789
        3025            0.750508            0.801555          0.00157746
        3026            0.756423             0.80154          0.00157701
        3027            0.762354            0.801527          0.00157654
        3028             0.76827            0.801516          0.00157606
        3029             0.77414            0.801507          0.00157557
        3030            0.779939              0.8015          0.00157506
        3031            0.785639            0.801495          0.00157455
        3032            0.791219            0.801492          0.00157404
        3033            0.796654             0.80149          0.00157352
        3034            0.801924             0.80149            0.001573
        3035             0.80701            0.801492          0.00157248
        3036            0.811895            0.801495          0.00157197
        3037            0.816564              0.8015          0.00157146
        3038            0.821002            0.801507          0.00157095
        3039            0.825194            0.801515          0.00157046
        3040            0.829131            0.801524          0.00156997
        3041            0.832805            0.801534          0.00156948
        3042            0.836208            0.801545          0.00156901
        3043            0.839333            0.801558          0.00156854
        3044            0.842176            0.801571          0.00156808
        3045            0.844732            0.801585          0.00156763
        3046            0.846998              0.8016          0.00156719
        3047            0.848977            0.801616          0.00156675
        3048            0.850668            0.801632          0.00156632
        3049            0.852073            0.801648           0.0015659
        3050            0.853196            0.801665          0.00156547
        3051            0.854043            0.801682          0.00156505
        3052            0.854619              0.8017          0.00156464
        3053             0.85493            0.801717          0.00156422
        3054            0.854988            0.801735          0.00156381
        3055            0.854805            0.801752          0.00156339
        3056            0.854391            0.801769          0.00156298
        3057            0.853754            0.801786          0.00156256
        3058            0.852911            0.801803          0.00156213
        3059            0.851877            0.801819          0.00156171
        3060            0.850664            0.801835          0.00156128
        3061            0.849282            0.801851          0.00156085
        3062            0.847746            0.801866          0.00156041
        3063            0.846073             0.80188          0.00155997
        3064            0.844277            0.801894          0.00155952
        3065            0.842373            0.801907          0.00155907
        3066            0.840378             0.80192          0.00155861
        3067            0.838308            0.801932          0.00155815
        3068            0.836178            0.801943          0.00155768
        3069               0.834            0.801953          0.00155721
        3070            0.831788            0.801963          0.00155673
        3071            0.829556            0.801972          0.00155625
        3072            0.827316             0.80198          0.00155576
        3073            0.825081            0.801988          0.00155527
        3074            0.822863            0.801995          0.00155478
        3075            0.820673            0.802001          0.00155429
        3076             0.81852            0.802006          0.00155379
        3077            0.816418            0.802011           0.0015533
        3078            0.814377            0.802015           0.0015528
        3079            0.812408            0.802018           0.0015523
        3080            0.810521            0.802021          0.00155179
        3081            0.808729            0.802023          0.00155129
        3082            0.807042            0.802025          0.00155079
        3083            0.805467            0.802026          0.00155029
        3084            0.804014            0.802026          0.00154978
        3085            0.802691            0.802027          0.00154928
        3086            0.801505            0.802027          0.00154878
        3087            0.800467            0.802026          0.00154828
        3088            0.799586            0.802025          0.00154778
        3089             0.79887            0.802024          0.00154728
        3090            0.798323            0.802023          0.00154678
        3091            0.797954            0.802022          0.00154628
        3092            0.797768             0.80202          0.00154578
        3093            0.797772            0.802019          0.00154528
        3094            0.797969            0.802018          0.00154478
        3095            0.798359            0.802016          0.00154428
        3096            0.798942            0.802015          0.00154378
        3097            0.799716            0.802015          0.00154328
        3098             0.80068            0.802014          0.00154279
        3099            0.801825            0.802014          0.00154229
        3100            0.803142            0.802015          0.00154179
        3101            0.804619            0.802015          0.00154129
        3102            0.806244            0.802017           0.0015408
        3103            0.808001            0.802019           0.0015403
        3104            0.809876            0.802021          0.00153981
        3105            0.811847            0.802024          0.00153931
        3106            0.813892            0.802028          0.00153882
        3107            0.815989            0.802033          0.00153834
        3108            0.818115            0.802038          0.00153785
        3109            0.820244            0.802044          0.00153737
        3110            0.822353             0.80205          0.00153688
        3111            0.824418            0.802057          0.00153641
        3112            0.826418            0.802065          0.00153593
        3113            0.828323            0.802074          0.00153546
        3114            0.830113            0.802083            0.001535
        3115            0.831766            0.802092          0.00153453
        3116            0.833262            0.802102          0.00153407
        3117            0.834582            0.802113          0.00153362
        3118             0.83571            0.802123          0.00153316
        3119            0.836634            0.802135          0.00153271
        3120            0.837346            0.802146          0.00153226
        3121            0.837842            0.802157          0.00153181
        3122            0.838116            0.802169          0.00153137
        3123            0.838167             0.80218          0.00153092
        3124            0.837999            0.802192          0.00153047
        3125            0.837614            0.802203          0.00153002
        3126            0.837022            0.802214          0.00152958
        3127            0.836235            0.802225          0.00152912
        3128            0.835267            0.802236          0.00152867
        3129             0.83413            0.802246          0.00152822
        3130             0.83284            0.802256          0.00152776
        3131            0.831415            0.802265           0.0015273
        3132            0.829875            0.802274          0.00152684
        3133            0.828241            0.802282          0.00152637
        3134            0.826531             0.80229          0.00152591
        3135            0.824764            0.802297          0.00152544
        3136             0.82296            0.802304          0.00152496
        3137            0.821133             0.80231          0.00152449
        3138            0.819304            0.802315          0.00152401
        3139            0.817486             0.80232          0.00152354
        3140            0.815693            0.802324          0.00152306
        3141            0.813936            0.802328          0.00152258
        3142            0.812228            0.802331           0.0015221
        3143            0.810577            0.802334          0.00152161
        3144            0.808993            0.802336          0.00152113
        3145             0.80748            0.802337          0.00152065
        3146            0.806041            0.802338          0.00152017
        3147            0.804682            0.802339          0.00151968
        3148            0.803407             0.80234           0.0015192
        3149            0.802219             0.80234          0.00151872
        3150            0.801114            0.802339          0.00151824
        3151            0.800089            0.802338          0.00151775
        3152            0.799143            0.802337          0.00151727
        3153            0.798275            0.802336          0.00151679
        3154            0.797481            0.802335          0.00151631
        3155            0.796757            0.802333          0.00151583
        3156              0.7961            0.802331          0.00151535
        3157            0.795506            0.802329          0.00151487
        3158            0.794972            0.802326           0.0015144
        3159            0.794498            0.802324          0.00151392
        3160            0.794085            0.802321          0.00151344
        3161             0.79373            0.802319          0.00151297
        3162            0.793431            0.802316          0.00151249
        3163            0.793186            0.802313          0.00151201
        3164            0.792997             0.80231          0.00151154
        3165            0.792862            0.802307          0.00151107
        3166             0.79278            0.802304          0.00151059
        3167            0.792756            0.802301          0.00151012
        3168            0.792789            0.802298          0.00150964
        3169            0.792876            0.802295          0.00150917
        3170            0.793019            0.802292           0.0015087
        3171            0.793216            0.802289          0.00150822
        3172            0.793469            0.802286          0.00150775
        3173            0.793778            0.802284          0.00150728
        3174            0.794143            0.802281          0.00150681
        3175            0.794561            0.802279          0.00150633
        3176             0.79503            0.802276          0.00150586
        3177            0.795549            0.802274          0.00150539
        3178            0.796115            0.802272          0.00150491
        3179            0.796721            0.802271          0.00150444
        3180            0.797364            0.802269          0.00150397
        3181             0.79804            0.802268           0.0015035
        3182            0.798744            0.802267          0.00150303
        3183            0.799469            0.802266          0.00150255
        3184            0.800209            0.802265          0.00150208
        3185            0.800958            0.802265          0.00150161
        3186            0.801709            0.802264          0.00150114
        3187            0.802456            0.802265          0.00150067
        3188             0.80319            0.802265           0.0015002
        3189            0.803906            0.802265          0.00149973
        3190            0.804601            0.802266          0.00149926
        3191             0.80527            0.802267          0.00149879
        3192            0.805908            0.802268          0.00149832
        3193            0.806513            0.802269          0.00149785
        3194            0.807082            0.802271          0.00149738
        3195            0.807612            0.802273          0.00149691
        3196            0.808101            0.802274          0.00149645
        3197            0.808551            0.802276          0.00149598
        3198            0.808962            0.802279          0.00149551
        3199            0.809334            0.802281          0.00149505
        3200             0.80967            0.802283          0.00149458
        3201            0.809971            0.802285          0.00149412
        3202            0.810238            0.802288          0.00149365
        3203            0.810475            0.802291          0.00149319
        3204            0.810683            0.802293          0.00149272
        3205            0.810864            0.802296          0.00149226
        3206            0.811019            0.802299           0.0014918
        3207            0.811152            0.802301          0.00149134
        3208            0.811266            0.802304          0.00149087
        3209            0.811363            0.802307          0.00149041
        3210            0.811444             0.80231          0.00148995
        3211             0.81151            0.802313          0.00148949
        3212            0.811561            0.802315          0.00148903
        3213            0.811599            0.802318          0.00148857
        3214            0.811625            0.802321          0.00148811
        3215            0.811643            0.802324          0.00148765
        3216            0.811651            0.802327          0.00148719
        3217            0.811648             0.80233          0.00148673
        3218            0.811635            0.802333          0.00148627
        3219            0.811612            0.802336          0.00148581
        3220            0.811579            0.802339          0.00148535
        3221            0.811537            0.802341          0.00148489
        3222            0.811487            0.802344          0.00148443
        3223             0.81143            0.802347          0.00148398
        3224            0.811368             0.80235          0.00148352
        3225            0.811305            0.802353          0.00148306
        3226            0.811243            0.802355           0.0014826
        3227            0.811186            0.802358          0.00148215
        3228            0.811136            0.802361          0.00148169
        3229            0.811099            0.802364          0.00148123
        3230            0.811075            0.802366          0.00148078
        3231            0.811068            0.802369          0.00148032
        3232            0.811081            0.802372          0.00147987
        3233            0.811117            0.802374          0.00147941
        3234            0.811182            0.802377          0.00147896
        3235            0.811281             0.80238           0.0014785
        3236            0.811413            0.802383          0.00147805
        3237             0.81158            0.802386          0.00147759
        3238            0.811784            0.802388          0.00147714
        3239            0.812025            0.802391          0.00147669
        3240            0.812305            0.802394          0.00147623
        3241            0.812627            0.802398          0.00147578
        3242             0.81299            0.802401          0.00147533
        3243            0.813395            0.802404          0.00147488
        3244            0.813837            0.802408          0.00147443
        3245            0.814313            0.802411          0.00147398
        3246            0.814824            0.802415          0.00147353
        3247            0.815367            0.802419          0.00147308
        3248             0.81594            0.802423          0.00147263
        3249             0.81654            0.802428          0.00147219
        3250            0.817162            0.802432          0.00147174
        3251            0.817801            0.802437           0.0014713
        3252            0.818452            0.802442          0.00147085
        3253            0.819112            0.802447          0.00147041
        3254            0.819774            0.802452          0.00146997
        3255            0.820432            0.802458          0.00146953
        3256             0.82108            0.802464          0.00146909
        3257            0.821713             0.80247          0.00146865
        3258            0.822326            0.802476          0.00146821
        3259            0.822915            0.802482          0.00146777
        3260            0.823472            0.802488          0.00146734
        3261            0.823987            0.802495           0.0014669
        3262            0.824453            0.802502          0.00146647
        3263            0.824868            0.802509          0.00146603
        3264            0.825227            0.802516           0.0014656
        3265            0.825524            0.802523          0.00146517
        3266            0.825753             0.80253          0.00146474
        3267            0.825911            0.802537          0.00146431
        3268            0.825991            0.802544          0.00146387
        3269            0.825987            0.802551          0.00146344
        3270            0.825899            0.802558          0.00146301
        3271            0.825722            0.802565          0.00146258
        3272            0.825456            0.802572          0.00146215
        3273            0.825101            0.802579          0.00146172
        3274            0.824654            0.802586          0.00146129
        3275            0.824112            0.802593          0.00146086
        3276            0.823479            0.802599          0.00146043
        3277            0.822753            0.802605             0.00146
        3278            0.821938            0.802611          0.00145956
        3279            0.821036            0.802617          0.00145913
        3280            0.820052            0.802622          0.00145869
        3281            0.818986            0.802627          0.00145826
        3282            0.817843            0.802632          0.00145782
        3283            0.816628            0.802636          0.00145738
        3284            0.815342             0.80264          0.00145694
        3285            0.813991            0.802643           0.0014565
        3286            0.812583            0.802646          0.00145606
        3287            0.811121            0.802649          0.00145562
        3288            0.809608            0.802651          0.00145518
        3289            0.808047            0.802653          0.00145474
        3290            0.806443            0.802654           0.0014543
        3291            0.804806            0.802654          0.00145386
        3292            0.803142            0.802654          0.00145342
        3293             0.80145            0.802654          0.00145297
        3294            0.799735            0.802653          0.00145253
        3295            0.797999            0.802652          0.00145209
        3296            0.796245             0.80265          0.00145165
        3297            0.794474            0.802647          0.00145122
        3298             0.79269            0.802644          0.00145078
        3299            0.790896            0.802641          0.00145034
        3300            0.789093            0.802637          0.00144991
        3301            0.787281            0.802632          0.00144948
        3302            0.785459            0.802627          0.00144905
        3303            0.783627            0.802621          0.00144862
        3304            0.781786            0.802615           0.0014482
        3305            0.779935            0.802608          0.00144778
        3306            0.778072            0.802601          0.00144736
        3307              0.7762            0.802593          0.00144694
        3308            0.774314            0.802584          0.00144653
        3309            0.772412            0.802575          0.00144612
        3310            0.770491            0.802565          0.00144572
        3311            0.768551            0.802555          0.00144532
        3312            0.766589            0.802544          0.00144492
        3313            0.764602            0.802533          0.00144453
        3314             0.76259            0.802521          0.00144414
        3315            0.760552            0.802508          0.00144376
        3316            0.758491            0.802495          0.00144339
        3317            0.756408            0.802481          0.00144302
        3318            0.754302            0.802466          0.00144266
        3319            0.752177            0.802451           0.0014423
        3320            0.750033            0.802435          0.00144196
        3321            0.747875            0.802419          0.00144162
        3322            0.745707            0.802402          0.00144128
        3323            0.743534            0.802384          0.00144096
        3324             0.74136            0.802366          0.00144064
        3325            0.739193            0.802347          0.00144033
        3326             0.73704            0.802327          0.00144003
        3327            0.734912            0.802307          0.00143974
        3328             0.73282            0.802286          0.00143946
        3329            0.730774            0.802264          0.00143919
        3330            0.728785            0.802242          0.00143893
        3331            0.726865             0.80222          0.00143867
        3332            0.725026            0.802197          0.00143843
        3333            0.723279            0.802173          0.00143819
        3334            0.721636            0.802149          0.00143796
        3335            0.720111            0.802124          0.00143774
        3336            0.718717            0.802099          0.00143753
        3337            0.717469            0.802074          0.00143732
        3338            0.716386            0.802048          0.00143712
        3339            0.715482            0.802022          0.00143692
        3340            0.714771            0.801996          0.00143673
        3341            0.714267             0.80197          0.00143654
        3342            0.713986            0.801943          0.00143635
        3343            0.713946            0.801917          0.00143616
        3344            0.714162            0.801891          0.00143597
        3345            0.714654            0.801865          0.00143578
        3346            0.715435            0.801839          0.00143558
        3347            0.716514            0.801813          0.00143538
        3348            0.717907            0.801788          0.00143517
        3349            0.719625            0.801764          0.00143495
        3350            0.721676             0.80174          0.00143472
        3351            0.724059            0.801717          0.00143448
        3352            0.726774            0.801694          0.00143423
        3353             0.72982            0.801673          0.00143396
        3354            0.733192            0.801653          0.00143368
        3355             0.73688            0.801633          0.00143338
        3356            0.740869            0.801615          0.00143307
        3357            0.745137            0.801598          0.00143274
        3358            0.749662            0.801583           0.0014324
        3359            0.754413            0.801569          0.00143204
        3360             0.75936            0.801556          0.00143167
        3361            0.764471            0.801545          0.00143129
        3362            0.769711            0.801536          0.00143089
        3363             0.77504            0.801528          0.00143049
        3364             0.78042            0.801522          0.00143008
        3365             0.78581            0.801517          0.00142966
        3366            0.791171            0.801514          0.00142924
        3367            0.796465            0.801512          0.00142881
        3368            0.801656            0.801512          0.00142839
        3369            0.806709            0.801514          0.00142797
        3370            0.811588            0.801517          0.00142755
        3371            0.816262            0.801521          0.00142713
        3372            0.820706            0.801527          0.00142672
        3373            0.824894            0.801534          0.00142631
        3374            0.828802            0.801542          0.00142591
        3375            0.832413            0.801551          0.00142552
        3376            0.835709            0.801561          0.00142513
        3377            0.838678            0.801572          0.00142475
        3378            0.841309            0.801584          0.00142438
        3379            0.843595            0.801596          0.00142401
        3380            0.845532            0.801609          0.00142365
        3381            0.847118            0.801623          0.00142329
        3382            0.848356            0.801637          0.00142294
        3383             0.84925            0.801651          0.00142259
        3384            0.849808            0.801665          0.00142224
        3385            0.850034            0.801679          0.00142189
        3386            0.849939            0.801694          0.00142154
        3387            0.849533            0.801708          0.00142119
        3388            0.848831            0.801722          0.00142084
        3389             0.84785            0.801735          0.00142049
        3390            0.846608            0.801748          0.00142013
        3391            0.845123            0.801761          0.00141977
        3392            0.843416            0.801774           0.0014194
        3393            0.841508            0.801785          0.00141903
        3394            0.839418            0.801796          0.00141866
        3395            0.837164            0.801807          0.00141828
        3396            0.834768            0.801816          0.00141789
        3397             0.83225            0.801825           0.0014175
        3398            0.829626            0.801834          0.00141711
        3399            0.826915            0.801841          0.00141671
        3400            0.824135            0.801848          0.00141631
        3401            0.821298            0.801853          0.00141591
        3402            0.818415            0.801858           0.0014155
        3403            0.815502            0.801862          0.00141509
        3404            0.812573            0.801865          0.00141468
        3405            0.809635            0.801868          0.00141426
        3406            0.806696            0.801869          0.00141385
        3407            0.803763             0.80187          0.00141343
        3408             0.80084            0.801869          0.00141302
        3409            0.797931            0.801868           0.0014126
        3410            0.795038            0.801866          0.00141219
        3411            0.792164            0.801863          0.00141178
        3412             0.78931             0.80186          0.00141137
        3413            0.786481            0.801855          0.00141096
        3414            0.783679             0.80185          0.00141056
        3415            0.780904            0.801844          0.00141016
        3416            0.778159            0.801837          0.00140977
        3417            0.775447            0.801829          0.00140937
        3418            0.772774             0.80182          0.00140899
        3419            0.770143            0.801811          0.00140861
        3420             0.76756            0.801801          0.00140823
        3421            0.765032             0.80179          0.00140786
        3422            0.762568            0.801779          0.00140749
        3423            0.760174            0.801767          0.00140714
        3424            0.757861            0.801754          0.00140678
        3425            0.755638            0.801741          0.00140644
        3426            0.753516            0.801726           0.0014061
        3427            0.751502            0.801712          0.00140576
        3428            0.749605            0.801697          0.00140544
        3429            0.747839            0.801681          0.00140511
        3430            0.746213            0.801665           0.0014048
        3431            0.744737            0.801648          0.00140449
        3432             0.74342            0.801631          0.00140418
        3433            0.742272            0.801614          0.00140388
        3434            0.741302            0.801596          0.00140358
        3435            0.740516            0.801579          0.00140328
        3436             0.73992            0.801561          0.00140299
        3437             0.73952            0.801543           0.0014027
        3438            0.739319            0.801524           0.0014024
        3439            0.739319            0.801506          0.00140211
        3440            0.739521            0.801488          0.00140182
        3441            0.739926             0.80147          0.00140153
        3442            0.740534            0.801453          0.00140123
        3443            0.741342            0.801435          0.00140093
        3444            0.742344            0.801418          0.00140063
        3445            0.743535            0.801401          0.00140033
        3446            0.744907            0.801385          0.00140002
        3447            0.746453            0.801369           0.0013997
        3448            0.748166            0.801354          0.00139938
        3449            0.750035            0.801339          0.00139905
        3450            0.752054            0.801324          0.00139872
        3451            0.754216            0.801311          0.00139838
        3452            0.756514            0.801298          0.00139804
        3453            0.758937            0.801285          0.00139769
        3454            0.761477            0.801274          0.00139733
        3455            0.764128            0.801263          0.00139697
        3456            0.766886            0.801253           0.0013966
        3457            0.769744            0.801244          0.00139622
        3458            0.772694            0.801236          0.00139584
        3459            0.775728            0.801229          0.00139546
        3460            0.778844            0.801222          0.00139507
        3461            0.782035            0.801216          0.00139468
        3462            0.785299            0.801212          0.00139428
        3463            0.788628            0.801208          0.00139389
        3464            0.792021            0.801206          0.00139349
        3465            0.795474            0.801204          0.00139308
        3466             0.79898            0.801203          0.00139268
        3467            0.802535            0.801204          0.00139228
        3468            0.806135            0.801205          0.00139188
        3469            0.809773            0.801208          0.00139148
        3470            0.813448            0.801211          0.00139108
        3471            0.817151            0.801216          0.00139069
        3472            0.820877            0.801221           0.0013903
        3473            0.824619            0.801228          0.00138992
        3474            0.828365            0.801236          0.00138954
        3475            0.832106            0.801245          0.00138917
        3476            0.835834            0.801255          0.00138881
        3477            0.839536            0.801266          0.00138845
        3478            0.843204            0.801278           0.0013881
        3479            0.846827            0.801291          0.00138777
        3480            0.850395            0.801305          0.00138744
        3481            0.853892             0.80132          0.00138712
        3482            0.857303            0.801336          0.00138682
        3483            0.860617            0.801353          0.00138652
        3484            0.863819            0.801371          0.00138624
        3485            0.866898             0.80139          0.00138597
        3486            0.869841             0.80141          0.00138571
        3487            0.872637             0.80143          0.00138547
        3488            0.875272            0.801451          0.00138523
        3489            0.877737            0.801473          0.00138501
        3490             0.88002            0.801496          0.00138479
        3491             0.88211            0.801519          0.00138459
        3492               0.884            0.801542          0.00138439
        3493             0.88568            0.801566          0.00138421
        3494            0.887143            0.801591          0.00138403
        3495            0.888385            0.801616          0.00138385
        3496            0.889399            0.801641          0.00138368
        3497            0.890183            0.801666          0.00138352
        3498            0.890735            0.801692          0.00138336
        3499            0.891054            0.801717           0.0013832
        3500            0.891142            0.801743          0.00138304
        3501            0.890999            0.801768          0.00138288
        3502            0.890624            0.801794          0.00138272
        3503             0.89002            0.801819          0.00138255
        3504            0.889193            0.801844          0.00138238
        3505            0.888148            0.801868          0.00138221
        3506             0.88689            0.801893          0.00138203
        3507            0.885427            0.801916          0.00138184
        3508            0.883764             0.80194          0.00138164
        3509            0.881914            0.801962          0.00138143
        3510            0.879888            0.801985          0.00138122
        3511            0.877692            0.802006          0.00138099
        3512            0.875337            0.802027          0.00138076
        3513            0.872835            0.802047          0.00138051
        3514            0.870196            0.802067          0.00138026
        3515            0.867433            0.802085          0.00137999
        3516            0.864561            0.802103          0.00137971
        3517            0.861592             0.80212          0.00137942
        3518            0.858535            0.802136          0.00137912
        3519            0.855404            0.802151          0.00137881
        3520            0.852212            0.802165           0.0013785
        3521            0.848971            0.802179          0.00137817
        3522            0.845696            0.802191          0.00137783
        3523            0.842399            0.802202          0.00137749
        3524            0.839095            0.802213          0.00137714
        3525            0.835799            0.802222          0.00137678
        3526            0.832519            0.802231          0.00137642
        3527            0.829269            0.802239          0.00137605
        3528            0.826058            0.802245          0.00137567
        3529            0.822905            0.802251           0.0013753
        3530            0.819819            0.802256          0.00137492
        3531            0.816808             0.80226          0.00137453
        3532            0.813884            0.802264          0.00137415
        3533            0.811053            0.802266          0.00137376
        3534            0.808326            0.802268          0.00137337
        3535            0.805712            0.802269          0.00137299
        3536             0.80322            0.802269           0.0013726
        3537            0.800855            0.802269          0.00137221
        3538            0.798625            0.802268          0.00137182
        3539            0.796537            0.802266          0.00137144
        3540            0.794594            0.802264          0.00137105
        3541            0.792799            0.802261          0.00137066
        3542            0.791154            0.802258          0.00137028
        3543            0.789659            0.802255           0.0013699
        3544            0.788313            0.802251          0.00136952
        3545            0.787115            0.802246          0.00136914
        3546            0.786065            0.802242          0.00136876
        3547            0.785163            0.802237          0.00136838
        3548            0.784408            0.802232          0.00136801
        3549            0.783796            0.802227          0.00136763
        3550            0.783326            0.802221          0.00136726
        3551            0.782996            0.802216          0.00136688
        3552            0.782803            0.802211          0.00136651
        3553            0.782745            0.802205          0.00136613
        3554            0.782817              0.8022          0.00136576
        3555            0.783017            0.802194          0.00136539
        3556            0.783343            0.802189          0.00136501
        3557            0.783802            0.802184          0.00136464
        3558            0.784393            0.802179          0.00136426
        3559            0.785114            0.802174          0.00136389
        3560            0.785969            0.802169          0.00136351
        3561            0.786962            0.802165          0.00136314
        3562            0.788098            0.802161          0.00136276
        3563            0.789381            0.802158          0.00136238
        3564            0.790818            0.802154          0.00136201
        3565            0.792417            0.802152          0.00136163
        3566            0.794184            0.802149          0.00136125
        3567            0.796128            0.802148          0.00136087
        3568            0.798255            0.802147          0.00136048
        3569            0.800573            0.802146           0.0013601
        3570            0.803087            0.802146          0.00135972
        3571              0.8058            0.802147          0.00135934
        3572            0.808714            0.802149          0.00135896
        3573            0.811826            0.802152          0.00135858
        3574            0.815134            0.802156          0.00135821
        3575            0.818632             0.80216          0.00135784
        3576            0.822311            0.802166          0.00135747
        3577             0.82616            0.802173          0.00135711
        3578            0.830163             0.80218          0.00135675
        3579            0.834303            0.802189           0.0013564
        3580            0.838555              0.8022          0.00135606
        3581            0.842898            0.802211          0.00135573
        3582            0.847306            0.802224          0.00135541
        3583            0.851749            0.802237           0.0013551
        3584            0.856197            0.802252          0.00135481
        3585            0.860618            0.802269          0.00135453
        3586            0.864978            0.802286          0.00135426
        3587            0.869245            0.802305          0.00135401
        3588            0.873381            0.802325          0.00135378
        3589            0.877353            0.802346          0.00135356
        3590            0.881128            0.802368          0.00135336
        3591            0.884672             0.80239          0.00135318
        3592            0.887958            0.802414          0.00135301
        3593            0.890957            0.802439          0.00135286
        3594            0.893641            0.802464          0.00135272
        3595            0.895984             0.80249           0.0013526
        3596            0.897965            0.802517          0.00135248
        3597            0.899562            0.802544          0.00135238
        3598            0.900758            0.802571          0.00135228
        3599            0.901542            0.802599          0.00135218
        3600            0.901902            0.802626          0.00135208
        3601            0.901829            0.802654          0.00135199
        3602            0.901317            0.802681          0.00135189
        3603            0.900362            0.802708          0.00135179
        3604            0.898963            0.802735          0.00135168
        3605            0.897124            0.802761          0.00135156
        3606            0.894849            0.802787          0.00135142
        3607            0.892142            0.802811          0.00135127
        3608            0.889014            0.802835          0.00135111
        3609            0.885474            0.802858          0.00135093
        3610             0.88153             0.80288          0.00135073
        3611            0.877198            0.802901          0.00135052
        3612            0.872492             0.80292          0.00135028
        3613            0.867431            0.802938          0.00135002
        3614             0.86203            0.802954          0.00134975
        3615            0.856311            0.802969          0.00134946
        3616            0.850292            0.802982          0.00134915
        3617            0.843993            0.802993          0.00134882
        3618            0.837437            0.803003          0.00134848
        3619            0.830648             0.80301          0.00134813
        3620            0.823654            0.803016          0.00134777
        3621            0.816481             0.80302           0.0013474
        3622            0.809153            0.803022          0.00134703
        3623            0.801696            0.803021          0.00134666
        3624            0.794138            0.803019          0.00134629
        3625             0.78651            0.803014          0.00134593
        3626            0.778841            0.803007          0.00134557
        3627            0.771161            0.802999          0.00134523
        3628            0.763502            0.802988           0.0013449
        3629            0.755898            0.802975           0.0013446
        3630             0.74838             0.80296          0.00134431
        3631            0.740986            0.802943          0.00134405
        3632            0.733749            0.802924          0.00134381
        3633            0.726703            0.802903          0.00134361
        3634             0.71988             0.80288          0.00134343
        3635            0.713315            0.802855          0.00134329
        3636            0.707043            0.802829          0.00134318
        3637            0.701095            0.802801           0.0013431
        3638              0.6955            0.802771          0.00134305
        3639            0.690289             0.80274          0.00134304
        3640            0.685491            0.802708          0.00134306
        3641            0.681133            0.802675           0.0013431
        3642            0.677238             0.80264          0.00134318
        3643            0.673823            0.802605          0.00134327
        3644            0.670911            0.802569          0.00134339
        3645            0.668515            0.802532          0.00134352
        3646            0.666648            0.802495          0.00134367
        3647            0.665318            0.802457          0.00134383
        3648            0.664529            0.802419          0.00134399
        3649            0.664279            0.802382          0.00134416
        3650            0.664566            0.802344          0.00134432
        3651            0.665382            0.802306          0.00134448
        3652             0.66672            0.802269          0.00134462
        3653            0.668561            0.802233          0.00134475
        3654            0.670886            0.802197          0.00134486
        3655            0.673673            0.802162          0.00134495
        3656            0.676896            0.802127          0.00134502
        3657            0.680527            0.802094          0.00134507
        3658            0.684536            0.802062          0.00134508
        3659            0.688891            0.802031          0.00134507
        3660            0.693559            0.802001          0.00134503
        3661            0.698506            0.801973          0.00134496
        3662              0.7037            0.801946          0.00134486
        3663            0.709103            0.801921          0.00134473
        3664             0.71468            0.801897          0.00134457
        3665            0.720393            0.801875          0.00134439
        3666            0.726206            0.801854          0.00134418
        3667            0.732084            0.801835          0.00134395
        3668            0.737994            0.801818           0.0013437
        3669            0.743904            0.801802          0.00134342
        3670            0.749784            0.801788          0.00134313
        3671            0.755606            0.801775          0.00134283
        3672            0.761338            0.801764          0.00134251
        3673            0.766952            0.801755          0.00134217
        3674            0.772427            0.801747          0.00134183
        3675            0.777741             0.80174          0.00134148
        3676            0.782872            0.801735          0.00134113
        3677            0.787802            0.801731          0.00134077
        3678            0.792511            0.801729          0.00134041
        3679            0.796983            0.801727          0.00134004
        3680            0.801204            0.801727          0.00133968
        3681            0.805162            0.801728          0.00133931
        3682            0.808849             0.80173          0.00133895
        3683            0.812256            0.801733          0.00133859
        3684             0.81538            0.801737          0.00133823
        3685            0.818217            0.801741          0.00133788
        3686            0.820764            0.801746          0.00133752
        3687            0.823018            0.801752          0.00133717
        3688             0.82498            0.801758          0.00133683
        3689            0.826654            0.801765          0.00133648
        3690            0.828043            0.801772          0.00133614
        3691            0.829157             0.80178           0.0013358
        3692            0.830002            0.801787          0.00133546
        3693             0.83059            0.801795          0.00133512
        3694            0.830932            0.801803          0.00133478
        3695            0.831038            0.801811          0.00133444
        3696            0.830921            0.801819           0.0013341
        3697            0.830594            0.801827          0.00133377
        3698            0.830069            0.801834          0.00133343
        3699            0.829365            0.801842          0.00133309
        3700            0.828498            0.801849          0.00133275
        3701            0.827486            0.801856           0.0013324
        3702            0.826345            0.801862          0.00133206
        3703             0.82509            0.801869          0.00133172
        3704            0.823742            0.801875          0.00133137
        3705            0.822318             0.80188          0.00133102
        3706            0.820835            0.801885          0.00133067
        3707            0.819314             0.80189          0.00133032
        3708             0.81777            0.801894          0.00132997
        3709            0.816217            0.801898          0.00132962
        3710            0.814674            0.801902          0.00132926
        3711            0.813156            0.801905          0.00132891
        3712            0.811674            0.801907          0.00132855
        3713             0.81024            0.801909           0.0013282
        3714            0.808866            0.801911          0.00132784
        3715            0.807565            0.801913          0.00132748
        3716            0.806345            0.801914          0.00132713
        3717            0.805214            0.801915          0.00132677
        3718            0.804176            0.801916          0.00132641
        3719            0.803238            0.801916          0.00132606
        3720            0.802404            0.801916           0.0013257
        3721            0.801675            0.801916          0.00132534
        3722            0.801052            0.801916          0.00132499
        3723            0.800536            0.801915          0.00132463
        3724            0.800124            0.801915          0.00132428
        3725            0.799815            0.801914          0.00132392
        3726            0.799606            0.801914          0.00132357
        3727            0.799495            0.801913          0.00132321
        3728            0.799477            0.801912          0.00132286
        3729            0.799548            0.801912           0.0013225
        3730            0.799706            0.801911          0.00132215
        3731            0.799944            0.801911          0.00132179
        3732            0.800255             0.80191          0.00132144
        3733            0.800637             0.80191          0.00132109
        3734            0.801084             0.80191          0.00132073
        3735             0.80159             0.80191          0.00132038
        3736            0.802153             0.80191          0.00132002
        3737            0.802769             0.80191          0.00131967
        3738            0.803432             0.80191          0.00131932
        3739            0.804142            0.801911          0.00131897
        3740            0.804896            0.801912          0.00131861
        3741            0.805686            0.801913          0.00131826
        3742             0.80651            0.801914          0.00131791
        3743            0.807362            0.801915          0.00131756
        3744            0.808243            0.801917          0.00131721
        3745            0.809152            0.801919          0.00131686
        3746            0.810085            0.801921          0.00131651
        3747            0.811038            0.801924          0.00131616
        3748            0.812009            0.801926          0.00131581
        3749               0.813            0.801929          0.00131546
        3750            0.814009            0.801932          0.00131512
        3751             0.81503            0.801936          0.00131477
        3752            0.816055             0.80194          0.00131442
        3753             0.81708            0.801944          0.00131408
        3754            0.818101            0.801948          0.00131374
        3755            0.819115            0.801953           0.0013134
        3756            0.820116            0.801957          0.00131305
        3757            0.821096            0.801963          0.00131271
        3758            0.822048            0.801968          0.00131238
        3759            0.822967            0.801973          0.00131204
        3760            0.823847            0.801979           0.0013117
        3761            0.824681            0.801985          0.00131137
        3762            0.825463            0.801992          0.00131103
        3763            0.826186            0.801998           0.0013107
        3764             0.82684            0.802005          0.00131037
        3765            0.827419            0.802011          0.00131004
        3766            0.827916            0.802018          0.00130971
        3767            0.828324            0.802025          0.00130938
        3768            0.828639            0.802032          0.00130905
        3769            0.828856            0.802039          0.00130872
        3770            0.828975            0.802047           0.0013084
        3771            0.828988            0.802054          0.00130807
        3772            0.828891            0.802061          0.00130774
        3773            0.828683            0.802068          0.00130741
        3774            0.828363            0.802075          0.00130709
        3775            0.827931            0.802082          0.00130676
        3776            0.827391            0.802088          0.00130643
        3777            0.826744            0.802095           0.0013061
        3778            0.825991            0.802101          0.00130577
        3779            0.825133            0.802107          0.00130544
        3780            0.824175            0.802113          0.00130511
        3781            0.823121            0.802119          0.00130477
        3782            0.821974            0.802124          0.00130444
        3783            0.820743            0.802129           0.0013041
        3784            0.819433            0.802133          0.00130377
        3785            0.818051            0.802138          0.00130343
        3786            0.816604            0.802141          0.00130309
        3787            0.815101            0.802145          0.00130275
        3788            0.813553            0.802148          0.00130241
        3789            0.811967            0.802151          0.00130207
        3790             0.81035            0.802153          0.00130173
        3791             0.80871            0.802154          0.00130138
        3792            0.807058            0.802156          0.00130104
        3793            0.805405            0.802157           0.0013007
        3794             0.80376            0.802157          0.00130036
        3795            0.802133            0.802157          0.00130001
        3796            0.800534            0.802157          0.00129967
        3797            0.798974            0.802156          0.00129933
        3798            0.797463            0.802154          0.00129899
        3799            0.796009            0.802153          0.00129865
        3800            0.794622            0.802151          0.00129831
        3801            0.793311            0.802149          0.00129797
        3802            0.792084            0.802146          0.00129763
        3803            0.790949            0.802143          0.00129729
        3804            0.789913             0.80214          0.00129695
        3805            0.788982            0.802136          0.00129662
        3806            0.788165            0.802133          0.00129628
        3807            0.787467            0.802129          0.00129595
        3808            0.786892            0.802125          0.00129561
        3809            0.786446            0.802121          0.00129528
        3810            0.786134            0.802116          0.00129495
        3811            0.785959            0.802112          0.00129461
        3812            0.785926            0.802108          0.00129428
        3813            0.786038            0.802104          0.00129395
        3814            0.786297              0.8021          0.00129362
        3815            0.786704            0.802096          0.00129328
        3816            0.787261            0.802092          0.00129295
        3817            0.787969            0.802088          0.00129262
        3818            0.788827            0.802085          0.00129228
        3819            0.789835            0.802081          0.00129195
        3820            0.790989            0.802078          0.00129161
        3821            0.792284            0.802076          0.00129128
        3822            0.793715            0.802074          0.00129094
        3823            0.795276            0.802072           0.0012906
        3824            0.796955            0.802071          0.00129027
        3825            0.798744             0.80207          0.00128993
        3826            0.800629            0.802069          0.00128959
        3827            0.802598            0.802069          0.00128926
        3828            0.804637             0.80207          0.00128892
        3829            0.806733            0.802071          0.00128858
        3830            0.808868            0.802073          0.00128825
        3831            0.811025            0.802075          0.00128791
        3832            0.813182            0.802078          0.00128758
        3833            0.815324            0.802082          0.00128725
        3834             0.81743            0.802086          0.00128692
        3835            0.819481             0.80209          0.00128659
        3836            0.821457            0.802095          0.00128627
        3837            0.823339            0.802101          0.00128594
        3838            0.825111            0.802107          0.00128562
        3839            0.826756            0.802113           0.0012853
        3840            0.828257             0.80212          0.00128499
        3841            0.829602            0.802127          0.00128467
        3842            0.830776            0.802135          0.00128436
        3843            0.831769            0.802142          0.00128405
        3844            0.832569             0.80215          0.00128374
        3845            0.833173            0.802158          0.00128343
        3846             0.83357            0.802167          0.00128312
        3847            0.833757            0.802175          0.00128282
        3848            0.833733            0.802183          0.00128251
        3849            0.833499            0.802191           0.0012822
        3850            0.833056            0.802199          0.00128189
        3851            0.832408            0.802207          0.00128159
        3852            0.831562            0.802215          0.00128128
        3853            0.830527            0.802222          0.00128096
        3854            0.829314            0.802229          0.00128065
        3855            0.827931            0.802236          0.00128034
        3856            0.826394            0.802242          0.00128002
        3857            0.824715            0.802248           0.0012797
        3858            0.822909            0.802253          0.00127938
        3859            0.820992            0.802258          0.00127906
        3860            0.818979            0.802262          0.00127873
        3861            0.816887            0.802266          0.00127841
        3862            0.814734            0.802269          0.00127808
        3863            0.812538            0.802272          0.00127775
        3864            0.810321            0.802274          0.00127742
        3865              0.8081            0.802276          0.00127709
        3866            0.805891            0.802277          0.00127676
        3867             0.80371            0.802277          0.00127643
        3868            0.801574            0.802277           0.0012761
        3869            0.799501            0.802276          0.00127577
        3870             0.79751            0.802275          0.00127545
        3871            0.795616            0.802273          0.00127512
        3872            0.793831            0.802271          0.00127479
        3873            0.792169            0.802268          0.00127446
        3874            0.790647            0.802265          0.00127414
        3875            0.789276            0.802262          0.00127381
        3876            0.788068            0.802258          0.00127349
        3877            0.787035            0.802254          0.00127317
        3878            0.786187             0.80225          0.00127285
        3879             0.78553            0.802246          0.00127253
        3880            0.785071            0.802241           0.0012722
        3881             0.78482            0.802237          0.00127189
        3882            0.784779            0.802232          0.00127157
        3883             0.78495            0.802228          0.00127125
        3884            0.785334            0.802224          0.00127093
        3885            0.785929            0.802219          0.00127061
        3886            0.786734            0.802215          0.00127028
        3887            0.787747            0.802212          0.00126996
        3888            0.788956            0.802208          0.00126964
        3889            0.790355            0.802205          0.00126932
        3890            0.791932            0.802203            0.001269
        3891            0.793673              0.8022          0.00126867
        3892            0.795565            0.802199          0.00126835
        3893            0.797593            0.802198          0.00126802
        3894             0.79974            0.802197           0.0012677
        3895            0.801989            0.802197          0.00126737
        3896             0.80432            0.802197          0.00126704
        3897            0.806714            0.802199          0.00126672
        3898            0.809149              0.8022           0.0012664
        3899            0.811605            0.802203          0.00126607
        3900            0.814061            0.802206          0.00126575
        3901            0.816498            0.802209          0.00126543
        3902            0.818898            0.802214          0.00126512
        3903            0.821244            0.802219           0.0012648
        3904            0.823517            0.802224          0.00126449
        3905            0.825701             0.80223          0.00126418
        3906            0.827778            0.802237          0.00126387
        3907            0.829739            0.802244          0.00126357
        3908            0.831571            0.802251          0.00126327
        3909            0.833261            0.802259          0.00126297
        3910            0.834799            0.802267          0.00126267
        3911            0.836176            0.802276          0.00126238
        3912            0.837383            0.802285          0.00126209
        3913            0.838415            0.802294           0.0012618
        3914            0.839265            0.802304          0.00126151
        3915            0.839932            0.802313          0.00126123
        3916            0.840414            0.802323          0.00126094
        3917            0.840714            0.802333          0.00126066
        3918            0.840833            0.802343          0.00126038
        3919            0.840774            0.802353          0.00126009
        3920            0.840541            0.802362          0.00125981
        3921            0.840141            0.802372          0.00125953
        3922            0.839579            0.802381          0.00125924
        3923            0.838863            0.802391          0.00125895
        3924            0.838003              0.8024          0.00125867
        3925            0.837006            0.802409          0.00125838
        3926             0.83588            0.802417          0.00125808
        3927            0.834635            0.802425          0.00125779
        3928            0.833285            0.802433          0.00125749
        3929            0.831841            0.802441           0.0012572
        3930             0.83031            0.802448           0.0012569
        3931            0.828703            0.802454           0.0012566
        3932            0.827034            0.802461          0.00125629
        3933            0.825315            0.802466          0.00125599
        3934            0.823555            0.802472          0.00125568
        3935            0.821764            0.802477          0.00125537
        3936            0.819952            0.802481          0.00125506
        3937            0.818127            0.802485          0.00125474
        3938            0.816294            0.802489          0.00125443
        3939            0.814461            0.802492          0.00125412
        3940            0.812637            0.802494           0.0012538
        3941            0.810829            0.802496          0.00125348
        3942            0.809044            0.802498          0.00125317
        3943            0.807285            0.802499          0.00125285
        3944            0.805557              0.8025          0.00125253
        3945            0.803861              0.8025          0.00125221
        3946            0.802198              0.8025           0.0012519
        3947            0.800572              0.8025          0.00125158
        3948            0.798983            0.802499          0.00125126
        3949            0.797429            0.802498          0.00125095
        3950            0.795912            0.802496          0.00125063
        3951             0.79443            0.802494          0.00125032
        3952            0.792984            0.802492             0.00125
        3953            0.791577            0.802489          0.00124969
        3954            0.790206            0.802486          0.00124938
        3955             0.78887            0.802482          0.00124907
        3956            0.787569            0.802478          0.00124876
        3957            0.786304            0.802474          0.00124845
        3958            0.785075             0.80247          0.00124814
        3959            0.783883            0.802465          0.00124783
        3960            0.782728             0.80246          0.00124753
        3961            0.781607            0.802455          0.00124722
        3962            0.780523             0.80245          0.00124692
        3963            0.779475            0.802444          0.00124662
        3964            0.778464            0.802438          0.00124632
        3965            0.777492            0.802431          0.00124602
        3966             0.77656            0.802425          0.00124573
        3967            0.775671            0.802418          0.00124543
        3968            0.774827            0.802411          0.00124514
        3969            0.774028            0.802404          0.00124484
        3970            0.773274            0.802397          0.00124455
        3971            0.772568            0.802389          0.00124426
        3972            0.771912            0.802381          0.00124397
        3973            0.771313            0.802374          0.00124368
        3974            0.770774            0.802366          0.00124339
        3975            0.770296            0.802358          0.00124311
        3976            0.769889            0.802349          0.00124282
        3977            0.769557            0.802341          0.00124254
        3978            0.769307            0.802333          0.00124225
        3979            0.769147            0.802325          0.00124197
        3980            0.769083            0.802316          0.00124168
        3981            0.769124            0.802308           0.0012414
        3982            0.769277              0.8023          0.00124112
        3983            0.769551            0.802291          0.00124083
        3984            0.769951            0.802283          0.00124055
        3985            0.770486            0.802275          0.00124026
        3986            0.771165            0.802267          0.00123997
        3987            0.771993             0.80226          0.00123969
        3988            0.772976            0.802253           0.0012394
        3989            0.774117            0.802245          0.00123911
        3990             0.77542            0.802239          0.00123881
        3991            0.776888            0.802232          0.00123852
        3992            0.778519            0.802226          0.00123822
        3993            0.780311            0.802221          0.00123793
        3994             0.78226            0.802216          0.00123763
        3995            0.784363            0.802212          0.00123732
        3996            0.786612            0.802208          0.00123702
        3997            0.788999            0.802204          0.00123672
        3998            0.791515            0.802202          0.00123641
        3999            0.794147              0.8022           0.0012361
        4000            0.796881            0.802198          0.00123579
        4001            0.799702            0.802198          0.00123548
        4002            0.802598            0.802198          0.00123518
        4003            0.805553            0.802199          0.00123487
        4004            0.808552              0.8022          0.00123456
        4005            0.811577            0.802203          0.00123425
        4006            0.814613            0.802206          0.00123395
        4007            0.817645            0.802209          0.00123365
        4008            0.820656            0.802214          0.00123335
        4009            0.823632            0.802219          0.00123305
        4010             0.82656            0.802225          0.00123276
        4011            0.829426            0.802232          0.00123247
        4012            0.832217             0.80224          0.00123219
        4013             0.83492            0.802248          0.00123191
        4014            0.837526            0.802257          0.00123163
        4015            0.840023            0.802266          0.00123136
        4016            0.842402            0.802276          0.00123109
        4017            0.844653            0.802287          0.00123083
        4018            0.846766            0.802298          0.00123058
        4019            0.848734            0.802309          0.00123032
        4020            0.850551            0.802321          0.00123008
        4021            0.852212            0.802334          0.00122983
        4022            0.853711            0.802346          0.00122959
        4023            0.855039             0.80236          0.00122936
        4024             0.85619            0.802373          0.00122913
        4025            0.857161            0.802387           0.0012289
        4026            0.857948              0.8024          0.00122867
        4027            0.858546            0.802414          0.00122844
        4028            0.858952            0.802428          0.00122822
        4029            0.859159            0.802442          0.00122799
        4030            0.859166            0.802456          0.00122777
        4031            0.858972             0.80247          0.00122754
        4032            0.858573            0.802484          0.00122732
        4033            0.857964            0.802498          0.00122709
        4034            0.857142            0.802512          0.00122686
        4035            0.856106            0.802525          0.00122663
        4036            0.854857            0.802538          0.00122639
        4037            0.853395            0.802551          0.00122616
        4038            0.851721            0.802563          0.00122591
        4039            0.849843            0.802574          0.00122566
        4040            0.847763            0.802586          0.00122541
        4041            0.845482            0.802596          0.00122516
        4042            0.843005            0.802606          0.00122489
        4043             0.84034            0.802616          0.00122463
        4044            0.837496            0.802624          0.00122435
        4045            0.834482            0.802632          0.00122408
        4046            0.831311            0.802639          0.00122379
        4047            0.827994            0.802645          0.00122351
        4048            0.824546            0.802651          0.00122322
        4049            0.820985            0.802655          0.00122292
        4050            0.817327            0.802659          0.00122263
        4051            0.813589            0.802662          0.00122233
        4052            0.809787            0.802663          0.00122203
        4053            0.805945            0.802664          0.00122173
        4054            0.802083            0.802664          0.00122142
        4055            0.798223            0.802663          0.00122112
        4056            0.794383            0.802661          0.00122082
        4057            0.790587            0.802658          0.00122053
        4058            0.786854            0.802654          0.00122023
        4059            0.783206            0.802649          0.00121994
        4060            0.779667            0.802644          0.00121965
        4061            0.776258            0.802637          0.00121937
        4062            0.772999             0.80263          0.00121909
        4063             0.76991            0.802622          0.00121882
        4064            0.767008            0.802613          0.00121855
        4065            0.764313            0.802604          0.00121829
        4066            0.761843            0.802594          0.00121803
        4067            0.759613            0.802583          0.00121778
        4068            0.757639            0.802572          0.00121753
        4069             0.75593             0.80256          0.00121728
        4070            0.754499            0.802549          0.00121704
        4071            0.753353            0.802537           0.0012168
        4072            0.752499            0.802524          0.00121656
        4073            0.751941            0.802512          0.00121633
        4074            0.751684            0.802499          0.00121609
        4075            0.751725            0.802487          0.00121586
        4076            0.752063            0.802475          0.00121562
        4077            0.752692            0.802462          0.00121539
        4078            0.753605             0.80245          0.00121515
        4079            0.754794            0.802439          0.00121491
        4080            0.756252            0.802427          0.00121466
        4081            0.757961            0.802416          0.00121441
        4082            0.759909            0.802406          0.00121416
        4083            0.762081            0.802396           0.0012139
        4084            0.764459            0.802387          0.00121364
        4085            0.767026            0.802378          0.00121337
        4086            0.769759             0.80237           0.0012131
        4087            0.772636            0.802363          0.00121283
        4088            0.775638            0.802356          0.00121255
        4089            0.778746            0.802351          0.00121227
        4090            0.781939            0.802346          0.00121198
        4091            0.785198            0.802342          0.00121169
        4092            0.788503            0.802338           0.0012114
        4093            0.791829            0.802336          0.00121111
        4094            0.795158            0.802334          0.00121081
        4095            0.798474            0.802333          0.00121052
        4096            0.801758            0.802333          0.00121022
        4097            0.804991            0.802333          0.00120993
        4098            0.808158            0.802335          0.00120963
        4099            0.811245            0.802337          0.00120934
        4100            0.814235             0.80234          0.00120905
        4101            0.817115            0.802343          0.00120876
        4102            0.819873            0.802348          0.00120847
        4103            0.822499            0.802353          0.00120819
        4104             0.82498            0.802358           0.0012079
        4105            0.827306            0.802364          0.00120763
        4106            0.829468            0.802371          0.00120735
        4107            0.831453            0.802378          0.00120708
        4108             0.83326            0.802385          0.00120681
        4109            0.834881            0.802393          0.00120654
        4110            0.836311            0.802402          0.00120627
        4111            0.837542             0.80241          0.00120601
        4112            0.838571            0.802419          0.00120575
        4113            0.839393            0.802428          0.00120549
        4114            0.840011            0.802437          0.00120523
        4115            0.840425            0.802446          0.00120497
        4116            0.840634            0.802456          0.00120472
        4117            0.840642            0.802465          0.00120446
        4118            0.840452            0.802474           0.0012042
        4119            0.840065            0.802483          0.00120394
        4120            0.839489            0.802492          0.00120369
        4121            0.838731            0.802501          0.00120343
        4122            0.837799             0.80251          0.00120316
        4123              0.8367            0.802518           0.0012029
        4124            0.835444            0.802526          0.00120264
        4125            0.834045            0.802533          0.00120237
        4126            0.832516            0.802541           0.0012021
        4127            0.830871            0.802548          0.00120183
        4128            0.829122            0.802554          0.00120155
        4129            0.827284             0.80256          0.00120128
        4130            0.825372            0.802566            0.001201
        4131            0.823398            0.802571          0.00120072
        4132            0.821379            0.802575          0.00120044
        4133            0.819329            0.802579          0.00120015
        4134            0.817265            0.802583          0.00119987
        4135            0.815204            0.802586          0.00119958
        4136            0.813158            0.802588          0.00119929
        4137            0.811141             0.80259          0.00119901
        4138            0.809167            0.802592          0.00119872
        4139            0.807251            0.802593          0.00119843
        4140            0.805405            0.802594          0.00119814
        4141            0.803641            0.802594          0.00119785
        4142            0.801971            0.802594          0.00119756
        4143            0.800404            0.802593          0.00119727
        4144            0.798948            0.802593          0.00119698
        4145            0.797612            0.802591           0.0011967
        4146            0.796397             0.80259          0.00119641
        4147            0.795309            0.802588          0.00119612
        4148            0.794348            0.802586          0.00119583
        4149            0.793517            0.802584          0.00119555
        4150            0.792819            0.802582          0.00119526
        4151            0.792248            0.802579          0.00119498
        4152            0.791801            0.802576          0.00119469
        4153            0.791474            0.802574          0.00119441
        4154            0.791261            0.802571          0.00119412
        4155            0.791154            0.802568          0.00119384
        4156            0.791146            0.802566          0.00119355
        4157            0.791231            0.802563          0.00119327
        4158              0.7914             0.80256          0.00119299
        4159            0.791643            0.802558           0.0011927
        4160            0.791949            0.802555          0.00119242
        4161            0.792311            0.802553          0.00119213
        4162            0.792719             0.80255          0.00119185
        4163            0.793163            0.802548          0.00119157
        4164            0.793631            0.802546          0.00119128
        4165            0.794117            0.802544            0.001191
        4166            0.794609            0.802542          0.00119071
        4167              0.7951             0.80254          0.00119043
        4168            0.795584            0.802538          0.00119014
        4169            0.796056            0.802537          0.00118986
        4170            0.796513            0.802535          0.00118957
        4171            0.796951            0.802534          0.00118929
        4172            0.797368            0.802533          0.00118901
        4173            0.797762            0.802532          0.00118872
        4174            0.798133            0.802531          0.00118844
        4175            0.798481             0.80253          0.00118815
        4176            0.798808            0.802529          0.00118787
        4177            0.799116            0.802528          0.00118758
        4178            0.799411            0.802527           0.0011873
        4179            0.799698            0.802526          0.00118702
        4180            0.799982            0.802526          0.00118673
        4181            0.800267            0.802525          0.00118645
        4182            0.800554            0.802525          0.00118617
        4183            0.800847            0.802524          0.00118588
        4184            0.801151            0.802524           0.0011856
        4185            0.801468            0.802524          0.00118532
        4186            0.801801            0.802524          0.00118503
        4187            0.802153            0.802524          0.00118475
        4188            0.802522            0.802524          0.00118447
        4189            0.802912            0.802524          0.00118418
        4190            0.803321            0.802524           0.0011839
        4191            0.803746            0.802524          0.00118362
        4192            0.804185            0.802525          0.00118334
        4193            0.804633            0.802525          0.00118305
        4194            0.805083            0.802526          0.00118277
        4195            0.805529            0.802526          0.00118249
        4196            0.805966            0.802527          0.00118221
        4197            0.806388            0.802528          0.00118193
        4198            0.806788            0.802529          0.00118165
        4199             0.80716             0.80253          0.00118137
        4200            0.807498            0.802531          0.00118109
        4201            0.807794            0.802533           0.0011808
        4202            0.808043            0.802534          0.00118052
        4203            0.808236            0.802535          0.00118024
        4204            0.808368            0.802537          0.00117996
        4205            0.808434            0.802538          0.00117968
        4206            0.808433             0.80254           0.0011794
        4207             0.80836            0.802541          0.00117913
        4208            0.808211            0.802542          0.00117885
        4209            0.807985            0.802544          0.00117857
        4210            0.807681            0.802545          0.00117829
        4211            0.807301            0.802546          0.00117801
        4212            0.806845            0.802547          0.00117773
        4213            0.806314            0.802548          0.00117745
        4214            0.805713            0.802549          0.00117717
        4215            0.805047            0.802549          0.00117689
        4216             0.80432             0.80255          0.00117661
        4217            0.803538             0.80255          0.00117633
        4218            0.802708             0.80255          0.00117605
        4219            0.801835             0.80255          0.00117578
        4220            0.800926            0.802549           0.0011755
        4221            0.799986            0.802549          0.00117522
        4222            0.799025            0.802548          0.00117494
        4223            0.798049            0.802547          0.00117466
        4224            0.797061            0.802546          0.00117439
        4225            0.796067            0.802544          0.00117411
        4226            0.795074            0.802542          0.00117383
        4227            0.794087             0.80254          0.00117356
        4228            0.793113            0.802538          0.00117328
        4229            0.792154            0.802536          0.00117301
        4230            0.791215            0.802533          0.00117273
        4231              0.7903             0.80253          0.00117246
        4232            0.789409            0.802527          0.00117218
        4233            0.788543            0.802524          0.00117191
        4234              0.7877             0.80252          0.00117164
        4235            0.786881            0.802516          0.00117137
        4236            0.786086            0.802513           0.0011711
        4237            0.785314            0.802508          0.00117083
        4238            0.784564            0.802504          0.00117056
        4239            0.783837              0.8025          0.00117029
        4240            0.783131            0.802495          0.00117003
        4241            0.782447            0.802491          0.00116976
        4242            0.781781            0.802486           0.0011695
        4243             0.78113            0.802481          0.00116923
        4244            0.780492            0.802475          0.00116897
        4245            0.779867             0.80247           0.0011687
        4246            0.779251            0.802465          0.00116844
        4247             0.77864            0.802459          0.00116818
        4248            0.778034            0.802453          0.00116792
        4249            0.777428            0.802447          0.00116766
        4250             0.77682            0.802441           0.0011674
        4251            0.776211            0.802435          0.00116714
        4252              0.7756            0.802429          0.00116688
        4253            0.774985            0.802422          0.00116663
        4254            0.774367            0.802416          0.00116637
        4255            0.773744            0.802409          0.00116612
        4256            0.773119            0.802402          0.00116586
        4257            0.772493            0.802395          0.00116561
        4258            0.771868            0.802388          0.00116536
        4259            0.771243            0.802381          0.00116511
        4260            0.770621            0.802373          0.00116486
        4261            0.770006            0.802366          0.00116461
        4262            0.769399            0.802358          0.00116436
        4263            0.768805             0.80235          0.00116412
        4264            0.768226            0.802342          0.00116387
        4265            0.767665            0.802334          0.00116363
        4266            0.767127            0.802326          0.00116338
        4267            0.766617            0.802317          0.00116314
        4268             0.76614            0.802309           0.0011629
        4269            0.765699              0.8023          0.00116266
        4270              0.7653            0.802292          0.00116242
        4271            0.764948            0.802283          0.00116218
        4272            0.764651            0.802274          0.00116194
        4273            0.764414            0.802265           0.0011617
        4274            0.764242            0.802256          0.00116146
        4275            0.764141            0.802247          0.00116123
        4276            0.764119            0.802238          0.00116099
        4277            0.764181             0.80223          0.00116075
        4278            0.764333            0.802221          0.00116051
        4279             0.76458            0.802212          0.00116028
        4280            0.764927            0.802203          0.00116004
        4281            0.765378            0.802195           0.0011598
        4282            0.765938            0.802186          0.00115956
        4283            0.766612            0.802178          0.00115932
        4284            0.767402             0.80217          0.00115907
        4285            0.768311            0.802162          0.00115883
        4286            0.769343            0.802154          0.00115859
        4287            0.770496            0.802147          0.00115834
        4288            0.771772             0.80214          0.00115809
        4289            0.773171            0.802133          0.00115784
        4290            0.774692            0.802126          0.00115759
        4291            0.776337             0.80212          0.00115733
        4292            0.778102            0.802115          0.00115708
        4293            0.779984             0.80211          0.00115682
        4294            0.781978            0.802105          0.00115656
        4295            0.784079            0.802101           0.0011563
        4296            0.786285            0.802097          0.00115604
        4297            0.788589            0.802094          0.00115577
        4298            0.790983            0.802091           0.0011555
        4299            0.793462            0.802089          0.00115524
        4300            0.796016            0.802088          0.00115497
        4301            0.798637            0.802087           0.0011547
        4302            0.801318            0.802087          0.00115443
        4303            0.804047            0.802087          0.00115416
        4304            0.806815            0.802089           0.0011539
        4305            0.809609             0.80209          0.00115363
        4306            0.812417            0.802093          0.00115337
        4307             0.81523            0.802096           0.0011531
        4308            0.818036            0.802099          0.00115284
        4309             0.82082            0.802104          0.00115258
        4310             0.82357            0.802109          0.00115232
        4311            0.826272            0.802114          0.00115207
        4312            0.828912            0.802121          0.00115182
        4313            0.831478            0.802127          0.00115157
        4314            0.833956            0.802135          0.00115133
        4315            0.836331            0.802143          0.00115109
        4316            0.838589            0.802151          0.00115085
        4317            0.840717             0.80216          0.00115062
        4318              0.8427             0.80217          0.00115039
        4319            0.844528            0.802179          0.00115017
        4320             0.84619            0.802189          0.00114995
        4321            0.847675              0.8022          0.00114973
        4322            0.848972            0.802211          0.00114952
        4323            0.850074            0.802222           0.0011493
        4324            0.850975            0.802233          0.00114909
        4325             0.85167            0.802245          0.00114888
        4326             0.85216            0.802256          0.00114868
        4327            0.852443            0.802268          0.00114847
        4328            0.852518            0.802279          0.00114826
        4329            0.852392            0.802291          0.00114806
        4330            0.852074            0.802302          0.00114785
        4331            0.851569            0.802314          0.00114764
        4332            0.850881            0.802325          0.00114743
        4333            0.850017            0.802336          0.00114722
        4334            0.848989            0.802347            0.001147
        4335            0.847811            0.802357          0.00114679
        4336            0.846492            0.802367          0.00114657
        4337            0.845043            0.802377          0.00114634
        4338            0.843479            0.802387          0.00114612
        4339            0.841813            0.802396          0.00114589
        4340            0.840056            0.802405          0.00114566
        4341            0.838219            0.802413          0.00114543
        4342            0.836313            0.802421          0.00114519
        4343            0.834348            0.802428          0.00114495
        4344            0.832335            0.802435          0.00114471
        4345            0.830286            0.802441          0.00114446
        4346            0.828211            0.802447          0.00114421
        4347            0.826114            0.802453          0.00114396
        4348            0.823999            0.802458          0.00114371
        4349             0.82187            0.802462          0.00114346
        4350            0.819729            0.802466           0.0011432
        4351             0.81758            0.802469          0.00114294
        4352            0.815425            0.802472          0.00114268
        4353            0.813266            0.802475          0.00114242
        4354            0.811103            0.802477          0.00114216
        4355            0.808932            0.802478           0.0011419
        4356            0.806753            0.802479          0.00114164
        4357            0.804565             0.80248          0.00114138
        4358            0.802365             0.80248          0.00114112
        4359             0.80015            0.802479          0.00114085
        4360             0.79792            0.802478          0.00114059
        4361            0.795673            0.802477          0.00114033
        4362            0.793409            0.802475          0.00114007
        4363            0.791127            0.802472          0.00113981
        4364            0.788825            0.802469          0.00113956
        4365            0.786506            0.802465           0.0011393
        4366            0.784171            0.802461          0.00113905
        4367            0.781821            0.802456           0.0011388
        4368            0.779459            0.802451          0.00113855
        4369            0.777084            0.802445           0.0011383
        4370            0.774701            0.802439          0.00113806
        4371            0.772312            0.802432          0.00113782
        4372             0.76992            0.802425          0.00113759
        4373            0.767529            0.802417          0.00113735
        4374            0.765144            0.802408          0.00113713
        4375            0.762769            0.802399           0.0011369
        4376            0.760405            0.802389          0.00113668
        4377            0.758055            0.802379          0.00113647
        4378            0.755723            0.802369          0.00113626
        4379            0.753411            0.802357          0.00113605
        4380            0.751122            0.802346          0.00113585
        4381            0.748858            0.802334          0.00113566
        4382            0.746624            0.802321          0.00113547
        4383            0.744421            0.802308          0.00113529
        4384            0.742252            0.802294          0.00113511
        4385            0.740119             0.80228          0.00113494
        4386            0.738027            0.802265          0.00113478
        4387            0.735977             0.80225          0.00113462
        4388            0.733976            0.802234          0.00113447
        4389            0.732027            0.802218          0.00113432
        4390            0.730137            0.802202          0.00113418
        4391            0.728317            0.802185          0.00113405
        4392            0.726576            0.802168          0.00113392
        4393            0.724922             0.80215           0.0011338
        4394            0.723367            0.802132          0.00113369
        4395            0.721921            0.802114          0.00113357
        4396            0.720592            0.802096          0.00113347
        4397            0.719392            0.802077          0.00113337
        4398            0.718334            0.802058          0.00113327
        4399            0.717431            0.802039          0.00113317
        4400            0.716695            0.802019          0.00113308
        4401            0.716138               0.802          0.00113299
        4402            0.715768             0.80198          0.00113291
        4403            0.715594             0.80196          0.00113282
        4404            0.715623            0.801941          0.00113273
        4405            0.715866            0.801921          0.00113264
        4406            0.716325            0.801902          0.00113255
        4407            0.717003            0.801883          0.00113246
        4408            0.717899            0.801864          0.00113236
        4409            0.719015            0.801845          0.00113226
        4410            0.720347            0.801826          0.00113215
        4411            0.721895            0.801808          0.00113204
        4412            0.723652             0.80179          0.00113192
        4413            0.725617            0.801773           0.0011318
        4414            0.727783            0.801756          0.00113167
        4415             0.73014             0.80174          0.00113153
        4416            0.732681            0.801725          0.00113138
        4417            0.735397             0.80171          0.00113122
        4418            0.738282            0.801695          0.00113106
        4419            0.741323            0.801682          0.00113088
        4420            0.744508            0.801669           0.0011307
        4421            0.747827            0.801656          0.00113051
        4422             0.75127            0.801645          0.00113031
        4423            0.754819            0.801634          0.00113011
        4424            0.758465            0.801625          0.00112989
        4425            0.762196            0.801616          0.00112967
        4426            0.765998            0.801608          0.00112945
        4427            0.769853            0.801601          0.00112922
        4428            0.773744            0.801594          0.00112898
        4429            0.777652            0.801589          0.00112874
        4430            0.781564            0.801584          0.00112849
        4431            0.785464            0.801581          0.00112824
        4432            0.789335            0.801578          0.00112799
        4433            0.793156            0.801576          0.00112774
        4434            0.796912            0.801575          0.00112748
        4435            0.800587            0.801575          0.00112723
        4436            0.804166            0.801575          0.00112698
        4437            0.807635            0.801577          0.00112672
        4438            0.810981            0.801579          0.00112647
        4439            0.814195            0.801582          0.00112622
        4440             0.81727            0.801585          0.00112597
        4441            0.820198            0.801589          0.00112573
        4442            0.822973            0.801594          0.00112548
        4443            0.825589              0.8016          0.00112524
        4444            0.828046            0.801606          0.00112501
        4445            0.830346            0.801612          0.00112477
        4446             0.83249            0.801619          0.00112454
        4447            0.834474            0.801626          0.00112431
        4448            0.836302            0.801634          0.00112409
        4449            0.837977            0.801642          0.00112386
        4450            0.839501            0.801651          0.00112364
        4451            0.840879             0.80166          0.00112342
        4452            0.842113            0.801669          0.00112321
        4453            0.843207            0.801678          0.00112299
        4454            0.844166            0.801688          0.00112278
        4455            0.844995            0.801697          0.00112257
        4456            0.845697            0.801707          0.00112236
        4457            0.846274            0.801717          0.00112216
        4458            0.846728            0.801727          0.00112195
        4459             0.84706            0.801737          0.00112175
        4460            0.847269            0.801748          0.00112154
        4461            0.847356            0.801758          0.00112134
        4462            0.847323            0.801768          0.00112113
        4463             0.84717            0.801778          0.00112093
        4464            0.846896            0.801788          0.00112072
        4465            0.846503            0.801798          0.00112051
        4466            0.845988            0.801808          0.00112031
        4467            0.845351            0.801818           0.0011201
        4468            0.844594            0.801828          0.00111989
        4469            0.843717            0.801837          0.00111968
        4470            0.842721            0.801846          0.00111946
        4471            0.841607            0.801855          0.00111925
        4472            0.840383            0.801864          0.00111903
        4473            0.839056            0.801872          0.00111881
        4474            0.837633             0.80188          0.00111859
        4475            0.836122            0.801888          0.00111837
        4476            0.834533            0.801895          0.00111814
        4477            0.832879            0.801902          0.00111791
        4478            0.831174            0.801908          0.00111768
        4479            0.829437            0.801914          0.00111745
        4480            0.827682             0.80192          0.00111722
        4481            0.825926            0.801926          0.00111698
        4482            0.824188            0.801931          0.00111674
        4483            0.822491            0.801935           0.0011165
        4484            0.820852            0.801939          0.00111626
        4485            0.819292            0.801943          0.00111602
        4486            0.817837            0.801947          0.00111577
        4487            0.816507             0.80195          0.00111553
        4488            0.815322            0.801953          0.00111529
        4489            0.814301            0.801956          0.00111504
        4490            0.813458            0.801958           0.0011148
        4491            0.812812            0.801961          0.00111455
        4492            0.812378            0.801963           0.0011143
        4493            0.812168            0.801965          0.00111406
        4494            0.812194            0.801968          0.00111381
        4495            0.812465             0.80197          0.00111357
        4496            0.812986            0.801972          0.00111332
        4497            0.813757            0.801975          0.00111308
        4498            0.814782            0.801978          0.00111283
        4499            0.816059            0.801981          0.00111259
        4500             0.81758            0.801984          0.00111235
        4501            0.819338            0.801988          0.00111211
        4502            0.821324            0.801993          0.00111187
        4503            0.823526            0.801997          0.00111163
        4504            0.825932            0.802003           0.0011114
        4505            0.828528            0.802009          0.00111117
        4506            0.831296            0.802015          0.00111094
        4507            0.834217            0.802022          0.00111072
        4508            0.837271             0.80203           0.0011105
        4509            0.840438            0.802039          0.00111029
        4510              0.8437            0.802048          0.00111008
        4511            0.847033            0.802058          0.00110988
        4512            0.850416            0.802069          0.00110968
        4513            0.853828             0.80208           0.0011095
        4514            0.857248            0.802092          0.00110932
        4515            0.860656            0.802105          0.00110915
        4516            0.864033            0.802119          0.00110899
        4517             0.86736            0.802133          0.00110883
        4518            0.870617            0.802148          0.00110869
        4519            0.873785            0.802164          0.00110856
        4520            0.876852            0.802181          0.00110844
        4521            0.879801            0.802198          0.00110833
        4522            0.882617            0.802216          0.00110822
        4523            0.885289            0.802234          0.00110813
        4524            0.887805            0.802253          0.00110805
        4525            0.890156            0.802273          0.00110797
        4526            0.892335            0.802292          0.00110791
        4527            0.894334            0.802313          0.00110785
        4528            0.896145            0.802333           0.0011078
        4529            0.897763            0.802355          0.00110775
        4530            0.899186            0.802376          0.00110772
        4531            0.900414            0.802398          0.00110768
        4532            0.901446            0.802419          0.00110765
        4533             0.90228            0.802441          0.00110763
        4534            0.902917            0.802464          0.00110761
        4535            0.903355            0.802486          0.00110758
        4536            0.903596            0.802508          0.00110756
        4537            0.903639             0.80253          0.00110754
        4538            0.903485            0.802553          0.00110752
        4539            0.903134            0.802575           0.0011075
        4540            0.902587            0.802597          0.00110748
        4541            0.901848            0.802619          0.00110745
        4542            0.900914             0.80264          0.00110742
        4543            0.899782            0.802662          0.00110738
        4544            0.898449            0.802683          0.00110734
        4545            0.896913            0.802704          0.00110729
        4546            0.895171            0.802724          0.00110723
        4547            0.893222            0.802744          0.00110716
        4548            0.891061            0.802763          0.00110709
        4549            0.888685            0.802782          0.00110701
        4550            0.886093              0.8028          0.00110692
        4551            0.883283            0.802818          0.00110682
        4552            0.880251            0.802835           0.0011067
        4553            0.876992            0.802851          0.00110658
        4554            0.873506            0.802867          0.00110645
        4555            0.869789            0.802882           0.0011063
        4556            0.865844            0.802895          0.00110614
        4557            0.861671            0.802908          0.00110598
        4558            0.857276             0.80292           0.0011058
        4559            0.852665            0.802931          0.00110561
        4560            0.847847            0.802941          0.00110541
        4561            0.842836             0.80295           0.0011052
        4562            0.837646            0.802957          0.00110499
        4563            0.832291            0.802964          0.00110476
        4564            0.826791            0.802969          0.00110453
        4565             0.82117            0.802973           0.0011043
        4566            0.815457            0.802976          0.00110406
        4567            0.809679            0.802977          0.00110382
        4568            0.803868            0.802977          0.00110358
        4569            0.798058            0.802976          0.00110334
        4570            0.792288            0.802974           0.0011031
        4571              0.7866             0.80297          0.00110286
        4572            0.781033            0.802966          0.00110263
        4573            0.775631             0.80296          0.00110241
        4574            0.770437            0.802953          0.00110219
        4575            0.765494            0.802944          0.00110198
        4576            0.760844            0.802935          0.00110178
        4577            0.756531            0.802925          0.00110158
        4578             0.75259            0.802914           0.0011014
        4579            0.749056            0.802902          0.00110122
        4580            0.745955             0.80289          0.00110105
        4581            0.743316            0.802877          0.00110088
        4582            0.741155            0.802863          0.00110073
        4583            0.739484            0.802849          0.00110057
        4584             0.73831            0.802835          0.00110042
        4585            0.737634            0.802821          0.00110028
        4586            0.737446            0.802807          0.00110013
        4587            0.737732            0.802793          0.00109998
        4588            0.738473            0.802779          0.00109983
        4589            0.739643            0.802765          0.00109968
        4590            0.741212            0.802752          0.00109952
        4591            0.743148            0.802739          0.00109935
        4592            0.745414            0.802726          0.00109919
        4593            0.747973            0.802714          0.00109901
        4594            0.750786            0.802703          0.00109883
        4595            0.753805            0.802692          0.00109864
        4596            0.756989            0.802682          0.00109845
        4597            0.760298            0.802673          0.00109825
        4598             0.76369            0.802665          0.00109804
        4599            0.767126            0.802657          0.00109783
        4600            0.770571             0.80265          0.00109761
        4601             0.77399            0.802644          0.00109739
        4602            0.777353            0.802638          0.00109717
        4603             0.78063            0.802633          0.00109694
        4604            0.783796            0.802629          0.00109671
        4605            0.786826            0.802626          0.00109648
        4606            0.789699            0.802623          0.00109624
        4607            0.792398            0.802621          0.00109601
        4608            0.794909            0.802619          0.00109577
        4609             0.79722            0.802618          0.00109553
        4610            0.799319            0.802617           0.0010953
        4611            0.801197            0.802617          0.00109506
        4612            0.802848            0.802617          0.00109482
        4613            0.804266            0.802617          0.00109458
        4614             0.80545            0.802618          0.00109435
        4615            0.806397            0.802619          0.00109411
        4616            0.807111             0.80262          0.00109387
        4617            0.807594            0.802621          0.00109364
        4618            0.807849            0.802622           0.0010934
        4619            0.807882            0.802623          0.00109316
        4620            0.807698            0.802624          0.00109293
        4621            0.807306            0.802625          0.00109269
        4622            0.806718            0.802626          0.00109246
        4623            0.805944            0.802627          0.00109222
        4624            0.804995            0.802627          0.00109198
        4625            0.803882            0.802628          0.00109175
        4626            0.802617            0.802628          0.00109151
        4627            0.801215            0.802627          0.00109128
        4628            0.799689            0.802627          0.00109104
        4629            0.798052            0.802626          0.00109081
        4630            0.796322            0.802624          0.00109057
        4631            0.794513            0.802623          0.00109034
        4632            0.792643             0.80262           0.0010901
        4633            0.790733            0.802618          0.00108987
        4634              0.7888            0.802615          0.00108964
        4635            0.786862            0.802611          0.00108941
        4636            0.784935            0.802608          0.00108918
        4637             0.78304            0.802603          0.00108895
        4638            0.781196            0.802599          0.00108873
        4639            0.779424            0.802594          0.00108851
        4640            0.777745            0.802588          0.00108829
        4641            0.776177            0.802583          0.00108807
        4642            0.774738            0.802577          0.00108785
        4643            0.773448            0.802571          0.00108763
        4644            0.772329            0.802564          0.00108742
        4645            0.771398            0.802557           0.0010872
        4646            0.770672             0.80255          0.00108699
        4647            0.770168            0.802543          0.00108678
        4648              0.7699            0.802536          0.00108657
        4649            0.769881            0.802529          0.00108636
        4650            0.770124            0.802522          0.00108615
        4651             0.77064            0.802516          0.00108593
        4652            0.771434            0.802509          0.00108572
        4653            0.772513            0.802502          0.00108551
        4654            0.773875            0.802496          0.00108529
        4655            0.775516            0.802491          0.00108507
        4656            0.777428            0.802485          0.00108485
        4657            0.779601             0.80248          0.00108463
        4658            0.782025            0.802476          0.00108441
        4659            0.784683            0.802472          0.00108418
        4660            0.787552            0.802469          0.00108395
        4661            0.790609            0.802466          0.00108372
        4662            0.793829            0.802464          0.00108349
        4663            0.797183            0.802463          0.00108326
        4664            0.800639            0.802463          0.00108303
        4665            0.804168            0.802463           0.0010828
        4666            0.807737            0.802464          0.00108257
        4667            0.811313            0.802466          0.00108234
        4668            0.814866            0.802469          0.00108211
        4669            0.818369            0.802472          0.00108188
        4670            0.821791            0.802476          0.00108166
        4671            0.825104            0.802481          0.00108144
        4672            0.828284            0.802487          0.00108122
        4673            0.831311            0.802493          0.00108101
        4674            0.834164              0.8025           0.0010808
        4675            0.836828            0.802507          0.00108059
        4676            0.839291            0.802515          0.00108039
        4677            0.841543            0.802523          0.00108019
        4678            0.843576            0.802532          0.00107999
        4679            0.845388            0.802541           0.0010798
        4680            0.846978            0.802551          0.00107961
        4681             0.84835            0.802561          0.00107943
        4682             0.84951            0.802571          0.00107924
        4683            0.850465            0.802581          0.00107906
        4684            0.851222            0.802591          0.00107888
        4685            0.851795            0.802602           0.0010787
        4686            0.852194            0.802612          0.00107852
        4687            0.852434            0.802623          0.00107834
        4688            0.852528            0.802634          0.00107817
        4689             0.85249            0.802644          0.00107799
        4690            0.852327            0.802655          0.00107781
        4691            0.852048            0.802665          0.00107763
        4692            0.851662            0.802676          0.00107745
        4693            0.851172            0.802686          0.00107727
        4694            0.850583            0.802696          0.00107709
        4695            0.849897            0.802706          0.00107691
        4696            0.849111            0.802716          0.00107673
        4697            0.848218            0.802726          0.00107654
        4698            0.847215            0.802735          0.00107635
        4699            0.846095            0.802745          0.00107616
        4700            0.844851            0.802754          0.00107597
        4701            0.843473            0.802762          0.00107578
        4702            0.841952            0.802771          0.00107558
        4703             0.84028            0.802779          0.00107538
        4704             0.83845            0.802786          0.00107518
        4705            0.836456            0.802793          0.00107498
        4706            0.834297              0.8028          0.00107477
        4707             0.83197            0.802806          0.00107456
        4708            0.829479            0.802812          0.00107434
        4709            0.826829            0.802817          0.00107413
        4710            0.824028            0.802821          0.00107391
        4711            0.821089            0.802825          0.00107369
        4712            0.818025            0.802829          0.00107347
        4713            0.814854            0.802831          0.00107324
        4714            0.811594            0.802833          0.00107301
        4715            0.808267            0.802834          0.00107279
        4716            0.804899            0.802835          0.00107256
        4717            0.801515            0.802834          0.00107233
        4718            0.798143            0.802833          0.00107211
        4719             0.79481            0.802832          0.00107188
        4720            0.791545            0.802829          0.00107166
        4721            0.788373            0.802826          0.00107143
        4722            0.785326            0.802822          0.00107121
        4723             0.78243            0.802818          0.00107099
        4724            0.779711            0.802813          0.00107078
        4725            0.777193            0.802808          0.00107057
        4726            0.774895            0.802802          0.00107036
        4727            0.772839            0.802796          0.00107015
        4728            0.771041            0.802789          0.00106994
        4729            0.769511            0.802782          0.00106974
        4730            0.768261            0.802774          0.00106954
        4731            0.767299            0.802767          0.00106934
        4732            0.766631            0.802759          0.00106914
        4733            0.766259            0.802752          0.00106894
        4734            0.766179            0.802744          0.00106874
        4735            0.766387            0.802736          0.00106855
        4736            0.766877            0.802729          0.00106835
        4737            0.767637            0.802721          0.00106815
        4738            0.768656            0.802714          0.00106795
        4739            0.769919            0.802707          0.00106774
        4740            0.771408            0.802701          0.00106754
        4741            0.773104            0.802694          0.00106733
        4742            0.774988            0.802688          0.00106712
        4743            0.777037            0.802683          0.00106691
        4744            0.779232            0.802678           0.0010667
        4745            0.781549            0.802674          0.00106648
        4746            0.783963             0.80267          0.00106626
        4747            0.786449            0.802666          0.00106605
        4748            0.788986            0.802663          0.00106582
        4749            0.791551            0.802661           0.0010656
        4750             0.79412            0.802659          0.00106538
        4751            0.796674            0.802658          0.00106516
        4752            0.799192            0.802657          0.00106493
        4753            0.801655            0.802657          0.00106471
        4754            0.804049            0.802657          0.00106448
        4755            0.806356            0.802658          0.00106426
        4756            0.808564            0.802659          0.00106404
        4757             0.81066            0.802661          0.00106382
        4758            0.812636            0.802663          0.00106359
        4759            0.814482            0.802666          0.00106337
        4760             0.81619            0.802668          0.00106315
        4761            0.817759            0.802672          0.00106294
        4762            0.819183            0.802675          0.00106272
        4763            0.820459            0.802679           0.0010625
        4764            0.821587            0.802683          0.00106229
        4765            0.822568            0.802687          0.00106207
        4766            0.823404            0.802691          0.00106186
        4767            0.824099            0.802696          0.00106164
        4768            0.824653              0.8027          0.00106143
        4769            0.825072            0.802705          0.00106122
        4770            0.825359             0.80271          0.00106101
        4771            0.825521            0.802715           0.0010608
        4772            0.825566            0.802719          0.00106058
        4773            0.825501            0.802724          0.00106037
        4774            0.825333            0.802729          0.00106016
        4775            0.825071            0.802734          0.00105995
        4776            0.824725            0.802738          0.00105974
        4777            0.824305            0.802743          0.00105953
        4778            0.823821            0.802747          0.00105931
        4779            0.823283            0.802751           0.0010591
        4780              0.8227            0.802756          0.00105889
        4781            0.822078             0.80276          0.00105867
        4782             0.82143            0.802764          0.00105846
        4783            0.820765            0.802767          0.00105824
        4784            0.820089            0.802771          0.00105803
        4785            0.819412            0.802774          0.00105781
        4786            0.818745            0.802778           0.0010576
        4787            0.818096            0.802781          0.00105738
        4788            0.817472            0.802784          0.00105717
        4789            0.816878            0.802787          0.00105695
        4790            0.816322             0.80279          0.00105673
        4791             0.81581            0.802793          0.00105651
        4792            0.815343            0.802795           0.0010563
        4793            0.814928            0.802798          0.00105608
        4794            0.814567              0.8028          0.00105586
        4795            0.814262            0.802803          0.00105564
        4796            0.814011            0.802805          0.00105543
        4797            0.813814            0.802807          0.00105521
        4798            0.813671            0.802809          0.00105499
        4799            0.813579            0.802812          0.00105478
        4800            0.813534            0.802814          0.00105456
        4801            0.813534            0.802816          0.00105434
        4802             0.81357            0.802818          0.00105412
        4803            0.813637            0.802821          0.00105391
        4804            0.813727            0.802823          0.00105369
        4805            0.813832            0.802825          0.00105347
        4806            0.813946            0.802828          0.00105326
        4807            0.814058             0.80283          0.00105304
        4808             0.81416            0.802832          0.00105282
        4809            0.814242            0.802835          0.00105261
        4810            0.814295            0.802837          0.00105239
        4811             0.81431            0.802839          0.00105217
        4812            0.814275            0.802842          0.00105196
        4813             0.81418            0.802844          0.00105174
        4814            0.814012            0.802846          0.00105153
        4815            0.813759            0.802849          0.00105131
        4816            0.813413            0.802851          0.00105109
        4817             0.81296            0.802853          0.00105088
        4818            0.812392            0.802855          0.00105066
        4819            0.811695            0.802857          0.00105045
        4820            0.810861            0.802858          0.00105023
        4821            0.809883             0.80286          0.00105001
        4822            0.808748            0.802861           0.0010498
        4823             0.80745            0.802862          0.00104958
        4824            0.805984            0.802863          0.00104936
        4825            0.804342            0.802863          0.00104914
        4826             0.80252            0.802863          0.00104893
        4827            0.800512            0.802862          0.00104871
        4828            0.798317            0.802862          0.00104849
        4829            0.795934             0.80286          0.00104828
        4830            0.793366            0.802858          0.00104806
        4831            0.790616            0.802856          0.00104785
        4832            0.787684            0.802852          0.00104763
        4833            0.784579            0.802849          0.00104742
        4834            0.781308            0.802844          0.00104722
        4835            0.777877            0.802839          0.00104701
        4836            0.774297            0.802833          0.00104681
        4837             0.77058            0.802826          0.00104662
        4838             0.76674            0.802819          0.00104643
        4839            0.762794            0.802811          0.00104625
        4840            0.758758            0.802802          0.00104607
        4841            0.754647            0.802792           0.0010459
        4842            0.750478            0.802781          0.00104574
        4843             0.74627            0.802769          0.00104559
        4844            0.742043            0.802757          0.00104545
        4845            0.737818            0.802743          0.00104532
        4846            0.733617            0.802729           0.0010452
        4847            0.729459            0.802714          0.00104509
        4848            0.725368            0.802698            0.001045
        4849            0.721365            0.802681          0.00104492
        4850            0.717473            0.802664          0.00104485
        4851            0.713717            0.802645           0.0010448
        4852            0.710122            0.802626          0.00104476
        4853             0.70671            0.802606          0.00104473
        4854            0.703504            0.802586          0.00104471
        4855            0.700528            0.802565          0.00104471
        4856            0.697805            0.802543          0.00104471
        4857            0.695355            0.802521          0.00104473
        4858            0.693201            0.802499          0.00104476
        4859             0.69136            0.802476           0.0010448
        4860            0.689848            0.802453          0.00104484
        4861            0.688681            0.802429          0.00104488
        4862            0.687872            0.802406          0.00104494
        4863            0.687431            0.802382          0.00104499
        4864            0.687366            0.802359          0.00104504
        4865            0.687681            0.802335          0.00104509
        4866             0.68838            0.802312          0.00104514
        4867            0.689461            0.802288          0.00104518
        4868            0.690921            0.802265          0.00104522
        4869            0.692753            0.802243          0.00104524
        4870             0.69495            0.802221          0.00104526
        4871            0.697498            0.802199          0.00104527
        4872            0.700382            0.802179          0.00104526
        4873             0.70358            0.802158          0.00104524
        4874            0.707074            0.802139          0.00104521
        4875            0.710842             0.80212          0.00104517
        4876             0.71486            0.802102           0.0010451
        4877            0.719104            0.802085          0.00104503
        4878            0.723546            0.802069          0.00104494
        4879             0.72816            0.802054          0.00104483
        4880            0.732916             0.80204          0.00104472
        4881            0.737784            0.802027          0.00104458
        4882            0.742737            0.802014          0.00104444
        4883            0.747748            0.802003          0.00104429
        4884             0.75279            0.801993          0.00104412
        4885            0.757834            0.801984          0.00104395
        4886            0.762857            0.801976          0.00104376
        4887            0.767833            0.801969          0.00104357
        4888             0.77274            0.801963          0.00104338
        4889            0.777556            0.801958          0.00104318
        4890            0.782261            0.801954          0.00104297
        4891            0.786842            0.801951          0.00104276
        4892            0.791278            0.801949          0.00104255
        4893             0.79555            0.801948          0.00104234
        4894            0.799642            0.801947          0.00104213
        4895             0.80354            0.801948          0.00104191
        4896            0.807233            0.801949           0.0010417
        4897            0.810711             0.80195          0.00104149
        4898            0.813961            0.801953          0.00104128
        4899            0.816974            0.801956          0.00104107
        4900            0.819746             0.80196          0.00104087
        4901            0.822272            0.801964          0.00104066
        4902            0.824545            0.801968          0.00104046
        4903             0.82656            0.801973          0.00104026
        4904            0.828315            0.801979          0.00104006
        4905            0.829811            0.801984          0.00103986
        4906            0.831045             0.80199          0.00103967
        4907             0.83202            0.801996          0.00103948
        4908            0.832743            0.802003          0.00103928
        4909             0.83322            0.802009          0.00103909
        4910            0.833456            0.802015           0.0010389
        4911            0.833457            0.802022          0.00103871
        4912            0.833234            0.802028          0.00103851
        4913            0.832801            0.802034          0.00103832
        4914            0.832169            0.802041          0.00103813
        4915            0.831357            0.802047          0.00103793
        4916             0.83038            0.802052          0.00103774
        4917            0.829257            0.802058          0.00103754
        4918             0.82801            0.802063          0.00103735
        4919            0.826656            0.802068          0.00103715
        4920            0.825214            0.802073          0.00103695
        4921            0.823707            0.802077          0.00103675
        4922            0.822157            0.802081          0.00103654
        4923            0.820587            0.802085          0.00103634
        4924            0.819016            0.802088          0.00103613
        4925            0.817465            0.802092          0.00103593
        4926            0.815953            0.802094          0.00103572
        4927            0.814498            0.802097          0.00103551
        4928            0.813117            0.802099          0.00103531
        4929            0.811824            0.802101           0.0010351
        4930            0.810635            0.802103          0.00103489
        4931             0.80956            0.802104          0.00103468
        4932            0.808607            0.802106          0.00103447
        4933            0.807786            0.802107          0.00103426
        4934              0.8071            0.802108          0.00103405
        4935             0.80655            0.802109          0.00103385
        4936            0.806139             0.80211          0.00103364
        4937            0.805864             0.80211          0.00103343
        4938            0.805724            0.802111          0.00103322
        4939            0.805716            0.802112          0.00103301
        4940            0.805834            0.802113           0.0010328
        4941             0.80607            0.802113          0.00103259
        4942            0.806418            0.802114          0.00103238
        4943            0.806869            0.802115          0.00103217
        4944            0.807417            0.802116          0.00103197
        4945            0.808053            0.802117          0.00103176
        4946            0.808766            0.802119          0.00103155
        4947            0.809549             0.80212          0.00103134
        4948            0.810395            0.802122          0.00103114
        4949            0.811296            0.802124          0.00103093
        4950            0.812244            0.802126          0.00103072
        4951            0.813232            0.802128          0.00103052
        4952            0.814255            0.802131          0.00103031
        4953            0.815307            0.802133          0.00103011
        4954            0.816383            0.802136           0.0010299
        4955             0.81748            0.802139           0.0010297
        4956            0.818592            0.802143           0.0010295
        4957            0.819716            0.802146           0.0010293
        4958            0.820851             0.80215           0.0010291
        4959            0.821996            0.802154           0.0010289
        4960             0.82315            0.802158           0.0010287
        4961            0.824308            0.802163           0.0010285
        4962             0.82547            0.802167           0.0010283
        4963            0.826634            0.802172          0.00102811
        4964            0.827798            0.802177          0.00102791
        4965            0.828961            0.802183          0.00102772
        4966            0.830122            0.802188          0.00102753
        4967            0.831278            0.802194          0.00102734
        4968            0.832427              0.8022          0.00102715
        4969            0.833568            0.802207          0.00102696
        4970              0.8347            0.802213          0.00102678
        4971            0.835821             0.80222          0.00102659
        4972            0.836927            0.802227          0.00102641
        4973            0.838014            0.802234          0.00102623
        4974            0.839079            0.802241          0.00102605
        4975            0.840119            0.802249          0.00102587
        4976             0.84113            0.802257          0.00102569
        4977            0.842109            0.802265          0.00102552
        4978            0.843051            0.802273          0.00102535
        4979            0.843954            0.802281          0.00102518
        4980            0.844814             0.80229            0.001025
        4981            0.845627            0.802299          0.00102484
        4982             0.84639            0.802308          0.00102467
        4983              0.8471            0.802317           0.0010245
        4984            0.847753            0.802326          0.00102434
        4985            0.848347            0.802335          0.00102417
        4986            0.848876            0.802344          0.00102401
        4987            0.849336            0.802354          0.00102385
        4988            0.849727            0.802363          0.00102369
        4989            0.850045            0.802373          0.00102353
        4990            0.850285            0.802382          0.00102337
        4991            0.850446            0.802392          0.00102321
        4992            0.850525            0.802402          0.00102305
        4993            0.850519            0.802411          0.00102289
        4994            0.850427            0.802421          0.00102273
        4995            0.850246             0.80243          0.00102257
        4996            0.849976             0.80244          0.00102241
        4997            0.849612            0.802449          0.00102225
        4998            0.849154            0.802459          0.00102209
        4999            0.848602            0.802468          0.00102192
        5000            0.847955            0.802477          0.00102176
