#   N_BLOCK:  ACCEPTANCE:
           1            0.685185
           2            0.675926
           3            0.660494
           4            0.675926
           5            0.674074
           6            0.657407
           7            0.660053
           8             0.65162
           9            0.635802
          10            0.637963
          11            0.632997
          12            0.627315
          13             0.62037
          14            0.621693
          15            0.618519
          16            0.615162
          17            0.617647
          18            0.612654
          19            0.613548
          20            0.610185
          21            0.609788
          22            0.604377
          23            0.603865
          24            0.603781
          25            0.600741
          26            0.599715
          27            0.595679
          28            0.595569
          29             0.59355
          30            0.592901
          31            0.590203
          32            0.587674
          33            0.587823
          34            0.586601
          35            0.585979
          36            0.585391
          37            0.585335
          38            0.585039
          39            0.585945
          40            0.586574
          41            0.586043
          42             0.58642
          43            0.585917
          44            0.585017
          45            0.583951
          46            0.583132
          47            0.582545
          48             0.58179
          49            0.582577
          50            0.582037
          51            0.580973
          52            0.580128
          53            0.579839
          54            0.578189
          55            0.578114
          56            0.578208
          57            0.577648
          58            0.577427
          59            0.577213
          60            0.575772
          61            0.576655
          62            0.575119
          63            0.574662
          64            0.573495
          65            0.573504
          66            0.572391
          67            0.572554
          68            0.571759
          69            0.570853
          70            0.570106
          71             0.56964
          72            0.569573
          73            0.567732
          74            0.567192
          75            0.566173
          76            0.565302
          77            0.564815
          78            0.565052
          79            0.565518
          80            0.564583
          81            0.564815
          82            0.564137
          83            0.564257
          84            0.564925
          85            0.565468
          86            0.564707
          87            0.565028
          88             0.56513
          89            0.565127
          90            0.565535
          91            0.565222
          92            0.565217
          93            0.565114
          94            0.564421
          95            0.563645
          96            0.563465
          97             0.56281
          98            0.562169
          99             0.56257
         100             0.56213
         101            0.560689
         102            0.561002
         103            0.561309
         104            0.562144
         105            0.561993
         106            0.562194
         107            0.561959
         108            0.561385
         109            0.561162
         110             0.56069
         111            0.559977
         112            0.560103
         113            0.559898
         114            0.560429
         115            0.560145
         116            0.559706
         117            0.559275
         118            0.559871
         119            0.559602
         120            0.559722
         121            0.559458
         122            0.559957
         123            0.559846
         124            0.559364
         125            0.559259
         126             0.55923
         127            0.558836
         128              0.5591
         129            0.559216
         130            0.558832
         131            0.558524
         132            0.558993
         133            0.559036
         134            0.558734
         135            0.559053
         136            0.558619
         137            0.558867
         138            0.558239
         139             0.55842
         140            0.558796
         141            0.558905
         142             0.55862
         143            0.558534
         144            0.557999
         145            0.557535
         146            0.557141
         147             0.55713
         148            0.556994
         149            0.556798
         150            0.556852
         151            0.556966
         152            0.557139
         153            0.557069
         154            0.556518
         155            0.556392
         156            0.556268
         157            0.555379
         158             0.55538
         159            0.555148
         160            0.555093
         161            0.554635
         162             0.55407
         163            0.554419
         164            0.554426
         165            0.554377
         166            0.554384
         167            0.554391
         168            0.554288
         169            0.554131
         170            0.554085
         171            0.554094
         172            0.553564
         173            0.553629
         174            0.553427
         175            0.553439
         176            0.553136
         177            0.553045
         178            0.552695
         179            0.552607
         180            0.552623
         181            0.552793
         182            0.552656
         183             0.55252
         184            0.552738
         185            0.552503
         186            0.552519
         187            0.552486
         188            0.552206
         189            0.552224
         190            0.551559
         191            0.551483
         192            0.550974
         193             0.55071
         194            0.550735
         195            0.550237
         196            0.549887
         197            0.549915
         198            0.549242
         199            0.549042
         200            0.548704
         201            0.548554
         202            0.549047
         203             0.54844
         204            0.548384
         205            0.548013
         206            0.547555
         207            0.547191
         208            0.547409
         209            0.547315
         210            0.546869
         211            0.546779
         212            0.546558
         213            0.546427
         214            0.546383
         215            0.546296
         216            0.546468
         217            0.546638
         218            0.546254
         219            0.546085
         220            0.546086
         221            0.545877
         222            0.545796
         223            0.545632
         224            0.545759
         225            0.545556
         226            0.545518
         227            0.545236
         228            0.545159
         229            0.545164
         230            0.544968
         231            0.545094
         232            0.544939
         233            0.544826
         234            0.544318
         235            0.543853
         236            0.543785
         237            0.543601
         238            0.543262
         239            0.543197
         240             0.54321
         241            0.543223
         242            0.543006
         243            0.542753
         244             0.54235
         245            0.542328
         246            0.542156
         247             0.54176
         248            0.541443
         249            0.541425
         250            0.541444
         251            0.541242
         252            0.541042
         253            0.541026
         254            0.540865
         255            0.540668
         256            0.540473
         257            0.540388
         258            0.540052
         259            0.540076
         260            0.539601
         261            0.539343
         262            0.539193
         263            0.539361
         264            0.538931
         265             0.53847
         266            0.538395
         267            0.538459
         268            0.538384
         269            0.537966
         270            0.538237
         271            0.538028
         272            0.538126
         273            0.537987
         274            0.537612
         275            0.537576
         276            0.537809
         277            0.537572
         278            0.537237
         279            0.537137
         280            0.537004
         281            0.537037
         282            0.537136
         283            0.536939
         284             0.53645
         285             0.53616
         286            0.536131
         287            0.536166
         288            0.536201
         289            0.536012
         290             0.53592
         291            0.535796
         292            0.535864
         293            0.535994
         294            0.535872
         295            0.535782
         296            0.535942
         297            0.535946
         298             0.53567
         299            0.535458
         300            0.535617
         301            0.535437
         302            0.535719
         303            0.535601
         304            0.535514
         305            0.535276
         306            0.535161
         307            0.535197
         308            0.535173
         309            0.535149
         310            0.535185
         311             0.53534
         312            0.535167
         313            0.534996
         314            0.534796
         315            0.534803
         316            0.534957
         317            0.534876
         318            0.534941
         319            0.535063
         320            0.534838
         321            0.534874
         322             0.53488
         323            0.534858
         324            0.534894
         325            0.534701
         326            0.534793
         327            0.535083
         328            0.535174
         329            0.535208
         330            0.535269
         331            0.534995
         332            0.535168
         333            0.535091
         334            0.535096
         335             0.53524
         336             0.53508
         337            0.535114
         338            0.534955
         339            0.535016
         340            0.534831
         341            0.534756
         342            0.534952
         343            0.534715
         344            0.534426
         345            0.534326
         346            0.534414
         347            0.534289
         348            0.534616
         349            0.534384
         350            0.534392
         351            0.534267
         352            0.534038
         353            0.533889
         354            0.533951
         355             0.53362
         356            0.533422
         357            0.533613
         358            0.533804
         359             0.53389
         360            0.533616
         361            0.533241
         362            0.533098
         363            0.532905
         364            0.533094
         365            0.533257
         366            0.533318
         367            0.533152
         368            0.533313
         369            0.533248
         370            0.533183
         371            0.532969
         372             0.53288
         373            0.532817
         374             0.53268
         375            0.532494
         376            0.532457
         377            0.532518
         378             0.53253
         379            0.532615
         380            0.532334
         381            0.532468
         382            0.532407
         383            0.532226
         384            0.532094
         385            0.531987
         386            0.531832
         387            0.531797
         388            0.531787
         389            0.531681
         390            0.531576
         391            0.531567
         392            0.531746
         393            0.531807
         394            0.531914
         395            0.531974
         396             0.53187
         397            0.531883
         398            0.531872
         399            0.531862
         400            0.531782
         401            0.532026
         402            0.532131
         403            0.532005
         404            0.531926
         405             0.53187
         406            0.531906
         407            0.531873
         408            0.531636
         409            0.531604
         410            0.531459
         411            0.531337
         412            0.531329
         413            0.531208
         414             0.53111
         415            0.530991
         416             0.53105
         417            0.531197
         418            0.531322
         419            0.531159
         420            0.531393
         421            0.531451
         422            0.531486
         423            0.531214
         424             0.53101
         425            0.531046
         426            0.530973
         427            0.530857
         428             0.53098
         429            0.530799
         430            0.530771
         431             0.53085
         432            0.530864
         433            0.530921
         434            0.530743
         435            0.530481
         436             0.53056
         437            0.530426
         438            0.530611
         439            0.530456
         440            0.530282
         441            0.530213
         442            0.530061
         443            0.529993
         444            0.530009
         445            0.530046
         446            0.530082
         447            0.530036
         448            0.529948
         449            0.529964
         450            0.530062
         451            0.530077
         452             0.52999
         453            0.529883
         454            0.529715
         455            0.529508
         456            0.529443
         457            0.529378
         458            0.529456
         459            0.529412
         460            0.529489
         461            0.529405
         462            0.529341
         463            0.529458
         464            0.529354
         465            0.529291
         466            0.529367
         467            0.529384
         468            0.529262
         469            0.529239
         470            0.528999
         471            0.528879
         472            0.528896
         473            0.528854
         474            0.528774
         475            0.528733
         476             0.52877
         477            0.528768
         478            0.528882
         479             0.52886
         480            0.528742
         481            0.528817
         482             0.52893
         483            0.528851
         484             0.52883
         485            0.528866
         486            0.528635
         487            0.528633
         488            0.528726
         489            0.528668
         490            0.528666
         491            0.528438
         492            0.528267
         493            0.528341
         494            0.528453
         495            0.528563
         496            0.528524
         497            0.528598
         498             0.52854
         499            0.528539
         500            0.528519
         501            0.528554
         502            0.528626
         503            0.528625
         504            0.528678
         505            0.528585
         506            0.528491
         507            0.528271
         508            0.528252
         509            0.528269
         510            0.528341
         511            0.528195
         512             0.52823
         513            0.528229
         514             0.52821
         515            0.528155
         516            0.528155
         517            0.528136
         518            0.528296
         519            0.528367
         520            0.528365
         521            0.528364
         522            0.528416
         523            0.528415
         524            0.528432
         525            0.528395
         526            0.528429
         527             0.52834
         528            0.528269
         529             0.52818
         530             0.52804
         531            0.527987
         532            0.527865
         533            0.527917
         534             0.52776
         535            0.527795
         536            0.527899
         537            0.527864
         538            0.527829
         539            0.527761
         540            0.527555
         541            0.527538
         542            0.527419
         543            0.527334
         544            0.527335
         545             0.52737
         546            0.527269
         547            0.527168
         548            0.527271
         549            0.527154
         550            0.527155
         551            0.527122
         552            0.527325
         553            0.527275
         554            0.527193
         555            0.527211
         556            0.527112
         557             0.52708
         558            0.526998
         559            0.526999
         560            0.526901
         561            0.526721
         562             0.52669
         563            0.526627
         564            0.526333
         565            0.526254
         566            0.526256
         567            0.526455
         568            0.526392
         569            0.526281
         570            0.526235
         571            0.526189
         572            0.526191
         573            0.526146
         574            0.526261
         575            0.526055
         576            0.526026
         577            0.525964
         578            0.525952
         579            0.525827
         580            0.525575
         581             0.52561
         582            0.525678
         583            0.525618
         584            0.525669
         585            0.525657
         586            0.525787
         587            0.525806
         588            0.525778
         589            0.525781
         590            0.525879
         591            0.525929
         592            0.525979
         593            0.525951
         594            0.526063
         595            0.525926
         596            0.525929
         597            0.525777
         598            0.525765
         599            0.525753
         600            0.525694
         601             0.52576
         602            0.525686
         603            0.525674
         604            0.525693
         605            0.525681
         606            0.525578
         607            0.525764
         608            0.525768
         609             0.52568
         610            0.525607
         611            0.525611
         612            0.525554
         613            0.525557
         614            0.525486
         615            0.525399
         616            0.525358
         617            0.525407
         618            0.525396
         619            0.525384
         620            0.525433
         621            0.525422
         622            0.525426
         623            0.525444
         624            0.525433
         625            0.525481
         626            0.525411
         627             0.52543
         628            0.525492
         629            0.525467
         630            0.525397
         631            0.525357
         632            0.525404
         633            0.525218
         634             0.52512
         635            0.525211
         636            0.525114
         637            0.525031
         638            0.524977
         639            0.524938
         640            0.524986
         641            0.524961
         642            0.524922
         643            0.524955
         644            0.524945
         645            0.525036
         646            0.525169
         647            0.525073
         648            0.525163
         649            0.525096
         650            0.525142
         651            0.525218
         652            0.525278
         653            0.525197
         654            0.525144
         655            0.525177
         656            0.525011
         657            0.525044
         658            0.525034
         659            0.524996
         660            0.525112
         661            0.525032
         662            0.524994
         663            0.524999
         664            0.524891
         665            0.524826
         666            0.524803
         667            0.524876
         668            0.524909
         669             0.52494
         670            0.524945
         671            0.525018
         672            0.524994
         673            0.524889
         674            0.524838
         675            0.524842
         676             0.52497
         677             0.52496
         678            0.524951
         679            0.524941
         680            0.524905
         681            0.524909
         682            0.524804
         683            0.524687
         684            0.524732
         685            0.524777
         686            0.524808
         687            0.524799
         688            0.524723
         689            0.524633
         690            0.524691
         691            0.524803
         692            0.524727
         693            0.524838
         694            0.524869
         695              0.5249
         696            0.524984
         697            0.524922
         698            0.524886
         699            0.524837
         700            0.524828
         701            0.524845
         702             0.52485
         703            0.524867
         704            0.524911
         705            0.524888
         706            0.524774
         707            0.524792
         708            0.524796
         709            0.524735
         710            0.524791
         711            0.524678
         712            0.524683
         713            0.524635
         714            0.524601
         715            0.524579
         716            0.524558
         717            0.524588
         718            0.524567
         719            0.524597
         720            0.524524
         721            0.524452
         722            0.524456
         723            0.524435
         724            0.524414
         725            0.524355
         726            0.524283
         727            0.524352
         728            0.524318
         729            0.524336
         730            0.524366
         731            0.524282
         732            0.524147
         733            0.524203
         734            0.524208
         735            0.524213
         736            0.524268
         737            0.524147
         738             0.52419
         739            0.524219
         740            0.524249
         741            0.524267
         742            0.524271
         743            0.524363
         744             0.52443
         745            0.524323
         746             0.52429
         747            0.524258
         748             0.52425
         749            0.524255
         750            0.524259
         751            0.524326
         752            0.524256
         753            0.524322
         754            0.524327
         755            0.524332
         756             0.52425
         757            0.524243
         758            0.524321
         759            0.524362
         760            0.524403
         761            0.524432
         762             0.52446
         763            0.524465
         764            0.524457
         765            0.524498
         766             0.52455
         767            0.524458
         768            0.524474
         769            0.524515
         770            0.524363
         771            0.524343
         772            0.524216
         773             0.52416
         774            0.524141
         775            0.524074
         776            0.524115
         777            0.524143
         778            0.524124
         779              0.5242
         780            0.524181
         781            0.524138
         782            0.524084
         783            0.523899
         784            0.523904
         785            0.523791
         786            0.523796
         787            0.523813
         788            0.523865
         789            0.523764
         790            0.523793
         791            0.523763
         792            0.523815
         793            0.523761
         794            0.523836
         795            0.523795
         796            0.523718
         797            0.523723
         798            0.523786
         799            0.523699
         800            0.523623
         801            0.523651
         802            0.523668
         803            0.523661
         804            0.523609
         805            0.523614
         806             0.52355
         807             0.52367
         808            0.523721
         809            0.523806
         810            0.523823
         811            0.523793
         812            0.523764
         813            0.523792
         814            0.523819
         815            0.523881
         816            0.523976
         817            0.524015
         818            0.523986
         819            0.523911
         820            0.523961
         821            0.523909
         822            0.523813
         823            0.523784
         824            0.523732
         825            0.523636
         826            0.523641
         827            0.523613
         828            0.523562
         829            0.523522
         830            0.523583
         831            0.523544
         832            0.523482
         833            0.523409
         834            0.523359
         835            0.523398
         836            0.523403
         837            0.523375
         838            0.523347
         839            0.523264
         840            0.523148
         841            0.523011
         842            0.522895
         843            0.522945
         844            0.523027
         845            0.522945
         846            0.522973
         847            0.523088
         848            0.523126
         849            0.523143
         850             0.52317
         851            0.523132
         852            0.523126
         853            0.523056
         854            0.523018
         855            0.522904
         856            0.522791
         857              0.5227
         858            0.522716
         859            0.522733
         860            0.522804
         861            0.522852
         862            0.522826
         863            0.522842
         864             0.52287
         865            0.522832
         866            0.522785
         867            0.522769
         868            0.522743
         869            0.522908
         870             0.52285
         871            0.522824
         872            0.522851
         873            0.522814
         874             0.52283
         875            0.522931
         876            0.523053
         877            0.523027
         878            0.523064
         879            0.523038
         880             0.52299
         881             0.52287
         882            0.522875
         883            0.522839
         884            0.522834
         885             0.52285
         886            0.522908
         887            0.522913
         888            0.522804
         889            0.522789
         890            0.522815
         891            0.522842
         892            0.522837
         893            0.522832
         894            0.522755
         895            0.522667
         896            0.522776
         897             0.52273
         898            0.522694
         899            0.522577
         900            0.522551
         901            0.522485
         902            0.522594
         903             0.52262
         904            0.522626
         905            0.522642
         906            0.522668
         907            0.522663
         908             0.52275
         909            0.522766
         910            0.522741
         911            0.522797
         912            0.522691
         913            0.522666
         914            0.522631
         915            0.522566
         916            0.522471
         917            0.522436
         918            0.522392
         919            0.522357
         920            0.522434
         921             0.52249
         922            0.522485
         923            0.522511
         924            0.522527
         925            0.522472
         926            0.522498
         927            0.522524
         928             0.52252
         929            0.522436
         930            0.522362
         931            0.522407
         932            0.522343
         933              0.5223
         934            0.522335
         935            0.522321
         936            0.522268
         937            0.522234
         938            0.522141
         939            0.522128
         940            0.522124
         941             0.52211
         942            0.522096
         943            0.522112
         944            0.522099
         945            0.522114
         946            0.522169
         947            0.522166
         948            0.522152
         949            0.522168
         950            0.522135
         951            0.522092
         952            0.522059
         953            0.522016
         954            0.521964
         955            0.521863
         956            0.521792
         957            0.521711
         958            0.521679
         959            0.521627
         960            0.521566
         961            0.521631
         962             0.52156
         963            0.521557
         964            0.521486
         965            0.521464
         966            0.521452
         967            0.521439
         968            0.521551
         969            0.521567
         970            0.521544
         971            0.521551
         972            0.521481
         973             0.52144
         974             0.52137
         975             0.52133
         976            0.521308
         977            0.521238
         978            0.521198
         979            0.521157
         980             0.52107
         981            0.521133
         982             0.52114
         983            0.521062
         984            0.520984
         985            0.520944
         986            0.520969
         987            0.520995
         988            0.521021
         989            0.521009
         990            0.520941
         991            0.520929
         992            0.520908
         993            0.520831
         994            0.520838
         995            0.520798
         996            0.520731
         997            0.520682
         998            0.520634
         999            0.520687
        1000            0.520611
        1001            0.520544
        1002            0.520478
        1003             0.52042
        1004            0.520354
        1005            0.520361
        1006            0.520378
        1007            0.520367
        1008            0.520328
        1009            0.520262
        1010             0.52016
        1011            0.520158
        1012            0.520184
        1013            0.520182
        1014            0.520162
        1015            0.520142
        1016            0.520177
        1017            0.520112
        1018            0.520119
        1019            0.520036
        1020            0.519998
        1021            0.519915
        1022            0.519796
        1023             0.51974
        1024            0.519775
        1025            0.519783
        1026             0.51971
        1027              0.5197
        1028            0.519617
        1029            0.519535
        1030            0.519498
        1031            0.519506
        1032             0.51947
        1033            0.519433
        1034            0.519441
        1035            0.519404
        1036            0.519421
        1037            0.519501
        1038            0.519482
        1039            0.519383
        1040            0.519355
        1041            0.519355
        1042            0.519354
        1043            0.519309
        1044             0.51929
        1045            0.519263
        1046            0.519174
        1047            0.519129
        1048            0.519128
        1049             0.51911
        1050            0.519127
        1051            0.519091
        1052            0.519082
        1053            0.518993
        1054            0.518993
        1055            0.518966
        1056            0.518887
        1057            0.518878
        1058            0.518825
        1059            0.518921
        1060            0.518912
        1061            0.518911
        1062             0.51892
        1063            0.518832
        1064            0.518788
        1065            0.518771
        1066            0.518692
        1067             0.51877
        1068            0.518735
        1069            0.518761
        1070            0.518761
        1071            0.518683
        1072            0.518605
        1073            0.518527
        1074            0.518536
        1075            0.518553
        1076            0.518544
        1077            0.518501
        1078            0.518476
        1079            0.518467
        1080             0.51845
        1081            0.518424
        1082            0.518407
        1083            0.518356
        1084            0.518348
        1085            0.518314
        1086            0.518322
        1087            0.518365
        1088             0.51834
        1089            0.518289
        1090            0.518323
        1091            0.518281
        1092            0.518205
        1093             0.51823
        1094            0.518138
        1095             0.51807
        1096            0.517969
        1097            0.517978
        1098            0.518072
        1099            0.518089
        1100            0.518047
        1101             0.51809
        1102            0.518082
        1103            0.518015
        1104            0.518066
        1105            0.518024
        1106            0.518025
        1107            0.518058
        1108            0.518009
        1109            0.518043
        1110            0.518068
        1111            0.518002
        1112            0.517986
        1113            0.517986
        1114            0.517903
        1115            0.517921
        1116            0.517921
        1117            0.517938
        1118            0.517955
        1119            0.517948
        1120            0.517898
        1121            0.517858
        1122            0.517792
        1123            0.517842
        1124            0.517859
        1125             0.51786
        1126            0.517877
        1127            0.517853
        1128            0.517878
        1129            0.517887
        1130            0.517896
        1131             0.51788
        1132            0.517921
        1133            0.517889
        1134            0.517792
        1135            0.517776
        1136             0.51776
        1137            0.517737
        1138            0.517721
        1139            0.517657
        1140            0.517617
        1141            0.517634
        1142            0.517602
        1143            0.517603
        1144            0.517555
        1145            0.517492
        1146            0.517533
        1147            0.517469
        1148            0.517446
        1149            0.517358
        1150            0.517335
        1151            0.517352
        1152            0.517224
        1153            0.517202
        1154            0.517187
        1155            0.517148
        1156            0.517157
        1157            0.517086
        1158            0.517095
        1159            0.517057
        1160             0.51705
        1161            0.517051
        1162            0.517005
        1163             0.51695
        1164            0.516991
        1165            0.516905
        1166            0.516883
        1167            0.516876
        1168            0.516878
        1169            0.516879
        1170            0.516817
        1171            0.516787
        1172            0.516836
        1173            0.516845
        1174            0.516894
        1175            0.516816
        1176            0.516889
        1177            0.516882
        1178            0.516868
        1179            0.516846
        1180            0.516839
        1181            0.516825
        1182            0.516819
        1183            0.516812
        1184            0.516822
        1185            0.516831
        1186            0.516809
        1187            0.516771
        1188            0.516734
        1189            0.516766
        1190            0.516776
        1191            0.516785
        1192            0.516716
        1193            0.516726
        1194            0.516704
        1195            0.516643
        1196            0.516653
        1197            0.516592
        1198            0.516571
        1199            0.516534
        1200            0.516566
        1201            0.516529
        1202            0.516531
        1203            0.516525
        1204            0.516534
        1205            0.516459
        1206             0.51653
        1207            0.516501
        1208             0.51648
        1209            0.516512
        1210            0.516491
        1211            0.516431
        1212            0.516356
        1213            0.516389
        1214            0.516436
        1215            0.516469
        1216            0.516402
        1217            0.516358
        1218            0.516344
        1219            0.516399
        1220            0.516371
        1221            0.516304
        1222            0.516238
        1223            0.516278
        1224             0.51631
        1225            0.516251
        1226            0.516275
        1227            0.516307
        1228            0.516279
        1229            0.516266
        1230            0.516253
        1231            0.516239
        1232            0.516226
        1233            0.516206
        1234            0.516177
        1235            0.516232
        1236            0.516226
        1237            0.516213
        1238             0.51617
        1239            0.516202
        1240            0.516211
        1241            0.516168
        1242            0.516111
        1243            0.516008
        1244             0.51598
        1245            0.515975
        1246            0.515932
        1247            0.515964
        1248            0.515951
        1249            0.515894
        1250            0.515844
        1251            0.515869
        1252            0.515864
        1253            0.515799
        1254            0.515801
        1255            0.515759
        1256            0.515761
        1257            0.515712
        1258            0.515692
        1259            0.515739
        1260            0.515719
        1261            0.515714
        1262            0.515738
        1263            0.515711
        1264            0.515728
        1265            0.515737
        1266            0.515732
        1267            0.515727
        1268            0.515758
        1269             0.51576
        1270            0.515712
        1271            0.515619
        1272              0.5156
        1273            0.515609
        1274            0.515575
        1275            0.515527
        1276            0.515601
        1277            0.515618
        1278            0.515613
        1279            0.515601
        1280            0.515574
        1281            0.515584
        1282            0.515601
        1283            0.515524
        1284            0.515497
        1285            0.515427
        1286             0.51543
        1287            0.515418
        1288            0.515427
        1289            0.515466
        1290            0.515432
        1291            0.515485
        1292            0.515552
        1293            0.515568
        1294            0.515549
        1295             0.51553
        1296            0.515532
        1297            0.515463
        1298            0.515451
        1299            0.515489
        1300            0.515513
        1301            0.515522
        1302            0.515496
        1303            0.515434
        1304            0.515408
        1305            0.515432
        1306            0.515392
        1307            0.515479
        1308            0.515524
        1309            0.515498
        1310            0.515536
        1311            0.515587
        1312            0.515561
        1313            0.515578
        1314            0.515538
        1315            0.515505
        1316            0.515542
        1317             0.51558
        1318            0.515519
        1319            0.515577
        1320            0.515523
        1321            0.515561
        1322            0.515591
        1323            0.515593
        1324            0.515581
        1325             0.51559
        1326            0.515586
        1327            0.515581
        1328             0.51559
        1329            0.515592
        1330            0.515608
        1331            0.515632
        1332            0.515655
        1333            0.515622
        1334            0.515596
        1335            0.515564
        1336            0.515649
        1337            0.515596
        1338            0.515571
        1339            0.515587
        1340            0.515616
        1341            0.515598
        1342            0.515628
        1343            0.515581
        1344            0.515618
        1345            0.515593
        1346            0.515609
        1347             0.51559
        1348            0.515551
        1349            0.515498
        1350            0.515418
        1351            0.515428
        1352            0.515409
        1353            0.515473
        1354            0.515421
        1355            0.515437
        1356            0.515487
        1357            0.515448
        1358            0.515389
        1359            0.515357
        1360            0.515353
        1361            0.515355
        1362             0.51533
        1363            0.515353
        1364            0.515335
        1365            0.515263
        1366            0.515306
        1367             0.51524
        1368            0.515283
        1369            0.515252
        1370            0.515301
        1371            0.515317
        1372            0.515299
        1373            0.515261
        1374            0.515284
        1375            0.515306
        1376            0.515363
        1377            0.515412
        1378            0.515374
        1379            0.515369
        1380            0.515385
        1381            0.515441
        1382            0.515483
        1383            0.515452
        1384            0.515468
        1385            0.515457
        1386            0.515472
        1387            0.515514
        1388            0.515457
        1389            0.515412
        1390            0.515314
        1391            0.515297
        1392            0.515292
        1393            0.515321
        1394            0.515317
        1395            0.515286
        1396            0.515229
        1397            0.515251
        1398            0.515247
        1399            0.515295
        1400            0.515284
        1401            0.515313
        1402            0.515289
        1403            0.515252
        1404            0.515228
        1405            0.515289
        1406            0.515344
        1407            0.515307
        1408             0.51527
        1409            0.515226
        1410            0.515137
        1411            0.515126
        1412            0.515141
        1413            0.515131
        1414            0.515127
        1415            0.515116
        1416            0.515138
        1417            0.515121
        1418            0.515097
        1419            0.515073
        1420            0.515023
        1421             0.51498
        1422            0.515009
        1423            0.515024
        1424            0.515007
        1425             0.51501
        1426            0.515019
        1427            0.515015
        1428            0.514991
        1429            0.514968
        1430             0.51497
        1431            0.515031
        1432             0.51502
        1433            0.515049
        1434            0.515109
        1435            0.515118
        1436            0.515172
        1437            0.515194
        1438             0.51519
        1439            0.515179
        1440            0.515207
        1441            0.515209
        1442            0.515244
        1443            0.515233
        1444              0.5153
        1445            0.515283
        1446            0.515336
        1447            0.515319
        1448            0.515321
        1449            0.515298
        1450            0.515313
        1451            0.515296
        1452            0.515349
        1453             0.51537
        1454            0.515411
        1455            0.515388
        1456            0.515371
        1457            0.515411
        1458            0.515458
        1459            0.515479
        1460            0.515512
        1461            0.515514
        1462            0.515523
        1463            0.515531
        1464            0.515533
        1465            0.515624
        1466            0.515569
        1467            0.515508
        1468            0.515491
        1469            0.515449
        1470            0.515451
        1471            0.515422
        1472            0.515461
        1473            0.515482
        1474            0.515459
        1475            0.515461
        1476            0.515445
        1477            0.515472
        1478            0.515461
        1479            0.515513
        1480            0.515516
        1481            0.515518
        1482            0.515545
        1483            0.515609
        1484            0.515598
        1485            0.515638
        1486            0.515683
        1487            0.515642
        1488            0.515625
        1489            0.515646
        1490            0.515648
        1491            0.515631
        1492            0.515571
        1493            0.515548
        1494            0.515525
        1495            0.515471
        1496            0.515455
        1497            0.515401
        1498            0.515409
        1499            0.515473
        1500            0.515438
        1501            0.515446
        1502            0.515449
        1503            0.515438
        1504            0.515508
        1505            0.515528
        1506            0.515537
        1507            0.515545
        1508            0.515528
        1509              0.5155
        1510            0.515514
        1511            0.515479
        1512            0.515567
        1513            0.515538
        1514            0.515528
        1515             0.51556
        1516            0.515599
        1517            0.515564
        1518            0.515536
        1519            0.515501
        1520            0.515515
        1521            0.515554
        1522            0.515568
        1523            0.515552
        1524            0.515541
        1525            0.515537
        1526            0.515545
        1527            0.515608
        1528             0.51558
        1529            0.515588
        1530             0.51562
        1531            0.515579
        1532            0.515623
        1533            0.515577
        1534            0.515603
        1535            0.515496
        1536            0.515498
        1537              0.5155
        1538            0.515514
        1539            0.515504
        1540             0.51547
        1541            0.515472
        1542            0.515492
        1543             0.51553
        1544            0.515604
        1545            0.515642
        1546            0.515692
        1547            0.515717
        1548            0.515707
        1549            0.515703
        1550            0.515687
        1551            0.515641
        1552            0.515685
        1553            0.515698
        1554            0.515664
        1555            0.515637
        1556            0.515632
        1557            0.515622
        1558            0.515589
        1559            0.515519
        1560             0.51548
        1561             0.51547
        1562            0.515406
        1563            0.515331
        1564            0.515316
        1565            0.515276
        1566            0.515261
        1567            0.515286
        1568            0.515241
        1569            0.515214
        1570            0.515239
        1571            0.515236
        1572             0.51522
        1573            0.515257
        1574            0.515248
        1575            0.515238
        1576            0.515205
        1577            0.515125
        1578            0.515127
        1579            0.515123
        1580            0.515096
        1581            0.515098
        1582            0.515065
        1583            0.515056
        1584            0.515035
        1585            0.515008
        1586            0.514992
        1587            0.515006
        1588            0.514985
        1589            0.514999
        1590            0.515001
        1591            0.514992
        1592            0.515011
        1593            0.515054
        1594            0.514998
        1595            0.515006
        1596            0.514927
        1597            0.514912
        1598             0.51488
        1599             0.51487
        1600            0.514896
        1601             0.51491
        1602            0.514918
        1603             0.51488
        1604            0.514818
        1605            0.514786
        1606            0.514783
        1607            0.514773
        1608            0.514776
        1609            0.514795
        1610            0.514792
        1611              0.5148
        1612            0.514756
        1613            0.514753
        1614            0.514738
        1615            0.514723
        1616            0.514697
        1617            0.514659
        1618            0.514661
        1619            0.514624
        1620            0.514598
        1621            0.514617
        1622            0.514631
        1623            0.514633
        1624             0.51463
        1625            0.514667
        1626            0.514658
        1627            0.514637
        1628            0.514628
        1629            0.514619
        1630            0.514622
        1631             0.51459
        1632            0.514609
        1633            0.514578
        1634            0.514603
        1635            0.514577
        1636            0.514562
        1637            0.514559
        1638            0.514539
        1639            0.514553
        1640            0.514493
        1641            0.514512
        1642            0.514509
        1643            0.514472
        1644            0.514497
        1645            0.514488
        1646            0.514451
        1647            0.514431
        1648            0.514473
        1649            0.514481
        1650            0.514501
        1651            0.514447
        1652            0.514416
        1653            0.514357
        1654            0.514342
        1655            0.514345
        1656            0.514353
        1657            0.514305
        1658            0.514352
        1659            0.514333
        1660            0.514307
        1661            0.514204
        1662            0.514206
        1663             0.51422
        1664            0.514217
        1665            0.514236
        1666            0.514195
        1667            0.514192
        1668            0.514172
        1669            0.514158
        1670              0.5141
        1671            0.514091
        1672            0.514055
        1673            0.514041
        1674            0.513966
        1675            0.513914
        1676            0.513889
        1677            0.513881
        1678            0.513878
        1679            0.513864
        1680              0.5139
        1681            0.513908
        1682            0.513905
        1683            0.513908
        1684            0.513889
        1685            0.513859
        1686            0.513911
        1687            0.513897
        1688            0.513889
        1689            0.513892
        1690            0.513905
        1691            0.513908
        1692            0.513889
        1693            0.513903
        1694            0.513883
        1695            0.513782
        1696            0.513785
        1697            0.513766
        1698             0.51378
        1699            0.513804
        1700            0.513785
        1701            0.513766
        1702            0.513786
        1703             0.51381
        1704            0.513797
        1705            0.513778
        1706            0.513742
        1707            0.513789
        1708             0.51384
        1709            0.513816
        1710            0.513818
        1711             0.51387
        1712            0.513883
        1713            0.513929
        1714            0.513975
        1715            0.513978
        1716            0.513986
        1717            0.513919
        1718            0.513981
        1719            0.513978
        1720            0.513927
        1721            0.513902
        1722             0.51391
        1723            0.513918
        1724            0.513937
        1725            0.513935
        1726            0.513959
        1727            0.513929
        1728            0.513894
        1729             0.51387
        1730            0.513862
        1731            0.513865
        1732            0.513889
        1733            0.513924
        1734            0.513942
        1735            0.513977
        1736            0.513969
        1737            0.513993
        1738            0.513985
        1739            0.513987
        1740            0.513953
        1741            0.513934
        1742            0.513926
        1743            0.513892
        1744              0.5139
        1745            0.513907
        1746            0.513878
        1747            0.513892
        1748            0.513873
        1749             0.51387
        1750            0.513884
        1751             0.51396
        1752            0.513963
        1753            0.513929
        1754            0.513926
        1755            0.513907
        1756            0.513915
        1757            0.513886
        1758            0.513889
        1759            0.513886
        1760            0.513868
        1761             0.51386
        1762            0.513868
        1763            0.513834
        1764            0.513857
        1765            0.513865
        1766             0.51381
        1767            0.513781
        1768            0.513774
        1769            0.513745
        1770            0.513795
        1771            0.513834
        1772            0.513889
        1773            0.513881
        1774            0.513811
        1775            0.513808
        1776            0.513811
        1777            0.513834
        1778            0.513832
        1779            0.513803
        1780            0.513811
        1781            0.513798
        1782             0.51378
        1783            0.513793
        1784            0.513801
        1785            0.513767
        1786            0.513785
        1787            0.513829
        1788            0.513827
        1789            0.513866
        1790            0.513842
        1791             0.51385
        1792            0.513822
        1793            0.513809
        1794            0.513817
        1795             0.51383
        1796            0.513786
        1797            0.513763
        1798             0.51374
        1799            0.513675
        1800            0.513678
        1801            0.513691
        1802            0.513647
        1803             0.51364
        1804            0.513627
        1805            0.513645
        1806            0.513607
        1807            0.513579
        1808            0.513536
        1809            0.513559
        1810            0.513572
        1811             0.51358
        1812            0.513552
        1813            0.513488
        1814            0.513491
        1815            0.513478
        1816             0.51344
        1817            0.513407
        1818            0.513369
        1819            0.513377
        1820            0.513385
        1821            0.513398
        1822            0.513406
        1823            0.513363
        1824            0.513346
        1825            0.513333
        1826            0.513321
        1827            0.513344
        1828            0.513322
        1829            0.513314
        1830            0.513322
        1831            0.513335
        1832            0.513353
        1833            0.513381
        1834            0.513339
        1835            0.513321
        1836            0.513274
        1837            0.513196
        1838            0.513158
        1839            0.513161
        1840            0.513144
        1841            0.513152
        1842            0.513135
        1843            0.513138
        1844            0.513121
        1845            0.513114
        1846            0.513126
        1847            0.513154
        1848            0.513142
        1849             0.51314
        1850            0.513133
        1851            0.513081
        1852            0.513094
        1853            0.513082
        1854              0.5131
        1855            0.513093
        1856            0.513091
        1857            0.513084
        1858            0.512997
        1859             0.51298
        1860            0.512988
        1861            0.512961
        1862            0.512999
        1863            0.512977
        1864            0.512915
        1865            0.512893
        1866            0.512911
        1867            0.512939
        1868            0.512932
        1869            0.512915
        1870            0.512933
        1871            0.512921
        1872              0.5129
        1873            0.512878
        1874            0.512856
        1875            0.512859
        1876            0.512828
        1877            0.512846
        1878            0.512854
        1879            0.512866
        1880             0.51285
        1881            0.512867
        1882            0.512866
        1883             0.51281
        1884            0.512817
        1885            0.512776
        1886            0.512789
        1887            0.512802
        1888            0.512781
        1889            0.512779
        1890            0.512791
        1891            0.512785
        1892            0.512837
        1893            0.512786
        1894            0.512799
        1895             0.51287
        1896            0.512849
        1897            0.512896
        1898            0.512899
        1899            0.512872
        1900            0.512865
        1901            0.512893
        1902            0.512901
        1903            0.512904
        1904            0.512916
        1905              0.5129
        1906            0.512893
        1907             0.51292
        1908            0.512947
        1909            0.512936
        1910            0.512905
        1911            0.512888
        1912            0.512896
        1913            0.512865
        1914            0.512907
        1915            0.512905
        1916             0.51286
        1917            0.512877
        1918            0.512865
        1919            0.512854
        1920            0.512813
        1921            0.512836
        1922            0.512868
        1923            0.512866
        1924            0.512787
        1925            0.512756
        1926            0.512716
        1927            0.512685
        1928             0.51265
        1929            0.512643
        1930            0.512594
        1931            0.512563
        1932            0.512547
        1933            0.512531
        1934            0.512472
        1935            0.512427
        1936            0.512421
        1937            0.512424
        1938            0.512436
        1939             0.51242
        1940            0.512409
        1941            0.512427
        1942            0.512425
        1943            0.512428
        1944            0.512398
        1945            0.512401
        1946            0.512376
        1947            0.512412
        1948            0.512401
        1949            0.512438
        1950             0.51245
        1951            0.512434
        1952            0.512423
        1953            0.512431
        1954            0.512482
        1955            0.512508
        1956            0.512488
        1957            0.512533
        1958             0.51256
        1959            0.512577
        1960            0.512533
        1961            0.512531
        1962            0.512558
        1963            0.512533
        1964            0.512489
        1965            0.512473
        1966            0.512448
        1967            0.512456
        1968            0.512369
        1969            0.512382
        1970            0.512357
        1971            0.512374
        1972            0.512368
        1973            0.512366
        1974            0.512369
        1975            0.512368
        1976            0.512343
        1977             0.51235
        1978            0.512349
        1979            0.512352
        1980            0.512355
        1981            0.512382
        1982            0.512366
        1983            0.512346
        1984            0.512377
        1985            0.512403
        1986            0.512378
        1987            0.512386
        1988             0.51238
        1989            0.512369
        1990            0.512353
        1991             0.51237
        1992            0.512364
        1993            0.512321
        1994            0.512315
        1995            0.512346
        1996             0.51233
        1997            0.512384
        1998            0.512387
        1999            0.512349
        2000            0.512301
        2001            0.512276
        2002            0.512266
        2003            0.512246
        2004            0.512216
        2005            0.512224
        2006            0.512204
        2007            0.512221
        2008            0.512174
        2009              0.5122
        2010            0.512184
        2011            0.512178
        2012            0.512163
        2013            0.512185
        2014            0.512169
        2015            0.512159
        2016            0.512144
        2017            0.512174
        2018            0.512196
        2019            0.512217
        2020            0.512216
        2021            0.512237
        2022            0.512254
        2023            0.512275
        2024            0.512274
        2025            0.512268
        2026            0.512285
        2027            0.512324
        2028            0.512323
        2029            0.512326
        2030            0.512343
        2031            0.512359
        2032            0.512349
        2033            0.512352
        2034             0.51235
        2035            0.512321
        2036            0.512315
        2037            0.512332
        2038            0.512353
        2039            0.512365
        2040            0.512396
        2041            0.512376
        2042             0.51237
        2043            0.512359
        2044            0.512344
        2045            0.512347
        2046            0.512296
        2047            0.512308
        2048            0.512343
        2049            0.512341
        2050            0.512335
        2051            0.512325
        2052            0.512346
        2053            0.512335
        2054            0.512379
        2055            0.512364
        2056            0.512362
        2057            0.512374
        2058            0.512373
        2059            0.512358
        2060            0.512361
        2061            0.512337
        2062            0.512367
        2063            0.512352
        2064            0.512346
        2065            0.512326
        2066            0.512284
        2067             0.51227
        2068            0.512223
        2069            0.512213
        2070            0.512198
        2071            0.512246
        2072            0.512222
        2073            0.512234
        2074            0.512242
        2075            0.512294
        2076            0.512301
        2077            0.512282
        2078            0.512267
        2079            0.512266
        2080            0.512251
        2081            0.512298
        2082            0.512355
        2083            0.512358
        2084            0.512307
        2085            0.512341
        2086            0.512362
        2087            0.512352
        2088            0.512377
        2089            0.512411
        2090            0.512405
        2091            0.512386
        2092             0.51234
        2093            0.512294
        2094            0.512328
        2095             0.51238
        2096            0.512382
        2097            0.512372
        2098            0.512397
        2099            0.512369
        2100            0.512337
        2101            0.512331
        2102            0.512352
        2103            0.512354
        2104            0.512384
        2105            0.512431
        2106            0.512434
        2107            0.512415
        2108              0.5124
        2109             0.51239
        2110            0.512375
        2111            0.512382
        2112            0.512381
        2113            0.512401
        2114            0.512369
        2115            0.512328
        2116            0.512318
        2117            0.512321
        2118            0.512315
        2119            0.512309
        2120            0.512325
        2121             0.51228
        2122            0.512283
        2123            0.512225
        2124            0.512224
        2125            0.512222
        2126            0.512221
        2127            0.512193
        2128            0.512227
        2129            0.512204
        2130            0.512198
        2131             0.51224
        2132            0.512269
        2133            0.512255
        2134            0.512288
        2135            0.512265
        2136            0.512242
        2137            0.512223
        2138            0.512222
        2139            0.512224
        2140             0.51224
        2141            0.512243
        2142            0.512259
        2143            0.512275
        2144            0.512278
        2145            0.512242
        2146            0.512249
        2147            0.512265
        2148            0.512307
        2149            0.512254
        2150            0.512227
        2151            0.512221
        2152            0.512224
        2153            0.512222
        2154            0.512195
        2155            0.512129
        2156            0.512111
        2157            0.512092
        2158            0.512078
        2159            0.512025
        2160            0.512076
        2161            0.512027
        2162            0.512022
        2163             0.51202
        2164            0.512015
        2165            0.512009
        2166            0.512012
        2167            0.512015
        2168             0.51204
        2169            0.512055
        2170            0.512029
        2171            0.512019
        2172            0.512039
        2173            0.512037
        2174            0.512023
        2175            0.511997
        2176            0.511983
        2177            0.511947
        2178            0.511916
        2179            0.511877
        2180            0.511825
        2181            0.511794
        2182            0.511805
        2183            0.511804
        2184            0.511786
        2185            0.511802
        2186            0.511792
        2187            0.511812
        2188            0.511845
        2189            0.511861
        2190            0.511881
        2191            0.511846
        2192             0.51187
        2193            0.511869
        2194            0.511872
        2195            0.511837
        2196             0.51184
        2197            0.511843
        2198            0.511858
        2199            0.511845
        2200            0.511827
        2201            0.511825
        2202            0.511807
        2203            0.511794
        2204            0.511793
        2205            0.511779
        2206            0.511786
        2207            0.511747
        2208            0.511712
        2209             0.51169
        2210            0.511698
        2211            0.511676
        2212            0.511637
        2213            0.511648
        2214            0.511647
        2215            0.511617
        2216            0.511587
        2217            0.511577
        2218            0.511589
        2219              0.5116
        2220            0.511603
        2221            0.511623
        2222            0.511626
        2223            0.511642
        2224            0.511607
        2225            0.511606
        2226            0.511622
        2227            0.511613
        2228            0.511591
        2229            0.511561
        2230            0.511535
        2231            0.511509
        2232            0.511512
        2233            0.511498
        2234            0.511485
        2235            0.511488
        2236            0.511462
        2237            0.511449
        2238            0.511444
        2239            0.511426
        2240            0.511429
        2241              0.5114
        2242            0.511361
        2243            0.511352
        2244            0.511322
        2245            0.511313
        2246            0.511312
        2247            0.511307
        2248            0.511319
        2249             0.51131
        2250            0.511325
        2251            0.511308
        2252            0.511311
        2253            0.511322
        2254            0.511313
        2255            0.511349
        2256            0.511352
        2257            0.511352
        2258            0.511371
        2259            0.511395
        2260            0.511418
        2261            0.511467
        2262            0.511462
        2263            0.511436
        2264            0.511427
        2265            0.511463
        2266            0.511474
        2267            0.511485
        2268            0.511488
        2269            0.511471
        2270            0.511433
        2271            0.511432
        2272            0.511444
        2273            0.511459
        2274             0.51147
        2275            0.511457
        2276            0.511436
        2277            0.511439
        2278            0.511487
        2279             0.51149
        2280            0.511517
        2281            0.511484
        2282            0.511479
        2283            0.511462
        2284            0.511497
        2285            0.511476
        2286            0.511507
        2287            0.511539
        2288            0.511509
        2289            0.511508
        2290            0.511459
        2291             0.51143
        2292            0.511433
        2293            0.511472
        2294            0.511467
        2295            0.511442
        2296            0.511453
        2297             0.51146
        2298            0.511467
        2299            0.511442
        2300            0.511461
        2301            0.511485
        2302            0.511492
        2303            0.511503
        2304            0.511478
        2305            0.511481
        2306            0.511488
        2307            0.511503
        2308            0.511506
        2309            0.511469
        2310            0.511476
        2311            0.511483
        2312            0.511474
        2313            0.511449
        2314            0.511484
        2315            0.511507
        2316            0.511482
        2317            0.511461
        2318            0.511432
        2319            0.511451
        2320            0.511474
        2321            0.511461
        2322            0.511468
        2323            0.511444
        2324            0.511411
        2325             0.51139
        2326            0.511381
        2327            0.511344
        2328            0.511351
        2329            0.511358
        2330            0.511369
        2331            0.511369
        2332            0.511387
        2333            0.511394
        2334            0.511457
        2335            0.511468
        2336            0.511451
        2337            0.511486
        2338            0.511493
        2339            0.511504
        2340            0.511542
        2341            0.511541
        2342            0.511517
        2343            0.511539
        2344            0.511539
        2345            0.511541
        2346            0.511564
        2347            0.511575
        2348            0.511578
        2349            0.511581
        2350            0.511572
        2351            0.511559
        2352            0.511562
        2353            0.511538
        2354            0.511521
        2355            0.511485
        2356            0.511511
        2357             0.51153
        2358            0.511517
        2359            0.511548
        2360            0.511562
        2361            0.511518
        2362            0.511502
        2363            0.511477
        2364            0.511449
        2365            0.511444
        2366            0.511447
        2367            0.511454
        2368            0.511437
        2369            0.511452
        2370            0.511428
        2371            0.511403
        2372             0.51141
        2373            0.511401
        2374            0.511393
        2375            0.511388
        2376            0.511383
        2377            0.511374
        2378            0.511374
        2379            0.511369
        2380            0.511345
        2381            0.511363
        2382            0.511397
        2383              0.5114
        2384            0.511399
        2385             0.51141
        2386            0.511398
        2387            0.511408
        2388            0.511403
        2389            0.511379
        2390            0.511375
        2391            0.511358
        2392            0.511392
        2393            0.511403
        2394            0.511406
        2395             0.51144
        2396            0.511435
        2397            0.511465
        2398            0.511445
        2399            0.511425
        2400            0.511416
        2401            0.511427
        2402            0.511391
        2403            0.511375
        2404            0.511374
        2405            0.511365
        2406            0.511341
        2407            0.511337
        2408             0.51134
        2409            0.511331
        2410            0.511338
        2411            0.511322
        2412            0.511302
        2413            0.511301
        2414            0.511292
        2415            0.511287
        2416             0.51126
        2417            0.511293
        2418            0.511312
        2419            0.511307
        2420             0.51131
        2421            0.511317
        2422            0.511289
        2423            0.511288
        2424            0.511276
        2425             0.51131
        2426            0.511309
        2427            0.511323
        2428            0.511326
        2429            0.511322
        2430            0.511328
        2431            0.511327
        2432            0.511327
        2433            0.511295
        2434            0.511317
        2435            0.511305
        2436            0.511304
        2437            0.511284
        2438            0.511291
        2439            0.511283
        2440            0.511274
        2441            0.511289
        2442            0.511276
        2443            0.511291
        2444            0.511282
        2445            0.511274
        2446            0.511269
        2447             0.51128
        2448             0.51129
        2449            0.511301
        2450            0.511285
        2451             0.51125
        2452             0.51123
        2453            0.511233
        2454            0.511248
        2455            0.511262
        2456            0.511235
        2457            0.511249
        2458            0.511244
        2459            0.511225
        2460            0.511243
        2461            0.511253
        2462            0.511249
        2463            0.511255
        2464            0.511273
        2465             0.51125
        2466            0.511257
        2467            0.511241
        2468            0.511308
        2469            0.511326
        2470            0.511306
        2471             0.51129
        2472            0.511327
        2473            0.511307
        2474            0.511303
        2475            0.511294
        2476            0.511331
        2477            0.511345
        2478            0.511355
        2479            0.511392
        2480            0.511406
        2481            0.511394
        2482            0.511434
        2483            0.511444
        2484            0.511432
        2485            0.511443
        2486            0.511479
        2487            0.511474
        2488            0.511462
        2489            0.511476
        2490            0.511461
        2491            0.511475
        2492            0.511451
        2493            0.511432
        2494            0.511413
        2495            0.511415
        2496            0.511385
        2497            0.511417
        2498            0.511431
        2499            0.511434
        2500            0.511411
        2501            0.511418
        2502            0.511387
        2503            0.511368
        2504             0.51136
        2505            0.511351
        2506            0.511328
        2507            0.511324
        2508            0.511312
        2509            0.511319
        2510            0.511329
        2511            0.511328
        2512            0.511331
        2513            0.511337
        2514            0.511337
        2515            0.511354
        2516            0.511357
        2517            0.511345
        2518            0.511352
        2519            0.511362
        2520             0.51135
        2521            0.511367
        2522            0.511352
        2523            0.511369
        2524            0.511369
        2525            0.511386
        2526            0.511356
        2527            0.511359
        2528            0.511358
        2529            0.511335
        2530            0.511334
        2531            0.511293
        2532              0.5113
        2533            0.511314
        2534            0.511327
        2535            0.511294
        2536            0.511271
        2537            0.511288
        2538            0.511295
        2539            0.511298
        2540             0.51129
        2541            0.511314
        2542            0.511303
        2543            0.511298
        2544            0.511301
        2545            0.511268
        2546            0.511281
        2547            0.511259
        2548            0.511258
        2549            0.511268
        2550            0.511238
        2551            0.511219
        2552            0.511193
        2553            0.511171
        2554            0.511184
        2555            0.511176
        2556            0.511143
        2557             0.51116
        2558            0.511105
        2559            0.511065
        2560            0.511086
        2561            0.511042
        2562            0.511027
        2563            0.511011
        2564            0.511014
        2565             0.51101
        2566            0.510966
        2567            0.510958
        2568            0.510961
        2569            0.510964
        2570            0.510953
        2571            0.510984
        2572            0.511009
        2573            0.511001
        2574            0.511018
        2575            0.511036
        2576            0.511031
        2577            0.510988
        2578             0.51099
        2579            0.511008
        2580            0.510996
        2581            0.510992
        2582            0.510981
        2583            0.511001
        2584            0.510986
        2585            0.510989
        2586            0.510996
        2587            0.510992
        2588             0.51098
        2589            0.510969
        2590            0.510936
        2591            0.510925
        2592            0.510938
        2593            0.510948
        2594             0.51094
        2595            0.510947
        2596            0.510939
        2597            0.510928
        2598            0.510906
        2599            0.510898
        2600            0.510954
        2601            0.510964
        2602             0.51095
        2603             0.51096
        2604            0.510941
        2605            0.510919
        2606            0.510883
        2607            0.510879
        2608            0.510889
        2609            0.510878
        2610            0.510881
        2611            0.510905
        2612            0.510883
        2613            0.510857
        2614             0.51085
        2615            0.510863
        2616            0.510831
        2617            0.510823
        2618            0.510819
        2619             0.51084
        2620            0.510825
        2621            0.510807
        2622            0.510824
        2623            0.510823
        2624            0.510819
        2625            0.510794
        2626            0.510786
        2627            0.510764
        2628            0.510739
        2629            0.510707
        2630            0.510724
        2631            0.510702
        2632            0.510716
        2633            0.510708
        2634            0.510715
        2635            0.510718
        2636            0.510675
        2637             0.51065
        2638            0.510653
        2639            0.510638
        2640            0.510606
        2641            0.510623
        2642             0.51063
        2643            0.510629
        2644            0.510625
        2645              0.5106
        2646            0.510572
        2647            0.510564
        2648            0.510557
        2649            0.510497
        2650            0.510489
        2651            0.510492
        2652            0.510464
        2653            0.510467
        2654            0.510505
        2655            0.510497
        2656            0.510472
        2657            0.510496
        2658            0.510485
        2659            0.510488
        2660            0.510439
        2661            0.510432
        2662            0.510418
        2663            0.510428
        2664             0.51042
        2665            0.510448
        2666            0.510454
        2667             0.51045
        2668            0.510457
        2669             0.51047
        2670             0.51048
        2671            0.510466
        2672            0.510472
        2673            0.510492
        2674            0.510461
        2675            0.510495
        2676            0.510515
        2677            0.510525
        2678            0.510535
        2679            0.510517
        2680            0.510527
        2681            0.510527
        2682            0.510526
        2683            0.510519
        2684            0.510529
        2685            0.510535
        2686            0.510549
        2687            0.510562
        2688            0.510523
        2689            0.510513
        2690            0.510519
        2691            0.510505
        2692            0.510518
        2693            0.510525
        2694              0.5105
        2695            0.510493
        2696            0.510499
        2697            0.510512
        2698            0.510519
        2699            0.510501
        2700            0.510487
        2701             0.51049
        2702            0.510489
        2703            0.510489
        2704            0.510502
        2705            0.510519
        2706            0.510518
        2707            0.510487
        2708             0.51047
        2709            0.510459
        2710            0.510455
        2711            0.510417
        2712            0.510441
        2713            0.510457
        2714            0.510443
        2715            0.510439
        2716            0.510446
        2717            0.510432
        2718            0.510438
        2719            0.510427
        2720            0.510444
        2721            0.510464
        2722             0.51045
        2723            0.510426
        2724            0.510422
        2725            0.510435
        2726            0.510414
        2727            0.510407
        2728            0.510417
        2729            0.510457
        2730             0.51046
        2731            0.510459
        2732            0.510462
        2733            0.510465
        2734            0.510445
        2735            0.510448
        2736            0.510434
        2737            0.510453
        2738            0.510429
        2739            0.510419
        2740            0.510398
        2741            0.510391
        2742             0.51036
        2743             0.51036
        2744            0.510359
        2745            0.510359
        2746            0.510345
        2747            0.510375
        2748            0.510354
        2749            0.510354
        2750            0.510347
        2751             0.51038
        2752            0.510403
        2753            0.510403
        2754            0.510409
        2755            0.510395
        2756            0.510371
        2757            0.510364
        2758            0.510367
        2759            0.510373
        2760            0.510363
        2761            0.510369
        2762            0.510389
        2763            0.510372
        2764            0.510365
        2765            0.510374
        2766            0.510367
        2767            0.510354
        2768             0.51039
        2769            0.510363
        2770            0.510376
        2771            0.510372
        2772            0.510388
        2773            0.510385
        2774            0.510371
        2775            0.510334
        2776            0.510353
        2777            0.510336
        2778            0.510326
        2779            0.510315
        2780            0.510332
        2781            0.510335
        2782            0.510351
        2783            0.510394
        2784            0.510403
        2785            0.510426
        2786            0.510406
        2787            0.510412
        2788            0.510442
        2789            0.510425
        2790            0.510454
        2791             0.51045
        2792             0.51047
        2793            0.510436
        2794            0.510452
        2795            0.510458
        2796            0.510461
        2797            0.510418
        2798            0.510411
        2799             0.51041
        2800              0.5104
        2801            0.510403
        2802            0.510399
        2803            0.510402
        2804            0.510415
        2805            0.510398
        2806            0.510384
        2807            0.510387
        2808            0.510387
        2809            0.510383
        2810            0.510413
        2811            0.510435
        2812            0.510425
        2813            0.510405
        2814            0.510408
        2815            0.510414
        2816            0.510397
        2817             0.51039
        2818             0.51037
        2819             0.51036
        2820            0.510343
        2821              0.5103
        2822            0.510306
        2823            0.510322
        2824            0.510302
        2825            0.510318
        2826            0.510321
        2827            0.510327
        2828            0.510307
        2829            0.510274
        2830            0.510293
        2831            0.510273
        2832             0.51026
        2833            0.510233
        2834            0.510239
        2835            0.510216
        2836            0.510232
        2837            0.510245
        2838            0.510251
        2839            0.510221
        2840            0.510198
        2841            0.510191
        2842            0.510201
        2843            0.510214
        2844            0.510216
        2845            0.510206
        2846            0.510252
        2847            0.510258
        2848            0.510296
        2849             0.51027
        2850            0.510247
        2851            0.510234
        2852             0.51023
        2853            0.510269
        2854            0.510255
        2855            0.510271
        2856            0.510268
        2857            0.510293
        2858            0.510309
        2859            0.510296
        2860            0.510295
        2861            0.510285
        2862            0.510288
        2863            0.510272
        2864            0.510287
        2865            0.510287
        2866            0.510322
        2867            0.510315
        2868            0.510325
        2869            0.510344
        2870            0.510363
        2871            0.510388
        2872            0.510394
        2873            0.510378
        2874            0.510377
        2875             0.51039
        2876             0.51038
        2877            0.510386
        2878            0.510392
        2879            0.510388
        2880            0.510356
        2881            0.510339
        2882            0.510336
        2883            0.510309
        2884            0.510293
        2885            0.510286
        2886            0.510286
        2887             0.51026
        2888             0.51026
        2889            0.510275
        2890            0.510275
        2891            0.510265
        2892            0.510242
        2893             0.51021
        2894            0.510216
        2895            0.510203
        2896            0.510199
        2897            0.510183
        2898            0.510202
        2899            0.510179
        2900             0.51016
        2901            0.510153
        2902            0.510181
        2903            0.510175
        2904            0.510171
        2905            0.510171
        2906            0.510164
        2907            0.510186
        2908            0.510237
        2909             0.51024
        2910            0.510246
        2911            0.510226
        2912            0.510194
        2913            0.510194
        2914            0.510235
        2915             0.51025
        2916            0.510263
        2917            0.510265
        2918            0.510278
        2919            0.510297
        2920            0.510322
        2921            0.510343
        2922             0.51034
        2923            0.510346
        2924            0.510342
        2925            0.510339
        2926            0.510319
        2927            0.510332
        2928            0.510341
        2929            0.510347
        2930            0.510324
        2931            0.510327
        2932            0.510342
        2933            0.510355
        2934            0.510364
        2935             0.51036
        2936            0.510366
        2937            0.510391
        2938            0.510432
        2939            0.510419
        2940            0.510409
        2941            0.510408
        2942            0.510402
        2943            0.510401
        2944            0.510385
        2945            0.510363
        2946            0.510356
        2947            0.510321
        2948            0.510355
        2949            0.510346
        2950            0.510364
        2951            0.510357
        2952            0.510366
        2953            0.510366
        2954            0.510356
        2955            0.510356
        2956            0.510352
        2957            0.510315
        2958            0.510339
        2959            0.510333
        2960            0.510329
        2961            0.510341
        2962            0.510356
        2963            0.510356
        2964            0.510346
        2965            0.510377
        2966            0.510336
        2967            0.510305
        2968            0.510317
        2969             0.51031
        2970            0.510313
        2971            0.510319
        2972            0.510325
        2973            0.510309
        2974            0.510268
        2975            0.510277
        2976            0.510283
        2977            0.510279
        2978             0.51027
        2979            0.510291
        2980            0.510272
        2981            0.510318
        2982            0.510315
        2983             0.51033
        2984            0.510352
        2985            0.510323
        2986            0.510307
        2987             0.51031
        2988            0.510313
        2989            0.510313
        2990            0.510284
        2991            0.510281
        2992             0.51025
        2993            0.510246
        2994            0.510249
        2995            0.510218
        2996            0.510186
        2997             0.51018
        2998            0.510211
        2999            0.510229
        3000            0.510235
        3001            0.510237
        3002            0.510225
        3003            0.510206
        3004            0.510175
        3005            0.510144
        3006            0.510128
        3007            0.510143
        3008             0.51014
        3009             0.51017
        3010            0.510164
        3011            0.510148
        3012            0.510148
        3013            0.510169
        3014            0.510169
        3015            0.510159
        3016            0.510159
        3017            0.510158
        3018            0.510174
        3019            0.510167
        3020            0.510148
        3021            0.510173
        3022            0.510191
        3023              0.5102
        3024            0.510175
        3025            0.510199
        3026            0.510196
        3027            0.510183
        3028            0.510192
        3029            0.510179
        3030            0.510173
        3031            0.510179
        3032            0.510154
        3033              0.5102
        3034             0.51023
        3035            0.510223
        3036            0.510229
        3037            0.510235
        3038            0.510228
        3039            0.510259
        3040            0.510255
        3041            0.510231
        3042            0.510248
        3043            0.510245
        3044            0.510227
        3045            0.510214
        3046            0.510192
        3047            0.510189
        3048            0.510183
        3049            0.510179
        3050            0.510149
        3051            0.510133
        3052            0.510115
        3053            0.510127
        3054            0.510145
        3055            0.510129
        3056            0.510147
        3057             0.51015
        3058            0.510113
        3059            0.510101
        3060            0.510085
        3061            0.510079
        3062            0.510073
        3063            0.510085
        3064             0.51009
        3065            0.510081
        3066            0.510057
        3067            0.510062
        3068            0.510071
        3069            0.510089
        3070            0.510095
        3071            0.510088
        3072            0.510088
        3073            0.510085
        3074            0.510103
        3075            0.510117
        3076            0.510114
        3077            0.510117
        3078             0.51012
        3079            0.510128
        3080             0.51014
        3081            0.510158
        3082            0.510179
        3083            0.510187
        3084            0.510142
        3085            0.510163
        3086            0.510177
        3087            0.510189
        3088            0.510177
        3089            0.510162
        3090            0.510155
        3091            0.510131
        3092            0.510128
        3093            0.510142
        3094            0.510136
        3095             0.51016
        3096            0.510139
        3097            0.510138
        3098            0.510135
        3099            0.510135
        3100            0.510134
        3101            0.510131
        3102            0.510146
        3103            0.510137
        3104            0.510106
        3105              0.5101
        3106            0.510103
        3107            0.510097
        3108            0.510102
        3109            0.510108
        3110            0.510102
        3111            0.510087
        3112            0.510086
        3113            0.510083
        3114            0.510077
        3115            0.510068
        3116            0.510062
        3117            0.510085
        3118            0.510073
        3119            0.510067
        3120            0.510058
        3121            0.510066
        3122            0.510087
        3123            0.510095
        3124            0.510089
        3125            0.510098
        3126            0.510095
        3127            0.510071
        3128            0.510106
        3129            0.510088
        3130            0.510091
        3131            0.510096
        3132            0.510105
        3133            0.510084
        3134            0.510057
        3135            0.510083
        3136            0.510077
        3137            0.510056
        3138            0.510044
        3139            0.510026
        3140             0.51002
        3141            0.510005
        3142            0.509984
        3143            0.509963
        3144            0.509963
        3145            0.509954
        3146            0.509977
        3147            0.509989
        3148            0.509974
        3149            0.509994
        3150            0.509997
        3151            0.510003
        3152            0.509982
        3153            0.509955
        3154            0.509917
        3155            0.509923
        3156            0.509925
        3157            0.509934
        3158            0.509954
        3159            0.509942
        3160            0.509951
        3161            0.509956
        3162            0.509953
        3163            0.509935
        3164            0.509929
        3165            0.509956
        3166            0.509949
        3167            0.509938
        3168            0.509943
        3169             0.50994
        3170            0.509946
        3171            0.509948
        3172            0.509913
        3173             0.50991
        3174            0.509921
        3175             0.50993
        3176            0.509936
        3177            0.509935
        3178            0.509944
        3179            0.509987
        3180            0.510022
        3181            0.510019
        3182            0.510016
        3183            0.509989
        3184            0.509983
        3185            0.509966
        3186             0.50996
        3187            0.509954
        3188            0.509921
        3189            0.509878
        3190             0.50988
        3191            0.509883
        3192            0.509889
        3193            0.509871
        3194            0.509859
        3195            0.509836
        3196            0.509842
        3197            0.509841
        3198            0.509801
        3199            0.509809
        3200            0.509792
        3201              0.5098
        3202            0.509791
        3203            0.509855
        3204            0.509843
        3205            0.509843
        3206            0.509851
        3207            0.509854
        3208             0.50986
        3209            0.509888
        3210            0.509891
        3211            0.509882
        3212            0.509856
        3213            0.509862
        3214            0.509858
        3215            0.509858
        3216            0.509852
        3217            0.509861
        3218            0.509852
        3219            0.509858
        3220            0.509849
        3221            0.509846
        3222            0.509857
        3223            0.509819
        3224            0.509814
        3225            0.509831
        3226            0.509828
        3227            0.509819
        3228            0.509821
        3229            0.509798
        3230            0.509747
        3231            0.509735
        3232            0.509746
        3233            0.509772
        3234            0.509786
        3235            0.509806
        3236            0.509814
        3237            0.509811
        3238              0.5098
        3239            0.509805
        3240            0.509802
        3241            0.509802
        3242            0.509813
        3243            0.509805
        3244            0.509819
        3245            0.509807
        3246            0.509801
        3247            0.509807
        3248            0.509807
        3249            0.509818
        3250            0.509803
        3251            0.509789
        3252            0.509783
        3253            0.509789
        3254            0.509763
        3255            0.509774
        3256            0.509771
        3257            0.509791
        3258            0.509771
        3259            0.509748
        3260            0.509736
        3261            0.509733
        3262             0.50973
        3263            0.509739
        3264            0.509722
        3265             0.50975
        3266            0.509747
        3267            0.509747
        3268            0.509721
        3269            0.509724
        3270            0.509721
        3271            0.509701
        3272            0.509698
        3273            0.509695
        3274            0.509675
        3275            0.509678
        3276            0.509666
        3277            0.509635
        3278            0.509624
        3279            0.509629
        3280            0.509621
        3281            0.509604
        3282            0.509598
        3283            0.509595
        3284            0.509595
        3285            0.509595
        3286            0.509595
        3287            0.509597
        3288            0.509603
        3289            0.509611
        3290            0.509589
        3291            0.509594
        3292            0.509611
        3293            0.509616
        3294            0.509605
        3295            0.509605
        3296            0.509616
        3297            0.509624
        3298            0.509627
        3299            0.509616
        3300            0.509579
        3301            0.509579
        3302            0.509571
        3303            0.509576
        3304             0.50954
        3305            0.509539
        3306            0.509562
        3307            0.509581
        3308            0.509576
        3309            0.509595
        3310             0.50957
        3311            0.509598
        3312            0.509589
        3313            0.509575
        3314            0.509578
        3315            0.509555
        3316            0.509564
        3317            0.509547
        3318            0.509561
        3319            0.509549
        3320            0.509577
        3321            0.509583
        3322            0.509574
        3323            0.509571
        3324            0.509557
        3325            0.509546
        3326            0.509527
        3327            0.509546
        3328            0.509521
        3329            0.509529
        3330            0.509523
        3331            0.509518
        3332            0.509507
        3333            0.509493
        3334            0.509487
        3335            0.509492
        3336            0.509495
        3337             0.50949
        3338            0.509495
        3339            0.509495
        3340            0.509498
        3341            0.509509
        3342            0.509503
        3343              0.5095
        3344            0.509489
        3345            0.509489
        3346            0.509481
        3347            0.509472
        3348            0.509442
        3349            0.509456
        3350             0.50945
        3351            0.509458
        3352            0.509458
        3353            0.509455
        3354            0.509441
        3355            0.509419
        3356            0.509397
        3357            0.509394
        3358            0.509383
        3359            0.509383
        3360            0.509378
        3361            0.509383
        3362            0.509356
        3363            0.509364
        3364            0.509358
        3365            0.509364
        3366            0.509361
        3367            0.509367
        3368            0.509358
        3369            0.509366
        3370             0.50938
        3371             0.50935
        3372            0.509361
        3373            0.509358
        3374            0.509344
        3375            0.509347
        3376            0.509333
        3377            0.509322
        3378            0.509311
        3379            0.509311
        3380              0.5093
        3381             0.50927
        3382            0.509254
        3383            0.509246
        3384            0.509254
        3385            0.509246
        3386            0.509235
        3387            0.509213
        3388            0.509188
        3389            0.509196
        3390            0.509188
        3391            0.509175
        3392            0.509164
        3393            0.509164
        3394            0.509191
        3395            0.509188
        3396            0.509197
        3397            0.509188
        3398             0.50918
        3399            0.509167
        3400            0.509183
        3401            0.509175
        3402            0.509183
        3403            0.509164
        3404            0.509159
        3405             0.50915
        3406            0.509161
        3407            0.509145
        3408            0.509156
        3409            0.509156
        3410            0.509143
        3411            0.509145
        3412             0.50914
        3413            0.509126
        3414            0.509105
        3415            0.509091
        3416            0.509099
        3417            0.509108
        3418            0.509089
        3419            0.509075
        3420            0.509075
        3421            0.509089
        3422            0.509075
        3423            0.509075
        3424            0.509054
        3425            0.509051
        3426            0.509051
        3427            0.509019
        3428            0.509008
        3429            0.508984
        3430            0.508957
        3431            0.508962
        3432            0.508962
        3433            0.508968
        3434            0.508982
        3435            0.508976
        3436             0.50896
        3437            0.508952
        3438            0.508955
        3439             0.50895
        3440            0.508963
        3441            0.508955
        3442            0.508947
        3443            0.508942
        3444            0.508926
        3445            0.508934
        3446            0.508905
        3447            0.508894
        3448            0.508902
        3449             0.50887
        3450            0.508884
        3451            0.508876
        3452            0.508876
        3453            0.508862
        3454            0.508865
        3455             0.50886
        3456            0.508836
        3457            0.508841
        3458            0.508812
        3459            0.508785
        3460            0.508786
        3461             0.50878
        3462            0.508764
        3463            0.508746
        3464            0.508741
        3465            0.508725
        3466            0.508738
        3467            0.508749
        3468             0.50872
        3469            0.508704
        3470            0.508683
        3471            0.508672
        3472            0.508673
        3473            0.508673
        3474            0.508694
        3475            0.508697
        3476            0.508697
        3477            0.508711
        3478            0.508698
        3479            0.508679
        3480            0.508661
        3481            0.508663
        3482            0.508661
        3483            0.508666
        3484            0.508667
        3485            0.508651
        3486            0.508643
        3487            0.508651
        3488            0.508659
        3489            0.508657
        3490             0.50866
        3491            0.508641
        3492            0.508652
        3493             0.50862
        3494            0.508591
        3495            0.508584
        3496            0.508557
        3497            0.508555
        3498            0.508555
        3499             0.50855
        3500            0.508569
        3501            0.508553
        3502            0.508561
        3503            0.508575
        3504            0.508567
        3505            0.508557
        3506            0.508533
        3507            0.508536
        3508            0.508536
        3509            0.508536
        3510            0.508547
        3511            0.508547
        3512            0.508555
        3513            0.508532
        3514            0.508527
        3515            0.508522
        3516            0.508517
        3517            0.508506
        3518            0.508493
        3519            0.508494
        3520             0.50852
        3521            0.508512
        3522            0.508515
        3523            0.508515
        3524            0.508526
        3525            0.508534
        3526            0.508548
        3527             0.50855
        3528            0.508543
        3529            0.508538
        3530            0.508525
        3531             0.50852
        3532            0.508486
        3533            0.508468
        3534            0.508486
        3535            0.508487
        3536              0.5085
        3537            0.508508
        3538            0.508516
        3539            0.508521
        3540            0.508532
        3541            0.508532
        3542            0.508519
        3543            0.508517
        3544             0.50853
        3545            0.508544
        3546            0.508559
        3547            0.508552
        3548             0.50856
        3549            0.508539
        3550            0.508513
        3551            0.508508
        3552            0.508514
        3553            0.508501
        3554            0.508496
        3555             0.50848
        3556            0.508468
        3557            0.508494
        3558            0.508492
        3559            0.508492
        3560            0.508495
        3561             0.50849
        3562            0.508495
        3563             0.50848
        3564            0.508472
        3565            0.508457
        3566            0.508457
        3567            0.508449
        3568            0.508476
        3569            0.508478
        3570            0.508463
        3571            0.508455
        3572            0.508445
        3573            0.508438
        3574             0.50842
        3575            0.508446
        3576            0.508428
        3577            0.508439
        3578            0.508423
        3579            0.508424
        3580            0.508411
        3581            0.508411
        3582            0.508404
        3583            0.508399
        3584            0.508402
        3585            0.508394
        3586            0.508399
        3587            0.508397
        3588            0.508392
        3589             0.50839
        3590            0.508382
        3591            0.508385
        3592            0.508367
        3593            0.508362
        3594            0.508386
        3595            0.508394
        3596            0.508394
        3597            0.508397
        3598            0.508379
        3599            0.508387
        3600             0.50841
        3601            0.508424
        3602            0.508426
        3603            0.508421
        3604            0.508435
        3605            0.508455
        3606            0.508461
        3607            0.508461
        3608            0.508474
        3609            0.508479
        3610            0.508469
        3611            0.508467
        3612             0.50849
        3613            0.508513
        3614            0.508521
        3615            0.508547
        3616            0.508568
        3617            0.508576
        3618            0.508579
        3619            0.508586
        3620            0.508571
        3621            0.508574
        3622            0.508589
        3623            0.508608
        3624             0.50861
        3625            0.508605
        3626            0.508636
        3627            0.508639
        3628            0.508631
        3629            0.508621
        3630            0.508614
        3631            0.508612
        3632            0.508599
        3633            0.508584
        3634            0.508599
        3635            0.508584
        3636            0.508579
        3637            0.508574
        3638            0.508582
        3639             0.50857
        3640             0.50858
        3641             0.50859
        3642            0.508616
        3643            0.508609
        3644            0.508616
        3645            0.508634
        3646            0.508635
        3647            0.508632
        3648            0.508625
        3649            0.508622
        3650            0.508617
        3651            0.508625
        3652            0.508646
        3653            0.508659
        3654            0.508664
        3655            0.508677
        3656            0.508692
        3657            0.508705
        3658             0.50868
        3659            0.508687
        3660            0.508703
        3661            0.508695
        3662              0.5087
        3663            0.508691
        3664            0.508698
        3665            0.508706
        3666            0.508704
        3667            0.508699
        3668            0.508696
        3669            0.508681
        3670            0.508684
        3671            0.508717
        3672            0.508715
        3673            0.508679
        3674             0.50868
        3675            0.508675
        3676             0.50869
        3677            0.508705
        3678            0.508708
        3679            0.508723
        3680            0.508726
        3681            0.508718
        3682            0.508711
        3683            0.508711
        3684            0.508694
        3685            0.508699
        3686            0.508687
        3687            0.508707
        3688            0.508719
        3689            0.508737
        3690            0.508732
        3691            0.508722
        3692            0.508708
        3693            0.508708
        3694             0.50873
        3695            0.508698
        3696            0.508693
        3697            0.508681
        3698            0.508663
        3699            0.508669
        3700            0.508679
        3701            0.508679
        3702            0.508689
        3703            0.508687
        3704            0.508669
        3705            0.508679
        3706            0.508657
        3707            0.508645
        3708            0.508647
        3709            0.508645
        3710            0.508623
        3711            0.508618
        3712            0.508621
        3713            0.508613
        3714            0.508611
        3715            0.508599
        3716            0.508589
        3717            0.508584
        3718            0.508582
        3719            0.508595
        3720            0.508605
        3721            0.508582
        3722            0.508573
        3723            0.508563
        3724            0.508576
        3725            0.508566
        3726            0.508551
        3727            0.508544
        3728            0.508494
        3729            0.508475
        3730            0.508467
        3731            0.508475
        3732            0.508488
        3733            0.508475
        3734            0.508453
        3735            0.508451
        3736            0.508459
        3737            0.508449
        3738            0.508439
        3739            0.508464
        3740            0.508469
        3741            0.508472
        3742            0.508485
        3743            0.508483
        3744            0.508493
        3745            0.508478
        3746            0.508488
        3747            0.508478
        3748            0.508481
        3749            0.508481
        3750            0.508474
        3751            0.508464
        3752             0.50846
        3753            0.508452
        3754            0.508443
        3755            0.508433
        3756            0.508441
        3757            0.508429
        3758            0.508412
        3759            0.508395
        3760             0.50839
        3761            0.508388
        3762            0.508371
        3763            0.508354
        3764            0.508361
        3765            0.508359
        3766            0.508369
        3767            0.508394
        3768            0.508394
        3769            0.508367
        3770            0.508373
        3771            0.508363
        3772            0.508366
        3773            0.508368
        3774            0.508374
        3775            0.508369
        3776            0.508364
        3777            0.508342
        3778             0.50834
        3779            0.508336
        3780            0.508333
        3781            0.508316
        3782            0.508326
        3783            0.508314
        3784            0.508315
        3785            0.508308
        3786            0.508298
        3787             0.50832
        3788            0.508333
        3789             0.50834
        3790            0.508343
        3791            0.508356
        3792            0.508366
        3793            0.508358
        3794            0.508381
        3795            0.508361
        3796            0.508369
        3797            0.508367
        3798            0.508369
        3799            0.508382
        3800            0.508372
        3801             0.50839
        3802            0.508387
        3803             0.50839
        3804            0.508402
        3805            0.508432
        3806            0.508454
        3807            0.508469
        3808            0.508469
        3809            0.508467
        3810            0.508462
        3811            0.508472
        3812            0.508475
        3813             0.50848
        3814             0.50847
        3815            0.508475
        3816            0.508493
        3817            0.508512
        3818            0.508481
        3819            0.508471
        3820            0.508464
        3821            0.508472
        3822            0.508465
        3823            0.508489
        3824            0.508487
        3825            0.508499
        3826            0.508487
        3827            0.508497
        3828            0.508483
        3829            0.508464
        3830            0.508486
        3831            0.508486
        3832            0.508503
        3833            0.508513
        3834            0.508513
        3835            0.508516
        3836            0.508538
        3837            0.508555
        3838            0.508545
        3839            0.508562
        3840            0.508567
        3841            0.508563
        3842            0.508575
        3843            0.508577
        3844            0.508575
        3845            0.508595
        3846            0.508621
        3847            0.508638
        3848            0.508629
        3849            0.508631
        3850            0.508624
        3851            0.508612
        3852            0.508593
        3853            0.508584
        3854            0.508575
        3855            0.508577
        3856            0.508575
        3857             0.50857
        3858            0.508585
        3859            0.508585
        3860            0.508619
        3861            0.508619
        3862            0.508607
        3863            0.508607
        3864            0.508629
        3865            0.508624
        3866            0.508649
        3867            0.508651
        3868            0.508637
        3869            0.508651
        3870            0.508654
        3871            0.508671
        3872            0.508693
        3873            0.508688
        3874             0.50869
        3875            0.508683
        3876            0.508676
        3877            0.508684
        3878            0.508689
        3879            0.508686
        3880            0.508677
        3881            0.508689
        3882            0.508668
        3883            0.508694
        3884            0.508685
        3885            0.508666
        3886            0.508666
        3887            0.508649
        3888            0.508666
        3889            0.508662
        3890            0.508669
        3891            0.508657
        3892            0.508634
        3893            0.508612
        3894            0.508603
        3895            0.508587
        3896            0.508599
        3897            0.508613
        3898            0.508616
        3899            0.508618
        3900            0.508613
        3901            0.508618
        3902            0.508621
        3903             0.50864
        3904            0.508645
        3905            0.508659
        3906            0.508667
        3907             0.50866
        3908            0.508665
        3909            0.508667
        3910            0.508665
        3911            0.508679
        3912             0.50867
        3913            0.508687
        3914            0.508684
        3915            0.508687
        3916            0.508675
        3917            0.508666
        3918            0.508683
        3919             0.50869
        3920            0.508669
        3921            0.508659
        3922            0.508662
        3923            0.508664
        3924            0.508676
        3925            0.508681
        3926            0.508674
        3927            0.508689
        3928            0.508698
        3929            0.508694
        3930             0.50872
        3931            0.508727
        3932            0.508732
        3933            0.508763
        3934             0.50876
        3935            0.508789
        3936            0.508784
        3937            0.508779
        3938            0.508777
        3939             0.50877
        3940            0.508782
        3941            0.508782
        3942            0.508785
        3943             0.50882
        3944            0.508818
        3945            0.508832
        3946            0.508839
        3947            0.508837
        3948            0.508842
        3949            0.508849
        3950            0.508851
        3951            0.508873
        3952            0.508887
        3953            0.508884
        3954            0.508868
        3955            0.508875
        3956            0.508868
        3957            0.508873
        3958             0.50888
        3959            0.508871
        3960            0.508862
        3961            0.508876
        3962            0.508857
        3963            0.508857
        3964            0.508869
        3965            0.508879
        3966              0.5089
        3967            0.508897
        3968            0.508916
        3969            0.508921
        3970            0.508919
        3971            0.508903
        3972            0.508903
        3973            0.508903
        3974            0.508891
        3975            0.508873
        3976             0.50887
        3977            0.508859
        3978            0.508859
        3979             0.50884
        3980            0.508843
        3981            0.508836
        3982             0.50882
        3983            0.508806
        3984            0.508804
        3985            0.508776
        3986            0.508771
        3987            0.508769
        3988            0.508772
        3989            0.508765
        3990            0.508781
        3991            0.508765
        3992            0.508758
        3993            0.508751
        3994            0.508742
        3995            0.508759
        3996            0.508766
        3997             0.50877
        3998            0.508734
        3999            0.508727
        4000            0.508743
        4001            0.508757
        4002             0.50876
        4003            0.508734
        4004            0.508732
        4005            0.508711
        4006            0.508721
        4007            0.508721
        4008            0.508723
        4009            0.508726
        4010            0.508737
        4011            0.508721
        4012            0.508735
        4013            0.508733
        4014            0.508722
        4015            0.508727
        4016            0.508747
        4017            0.508754
        4018            0.508748
        4019            0.508734
        4020            0.508727
        4021            0.508723
        4022             0.50873
        4023            0.508723
        4024             0.50873
        4025            0.508721
        4026            0.508691
        4027            0.508701
        4028            0.508675
        4029             0.50868
        4030            0.508676
        4031            0.508692
        4032            0.508687
        4033            0.508694
        4034            0.508658
        4035            0.508642
        4036            0.508638
        4037            0.508651
        4038            0.508658
        4039            0.508659
        4040            0.508647
        4041            0.508643
        4042            0.508629
        4043            0.508629
        4044            0.508632
        4045            0.508627
        4046            0.508632
        4047            0.508623
        4048            0.508633
        4049            0.508635
        4050            0.508633
        4051            0.508631
        4052            0.508603
        4053            0.508594
        4054            0.508615
        4055            0.508629
        4056            0.508643
        4057            0.508657
        4058            0.508632
        4059            0.508632
        4060            0.508643
        4061            0.508657
        4062            0.508664
        4063            0.508674
        4064             0.50869
        4065            0.508665
        4066            0.508676
        4067            0.508681
        4068            0.508672
        4069            0.508684
        4070            0.508684
        4071            0.508675
        4072            0.508668
        4073             0.50867
        4074             0.50868
        4075            0.508671
        4076            0.508678
        4077            0.508678
        4078            0.508676
        4079             0.50868
        4080            0.508669
        4081            0.508656
        4082            0.508647
        4083            0.508649
        4084            0.508627
        4085            0.508638
        4086            0.508659
        4087            0.508629
        4088            0.508621
        4089            0.508614
        4090            0.508628
        4091            0.508626
        4092            0.508623
        4093            0.508608
        4094            0.508581
        4095            0.508588
        4096            0.508574
        4097            0.508568
        4098             0.50857
        4099            0.508564
        4100            0.508566
        4101            0.508559
        4102            0.508544
        4103            0.508542
        4104            0.508546
        4105            0.508531
        4106            0.508529
        4107            0.508522
        4108            0.508527
        4109            0.508516
        4110            0.508527
        4111            0.508514
        4112            0.508512
        4113            0.508516
        4114            0.508528
        4115             0.50851
        4116            0.508526
        4117            0.508524
        4118            0.508524
        4119            0.508529
        4120            0.508527
        4121            0.508527
        4122            0.508536
        4123             0.50852
        4124            0.508512
        4125            0.508516
        4126            0.508499
        4127            0.508496
        4128            0.508499
        4129            0.508483
        4130            0.508495
        4131            0.508484
        4132            0.508477
        4133            0.508484
        4134            0.508471
        4135            0.508482
        4136            0.508489
        4137            0.508487
        4138            0.508472
        4139            0.508481
        4140            0.508481
        4141             0.50847
        4142            0.508466
        4143            0.508468
        4144            0.508468
        4145            0.508462
        4146            0.508458
        4147             0.50844
        4148            0.508411
        4149              0.5084
        4150            0.508394
        4151            0.508392
        4152            0.508381
        4153             0.50839
        4154            0.508414
        4155            0.508435
        4156            0.508426
        4157            0.508428
        4158            0.508424
        4159            0.508411
        4160            0.508411
        4161            0.508403
        4162            0.508398
        4163            0.508387
        4164            0.508383
        4165            0.508397
        4166            0.508408
        4167            0.508402
        4168            0.508404
        4169            0.508389
        4170            0.508398
        4171            0.508422
        4172            0.508454
        4173            0.508456
        4174            0.508461
        4175            0.508472
        4176            0.508474
        4177            0.508479
        4178            0.508488
        4179            0.508479
        4180            0.508482
        4181            0.508469
        4182             0.50848
        4183            0.508476
        4184            0.508465
        4185            0.508463
        4186            0.508472
        4187            0.508474
        4188             0.50849
        4189            0.508481
        4190            0.508486
        4191            0.508475
        4192             0.50848
        4193            0.508478
        4194            0.508478
        4195            0.508451
        4196            0.508441
        4197            0.508434
        4198            0.508426
        4199            0.508417
        4200            0.508435
        4201            0.508448
        4202            0.508437
        4203            0.508435
        4204            0.508436
        4205            0.508436
        4206            0.508443
        4207            0.508438
        4208            0.508461
        4209            0.508481
        4210            0.508456
        4211            0.508459
        4212            0.508435
        4213            0.508442
        4214            0.508431
        4215            0.508424
        4216            0.508412
        4217            0.508399
        4218             0.50837
        4219            0.508403
        4220            0.508417
        4221            0.508406
        4222             0.50838
        4223            0.508404
        4224            0.508382
        4225            0.508387
        4226            0.508387
        4227            0.508385
        4228            0.508379
        4229            0.508377
        4230            0.508375
        4231             0.50838
        4232            0.508386
        4233            0.508402
        4234              0.5084
        4235            0.508398
        4236            0.508387
        4237            0.508403
        4238             0.50839
        4239            0.508399
        4240            0.508401
        4241            0.508408
        4242            0.508412
        4243            0.508395
        4244            0.508393
        4245            0.508393
        4246            0.508389
        4247            0.508372
        4248            0.508368
        4249            0.508357
        4250            0.508344
        4251            0.508336
        4252            0.508327
        4253            0.508332
        4254            0.508334
        4255            0.508345
        4256            0.508365
        4257            0.508367
        4258            0.508379
        4259            0.508377
        4260             0.50839
        4261            0.508407
        4262            0.508403
        4263            0.508412
        4264            0.508393
        4265            0.508395
        4266            0.508376
        4267             0.50837
        4268            0.508372
        4269            0.508376
        4270             0.50839
        4271             0.50839
        4272            0.508381
        4273            0.508377
        4274            0.508384
        4275            0.508397
        4276            0.508389
        4277            0.508374
        4278            0.508363
        4279            0.508363
        4280            0.508355
        4281            0.508325
        4282            0.508329
        4283            0.508317
        4284            0.508302
        4285            0.508283
        4286            0.508274
        4287            0.508268
        4288            0.508279
        4289            0.508301
        4290             0.50831
        4291            0.508318
        4292            0.508297
        4293            0.508299
        4294            0.508295
        4295            0.508315
        4296            0.508317
        4297            0.508298
        4298             0.50829
        4299            0.508264
        4300            0.508277
        4301             0.50828
        4302            0.508297
        4303            0.508306
        4304            0.508295
        4305            0.508281
        4306            0.508277
        4307            0.508264
        4308            0.508271
        4309            0.508273
        4310            0.508258
        4311            0.508258
        4312            0.508259
        4313            0.508252
        4314            0.508244
        4315            0.508244
        4316            0.508247
        4317            0.508253
        4318            0.508236
        4319            0.508243
        4320            0.508254
        4321            0.508244
        4322            0.508235
        4323            0.508225
        4324            0.508225
        4325            0.508234
        4326             0.50823
        4327            0.508234
        4328            0.508217
        4329            0.508192
        4330            0.508182
        4331             0.50818
        4332            0.508173
        4333            0.508189
        4334            0.508187
        4335            0.508159
        4336            0.508155
        4337            0.508162
        4338            0.508158
        4339            0.508156
        4340            0.508135
        4341            0.508139
        4342             0.50814
        4343            0.508157
        4344            0.508153
        4345            0.508153
        4346            0.508164
        4347            0.508169
        4348            0.508152
        4349            0.508142
        4350            0.508146
        4351            0.508136
        4352            0.508119
        4353            0.508119
        4354            0.508107
        4355            0.508088
        4356            0.508084
        4357            0.508082
        4358            0.508084
        4359            0.508095
        4360            0.508098
        4361            0.508104
        4362            0.508102
        4363            0.508115
        4364             0.50812
        4365            0.508127
        4366            0.508127
        4367            0.508131
        4368            0.508129
        4369            0.508123
        4370            0.508134
        4371            0.508126
        4372            0.508124
        4373            0.508129
        4374            0.508133
        4375            0.508144
        4376            0.508138
        4377            0.508134
        4378            0.508136
        4379            0.508124
        4380            0.508118
        4381            0.508107
        4382            0.508082
        4383            0.508102
        4384            0.508112
        4385            0.508144
        4386            0.508147
        4387            0.508149
        4388            0.508149
        4389            0.508143
        4390            0.508158
        4391            0.508135
        4392            0.508136
        4393            0.508148
        4394            0.508138
        4395            0.508145
        4396            0.508158
        4397            0.508173
        4398            0.508162
        4399            0.508152
        4400            0.508144
        4401            0.508151
        4402            0.508153
        4403            0.508162
        4404            0.508172
        4405            0.508162
        4406            0.508152
        4407            0.508173
        4408            0.508169
        4409            0.508171
        4410            0.508159
        4411            0.508168
        4412            0.508172
        4413            0.508166
        4414            0.508164
        4415             0.50816
        4416            0.508169
        4417            0.508184
        4418            0.508182
        4419            0.508186
        4420            0.508208
        4421            0.508202
        4422            0.508214
        4423            0.508215
        4424              0.5082
        4425            0.508192
        4426            0.508188
        4427            0.508174
        4428            0.508178
        4429            0.508172
        4430            0.508183
        4431            0.508175
        4432            0.508165
        4433            0.508146
        4434            0.508132
        4435            0.508138
        4436            0.508145
        4437             0.50816
        4438            0.508147
        4439            0.508139
        4440            0.508123
        4441            0.508119
        4442            0.508088
        4443            0.508086
        4444            0.508099
        4445            0.508116
        4446            0.508112
        4447            0.508131
        4448            0.508141
        4449             0.50815
        4450            0.508156
        4451             0.50814
        4452            0.508144
        4453            0.508151
        4454            0.508145
        4455            0.508158
        4456            0.508158
        4457            0.508154
        4458             0.50814
        4459            0.508134
        4460            0.508132
        4461            0.508136
        4462            0.508137
        4463            0.508131
        4464            0.508137
        4465            0.508131
        4466            0.508127
        4467             0.50813
        4468            0.508117
        4469            0.508105
        4470             0.50811
        4471            0.508106
        4472            0.508108
        4473            0.508104
        4474            0.508113
        4475            0.508103
        4476             0.50809
        4477            0.508085
        4478            0.508095
        4479             0.50811
        4480            0.508089
        4481            0.508086
        4482            0.508078
        4483             0.50809
        4484            0.508086
        4485            0.508078
        4486            0.508075
        4487            0.508069
        4488            0.508065
        4489            0.508057
        4490            0.508047
        4491            0.508035
        4492            0.508033
        4493            0.508023
        4494            0.508013
        4495            0.508021
        4496            0.508017
        4497            0.508001
        4498            0.508001
        4499            0.507967
        4500            0.507975
        4501            0.507984
        4502            0.507982
        4503             0.50797
        4504            0.507987
        4505            0.507993
        4506            0.507987
        4507            0.507963
        4508            0.507945
        4509            0.507939
        4510            0.507951
        4511            0.507952
        4512            0.507973
        4513            0.507967
        4514            0.507957
        4515            0.507957
        4516            0.507963
        4517            0.507964
        4518            0.507956
        4519            0.507975
        4520            0.507975
        4521            0.507981
        4522            0.507984
        4523             0.50797
        4524            0.507968
        4525            0.507956
        4526            0.507958
        4527            0.507965
        4528            0.507971
        4529            0.507953
        4530            0.507937
        4531            0.507935
        4532            0.507921
        4533            0.507942
        4534            0.507932
        4535            0.507953
        4536            0.507953
        4537            0.507955
        4538            0.507966
        4539            0.507958
        4540            0.507981
        4541            0.507983
        4542            0.508001
        4543            0.508008
        4544            0.508012
        4545               0.508
        4546            0.508005
        4547            0.507999
        4548            0.507993
        4549            0.508001
        4550            0.508002
        4551            0.507992
        4552            0.507994
        4553            0.507986
        4554            0.507991
        4555            0.508005
        4556            0.507983
        4557            0.507989
        4558            0.507984
        4559            0.507951
        4560             0.50795
        4561            0.507952
        4562            0.507934
        4563            0.507936
        4564            0.507939
        4565            0.507943
        4566            0.507939
        4567            0.507952
        4568            0.507946
        4569            0.507942
        4570             0.50793
        4571            0.507932
        4572            0.507935
        4573            0.507929
        4574            0.507927
        4575            0.507936
        4576             0.50795
        4577            0.507956
        4578            0.507963
        4579            0.507959
        4580            0.507953
        4581            0.507929
        4582            0.507911
        4583            0.507908
        4584             0.50789
        4585            0.507886
        4586            0.507884
        4587            0.507893
        4588            0.507899
        4589            0.507907
        4590            0.507894
        4591            0.507878
        4592            0.507876
        4593            0.507886
        4594            0.507915
        4595            0.507903
        4596            0.507887
        4597            0.507912
        4598            0.507908
        4599            0.507918
        4600            0.507929
        4601            0.507947
        4602            0.507933
        4603            0.507924
        4604            0.507944
        4605            0.507968
        4606            0.507991
        4607            0.507993
        4608            0.507975
        4609             0.50797
        4610            0.507964
        4611             0.50796
        4612            0.507962
        4613            0.507967
        4614            0.507979
        4615            0.507987
        4616            0.507988
        4617            0.507972
        4618             0.50796
        4619            0.507964
        4620            0.507967
        4621            0.507987
        4622            0.507995
        4623            0.508005
        4624             0.50801
        4625            0.508006
        4626            0.508012
        4627            0.508019
        4628            0.508015
        4629            0.508005
        4630            0.508013
        4631             0.50803
        4632            0.508028
        4633            0.508034
        4634            0.508038
        4635            0.508053
        4636            0.508059
        4637            0.508073
        4638            0.508073
        4639            0.508064
        4640            0.508078
        4641            0.508072
        4642            0.508066
        4643            0.508059
        4644            0.508055
        4645            0.508071
        4646            0.508079
        4647            0.508074
        4648            0.508084
        4649             0.50807
        4650            0.508072
        4651            0.508069
        4652            0.508061
        4653            0.508081
        4654            0.508075
        4655            0.508074
        4656            0.508072
        4657            0.508072
        4658            0.508078
        4659            0.508069
        4660            0.508051
        4661            0.508065
        4662            0.508062
        4663            0.508074
        4664            0.508078
        4665            0.508094
        4666            0.508106
        4667            0.508114
        4668            0.508099
        4669            0.508103
        4670            0.508101
        4671              0.5081
        4672              0.5081
        4673            0.508084
        4674            0.508092
        4675            0.508089
        4676            0.508085
        4677            0.508083
        4678            0.508097
        4679            0.508098
        4680             0.50809
        4681            0.508082
        4682            0.508083
        4683            0.508069
        4684            0.508081
        4685            0.508093
        4686            0.508086
        4687            0.508078
        4688            0.508084
        4689            0.508086
        4690            0.508083
        4691            0.508089
        4692            0.508091
        4693            0.508083
        4694            0.508074
        4695            0.508074
        4696            0.508088
        4697            0.508074
        4698            0.508067
        4699            0.508075
        4700            0.508073
        4701            0.508077
        4702            0.508082
        4703            0.508088
        4704            0.508082
        4705            0.508077
        4706            0.508087
        4707            0.508069
        4708            0.508062
        4709            0.508062
        4710            0.508052
        4711            0.508052
        4712            0.508057
        4713            0.508059
        4714            0.508051
        4715            0.508032
        4716            0.508044
        4717             0.50804
        4718            0.508035
        4719            0.508045
        4720            0.508035
        4721            0.508043
        4722            0.508049
        4723            0.508044
        4724             0.50803
        4725            0.508025
        4726            0.508043
        4727            0.508031
        4728            0.508018
        4729            0.508008
        4730            0.508012
        4731            0.508001
        4732            0.508009
        4733            0.507992
        4734            0.507976
        4735            0.507996
        4736             0.50799
        4737            0.507995
        4738            0.507967
        4739            0.507964
        4740            0.507962
        4741            0.507982
        4742            0.507988
        4743            0.508006
        4744            0.508018
        4745             0.50804
        4746            0.508036
        4747             0.50805
        4748             0.50805
        4749            0.508047
        4750            0.508041
        4751            0.508039
        4752            0.508041
        4753            0.508038
        4754            0.508044
        4755            0.508069
        4756            0.508081
        4757            0.508086
        4758            0.508084
        4759            0.508092
        4760            0.508102
        4761            0.508114
        4762            0.508097
        4763            0.508097
        4764            0.508103
        4765            0.508093
        4766            0.508074
        4767            0.508061
        4768            0.508046
        4769            0.508044
        4770            0.508015
        4771            0.508027
        4772            0.508039
        4773            0.508027
        4774             0.50803
        4775            0.508016
        4776            0.508007
        4777            0.508001
        4778               0.508
        4779            0.508002
        4780            0.507998
        4781            0.507989
        4782            0.507974
        4783            0.507982
        4784            0.507984
        4785            0.507982
        4786            0.507994
        4787            0.507998
        4788            0.507979
        4789            0.507974
        4790            0.507953
        4791            0.507947
        4792             0.50794
        4793            0.507938
        4794            0.507942
        4795            0.507929
        4796            0.507935
        4797            0.507931
        4798            0.507939
        4799            0.507913
        4800            0.507911
        4801            0.507923
        4802             0.50791
        4803            0.507902
        4804            0.507893
        4805            0.507899
        4806            0.507899
        4807            0.507924
        4808             0.50793
        4809            0.507927
        4810            0.507925
        4811            0.507933
        4812             0.50792
        4813            0.507934
        4814            0.507932
        4815            0.507927
        4816            0.507929
        4817            0.507937
        4818            0.507931
        4819            0.507947
        4820            0.507974
        4821            0.507976
        4822            0.507996
        4823             0.50799
        4824            0.507977
        4825            0.507974
        4826            0.507987
        4827            0.507997
        4828            0.507999
        4829            0.507992
        4830            0.507981
        4831            0.507989
        4832            0.507996
        4833            0.507989
        4834            0.507978
        4835            0.507976
        4836            0.507976
        4837            0.507963
        4838            0.507987
        4839            0.507975
        4840            0.507976
        4841             0.50798
        4842            0.507995
        4843            0.507994
        4844            0.508011
        4845            0.508025
        4846            0.508025
        4847            0.508023
        4848            0.508025
        4849             0.50801
        4850            0.508015
        4851            0.508019
        4852            0.508021
        4853            0.508027
        4854            0.508017
        4855            0.508016
        4856             0.50801
        4857            0.507997
        4858            0.507986
        4859            0.507983
        4860            0.507962
        4861            0.507975
        4862             0.50797
        4863            0.507965
        4864            0.507965
        4865            0.507952
        4866             0.50795
        4867            0.507948
        4868            0.507956
        4869            0.507947
        4870            0.507944
        4871            0.507925
        4872            0.507918
        4873             0.50791
        4874            0.507914
        4875            0.507915
        4876            0.507905
        4877            0.507887
        4878            0.507889
        4879            0.507885
        4880            0.507893
        4881            0.507903
        4882             0.50792
        4883            0.507917
        4884            0.507896
        4885            0.507912
        4886            0.507914
        4887            0.507929
        4888            0.507911
        4889            0.507899
        4890              0.5079
        4891            0.507885
        4892            0.507891
        4893            0.507878
        4894            0.507897
        4895            0.507905
        4896            0.507892
        4897            0.507898
        4898              0.5079
        4899            0.507895
        4900            0.507885
        4901            0.507884
        4902            0.507878
        4903            0.507877
        4904            0.507853
        4905            0.507864
        4906            0.507863
        4907            0.507852
        4908            0.507871
        4909            0.507871
        4910             0.50789
        4911            0.507904
        4912            0.507898
        4913            0.507893
        4914            0.507895
        4915            0.507892
        4916            0.507897
        4917            0.507896
        4918            0.507906
        4919            0.507906
        4920            0.507912
        4921            0.507918
        4922            0.507905
        4923            0.507918
        4924            0.507915
        4925            0.507915
        4926            0.507927
        4927            0.507923
        4928            0.507918
        4929            0.507931
        4930             0.50793
        4931            0.507913
        4932            0.507911
        4933            0.507898
        4934            0.507887
        4935            0.507878
        4936            0.507873
        4937            0.507862
        4938            0.507872
        4939            0.507863
        4940            0.507857
        4941            0.507844
        4942            0.507854
        4943            0.507873
        4944            0.507873
        4945            0.507866
        4946             0.50785
        4947             0.50785
        4948            0.507846
        4949             0.50785
        4950            0.507856
        4951            0.507862
        4952            0.507874
        4953            0.507876
        4954             0.50788
        4955            0.507882
        4956            0.507886
        4957            0.507886
        4958            0.507885
        4959            0.507885
        4960            0.507895
        4961            0.507889
        4962            0.507886
        4963            0.507879
        4964            0.507886
        4965            0.507892
        4966            0.507894
        4967            0.507893
        4968            0.507893
        4969            0.507901
        4970            0.507894
        4971            0.507886
        4972            0.507904
        4973            0.507913
        4974             0.50791
        4975            0.507917
        4976            0.507919
        4977            0.507922
        4978            0.507922
        4979            0.507911
        4980            0.507913
        4981            0.507919
        4982            0.507917
        4983            0.507914
        4984            0.507901
        4985            0.507896
        4986              0.5079
        4987            0.507887
        4988            0.507876
        4989            0.507878
        4990            0.507875
        4991            0.507879
        4992            0.507902
        4993            0.507907
        4994            0.507908
        4995            0.507906
        4996            0.507899
        4997            0.507892
        4998            0.507909
        4999            0.507915
        5000            0.507922
