#     BLOCK:          ACTUAL_PE:             PE_AVE:              ERROR:
           1            -6.65145            -6.65145                   0
           2            -6.50717            -6.57931           0.0510102
           3            -6.40579            -6.52147           0.0581959
           4            -6.31256            -6.46924           0.0628554
           5            -6.22154             -6.4197           0.0670219
           6            -6.18529            -6.38063           0.0662672
           7            -6.12218            -6.34371            0.066293
           8            -6.10386            -6.31373           0.0644305
           9            -6.05056            -6.28449           0.0635616
          10            -5.99403            -6.25544           0.0634959
          11            -5.96093            -6.22867           0.0631165
          12            -5.98853            -6.20866           0.0609466
          13            -6.07372            -6.19828           0.0571354
          14            -5.99488            -6.18375           0.0548704
          15            -5.87179            -6.16295           0.0550128
          16            -5.86338            -6.14423           0.0546679
          17            -5.81751            -6.12501           0.0547261
          18            -5.92598            -6.11395            0.052791
          19            -5.85704            -6.10043           0.0517153
          20            -5.79505            -6.08516           0.0513342
          21            -5.80371            -6.07176           0.0506091
          22            -5.71605            -6.05559           0.0508259
          23            -5.72561            -6.04124           0.0506005
          24            -5.85366            -6.03343            0.049092
          25            -5.86229            -6.02658           0.0476032
          26            -5.86825            -6.02049           0.0461602
          27            -5.84203            -6.01388           0.0449213
          28            -5.89875            -6.00977           0.0435048
          29            -5.88697            -6.00554           0.0422102
          30            -5.85912            -6.00066           0.0410844
          31            -5.79421              -5.994           0.0402952
          32            -5.78653            -5.98751           0.0395541
          33            -5.80299            -5.98192           0.0387487
          34            -5.79924            -5.97655           0.0379797
          35             -5.8252            -5.97222             0.03714
          36            -5.70867             -5.9649           0.0368228
          37            -5.76873             -5.9596           0.0362073
          38            -5.69973            -5.95276           0.0358945
          39            -5.70806            -5.94649           0.0355183
          40            -5.77473            -5.94219           0.0348889
          41            -5.70595            -5.93643           0.0345105
          42            -5.66547            -5.92998           0.0342866
          43            -5.64835            -5.92343            0.034109
          44            -5.71055            -5.91859           0.0336752
          45            -5.72486            -5.91429           0.0332009
          46            -5.73974            -5.91049           0.0326953
          47            -5.83565             -5.9089           0.0320384
          48            -5.76999            -5.90601           0.0315013
          49            -5.85668              -5.905           0.0308745
          50            -5.77426            -5.90239           0.0303676
          51            -5.72917            -5.89899           0.0299615
          52            -5.67563            -5.89469           0.0296916
          53             -5.6953            -5.89093           0.0293687
          54            -5.82932            -5.88979            0.028847
          55            -5.88329            -5.88967           0.0283228
          56            -5.80483            -5.88816           0.0278575
          57            -5.73081             -5.8854           0.0275052
          58            -5.64514            -5.88125           0.0273411
          59            -5.71524            -5.87844           0.0270221
          60            -5.69796            -5.87543           0.0267387
          61            -5.67283            -5.87211           0.0265058
          62            -5.65125            -5.86855           0.0263166
          63            -5.59359            -5.86418           0.0262583
          64            -5.68132            -5.86133            0.026003
          65            -5.72028            -5.85916           0.0256933
          66            -5.71098            -5.85691           0.0254019
          67            -5.76634            -5.85556           0.0250587
          68            -5.77775            -5.85442           0.0247163
          69            -5.74199            -5.85279           0.0244118
          70            -5.73183            -5.85106           0.0241241
          71             -5.7535            -5.84968           0.0238234
          72            -5.72259            -5.84792           0.0235579
          73            -5.67714            -5.84558            0.023351
          74            -5.83988             -5.8455           0.0230356
          75            -5.79588            -5.84484            0.022738
          76            -5.74854            -5.84357            0.022474
          77            -5.76049             -5.8425           0.0222081
          78            -5.76037            -5.84144           0.0219483
          79            -5.68442            -5.83945           0.0217603
          80            -5.59746            -5.83643           0.0216975
          81            -5.55949            -5.83301           0.0216973
          82            -5.52624            -5.82927           0.0217529
          83            -5.70535            -5.82778            0.021542
          84            -5.65196            -5.82568           0.0213869
          85            -5.65356            -5.82366            0.021231
          86            -5.68203            -5.82201           0.0210479
          87            -5.79816            -5.82174           0.0208077
          88            -5.76264            -5.82107           0.0205821
          89            -5.82115            -5.82107           0.0203509
          90            -5.73128            -5.82007           0.0201492
          91            -5.74697            -5.81927           0.0199438
          92            -5.70288              -5.818           0.0197671
          93            -5.66983            -5.81641           0.0196186
          94            -5.72193             -5.8154           0.0194356
          95            -5.75264            -5.81474           0.0192423
          96             -5.6087             -5.8126           0.0191612
          97            -5.54756            -5.80986           0.0191574
          98            -5.55565            -5.80727           0.0191368
          99            -5.62421            -5.80542           0.0190326
         100            -5.59666            -5.80333           0.0189564
         101            -5.60694            -5.80139           0.0188682
         102            -5.59269            -5.79934           0.0187938
         103            -5.56936            -5.79711           0.0187435
         104            -5.55465            -5.79478           0.0187077
         105            -5.60358            -5.79296            0.018618
         106            -5.70167             -5.7921           0.0184622
         107            -5.70108            -5.79125           0.0183093
         108            -5.65971            -5.79003           0.0181802
         109            -5.61995            -5.78847           0.0180802
         110             -5.6316            -5.78704            0.017972
         111            -5.65451            -5.78585           0.0178497
         112            -5.61933            -5.78436           0.0177522
         113            -5.65049            -5.78318           0.0176346
         114            -5.66639            -5.78215           0.0175096
         115            -5.61827            -5.78073           0.0174152
         116             -5.5968            -5.77914           0.0173371
         117            -5.64539              -5.778           0.0172266
         118            -5.65995              -5.777           0.0171096
         119             -5.6369            -5.77582           0.0170063
         120            -5.69454            -5.77514           0.0168781
         121            -5.66719            -5.77425           0.0167622
         122            -5.74975            -5.77405            0.016626
         123            -5.71879             -5.7736           0.0164969
         124            -5.80756            -5.77387           0.0163661
         125            -5.83331            -5.77435           0.0162421
         126            -5.74068            -5.77408           0.0161154
         127             -5.6996             -5.7735           0.0159991
         128            -5.71219            -5.77302           0.0158813
         129            -5.68161            -5.77231            0.015774
         130            -5.65917            -5.77144           0.0156766
         131            -5.64513            -5.77047           0.0155866
         132            -5.64489            -5.76952           0.0154975
         133            -5.66614            -5.76875           0.0154005
         134            -5.76058            -5.76868           0.0152857
         135            -5.66381            -5.76791           0.0151922
         136            -5.63993            -5.76697           0.0151096
         137            -5.60109            -5.76576           0.0150477
         138            -5.60486            -5.76459           0.0149838
         139            -5.67651            -5.76396           0.0148894
         140            -5.73971            -5.76378            0.014784
         141             -5.7015            -5.76334           0.0146858
         142            -5.67515            -5.76272           0.0145955
         143            -5.67874            -5.76213           0.0145052
         144            -5.62363            -5.76117           0.0144364
         145            -5.61107            -5.76014           0.0143739
         146             -5.6621            -5.75946           0.0142911
         147            -5.63943            -5.75865           0.0142172
         148            -5.64964            -5.75791           0.0141402
         149            -5.66665             -5.7573           0.0140585
         150            -5.55108            -5.75592           0.0140319
         151            -5.50489            -5.75426           0.0140371
         152            -5.51713             -5.7527           0.0140312
         153            -5.48015            -5.75092           0.0140521
         154            -5.36581            -5.74842           0.0141816
         155             -5.4391            -5.74642           0.0142298
         156            -5.52972            -5.74503           0.0142062
         157            -5.63766            -5.74435           0.0141322
         158            -5.63743            -5.74367            0.014059
         159            -5.68131            -5.74328            0.013976
         160            -5.63437             -5.7426           0.0139052
         161            -5.61259            -5.74179           0.0138423
         162            -5.66498            -5.74132            0.013765
         163            -5.63047            -5.74064           0.0136973
         164            -5.64711            -5.74007           0.0136256
         165            -5.62121            -5.73935           0.0135621
         166            -5.66404             -5.7389            0.013488
         167            -5.67393            -5.73851           0.0134128
         168            -5.67316            -5.73812           0.0133386
         169             -5.5295            -5.73688           0.0133167
         170            -5.48954            -5.73543           0.0133176
         171            -5.58486            -5.73455           0.0132688
         172            -5.58094            -5.73365           0.0132217
         173            -5.50673            -5.73234           0.0132102
         174            -5.48676            -5.73093           0.0132094
         175             -5.4625             -5.7294           0.0132227
         176            -5.54218            -5.72833           0.0131903
         177            -5.55959            -5.72738           0.0131502
         178            -5.56284            -5.72646           0.0131087
         179            -5.38662            -5.72456           0.0131723
         180            -5.37312             -5.7226            0.013243
         181            -5.38914            -5.72076           0.0132974
         182            -5.44147            -5.71923           0.0133126
         183            -5.49293            -5.71799           0.0132971
         184            -5.62114            -5.71746           0.0132353
         185            -5.66807             -5.7172           0.0131664
         186            -5.52974            -5.71619           0.0131342
         187              -5.487            -5.71496            0.013121
         188            -5.53766            -5.71402            0.013085
         189            -5.52267            -5.71301           0.0130549
         190            -5.46464             -5.7117           0.0130515
         191            -5.49814            -5.71058            0.013031
         192            -5.47696            -5.70937           0.0130198
         193            -5.59243            -5.70876           0.0129664
         194            -5.49078            -5.70764           0.0129481
         195            -5.45525            -5.70634           0.0129463
         196            -5.50254             -5.7053           0.0129219
         197            -5.41645            -5.70384           0.0129392
         198            -5.44731            -5.70254           0.0129386
         199            -5.48644            -5.70146           0.0129191
         200            -5.47091             -5.7003           0.0129058
         201            -5.48301            -5.69922           0.0128868
         202            -5.44033            -5.69794           0.0128866
         203            -5.50175            -5.69697           0.0128593
         204            -5.34646            -5.69526           0.0129105
         205            -5.43263            -5.69397           0.0129109
         206            -5.37827            -5.69244           0.0129389
         207            -5.39204            -5.69099           0.0129575
         208            -5.40787            -5.68963           0.0129665
         209            -5.34448            -5.68798           0.0130092
         210            -5.30119            -5.68614            0.013077
         211            -5.30705            -5.68434           0.0131379
         212            -5.31413            -5.68259           0.0131914
         213            -5.31318            -5.68086            0.013243
         214            -5.35539            -5.67934           0.0132682
         215            -5.44658            -5.67826           0.0132506
         216            -5.52782            -5.67756           0.0132075
         217            -5.55017            -5.67697           0.0131597
         218            -5.61101            -5.67667           0.0131028
         219            -5.58185            -5.67624           0.0130501
         220            -5.59917            -5.67589           0.0129955
         221            -5.55831            -5.67535           0.0129476
         222            -5.49405            -5.67454            0.012915
         223            -5.46359            -5.67359           0.0128917
         224            -5.45192             -5.6726           0.0128721
         225            -5.50457            -5.67185           0.0128365
         226            -5.45953            -5.67092            0.012814
         227            -5.42549            -5.66983           0.0128031
         228            -5.31245            -5.66827           0.0128425
         229            -5.25572            -5.66647           0.0129122
         230            -5.23264            -5.66458           0.0129931
         231            -5.30408            -5.66302           0.0130302
         232            -5.33355             -5.6616           0.0130512
         233            -5.41519            -5.66054            0.013038
         234             -5.4546            -5.65966           0.0130119
         235            -5.48316            -5.65891           0.0129782
         236            -5.42241            -5.65791           0.0129619
         237             -5.4512            -5.65704           0.0129365
         238            -5.48378            -5.65631           0.0129026
         239             -5.4394             -5.6554           0.0128805
         240            -5.44493            -5.65452           0.0128566
         241            -5.44915            -5.65367           0.0128315
         242            -5.41157            -5.65267           0.0128174
         243            -5.46266            -5.65189           0.0127885
         244            -5.45795            -5.65109           0.0127608
         245              -5.408             -5.6501           0.0127472
         246            -5.41272            -5.64914           0.0127319
         247            -5.54428            -5.64871           0.0126874
         248            -5.53637            -5.64826           0.0126443
         249            -5.49006            -5.64762           0.0126095
         250            -5.44385            -5.64681           0.0125854
         251            -5.43448            -5.64596           0.0125636
         252            -5.29506            -5.64457           0.0125907
         253            -5.37321             -5.6435           0.0125865
         254            -5.40629            -5.64256           0.0125716
         255            -5.51744            -5.64207           0.0125319
         256             -5.4996            -5.64152           0.0124953
         257             -5.4695            -5.64085           0.0124645
         258            -5.44259            -5.64008           0.0124399
         259            -5.48568            -5.63948           0.0124061
         260            -5.52208            -5.63903           0.0123666
         261            -5.47932            -5.63842           0.0123344
         262            -5.50406            -5.63791            0.012298
         263            -5.62319            -5.63785           0.0122513
         264            -5.58549            -5.63765           0.0122065
         265            -5.56672            -5.63738           0.0121634
         266            -5.43404            -5.63662           0.0121417
         267            -5.47627            -5.63602            0.012111
         268            -5.47635            -5.63542           0.0120805
         269            -5.46907             -5.6348           0.0120514
         270            -5.44233            -5.63409           0.0120278
         271            -5.49193            -5.63357           0.0119949
         272            -5.46704            -5.63296           0.0119664
         273            -5.41519            -5.63216           0.0119491
         274            -5.45773            -5.63152           0.0119225
         275            -5.56302            -5.63127           0.0118817
         276            -5.49728            -5.63079           0.0118486
         277            -5.37161            -5.62985           0.0118427
         278            -5.32679            -5.62876           0.0118502
         279            -5.43866            -5.62808           0.0118273
         280            -5.42493            -5.62735           0.0118073
         281            -5.46569            -5.62678           0.0117792
         282            -5.50372            -5.62634           0.0117456
         283            -5.49625            -5.62588            0.011713
         284            -5.33058            -5.62484           0.0117179
         285            -5.39167            -5.62402           0.0117053
         286            -5.45777            -5.62344           0.0116788
         287            -5.57217            -5.62326           0.0116394
         288            -5.55136            -5.62301           0.0116017
         289            -5.46172            -5.62246            0.011575
         290            -5.44226            -5.62184           0.0115517
         291            -5.51737            -5.62148           0.0115176
         292            -5.53523            -5.62118           0.0114819
         293              -5.402            -5.62043           0.0114671
         294            -5.50055            -5.62003           0.0114353
         295            -5.42673            -5.61937           0.0114153
         296            -5.59642            -5.61929            0.011377
         297            -5.60668            -5.61925           0.0113388
         298            -5.55045            -5.61902           0.0113031
         299            -5.58184            -5.61889            0.011266
         300            -5.49384            -5.61848           0.0112361
         301            -5.42595            -5.61784            0.011217
         302            -5.44767            -5.61727            0.011194
         303            -5.47043            -5.61679           0.0111676
         304             -5.4318            -5.61618           0.0111474
         305             -5.5368            -5.61592           0.0111139
         306            -5.46475            -5.61543           0.0110885
         307            -5.46934            -5.61495           0.0110626
         308            -5.49425            -5.61456           0.0110336
         309            -5.41315            -5.61391           0.0110172
         310            -5.50613            -5.61356           0.0109871
         311            -5.56275             -5.6134            0.010953
         312             -5.5108            -5.61307           0.0109228
         313            -5.51323            -5.61275           0.0108926
         314            -5.62812             -5.6128            0.010858
         315            -5.62677            -5.61284           0.0108236
         316            -5.53423            -5.61259           0.0107922
         317            -5.51528            -5.61229           0.0107626
         318            -5.51492            -5.61198           0.0107331
         319            -5.55296             -5.6118            0.010701
         320            -5.57055            -5.61167           0.0106683
         321            -5.52263            -5.61139           0.0106387
         322            -5.52638            -5.61112            0.010609
         323            -5.57385            -5.61101           0.0105767
         324             -5.5844            -5.61093           0.0105444
         325            -5.63454              -5.611           0.0105122
         326            -5.65418            -5.61113           0.0104808
         327            -5.57687            -5.61103           0.0104493
         328            -5.59251            -5.61097           0.0104176
         329            -5.65654            -5.61111           0.0103868
         330            -5.51436            -5.61082           0.0103595
         331             -5.4944            -5.61046           0.0103342
         332            -5.44017            -5.60995           0.0103158
         333            -5.47664            -5.60955           0.0102925
         334            -5.57177            -5.60944           0.0102623
         335            -5.59276            -5.60939           0.0102318
         336            -5.61887            -5.60942           0.0102014
         337            -5.58198            -5.60934           0.0101715
         338            -5.61745            -5.60936           0.0101414
         339            -5.56187            -5.60922           0.0101125
         340              -5.445            -5.60874           0.0100942
         341            -5.44003            -5.60824           0.0100768
         342            -5.47517            -5.60785           0.0100548
         343            -5.49197            -5.60751           0.0100312
         344            -5.48241            -5.60715           0.0100086
         345            -5.47215            -5.60676          0.00998723
         346            -5.47607            -5.60638          0.00996551
         347             -5.5303            -5.60616           0.0099392
         348            -5.61947             -5.6062          0.00991071
         349            -5.57572            -5.60611           0.0098827
         350            -5.65191            -5.60624          0.00985533
         351            -5.69295            -5.60649          0.00983035
         352            -5.62172            -5.60653          0.00980252
         353            -5.53088            -5.60632          0.00977709
         354            -5.44315            -5.60586          0.00976033
         355            -5.32125            -5.60506          0.00976571
         356            -5.37253             -5.6044          0.00976009
         357            -5.48385            -5.60407          0.00973859
         358            -5.54687            -5.60391           0.0097127
         359            -5.51127            -5.60365          0.00968907
         360            -5.36426            -5.60298          0.00968495
         361            -5.34718            -5.60228          0.00968401
         362            -5.50947            -5.60202          0.00966065
         363            -5.52448            -5.60181           0.0096364
         364            -5.57232            -5.60172          0.00961027
         365            -5.52928            -5.60153          0.00958599
         366            -5.66999            -5.60171          0.00956162
         367            -5.66043            -5.60187          0.00953691
         368            -5.58152            -5.60182          0.00951115
         369            -5.54991            -5.60168          0.00948641
         370            -5.52556            -5.60147          0.00946301
         371            -5.55171            -5.60134          0.00943845
         372            -5.66105             -5.6015          0.00941444
         373            -5.51832            -5.60127          0.00939184
         374            -5.53291            -5.60109          0.00936851
         375            -5.50217            -5.60083          0.00934724
         376            -5.47979            -5.60051          0.00932792
         377            -5.56639            -5.60042          0.00930362
         378            -5.66366            -5.60058          0.00928051
         379            -5.60136            -5.60059          0.00925602
         380            -5.56027            -5.60048          0.00923227
         381            -5.56142            -5.60038          0.00920861
         382            -5.56017            -5.60027          0.00918511
         383            -5.64003            -5.60038          0.00916171
         384            -5.61868            -5.60042          0.00913798
         385            -5.49789            -5.60016          0.00911812
         386            -5.58362            -5.60011           0.0090946
         387            -5.52979            -5.59993          0.00907292
         388            -5.51576            -5.59972          0.00905213
         389            -5.54076            -5.59956          0.00903012
         390            -5.58255            -5.59952          0.00900707
         391            -5.60613            -5.59954          0.00898405
         392            -5.61992            -5.59959          0.00896129
         393            -5.69644            -5.59984          0.00894187
         394            -5.67289            -5.60002           0.0089211
         395            -5.60906            -5.60004          0.00889854
         396            -5.65623            -5.60019           0.0088772
         397            -5.66126            -5.60034          0.00885618
         398             -5.6654             -5.6005          0.00883543
         399            -5.63864             -5.6006          0.00881381
         400            -5.71105            -5.60087           0.0087961
         401            -5.64754            -5.60099          0.00877493
         402            -5.64004            -5.60109          0.00875364
         403            -5.64715             -5.6012          0.00873266
         404            -5.61982            -5.60125          0.00871117
         405            -5.59286            -5.60123          0.00868969
         406            -5.56884            -5.60115          0.00866865
         407            -5.57241            -5.60108          0.00864764
         408            -5.49425            -5.60082          0.00863041
         409            -5.45496            -5.60046          0.00861667
         410            -5.59131            -5.60044          0.00859568
         411            -5.54435             -5.6003          0.00857585
         412            -5.44462            -5.59992          0.00856336
         413            -5.58759            -5.59989          0.00854267
         414            -5.53736            -5.59974          0.00852337
         415            -5.53649            -5.59959           0.0085042
         416            -5.53979            -5.59945          0.00848497
         417            -5.46226            -5.59912            0.008471
         418            -5.51878            -5.59892          0.00845291
         419            -5.49216            -5.59867          0.00843658
         420            -5.46723            -5.59836          0.00842229
         421            -5.49372            -5.59811          0.00840595
         422            -5.45014            -5.59776          0.00839334
         423            -5.51862            -5.59757          0.00837559
         424            -5.50999            -5.59736          0.00835838
         425            -5.48742             -5.5971          0.00834272
         426             -5.4104            -5.59667          0.00833464
         427             -5.4787            -5.59639          0.00831969
         428            -5.52933            -5.59623          0.00830173
         429            -5.53732             -5.5961          0.00828352
         430            -5.57299            -5.59604          0.00826443
         431            -5.54297            -5.59592          0.00824617
         432             -5.5623            -5.59584          0.00822745
         433            -5.46668            -5.59554          0.00821385
         434            -5.53434             -5.5954          0.00819614
         435            -5.52925            -5.59525          0.00817871
         436             -5.4434             -5.5949          0.00816736
         437            -5.52999            -5.59475          0.00815002
         438            -5.52782             -5.5946          0.00813284
         439            -5.52786            -5.59445          0.00811574
         440            -5.51981            -5.59428          0.00809907
         441            -5.58578            -5.59426          0.00808073
         442            -5.60444            -5.59428          0.00806248
         443            -5.58098            -5.59425          0.00804433
         444            -5.61883            -5.59431           0.0080264
         445            -5.54924            -5.59421          0.00800901
         446            -5.56771            -5.59415          0.00799127
         447            -5.57202             -5.5941          0.00797355
         448            -5.60197            -5.59412          0.00795577
         449            -5.59149            -5.59411          0.00793805
         450            -5.53149            -5.59397          0.00792163
         451            -5.58604            -5.59395          0.00790408
         452            -5.52952            -5.59381          0.00788788
         453            -5.52704            -5.59366          0.00787185
         454            -5.55135            -5.59357          0.00785506
         455             -5.6982             -5.5938          0.00784116
         456             -5.5615            -5.59373          0.00782429
         457            -5.60896            -5.59376          0.00780724
         458            -5.60612            -5.59379          0.00779024
         459              -5.548            -5.59369           0.0077739
         460            -5.55515            -5.59361          0.00775745
         461            -5.63016            -5.59368          0.00774103
         462            -5.65112            -5.59381          0.00772527
         463            -5.69845            -5.59403          0.00771189
         464            -5.65433            -5.59416          0.00769637
         465            -5.58894            -5.59415          0.00767983
         466            -5.58068            -5.59412           0.0076634
         467            -5.58051             -5.5941          0.00764705
         468            -5.52786            -5.59395          0.00763201
         469              -5.511            -5.59378          0.00761779
         470              -5.585            -5.59376          0.00760161
         471              -5.617            -5.59381          0.00758563
         472            -5.54866            -5.59371          0.00757016
         473            -5.51697            -5.59355          0.00755589
         474            -5.55813            -5.59348          0.00754032
         475            -5.54549            -5.59337          0.00752512
         476            -5.49516            -5.59317          0.00751214
         477            -5.47514            -5.59292          0.00750047
         478            -5.56251            -5.59286          0.00748505
         479            -5.60126            -5.59287          0.00746944
         480             -5.5679            -5.59282          0.00745406
         481             -5.6071            -5.59285          0.00743862
         482            -5.58124            -5.59283          0.00742323
         483            -5.61052            -5.59286          0.00740795
         484            -5.63725            -5.59296          0.00739321
         485            -5.49774            -5.59276          0.00738057
         486            -5.50993            -5.59259          0.00736735
         487            -5.53985            -5.59248          0.00735302
         488            -5.52379            -5.59234           0.0073393
         489            -5.55045            -5.59225          0.00732479
         490             -5.5403            -5.59215          0.00731061
         491            -5.56538            -5.59209          0.00729593
         492            -5.48971            -5.59189          0.00728406
         493            -5.57258            -5.59185          0.00726939
         494            -5.46754             -5.5916          0.00725903
         495            -5.37708            -5.59116          0.00725729
         496            -5.49177            -5.59096          0.00724543
         497            -5.54194            -5.59086          0.00723152
         498            -5.51888            -5.59072          0.00721844
         499            -5.50268            -5.59054          0.00720613
         500            -5.47132             -5.5903          0.00719567
         501            -5.50846            -5.59014          0.00718316
         502            -5.44819            -5.58986          0.00717441
         503            -5.54025            -5.58976          0.00716083
         504            -5.52745            -5.58964          0.00714769
         505            -5.41466            -5.58929          0.00714192
         506            -5.39409             -5.5889          0.00713822
         507            -5.45399            -5.58864           0.0071291
         508            -5.45019            -5.58836          0.00712027
         509            -5.49683            -5.58818          0.00710856
         510            -5.47879            -5.58797          0.00709785
         511            -5.48432            -5.58777          0.00708686
         512            -5.44571            -5.58749          0.00707845
         513            -5.42683            -5.58718          0.00707157
         514            -5.43296            -5.58688          0.00706418
         515             -5.5022            -5.58671          0.00705237
         516            -5.47582             -5.5865          0.00704198
         517             -5.5451            -5.58642          0.00702882
         518            -5.53987            -5.58633          0.00701582
         519            -5.38359            -5.58594          0.00701317
         520            -5.46384             -5.5857          0.00700361
         521            -5.44004            -5.58542          0.00699575
         522            -5.38177            -5.58503          0.00699322
         523            -5.44892            -5.58477          0.00698469
         524            -5.43519            -5.58449          0.00697719
         525            -5.40244            -5.58414          0.00697251
         526            -5.52515            -5.58403          0.00696015
         527             -5.4502            -5.58377          0.00695158
         528            -5.37892            -5.58339          0.00694923
         529            -5.41978            -5.58308          0.00694297
         530            -5.33249             -5.5826          0.00694595
         531            -5.20704             -5.5819          0.00696879
         532            -5.24808            -5.58127          0.00698388
         533            -5.32106            -5.58078          0.00698782
         534            -5.33755            -5.58032          0.00698957
         535            -5.43316            -5.58005          0.00698191
         536            -5.50695            -5.57991          0.00697022
         537            -5.44377            -5.57966          0.00696185
         538            -5.46245            -5.57944          0.00695231
         539            -5.49538            -5.57929          0.00694116
         540            -5.53095             -5.5792          0.00692889
         541            -5.41178            -5.57889          0.00692299
         542            -5.43842            -5.57863          0.00691506
         543            -5.44515            -5.57838           0.0069067
         544             -5.4424            -5.57813          0.00689852
         545            -5.38189            -5.57777          0.00689526
         546            -5.41829            -5.57748          0.00688881
         547            -5.44614            -5.57724           0.0068804
         548            -5.51079            -5.57712          0.00686891
         549            -5.55237            -5.57707          0.00685655
         550            -5.53998            -5.57701          0.00684441
         551             -5.4738            -5.57682          0.00683456
         552            -5.49018            -5.57666          0.00682398
         553            -5.48936             -5.5765          0.00681346
         554            -5.41742            -5.57622          0.00680721
         555            -5.46873            -5.57602           0.0067977
         556             -5.4392            -5.57578          0.00678993
         557            -5.48258            -5.57561           0.0067798
         558            -5.46218            -5.57541           0.0067707
         559            -5.43135            -5.57515          0.00676349
         560            -5.40637            -5.57485          0.00675812
         561            -5.50697            -5.57473          0.00674716
         562             -5.4165            -5.57444          0.00674102
         563            -5.44111            -5.57421          0.00673321
         564             -5.3992             -5.5739          0.00672842
         565              -5.392            -5.57358          0.00672421
         566            -5.47488             -5.5734          0.00671459
         567            -5.47995            -5.57324          0.00670477
         568            -5.42425            -5.57297          0.00669809
         569            -5.38351            -5.57264          0.00669459
         570            -5.32425            -5.57221          0.00669701
         571            -5.29788            -5.57173           0.0067025
         572            -5.32487            -5.57129          0.00670466
         573            -5.38092            -5.57096          0.00670118
         574            -5.39892            -5.57066          0.00669621
         575            -5.41693            -5.57039           0.0066899
         576            -5.50294            -5.57028          0.00667931
         577            -5.57465            -5.57028          0.00666774
         578            -5.54063            -5.57023           0.0066564
         579            -5.46294            -5.57005          0.00664748
         580            -5.52594            -5.56997          0.00663645
         581            -5.54882            -5.56994          0.00662513
         582            -5.55746            -5.56991          0.00661378
         583            -5.67099            -5.57009          0.00660471
         584            -5.70809            -5.57032          0.00659763
         585            -5.69471            -5.57054          0.00658977
         586            -5.61886            -5.57062          0.00657905
         587            -5.55895             -5.5706          0.00656787
         588            -5.54677            -5.57056          0.00655682
         589            -5.55669            -5.57054          0.00654573
         590            -5.54941             -5.5705          0.00653474
         591            -5.50495            -5.57039          0.00652462
         592            -5.41232            -5.57012          0.00651906
         593            -5.44207            -5.56991          0.00651164
         594            -5.49261            -5.56978          0.00650198
         595            -5.46666             -5.5696          0.00649336
         596            -5.45587            -5.56941          0.00648527
         597            -5.40015            -5.56913           0.0064806
         598            -5.32499            -5.56872          0.00648261
         599            -5.37337            -5.56839          0.00647999
         600            -5.33304              -5.568          0.00648105
         601            -5.42555            -5.56776           0.0064746
         602            -5.41475            -5.56751          0.00646883
         603            -5.43328            -5.56729          0.00646193
         604            -5.47078            -5.56713          0.00645321
         605            -5.56883            -5.56713          0.00644254
         606            -5.49577            -5.56701          0.00643298
         607            -5.40234            -5.56674           0.0064281
         608            -5.32364            -5.56634          0.00642995
         609            -5.30377            -5.56591          0.00643384
         610            -5.32574            -5.56552          0.00643532
         611            -5.35148            -5.56517          0.00643432
         612            -5.36682            -5.56484          0.00643196
         613            -5.56981            -5.56485          0.00642147
         614            -5.52675            -5.56479          0.00641132
         615            -5.44257            -5.56459          0.00640397
         616            -5.50361            -5.56449          0.00639434
         617            -5.52143            -5.56442          0.00638436
         618            -5.54787            -5.56439          0.00637408
         619            -5.52889            -5.56434          0.00636404
         620            -5.49397            -5.56422          0.00635479
         621            -5.52197            -5.56415          0.00634492
         622            -5.45562            -5.56398          0.00633712
         623            -5.45589            -5.56381          0.00632932
         624            -5.45916            -5.56364           0.0063214
         625            -5.47736             -5.5635          0.00631279
         626            -5.44698            -5.56332          0.00630545
         627            -5.55616             -5.5633          0.00629541
         628             -5.5226            -5.56324          0.00628572
         629            -5.51047            -5.56315          0.00627628
         630            -5.48786            -5.56304          0.00626746
         631            -5.41735             -5.5628          0.00626178
         632            -5.29442            -5.56238          0.00626625
         633            -5.37457            -5.56208          0.00626337
         634            -5.37568            -5.56179          0.00626039
         635            -5.35692            -5.56147          0.00625884
         636            -5.33332            -5.56111          0.00625927
         637            -5.38139            -5.56083           0.0062558
         638            -5.38498            -5.56055          0.00625206
         639            -5.42116            -5.56033          0.00624608
         640             -5.4761             -5.5602          0.00623771
         641            -5.46523            -5.56005          0.00622974
         642            -5.41477            -5.55983          0.00622414
         643            -5.44995            -5.55965          0.00621681
         644            -5.49365            -5.55955            0.006208
         645             -5.3871            -5.55929          0.00620413
         646             -5.4918            -5.55918          0.00619541
         647            -5.43677            -5.55899          0.00618872
         648            -5.46825            -5.55885          0.00618075
         649            -5.50514            -5.55877          0.00617178
         650            -5.46289            -5.55862          0.00616405
         651            -5.34254            -5.55829          0.00616351
         652             -5.3153            -5.55792          0.00616531
         653            -5.36146            -5.55762          0.00616321
         654            -5.35286             -5.5573          0.00616173
         655            -5.34377            -5.55698          0.00616094
         656            -5.38849            -5.55672           0.0061569
         657             -5.4303            -5.55653          0.00615054
         658            -5.43648            -5.55634           0.0061439
         659            -5.35811            -5.55604          0.00614193
         660            -5.31522            -5.55568          0.00614346
         661            -5.37108             -5.5554          0.00614051
         662            -5.35185            -5.55509          0.00613892
         663            -5.50244            -5.55501          0.00613018
         664            -5.49676            -5.55493          0.00612157
         665            -5.54429            -5.55491          0.00611239
         666            -5.53157            -5.55487          0.00610331
         667            -5.46155            -5.55473          0.00609576
         668            -5.43176            -5.55455          0.00608942
         669            -5.37986            -5.55429          0.00608591
         670            -5.35451            -5.55399          0.00608413
         671            -5.48507            -5.55389          0.00607593
         672            -5.47421            -5.55377          0.00606804
         673            -5.46265            -5.55363          0.00606054
         674            -5.51736            -5.55358          0.00605178
         675            -5.57322            -5.55361          0.00604289
         676            -5.57925            -5.55365          0.00603407
         677            -5.51594            -5.55359          0.00602541
         678            -5.59827            -5.55366          0.00601689
         679            -5.56035            -5.55367          0.00600803
         680            -5.54849            -5.55366           0.0059992
         681            -5.55078            -5.55366          0.00599039
         682            -5.62815            -5.55376          0.00598261
         683            -5.52313            -5.55372          0.00597402
         684            -5.56212            -5.55373          0.00596529
         685            -5.50076            -5.55366          0.00595709
         686            -5.57278            -5.55368          0.00594847
         687            -5.61938            -5.55378          0.00594058
         688            -5.65196            -5.55392          0.00593366
         689            -5.68257            -5.55411          0.00592798
         690            -5.67192            -5.55428          0.00592185
         691            -5.68511            -5.55447          0.00591631
         692             -5.6322            -5.55458          0.00590882
         693            -5.58374            -5.55462          0.00590045
         694            -5.50569            -5.55455          0.00589236
         695            -5.51244            -5.55449           0.0058842
         696            -5.53372            -5.55446          0.00587582
         697            -5.60761            -5.55454          0.00586788
         698            -5.51838            -5.55449          0.00585971
         699            -5.52016            -5.55444          0.00585153
         700            -5.42112            -5.55425          0.00584627
         701            -5.35905            -5.55397          0.00584456
         702            -5.42809            -5.55379          0.00583898
         703            -5.50949            -5.55373          0.00583101
         704            -5.50171            -5.55365           0.0058232
         705            -5.45551            -5.55351           0.0058166
         706            -5.42624            -5.55333          0.00581116
         707             -5.4736            -5.55322          0.00580403
         708            -5.59231            -5.55327           0.0057961
         709            -5.56696            -5.55329          0.00578795
         710             -5.5068            -5.55323          0.00578017
         711            -5.58137            -5.55327          0.00577218
         712            -5.55418            -5.55327          0.00576407
         713            -5.53691            -5.55325          0.00575603
         714            -5.49868            -5.55317          0.00574848
         715            -5.41639            -5.55298          0.00574362
         716            -5.35502             -5.5527          0.00574225
         717            -5.30664            -5.55236          0.00574449
         718            -5.34795            -5.55207          0.00574354
         719            -5.36628            -5.55182          0.00574136
         720            -5.45462            -5.55168          0.00573497
         721            -5.36929            -5.55143          0.00573259
         722            -5.32412            -5.55111          0.00573329
         723            -5.37323            -5.55087          0.00573064
         724            -5.39065            -5.55065          0.00572699
         725            -5.38107            -5.55041          0.00572387
         726            -5.38103            -5.55018          0.00572074
         727            -5.54223            -5.55017          0.00571288
         728            -5.44789            -5.55003          0.00570676
         729             -5.4069            -5.54983          0.00570231
         730            -5.53358            -5.54981          0.00569454
         731             -5.5322            -5.54978           0.0056868
         732            -5.54336            -5.54978          0.00567904
         733            -5.44716            -5.54964          0.00567302
         734            -5.43933            -5.54949          0.00566728
         735            -5.44451            -5.54934          0.00566137
         736            -5.52207            -5.54931           0.0056538
         737            -5.51993            -5.54927          0.00564626
         738            -5.54864            -5.54926          0.00563861
         739            -5.54971            -5.54927          0.00563098
         740            -5.57259             -5.5493          0.00562346
         741            -5.48483            -5.54921          0.00561655
         742            -5.54855            -5.54921          0.00560898
         743            -5.55322            -5.54921          0.00560143
         744            -5.54304            -5.54921          0.00559391
         745            -5.65272            -5.54935          0.00558812
         746            -5.62234            -5.54944          0.00558149
         747            -5.66679             -5.5496          0.00557623
         748            -5.62638             -5.5497          0.00556972
         749            -5.58712            -5.54975          0.00556251
         750            -5.64542            -5.54988          0.00555655
         751            -5.65934            -5.55003          0.00555106
         752            -5.59953            -5.55009          0.00554407
         753            -5.57128            -5.55012          0.00553678
         754            -5.60336            -5.55019          0.00552989
         755            -5.58448            -5.55024          0.00552275
         756            -5.55156            -5.55024          0.00551545
         757            -5.53643            -5.55022          0.00550819
         758            -5.47063            -5.55011          0.00550192
         759            -5.54238             -5.5501          0.00549469
         760            -5.44245            -5.54996          0.00548928
         761             -5.4815            -5.54987           0.0054828
         762            -5.49326             -5.5498          0.00547611
         763             -5.5664            -5.54982          0.00546898
         764            -5.56831            -5.54984          0.00546187
         765            -5.43005            -5.54969          0.00545698
         766            -5.47003            -5.54958          0.00545085
         767            -5.43466            -5.54943           0.0054458
         768            -5.38371            -5.54922          0.00544298
         769            -5.47378            -5.54912          0.00543679
         770            -5.48005            -5.54903          0.00543047
         771            -5.40432            -5.54884          0.00542666
         772            -5.38989            -5.54864          0.00542354
         773            -5.43044            -5.54848          0.00541868
         774            -5.49954            -5.54842          0.00541205
         775            -5.53617             -5.5484          0.00540509
         776            -5.51306            -5.54836          0.00539831
         777            -5.51909            -5.54832           0.0053915
         778            -5.46611            -5.54822           0.0053856
         779            -5.46737            -5.54811          0.00537969
         780            -5.41853            -5.54795          0.00537536
         781            -5.36733            -5.54771          0.00537345
         782            -5.44464            -5.54758          0.00536819
         783             -5.5714            -5.54761          0.00536142
         784            -5.58431            -5.54766          0.00535479
         785            -5.59673            -5.54772          0.00534833
         786            -5.59777            -5.54779          0.00534191
         787            -5.50611            -5.54773          0.00533538
         788            -5.43843            -5.54759          0.00533041
         789            -5.44055            -5.54746          0.00532538
         790            -5.48408            -5.54738          0.00531925
         791            -5.51162            -5.54733          0.00531271
         792            -5.51273            -5.54729          0.00530619
         793            -5.45339            -5.54717          0.00530082
         794            -5.41366              -5.547          0.00529681
         795            -5.32352            -5.54672           0.0052976
         796            -5.40581            -5.54655           0.0052939
         797            -5.37493            -5.54633          0.00529163
         798            -5.32511            -5.54605          0.00529226
         799            -5.35326            -5.54581          0.00529113
         800            -5.42684            -5.54566          0.00528661
         801             -5.4164             -5.5455          0.00528247
         802            -5.31133            -5.54521          0.00528395
         803            -5.38271            -5.54501          0.00528124
         804            -5.45235            -5.54489          0.00527593
         805            -5.47974            -5.54481             0.00527
         806            -5.55607            -5.54482          0.00526348
         807            -5.60996            -5.54491          0.00525757
         808            -5.58911            -5.54496          0.00525135
         809            -5.49771             -5.5449          0.00524518
         810            -5.39899            -5.54472           0.0052418
         811            -5.47821            -5.54464          0.00523598
         812              -5.544            -5.54464          0.00522953
         813             -5.5668            -5.54467          0.00522317
         814            -5.57541             -5.5447          0.00521689
         815            -5.64524            -5.54483          0.00521195
         816             -5.5142            -5.54479          0.00520569
         817            -5.53257            -5.54477          0.00519934
         818            -5.49119            -5.54471           0.0051934
         819            -5.56128            -5.54473           0.0051871
         820            -5.62334            -5.54483          0.00518166
         821            -5.54607            -5.54483          0.00517535
         822            -5.57908            -5.54487          0.00516922
         823            -5.57002             -5.5449          0.00516303
         824            -5.59101            -5.54495          0.00515707
         825            -5.57986              -5.545          0.00515099
         826            -5.48589            -5.54493          0.00514525
         827             -5.5466            -5.54493          0.00513903
         828            -5.57667            -5.54497          0.00513297
         829             -5.5366            -5.54496          0.00512678
         830             -5.4881            -5.54489          0.00512106
         831            -5.51564            -5.54485          0.00511502
         832             -5.5018             -5.5448          0.00510914
         833            -5.57883            -5.54484          0.00510317
         834            -5.62864            -5.54494          0.00509804
         835            -5.62408            -5.54504          0.00509281
         836             -5.6015             -5.5451          0.00508717
         837            -5.66483            -5.54525           0.0050831
         838            -5.65809            -5.54538          0.00507882
         839            -5.64022            -5.54549          0.00507402
         840            -5.62593            -5.54559          0.00506889
         841            -5.59855            -5.54565          0.00506325
         842            -5.57071            -5.54568          0.00505732
         843            -5.50278            -5.54563          0.00505158
         844            -5.51853             -5.5456           0.0050457
         845            -5.47864            -5.54552          0.00504035
         846            -5.52818             -5.5455          0.00503443
         847            -5.50189            -5.54545          0.00502875
         848            -5.48904            -5.54538          0.00502326
         849            -5.42444            -5.54524          0.00501936
         850            -5.41025            -5.54508          0.00501597
         851            -5.46728            -5.54499          0.00501091
         852            -5.51841            -5.54496          0.00500513
         853            -5.42044            -5.54481          0.00500139
         854            -5.48241            -5.54474          0.00499606
         855            -5.49662            -5.54468          0.00499054
         856            -5.49386            -5.54462          0.00498506
         857             -5.3736            -5.54442          0.00498324
         858            -5.41434            -5.54427          0.00497973
         859            -5.43521            -5.54415          0.00497556
         860            -5.39712            -5.54397          0.00497271
         861            -5.41603            -5.54383          0.00496915
         862            -5.47275            -5.54374          0.00496407
         863            -5.48589            -5.54368          0.00495877
         864            -5.49423            -5.54362          0.00495336
         865            -5.48636            -5.54355          0.00494808
         866            -5.53897            -5.54355          0.00494237
         867            -5.63152            -5.54365          0.00493771
         868            -5.62443            -5.54374           0.0049329
         869            -5.62781            -5.54384          0.00492817
         870            -5.61972            -5.54393          0.00492327
         871            -5.64788            -5.54405          0.00491907
         872            -5.64972            -5.54417          0.00491492
         873            -5.58827            -5.54422          0.00490955
         874            -5.61596             -5.5443          0.00490462
         875            -5.58669            -5.54435          0.00489925
         876            -5.55666            -5.54436          0.00489368
         877            -5.53615            -5.54435          0.00488811
         878            -5.47887            -5.54428          0.00488311
         879            -5.54685            -5.54428          0.00487756
         880            -5.60542            -5.54435          0.00487251
         881            -5.54067            -5.54435          0.00486698
         882            -5.46874            -5.54426          0.00486222
         883            -5.46964            -5.54418          0.00485744
         884            -5.32471            -5.54393          0.00485829
         885            -5.38587            -5.54375          0.00485608
         886            -5.40569            -5.54359           0.0048531
         887            -5.43083            -5.54347          0.00484929
         888            -5.42076            -5.54333           0.0048458
         889            -5.44331            -5.54322          0.00484166
         890            -5.35358              -5.543           0.0048409
         891            -5.26459            -5.54269          0.00484554
         892            -5.34033            -5.54246          0.00484542
         893            -5.36994            -5.54227          0.00484384
         894            -5.41986            -5.54213          0.00484036
         895            -5.50386            -5.54209          0.00483514
         896            -5.56501            -5.54212          0.00482981
         897            -5.57106            -5.54215          0.00482453
         898             -5.5934            -5.54221           0.0048195
         899            -5.55326            -5.54222          0.00481415
         900            -5.57997            -5.54226          0.00480899
         901            -5.53387            -5.54225          0.00480366
         902             -5.4346            -5.54213          0.00479982
         903            -5.49904            -5.54208          0.00479474
         904            -5.52136            -5.54206          0.00478949
         905            -5.51704            -5.54203          0.00478428
         906            -5.51187              -5.542          0.00477911
         907            -5.48943            -5.54194          0.00477419
         908            -5.42594            -5.54181          0.00477065
         909            -5.49694            -5.54176          0.00476565
         910            -5.51672            -5.54174          0.00476049
         911            -5.52177            -5.54171          0.00475532
         912            -5.50253            -5.54167           0.0047503
         913            -5.51394            -5.54164          0.00474519
         914            -5.51837            -5.54162          0.00474007
         915            -5.43566             -5.5415           0.0047363
         916            -5.49314            -5.54145          0.00473143
         917            -5.58892             -5.5415          0.00472655
         918            -5.56633            -5.54153          0.00472148
         919            -5.62296            -5.54161          0.00471717
         920            -5.53386            -5.54161          0.00471205
         921            -5.54425            -5.54161          0.00470694
         922            -5.50302            -5.54157          0.00470202
         923            -5.46651            -5.54149          0.00469763
         924            -5.40144            -5.54133          0.00469499
         925            -5.45481            -5.54124          0.00469084
         926            -5.45956            -5.54115          0.00468661
         927            -5.49432             -5.5411          0.00468183
         928            -5.54442            -5.54111          0.00467678
         929            -5.43171            -5.54099          0.00467323
         930            -5.33957            -5.54077          0.00467322
         931             -5.3666            -5.54058          0.00467194
         932            -5.40191            -5.54044           0.0046693
         933            -5.39239            -5.54028          0.00466699
         934            -5.45295            -5.54018          0.00466293
         935            -5.35885            -5.53999          0.00466197
         936            -5.34526            -5.53978          0.00466163
         937             -5.3449            -5.53957           0.0046613
         938            -5.42681            -5.53945          0.00465788
         939            -5.50144            -5.53941          0.00465309
         940            -5.55575            -5.53943          0.00464817
         941            -5.51849            -5.53941          0.00464329
         942            -5.54815            -5.53942          0.00463837
         943              -5.472            -5.53935            0.004634
         944            -5.56359            -5.53937          0.00462916
         945            -5.61292            -5.53945          0.00462492
         946            -5.46663            -5.53937          0.00462067
         947            -5.45617            -5.53928          0.00461663
         948            -5.44567            -5.53919          0.00461281
         949            -5.58097            -5.53923          0.00460816
         950            -5.57614            -5.53927          0.00460347
         951             -5.5764            -5.53931           0.0045988
         952            -5.52867             -5.5393          0.00459398
         953            -5.49784            -5.53925          0.00458937
         954            -5.49151             -5.5392          0.00458483
         955            -5.50382            -5.53917          0.00458018
         956            -5.55808            -5.53919          0.00457543
         957             -5.5822            -5.53923          0.00457087
         958            -5.45826            -5.53915          0.00456688
         959             -5.4189            -5.53902          0.00456384
         960            -5.43411            -5.53891          0.00456039
         961            -5.49289            -5.53886           0.0045559
         962            -5.48021             -5.5388          0.00455157
         963             -5.4687            -5.53873          0.00454743
         964            -5.43903            -5.53863          0.00454389
         965            -5.45549            -5.53854          0.00453999
         966            -5.45179            -5.53845          0.00453618
         967            -5.36226            -5.53827          0.00453515
         968            -5.45031            -5.53818          0.00453137
         969             -5.4099            -5.53804          0.00452863
         970            -5.46548            -5.53797          0.00452458
         971            -5.47362             -5.5379          0.00452041
         972            -5.48728            -5.53785          0.00451605
         973            -5.47468            -5.53779          0.00451188
         974            -5.41815            -5.53766          0.00450892
         975            -5.47344             -5.5376          0.00450478
         976            -5.49028            -5.53755          0.00450042
         977            -5.37385            -5.53738          0.00449893
         978            -5.40222            -5.53724          0.00449645
         979            -5.38525            -5.53709          0.00449454
         980            -5.39542            -5.53694          0.00449228
         981            -5.44893            -5.53685           0.0044886
         982            -5.44339            -5.53676          0.00448503
         983            -5.41416            -5.53663          0.00448221
         984            -5.35247            -5.53645          0.00448156
         985            -5.25378            -5.53616          0.00448618
         986            -5.28204             -5.5359          0.00448903
         987            -5.28962            -5.53565          0.00449141
         988            -5.26122            -5.53538          0.00449545
         989            -5.30456            -5.53514          0.00449696
         990            -5.36958            -5.53497          0.00449552
         991            -5.43041            -5.53487          0.00449222
         992            -5.42664            -5.53476          0.00448902
         993             -5.3862            -5.53461          0.00448699
         994            -5.27113            -5.53435           0.0044903
         995             -5.2082            -5.53402          0.00449774
         996            -5.26917            -5.53375          0.00450107
         997             -5.2188            -5.53344          0.00450763
         998            -5.16646            -5.53307          0.00451809
         999            -5.26246             -5.5328          0.00452168
        1000            -5.37691            -5.53264          0.00451984
        1001            -5.27179            -5.53238          0.00452283
        1002            -5.28406            -5.53213           0.0045251
        1003            -5.39722              -5.532          0.00452259
        1004            -5.40667            -5.53187          0.00451981
        1005            -5.33867            -5.53168           0.0045194
        1006            -5.31468            -5.53147          0.00452005
        1007            -5.43094            -5.53137          0.00451666
        1008            -5.39535            -5.53123           0.0045142
        1009            -5.47071            -5.53117          0.00451012
        1010            -5.51532            -5.53116          0.00450569
        1011            -5.48768            -5.53111          0.00450143
        1012            -5.52456            -5.53111          0.00449699
        1013            -5.56434            -5.53114          0.00449267
        1014            -5.56516            -5.53117          0.00448837
        1015            -5.51363            -5.53115          0.00448398
        1016            -5.42515            -5.53105          0.00448078
        1017            -5.44002            -5.53096          0.00447727
        1018            -5.41629            -5.53085          0.00447428
        1019            -5.46919            -5.53079           0.0044703
        1020            -5.37338            -5.53063          0.00446858
        1021            -5.38485            -5.53049          0.00446649
        1022             -5.3083            -5.53027           0.0044674
        1023            -5.39463            -5.53014            0.004465
        1024             -5.4597            -5.53007          0.00446117
        1025            -5.32756            -5.52987          0.00446119
        1026            -5.37847            -5.52973          0.00445929
        1027            -5.39795             -5.5296          0.00445679
        1028            -5.34922            -5.52942          0.00445591
        1029            -5.32364            -5.52922          0.00445606
        1030            -5.32715            -5.52903          0.00445605
        1031            -5.28041            -5.52879          0.00445825
        1032              -5.236             -5.5285          0.00446295
        1033            -5.25746            -5.52824          0.00446633
        1034             -5.2775              -5.528          0.00446859
        1035            -5.32272             -5.5278          0.00446868
        1036            -5.33703            -5.52761          0.00446815
        1037            -5.37126            -5.52746          0.00446639
        1038            -5.37228            -5.52731          0.00446459
        1039            -5.32062            -5.52712          0.00446472
        1040            -5.39027            -5.52698          0.00446237
        1041            -5.47164            -5.52693           0.0044584
        1042             -5.4577            -5.52686          0.00445461
        1043            -5.40562            -5.52675          0.00445186
        1044            -5.35039            -5.52658           0.0044508
        1045            -5.40664            -5.52646          0.00444802
        1046             -5.4115            -5.52635          0.00444512
        1047            -5.44832            -5.52628           0.0044415
        1048            -5.47842            -5.52623           0.0044375
        1049            -5.51438            -5.52622          0.00443328
        1050            -5.44147            -5.52614           0.0044298
        1051            -5.40854            -5.52603          0.00442699
        1052            -5.48017            -5.52599            0.004423
        1053            -5.51989            -5.52598           0.0044188
        1054            -5.49679            -5.52595           0.0044147
        1055            -5.42369            -5.52586          0.00441158
        1056            -5.43405            -5.52577          0.00440826
        1057            -5.56631            -5.52581          0.00440425
        1058            -5.55602            -5.52584          0.00440018
        1059            -5.49263             -5.5258          0.00439614
        1060            -5.48436            -5.52577          0.00439217
        1061            -5.49018            -5.52573          0.00438815
        1062            -5.46297            -5.52567          0.00438442
        1063            -5.42269            -5.52558          0.00438137
        1064            -5.39009            -5.52545           0.0043791
        1065            -5.37319            -5.52531          0.00437732
        1066            -5.41715             -5.5252          0.00437439
        1067            -5.33281            -5.52502            0.004374
        1068             -5.4009            -5.52491          0.00437145
        1069            -5.40459             -5.5248          0.00436881
        1070            -5.30444            -5.52459          0.00436958
        1071            -5.20044            -5.52429          0.00437597
        1072             -5.2847            -5.52406          0.00437759
        1073             -5.3265            -5.52388          0.00437738
        1074            -5.35371            -5.52372          0.00437617
        1075             -5.4293            -5.52363          0.00437298
        1076            -5.39438            -5.52351          0.00437057
        1077            -5.28722            -5.52329          0.00437201
        1078            -5.23565            -5.52303          0.00437609
        1079            -5.24159            -5.52277           0.0043798
        1080            -5.33394            -5.52259          0.00437924
        1081            -5.41513            -5.52249          0.00437631
        1082            -5.35042            -5.52233          0.00437516
        1083            -5.43479            -5.52225          0.00437186
        1084            -5.46558             -5.5222          0.00436814
        1085            -5.44183            -5.52213          0.00436474
        1086              -5.521            -5.52212          0.00436073
        1087            -5.44847            -5.52206          0.00435724
        1088            -5.48257            -5.52202          0.00435339
        1089            -5.45203            -5.52196          0.00434986
        1090             -5.4065            -5.52185          0.00434716
        1091            -5.37503            -5.52172          0.00434526
        1092            -5.36192            -5.52157          0.00434374
        1093            -5.39061            -5.52145          0.00434142
        1094            -5.43391            -5.52137          0.00433819
        1095            -5.40867            -5.52127          0.00433545
        1096            -5.40713            -5.52116          0.00433274
        1097             -5.3733            -5.52103          0.00433089
        1098            -5.33682            -5.52086           0.0043302
        1099            -5.33673            -5.52069           0.0043295
        1100            -5.40142            -5.52058          0.00432692
        1101             -5.3708            -5.52045          0.00432512
        1102            -5.38689            -5.52033           0.0043229
        1103            -5.37924             -5.5202          0.00432087
        1104            -5.28558            -5.51999          0.00432218
        1105            -5.26414            -5.51975          0.00432446
        1106            -5.31553            -5.51957           0.0043245
        1107              -5.349            -5.51942          0.00432333
        1108             -5.3304            -5.51925           0.0043228
        1109            -5.45364            -5.51919           0.0043193
        1110            -5.37798            -5.51906          0.00431728
        1111            -5.43272            -5.51898           0.0043141
        1112            -5.38237            -5.51886          0.00431197
        1113            -5.49926            -5.51884          0.00430813
        1114            -5.48079            -5.51881           0.0043044
        1115            -5.50122            -5.51879          0.00430057
        1116            -5.53097             -5.5188          0.00429673
        1117             -5.5415            -5.51882          0.00429293
        1118            -5.53951            -5.51884          0.00428913
        1119            -5.51277            -5.51883           0.0042853
        1120            -5.45689            -5.51878          0.00428183
        1121            -5.43005             -5.5187          0.00427874
        1122            -5.55361            -5.51873          0.00427504
        1123            -5.47881             -5.5187          0.00427138
        1124            -5.53711            -5.51871          0.00426761
        1125            -5.65079            -5.51883          0.00426543
        1126            -5.59552             -5.5189          0.00426219
        1127            -5.51936             -5.5189          0.00425841
        1128            -5.55594            -5.51893          0.00425476
        1129            -5.55369            -5.51896           0.0042511
        1130             -5.5368            -5.51898          0.00424737
        1131            -5.45432            -5.51892            0.004244
        1132            -5.45118            -5.51886          0.00424067
        1133            -5.40192            -5.51876          0.00423818
        1134            -5.42599            -5.51868          0.00423524
        1135            -5.44757            -5.51861          0.00423197
        1136            -5.41351            -5.51852          0.00422925
        1137            -5.47307            -5.51848          0.00422572
        1138            -5.58942            -5.51854          0.00422247
        1139            -5.48804            -5.51852          0.00421885
        1140            -5.56417            -5.51856          0.00421534
        1141            -5.40034            -5.51845          0.00421291
        1142            -5.34131             -5.5183          0.00421208
        1143            -5.35831            -5.51816          0.00421072
        1144            -5.39716            -5.51805          0.00420837
        1145            -5.35464            -5.51791          0.00420711
        1146            -5.41176            -5.51782          0.00420446
        1147            -5.40097            -5.51771          0.00420203
        1148            -5.30619            -5.51753          0.00420241
        1149            -5.35399            -5.51739          0.00420116
        1150            -5.30138             -5.5172           0.0042017
        1151            -5.45667            -5.51715          0.00419838
        1152            -5.46838            -5.51711          0.00419495
        1153            -5.52657            -5.51711          0.00419132
        1154            -5.56368            -5.51715          0.00418788
        1155            -5.55917            -5.51719          0.00418441
        1156            -5.50912            -5.51718           0.0041808
        1157            -5.41796             -5.5171          0.00417807
        1158            -5.47983            -5.51707          0.00417458
        1159             -5.4504            -5.51701          0.00417138
        1160            -5.49174            -5.51699          0.00416784
        1161            -5.60762            -5.51706          0.00416498
        1162            -5.58658            -5.51712          0.00416182
        1163            -5.47589            -5.51709           0.0041584
        1164            -5.45982            -5.51704          0.00415511
        1165            -5.46656              -5.517          0.00415177
        1166            -5.49967            -5.51698          0.00414824
        1167            -5.49408            -5.51696          0.00414473
        1168            -5.47828            -5.51693          0.00414131
        1169            -5.51621            -5.51693          0.00413777
        1170            -5.46183            -5.51688           0.0041345
        1171            -5.51581            -5.51688          0.00413097
        1172            -5.48221            -5.51685          0.00412755
        1173            -5.42528            -5.51677          0.00412477
        1174            -5.43344             -5.5167          0.00412187
        1175            -5.55351            -5.51673          0.00411848
        1176            -5.64894            -5.51684          0.00411651
        1177            -5.62811            -5.51694           0.0041141
        1178            -5.62384            -5.51703          0.00411161
        1179            -5.64409            -5.51714          0.00410953
        1180            -5.68164            -5.51728          0.00410842
        1181            -5.70173            -5.51743           0.0041079
        1182            -5.65793            -5.51755          0.00410615
        1183            -5.57503             -5.5176          0.00410297
        1184            -5.53948            -5.51762          0.00409954
        1185             -5.5946            -5.51768           0.0040966
        1186            -5.48411            -5.51766          0.00409324
        1187            -5.62155            -5.51774          0.00409073
        1188            -5.59031             -5.5178          0.00408774
        1189            -5.44143            -5.51774          0.00408481
        1190            -5.53274            -5.51775          0.00408139
        1191            -5.44336            -5.51769          0.00407844
        1192            -5.41659            -5.51761          0.00407591
        1193            -5.43508            -5.51754          0.00407308
        1194            -5.47487             -5.5175          0.00406982
        1195            -5.49862            -5.51748          0.00406645
        1196            -5.33375            -5.51733          0.00406595
        1197            -5.24021             -5.5171          0.00406914
        1198             -5.2629            -5.51689          0.00407127
        1199            -5.27709            -5.51669          0.00407278
        1200            -5.17304             -5.5164          0.00407944
        1201            -5.23539            -5.51617          0.00408275
        1202            -5.31388              -5.516          0.00408282
        1203            -5.30078            -5.51582          0.00408335
        1204            -5.29663            -5.51564          0.00408401
        1205            -5.31505            -5.51547          0.00408401
        1206             -5.2866            -5.51528          0.00408503
        1207            -5.36712            -5.51516          0.00408349
        1208             -5.4191            -5.51508          0.00408089
        1209            -5.38607            -5.51497          0.00407891
        1210              -5.479            -5.51494          0.00407564
        1211            -5.40646            -5.51485          0.00407326
        1212            -5.42669            -5.51478          0.00407055
        1213             -5.4001            -5.51469          0.00406829
        1214             -5.3087            -5.51452          0.00406848
        1215            -5.21163            -5.51427          0.00407276
        1216            -5.23984            -5.51404          0.00407566
        1217            -5.32596            -5.51389          0.00407524
        1218            -5.28509             -5.5137          0.00407622
        1219            -5.27724            -5.51351          0.00407749
        1220            -5.31683            -5.51334          0.00407733
        1221            -5.31743            -5.51318          0.00407715
        1222            -5.35393            -5.51305          0.00407589
        1223            -5.30719            -5.51288          0.00407604
        1224            -5.37633            -5.51277          0.00407423
        1225            -5.41858             -5.5127          0.00407163
        1226            -5.40789            -5.51261          0.00406921
        1227            -5.33654            -5.51247          0.00406842
        1228            -5.34628            -5.51233          0.00406736
        1229            -5.35564             -5.5122          0.00406605
        1230            -5.36878            -5.51209          0.00406441
        1231            -5.35517            -5.51196          0.00406311
        1232            -5.35824            -5.51184          0.00406173
        1233            -5.40356            -5.51175          0.00405938
        1234            -5.28725            -5.51157          0.00406017
        1235            -5.34689            -5.51143          0.00405907
        1236            -5.36311            -5.51131          0.00405756
        1237            -5.31876            -5.51116          0.00405726
        1238            -5.30413            -5.51099          0.00405743
        1239            -5.30128            -5.51082          0.00405768
        1240            -5.28927            -5.51064          0.00405834
        1241            -5.22656            -5.51041          0.00406152
        1242            -5.26449            -5.51021          0.00406308
        1243            -5.25881            -5.51001          0.00406484
        1244            -5.33154            -5.50987           0.0040641
        1245            -5.37105            -5.50976          0.00406237
        1246            -5.38389            -5.50966          0.00406036
        1247             -5.4295            -5.50959          0.00405762
        1248            -5.41018            -5.50951          0.00405515
        1249            -5.42573            -5.50945          0.00405245
        1250              -5.486            -5.50943          0.00404926
        1251            -5.45188            -5.50938          0.00404628
        1252            -5.35841            -5.50926          0.00404484
        1253            -5.38031            -5.50916          0.00404293
        1254            -5.32381            -5.50901           0.0040424
        1255            -5.39009            -5.50891          0.00404029
        1256            -5.41629            -5.50884          0.00403775
        1257            -5.43881            -5.50879          0.00403492
        1258            -5.38729            -5.50869          0.00403287
        1259            -5.36969            -5.50858          0.00403118
        1260             -5.3714            -5.50847          0.00402945
        1261            -5.38201            -5.50837           0.0040275
        1262            -5.34829            -5.50824           0.0040263
        1263            -5.32774             -5.5081          0.00402565
        1264            -5.45197            -5.50806          0.00402271
        1265            -5.48008            -5.50803          0.00401959
        1266             -5.4532            -5.50799          0.00401665
        1267            -5.44557            -5.50794          0.00401378
        1268            -5.44248            -5.50789          0.00401095
        1269            -5.34224            -5.50776          0.00400991
        1270            -5.42426            -5.50769          0.00400729
        1271            -5.38925             -5.5076          0.00400522
        1272            -5.37075            -5.50749          0.00400352
        1273            -5.39744            -5.50741          0.00400131
        1274            -5.43845            -5.50735          0.00399853
        1275            -5.44549             -5.5073          0.00399569
        1276             -5.4437            -5.50725          0.00399287
        1277            -5.48173            -5.50723           0.0039898
        1278            -5.57215            -5.50728            0.003987
        1279            -5.52565             -5.5073          0.00398391
        1280            -5.45864            -5.50726          0.00398097
        1281            -5.46213            -5.50722          0.00397802
        1282            -5.38528            -5.50713          0.00397606
        1283            -5.45528            -5.50709          0.00397316
        1284            -5.42212            -5.50702          0.00397062
        1285            -5.40078            -5.50694          0.00396839
        1286            -5.45494             -5.5069          0.00396551
        1287             -5.4906            -5.50689          0.00396245
        1288            -5.48638            -5.50687          0.00395941
        1289            -5.50299            -5.50687          0.00395633
        1290            -5.48362            -5.50685          0.00395331
        1291            -5.51356            -5.50686          0.00395025
        1292            -5.61788            -5.50694          0.00394813
        1293            -5.57673              -5.507          0.00394544
        1294            -5.58362            -5.50705          0.00394284
        1295            -5.57467            -5.50711          0.00394014
        1296            -5.41989            -5.50704          0.00393767
        1297            -5.43222            -5.50698          0.00393506
        1298              -5.433            -5.50692          0.00393244
        1299            -5.42648            -5.50686           0.0039299
        1300            -5.40632            -5.50679          0.00392764
        1301            -5.54221            -5.50681          0.00392471
        1302            -5.53037            -5.50683          0.00392174
        1303            -5.53912            -5.50686          0.00391881
        1304            -5.49567            -5.50685          0.00391581
        1305            -5.41157            -5.50677          0.00391349
        1306            -5.42361            -5.50671          0.00391102
        1307            -5.52344            -5.50672          0.00390804
        1308            -5.41268            -5.50665          0.00390572
        1309            -5.47819            -5.50663           0.0039028
        1310            -5.43394            -5.50657          0.00390021
        1311            -5.44676            -5.50653           0.0038975
        1312            -5.45356            -5.50649          0.00389474
        1313            -5.38807             -5.5064          0.00389282
        1314             -5.4576            -5.50636          0.00389003
        1315            -5.53905            -5.50639          0.00388715
        1316            -5.59934            -5.50646          0.00388484
        1317            -5.62736            -5.50655          0.00388298
        1318            -5.52965            -5.50657          0.00388007
        1319            -5.58113            -5.50662          0.00387754
        1320            -5.54331            -5.50665           0.0038747
        1321             -5.5241            -5.50666          0.00387179
        1322            -5.53842            -5.50669          0.00386894
        1323            -5.59604            -5.50675           0.0038666
        1324            -5.50958            -5.50676          0.00386368
        1325            -5.49588            -5.50675          0.00386078
        1326            -5.50016            -5.50674          0.00385787
        1327            -5.50704            -5.50674          0.00385496
        1328            -5.49988            -5.50674          0.00385206
        1329            -5.49029            -5.50673          0.00384918
        1330            -5.45962            -5.50669          0.00384645
        1331            -5.49637            -5.50668          0.00384357
        1332            -5.44456            -5.50664          0.00384097
        1333             -5.3765            -5.50654          0.00383933
        1334             -5.3959            -5.50646          0.00383734
        1335            -5.35244            -5.50634           0.0038362
        1336            -5.38638            -5.50625          0.00383438
        1337            -5.42643            -5.50619          0.00383198
        1338            -5.37555            -5.50609          0.00383036
        1339            -5.50555            -5.50609           0.0038275
        1340            -5.46814            -5.50606          0.00382475
        1341            -5.53232            -5.50608          0.00382194
        1342            -5.53834            -5.50611          0.00381917
        1343            -5.57572            -5.50616          0.00381668
        1344            -5.57805            -5.50621          0.00381421
        1345            -5.51188            -5.50622          0.00381138
        1346            -5.51333            -5.50622          0.00380855
        1347             -5.5285            -5.50624          0.00380576
        1348            -5.44987             -5.5062          0.00380317
        1349             -5.3886            -5.50611          0.00380135
        1350            -5.34578            -5.50599          0.00380039
        1351             -5.3631            -5.50589          0.00379905
        1352            -5.48172            -5.50587          0.00379628
        1353            -5.52628            -5.50588           0.0037935
        1354            -5.46017            -5.50585          0.00379085
        1355            -5.47111            -5.50582          0.00378814
        1356            -5.39446            -5.50574          0.00378624
        1357            -5.49289            -5.50573          0.00378346
        1358            -5.53645            -5.50575          0.00378074
        1359            -5.54072            -5.50578          0.00377804
        1360            -5.56038            -5.50582          0.00377548
        1361            -5.60598            -5.50589          0.00377342
        1362            -5.52725            -5.50591          0.00377069
        1363            -5.51895            -5.50592          0.00376793
        1364            -5.53808            -5.50594          0.00376524
        1365            -5.58596              -5.506          0.00376294
        1366            -5.43137            -5.50595          0.00376058
        1367             -5.4643            -5.50592          0.00375795
        1368            -5.53869            -5.50594          0.00375528
        1369            -5.57668            -5.50599           0.0037529
        1370            -5.53201            -5.50601           0.0037502
        1371            -5.56527            -5.50605          0.00374772
        1372            -5.46546            -5.50603           0.0037451
        1373            -5.50787            -5.50603          0.00374238
        1374            -5.50713            -5.50603          0.00373965
        1375             -5.5097            -5.50603          0.00373693
        1376             -5.4865            -5.50602          0.00373424
        1377            -5.43501            -5.50596          0.00373189
        1378            -5.49253            -5.50595          0.00372919
        1379            -5.57652            -5.50601          0.00372684
        1380            -5.52975            -5.50602          0.00372418
        1381             -5.6397            -5.50612          0.00372274
        1382            -5.59729            -5.50619          0.00372063
        1383            -5.66076             -5.5063          0.00371962
        1384            -5.56459            -5.50634          0.00371717
        1385            -5.51181            -5.50634          0.00371449
        1386            -5.43347            -5.50629          0.00371218
        1387            -5.49107            -5.50628          0.00370952
        1388            -5.53776             -5.5063          0.00370692
        1389            -5.49938             -5.5063          0.00370425
        1390            -5.50208            -5.50629          0.00370159
        1391            -5.52753            -5.50631          0.00369896
        1392            -5.53041            -5.50633          0.00369634
        1393            -5.54652            -5.50636           0.0036938
        1394            -5.48402            -5.50634          0.00369119
        1395            -5.58124            -5.50639          0.00368893
        1396            -5.63759            -5.50649          0.00368748
        1397            -5.60941            -5.50656          0.00368558
        1398            -5.53881            -5.50658          0.00368302
        1399            -5.64762            -5.50669          0.00368176
        1400             -5.6482            -5.50679          0.00368052
        1401            -5.58227            -5.50684          0.00367829
        1402             -5.6301            -5.50693          0.00367672
        1403            -5.59628            -5.50699          0.00367465
        1404            -5.50304            -5.50699          0.00367203
        1405            -5.44727            -5.50695          0.00366966
        1406            -5.52088            -5.50696          0.00366707
        1407            -5.50448            -5.50695          0.00366446
        1408            -5.46488            -5.50692          0.00366198
        1409            -5.34632            -5.50681          0.00366115
        1410            -5.43232            -5.50676          0.00365894
        1411            -5.45024            -5.50672          0.00365656
        1412            -5.36208            -5.50662          0.00365541
        1413            -5.42236            -5.50656          0.00365331
        1414            -5.45423            -5.50652          0.00365091
        1415            -5.44517            -5.50648          0.00364859
        1416            -5.41582            -5.50641          0.00364657
        1417            -5.46526            -5.50638          0.00364412
        1418            -5.49416            -5.50637          0.00364156
        1419            -5.47735            -5.50635          0.00363905
        1420            -5.43833            -5.50631           0.0036368
        1421             -5.4038            -5.50623          0.00363496
        1422            -5.49878            -5.50623           0.0036324
        1423            -5.48115            -5.50621          0.00362989
        1424            -5.44743            -5.50617          0.00362758
        1425            -5.47223            -5.50615          0.00362511
        1426             -5.5149            -5.50615          0.00362258
        1427            -5.55859            -5.50619          0.00362022
        1428            -5.51232            -5.50619          0.00361769
        1429            -5.59185            -5.50625          0.00361566
        1430            -5.53881            -5.50628           0.0036132
        1431             -5.5248            -5.50629           0.0036107
        1432            -5.47493            -5.50627          0.00360824
        1433            -5.55167             -5.5063          0.00360586
        1434            -5.47818            -5.50628           0.0036034
        1435             -5.5127            -5.50628          0.00360089
        1436            -5.52622             -5.5063          0.00359841
        1437            -5.43643            -5.50625          0.00359624
        1438            -5.46746            -5.50622          0.00359384
        1439            -5.39434            -5.50614          0.00359218
        1440            -5.50972            -5.50615          0.00358969
        1441            -5.52283            -5.50616          0.00358721
        1442            -5.42164             -5.5061          0.00358521
        1443            -5.51403             -5.5061          0.00358273
        1444             -5.5832            -5.50616          0.00358064
        1445            -5.59212            -5.50622          0.00357866
        1446            -5.58677            -5.50627          0.00357662
        1447            -5.62263            -5.50635          0.00357505
        1448            -5.59479            -5.50641           0.0035731
        1449             -5.5331            -5.50643          0.00357068
        1450            -5.52642            -5.50645          0.00356825
        1451            -5.53442            -5.50647          0.00356584
        1452            -5.59569            -5.50653          0.00356391
        1453            -5.55205            -5.50656           0.0035616
        1454            -5.55857            -5.50659          0.00355933
        1455            -5.50803             -5.5066          0.00355688
        1456            -5.63792            -5.50669          0.00355558
        1457            -5.65219            -5.50679          0.00355455
        1458            -5.66578            -5.50689          0.00355378
        1459            -5.71862            -5.50704          0.00355431
        1460            -5.71241            -5.50718          0.00355465
        1461            -5.56256            -5.50722          0.00355242
        1462            -5.67358            -5.50733          0.00355181
        1463            -5.67592            -5.50745          0.00355126
        1464            -5.52905            -5.50746          0.00354886
        1465            -5.41535             -5.5074            0.003547
        1466            -5.48482            -5.50738          0.00354461
        1467            -5.51549            -5.50739           0.0035422
        1468            -5.64436            -5.50748          0.00354101
        1469            -5.49123            -5.50747          0.00353862
        1470            -5.41619            -5.50741          0.00353676
        1471            -5.43546            -5.50736          0.00353469
        1472            -5.45113            -5.50732           0.0035325
        1473            -5.52322            -5.50733          0.00353011
        1474            -5.49725            -5.50733          0.00352773
        1475            -5.50512            -5.50732          0.00352533
        1476            -5.52802            -5.50734          0.00352297
        1477            -5.56907            -5.50738          0.00352084
        1478            -5.57571            -5.50743          0.00351876
        1479            -5.51827            -5.50743          0.00351639
        1480            -5.49353            -5.50742          0.00351402
        1481            -5.46673             -5.5074          0.00351176
        1482             -5.5293            -5.50741          0.00350942
        1483            -5.67528            -5.50753          0.00350888
        1484            -5.59692            -5.50759          0.00350703
        1485            -5.69677            -5.50771          0.00350698
        1486            -5.70939            -5.50785          0.00350725
        1487            -5.62745            -5.50793          0.00350581
        1488            -5.59927            -5.50799          0.00350399
        1489            -5.64519            -5.50808          0.00350285
        1490            -5.59832            -5.50814          0.00350102
        1491            -5.62217            -5.50822          0.00349951
        1492            -5.55678            -5.50825          0.00349732
        1493            -5.57702             -5.5083          0.00349528
        1494            -5.54704            -5.50832          0.00349303
        1495            -5.53493            -5.50834          0.00349074
        1496            -5.63462            -5.50843          0.00348943
        1497            -5.63855            -5.50851          0.00348818
        1498            -5.61035            -5.50858          0.00348651
        1499            -5.59131            -5.50864          0.00348463
        1500            -5.68612            -5.50875          0.00348431
        1501            -5.63492            -5.50884            0.003483
        1502            -5.55516            -5.50887          0.00348082
        1503            -5.60049            -5.50893          0.00347904
        1504            -5.52231            -5.50894          0.00347674
        1505            -5.53774            -5.50896          0.00347448
        1506            -5.50766            -5.50896          0.00347217
        1507            -5.44402            -5.50891          0.00347014
        1508            -5.49918            -5.50891          0.00346784
        1509            -5.49788             -5.5089          0.00346555
        1510            -5.46337            -5.50887          0.00346339
        1511            -5.49126            -5.50886          0.00346111
        1512            -5.49131            -5.50885          0.00345884
        1513            -5.54859            -5.50887          0.00345666
        1514             -5.6539            -5.50897           0.0034557
        1515            -5.59013            -5.50902          0.00345384
        1516            -5.50292            -5.50902          0.00345156
        1517            -5.43373            -5.50897          0.00344964
        1518              -5.381            -5.50888           0.0034484
        1519            -5.37094            -5.50879          0.00344732
        1520            -5.50525            -5.50879          0.00344506
        1521            -5.48208            -5.50877          0.00344284
        1522            -5.44407            -5.50873          0.00344084
        1523            -5.45201            -5.50869          0.00343878
        1524            -5.53902            -5.50871          0.00343658
        1525            -5.40453            -5.50865          0.00343501
        1526            -5.43148             -5.5086          0.00343313
        1527            -5.39083            -5.50852          0.00343174
        1528            -5.40053            -5.50845          0.00343023
        1529            -5.42815             -5.5084          0.00342839
        1530            -5.51929             -5.5084          0.00342615
        1531            -5.59003            -5.50846          0.00342433
        1532            -5.46475            -5.50843          0.00342221
        1533            -5.50518            -5.50842          0.00341998
        1534            -5.57843            -5.50847          0.00341806
        1535            -5.52992            -5.50848          0.00341586
        1536            -5.50546            -5.50848          0.00341363
        1537            -5.63443            -5.50856           0.0034124
        1538            -5.55341            -5.50859           0.0034103
        1539            -5.60695            -5.50866          0.00340869
        1540            -5.56338            -5.50869          0.00340666
        1541             -5.5398            -5.50871          0.00340451
        1542            -5.58577            -5.50876          0.00340267
        1543            -5.54664            -5.50879          0.00340055
        1544            -5.42518            -5.50873          0.00339878
        1545            -5.41942            -5.50868          0.00339707
        1546            -5.44627            -5.50864          0.00339511
        1547            -5.40735            -5.50857          0.00339355
        1548            -5.36091            -5.50847           0.0033927
        1549            -5.32145            -5.50835          0.00339265
        1550            -5.30945            -5.50823          0.00339289
        1551            -5.28839            -5.50808          0.00339366
        1552            -5.32084            -5.50796          0.00339362
        1553            -5.38348            -5.50788          0.00339238
        1554            -5.37135             -5.5078          0.00339134
        1555            -5.35168            -5.50769          0.00339064
        1556            -5.38594            -5.50762          0.00338936
        1557            -5.33686            -5.50751          0.00338896
        1558            -5.35879            -5.50741          0.00338813
        1559            -5.34711            -5.50731          0.00338752
        1560            -5.38724            -5.50723          0.00338622
        1561             -5.2844            -5.50709          0.00338706
        1562            -5.30845            -5.50696          0.00338728
        1563            -5.34155            -5.50686          0.00338676
        1564            -5.41655             -5.5068          0.00338509
        1565            -5.39416            -5.50673          0.00338369
        1566            -5.44828            -5.50669          0.00338174
        1567            -5.35732            -5.50659          0.00338092
        1568            -5.29081            -5.50646          0.00338156
        1569            -5.25436             -5.5063          0.00338322
        1570            -5.30587            -5.50617          0.00338348
        1571            -5.33245            -5.50606          0.00338313
        1572            -5.44017            -5.50602          0.00338124
        1573            -5.45557            -5.50598          0.00337924
        1574            -5.46037            -5.50595          0.00337722
        1575            -5.55477            -5.50599          0.00337521
        1576            -5.42697            -5.50593          0.00337344
        1577            -5.44851             -5.5059           0.0033715
        1578            -5.37847            -5.50582          0.00337033
        1579            -5.33415            -5.50571          0.00336995
        1580            -5.34269            -5.50561           0.0033694
        1581            -5.40015            -5.50554          0.00336793
        1582            -5.40515            -5.50548           0.0033664
        1583             -5.3343            -5.50537            0.003366
        1584            -5.25931            -5.50521          0.00336746
        1585            -5.34794            -5.50511           0.0033668
        1586              -5.363            -5.50502          0.00336587
        1587            -5.34676            -5.50492          0.00336522
        1588            -5.43444            -5.50488           0.0033634
        1589            -5.42946            -5.50483          0.00336162
        1590              -5.429            -5.50478          0.00335984
        1591            -5.39977            -5.50472          0.00335838
        1592            -5.34496            -5.50462          0.00335777
        1593            -5.36062            -5.50453          0.00335688
        1594            -5.50345            -5.50453          0.00335477
        1595            -5.55952            -5.50456          0.00335284
        1596            -5.50173            -5.50456          0.00335074
        1597             -5.3921            -5.50449          0.00334939
        1598            -5.44512            -5.50445           0.0033475
        1599            -5.41241            -5.50439           0.0033459
        1600            -5.40065            -5.50433          0.00334443
        1601            -5.42937            -5.50428          0.00334267
        1602            -5.46623            -5.50426          0.00334067
        1603            -5.45573            -5.50423          0.00333872
        1604             -5.5309            -5.50425          0.00333668
        1605            -5.50764            -5.50425           0.0033346
        1606            -5.53919            -5.50427           0.0033326
        1607            -5.57844            -5.50432          0.00333085
        1608             -5.4673            -5.50429          0.00332885
        1609            -5.51005             -5.5043          0.00332679
        1610            -5.47469            -5.50428          0.00332477
        1611            -5.47831            -5.50426          0.00332275
        1612            -5.47287            -5.50424          0.00332074
        1613            -5.54097            -5.50426          0.00331876
        1614            -5.53397            -5.50428          0.00331676
        1615            -5.49609            -5.50428          0.00331471
        1616            -5.46979            -5.50426          0.00331272
        1617            -5.43745            -5.50422          0.00331093
        1618              -5.414            -5.50416          0.00330936
        1619            -5.47958            -5.50414          0.00330735
        1620            -5.56027            -5.50418          0.00330549
        1621            -5.54363             -5.5042          0.00330354
        1622            -5.46315            -5.50418           0.0033016
        1623            -5.38387             -5.5041           0.0033004
        1624             -5.4488            -5.50407          0.00329854
        1625            -5.45527            -5.50404          0.00329665
        1626            -5.37923            -5.50396          0.00329551
        1627            -5.33355            -5.50386          0.00329515
        1628            -5.30518            -5.50374          0.00329538
        1629            -5.36547            -5.50365          0.00329445
        1630             -5.4341            -5.50361          0.00329271
        1631            -5.45949            -5.50358           0.0032908
        1632            -5.40771            -5.50352          0.00328931
        1633            -5.29498             -5.5034          0.00328977
        1634            -5.29156            -5.50327          0.00329031
        1635            -5.26883            -5.50312          0.00329142
        1636            -5.15165            -5.50291          0.00329642
        1637            -5.29167            -5.50278          0.00329693
        1638            -5.36625            -5.50269          0.00329597
        1639            -5.48291            -5.50268          0.00329398
        1640            -5.45998            -5.50266          0.00329207
        1641            -5.27956            -5.50252          0.00329287
        1642            -5.32736            -5.50241           0.0032926
        1643            -5.29254            -5.50229          0.00329307
        1644             -5.3536             -5.5022          0.00329231
        1645            -5.27725            -5.50206          0.00329314
        1646            -5.42393            -5.50201          0.00329149
        1647             -5.4333            -5.50197          0.00328975
        1648              -5.355            -5.50188          0.00328896
        1649            -5.38586            -5.50181          0.00328772
        1650            -5.30868            -5.50169          0.00328781
        1651            -5.32465            -5.50159          0.00328757
        1652            -5.31536            -5.50147          0.00328751
        1653            -5.32373            -5.50137          0.00328728
        1654            -5.34894            -5.50127          0.00328658
        1655            -5.31739            -5.50116          0.00328648
        1656            -5.42524            -5.50112          0.00328481
        1657            -5.45334            -5.50109          0.00328296
        1658            -5.49339            -5.50108          0.00328098
        1659            -5.36627              -5.501          0.00328001
        1660            -5.39867            -5.50094          0.00327861
        1661            -5.34058            -5.50084          0.00327806
        1662            -5.41533            -5.50079          0.00327649
        1663            -5.28622            -5.50066          0.00327706
        1664            -5.23731            -5.50051          0.00327891
        1665            -5.20342            -5.50033          0.00328179
        1666            -5.24937            -5.50018          0.00328328
        1667            -5.26187            -5.50003          0.00328442
        1668            -5.28496             -5.4999          0.00328498
        1669            -5.30563            -5.49979          0.00328507
        1670            -5.33023            -5.49969          0.00328467
        1671            -5.36797            -5.49961          0.00328365
        1672            -5.30271            -5.49949           0.0032838
        1673            -5.29983            -5.49937          0.00328401
        1674             -5.3154            -5.49926          0.00328388
        1675            -5.27748            -5.49913          0.00328459
        1676            -5.45474             -5.4991          0.00328274
        1677            -5.56274            -5.49914            0.003281
        1678            -5.46695            -5.49912           0.0032791
        1679            -5.45545            -5.49909          0.00327725
        1680             -5.4897            -5.49909           0.0032753
        1681            -5.40126            -5.49903          0.00327387
        1682            -5.36925            -5.49895          0.00327283
        1683            -5.47741            -5.49894          0.00327092
        1684            -5.50442            -5.49894          0.00326897
        1685            -5.55953            -5.49898          0.00326723
        1686            -5.48451            -5.49897          0.00326531
        1687            -5.53502            -5.49899          0.00326344
        1688            -5.54963            -5.49902          0.00326164
        1689            -5.51205            -5.49903          0.00325972
        1690            -5.43789            -5.49899          0.00325799
        1691            -5.34482             -5.4989          0.00325734
        1692            -5.46773            -5.49888          0.00325547
        1693             -5.4868            -5.49888          0.00325356
        1694            -5.40739            -5.49882          0.00325208
        1695            -5.46255             -5.4988          0.00325023
        1696            -5.56131            -5.49884          0.00324853
        1697            -5.52352            -5.49885          0.00324665
        1698            -5.55244            -5.49888          0.00324489
        1699            -5.49873            -5.49888          0.00324298
        1700            -5.53494            -5.49891          0.00324114
        1701            -5.38279            -5.49884          0.00323995
        1702            -5.48411            -5.49883          0.00323806
        1703            -5.44011            -5.49879          0.00323634
        1704            -5.46702            -5.49878           0.0032345
        1705            -5.48722            -5.49877          0.00323261
        1706            -5.43717            -5.49873          0.00323091
        1707            -5.34475            -5.49864          0.00323028
        1708            -5.30222            -5.49853          0.00323043
        1709            -5.42012            -5.49848          0.00322887
        1710            -5.37416            -5.49841           0.0032278
        1711            -5.37647            -5.49834           0.0032267
        1712            -5.34549            -5.49825          0.00322605
        1713            -5.42524            -5.49821          0.00322445
        1714            -5.38177            -5.49814          0.00322328
        1715            -5.36499            -5.49806          0.00322234
        1716            -5.33301            -5.49796           0.0032219
        1717            -5.27723            -5.49784          0.00322258
        1718            -5.35526            -5.49775          0.00322178
        1719            -5.42242            -5.49771           0.0032202
        1720            -5.36447            -5.49763          0.00321926
        1721            -5.35979            -5.49755          0.00321838
        1722            -5.44187            -5.49752          0.00321668
        1723            -5.46559             -5.4975          0.00321486
        1724            -5.41561            -5.49745          0.00321335
        1725            -5.38106            -5.49739           0.0032122
        1726            -5.51004            -5.49739          0.00321034
        1727            -5.51256             -5.4974           0.0032085
        1728             -5.4565            -5.49738          0.00320673
        1729            -5.38145            -5.49731          0.00320557
        1730             -5.4543            -5.49729          0.00320382
        1731            -5.40041            -5.49723          0.00320245
        1732            -5.53706            -5.49725          0.00320069
        1733            -5.63109            -5.49733          0.00319977
        1734            -5.56282            -5.49737          0.00319815
        1735            -5.59005            -5.49742          0.00319675
        1736            -5.57303            -5.49747          0.00319521
        1737            -5.55557             -5.4975          0.00319354
        1738            -5.58035            -5.49755          0.00319206
        1739            -5.57869            -5.49759          0.00319057
        1740            -5.53433            -5.49761           0.0031888
        1741            -5.61801            -5.49768          0.00318772
        1742            -5.63301            -5.49776          0.00318684
        1743            -5.65364            -5.49785          0.00318627
        1744            -5.56971            -5.49789           0.0031847
        1745            -5.52528            -5.49791          0.00318292
        1746            -5.49029             -5.4979           0.0031811
        1747            -5.48773             -5.4979          0.00317928
        1748            -5.47384            -5.49788          0.00317749
        1749            -5.59036            -5.49794          0.00317612
        1750             -5.5683            -5.49798          0.00317456
        1751            -5.45229            -5.49795          0.00317285
        1752            -5.49581            -5.49795          0.00317104
        1753            -5.52143            -5.49796          0.00316926
        1754            -5.60053            -5.49802          0.00316799
        1755            -5.52096            -5.49803          0.00316621
        1756            -5.55895            -5.49807           0.0031646
        1757             -5.5675            -5.49811          0.00316305
        1758            -5.46466            -5.49809           0.0031613
        1759            -5.41936            -5.49804          0.00315982
        1760            -5.35008            -5.49796          0.00315915
        1761            -5.35508            -5.49788          0.00315839
        1762            -5.42572            -5.49784          0.00315687
        1763            -5.41685            -5.49779          0.00315541
        1764             -5.4563            -5.49777          0.00315371
        1765            -5.43793            -5.49773          0.00315211
        1766            -5.41618            -5.49769          0.00315066
        1767            -5.50077            -5.49769          0.00314888
        1768            -5.44443            -5.49766          0.00314724
        1769            -5.54692            -5.49769          0.00314558
        1770            -5.72014            -5.49781          0.00314632
        1771            -5.67328            -5.49791           0.0031461
        1772            -5.71139            -5.49803          0.00314663
        1773            -5.66216            -5.49813          0.00314622
        1774            -5.69344            -5.49824          0.00314637
        1775            -5.55362            -5.49827          0.00314475
        1776            -5.47993            -5.49826            0.003143
        1777            -5.51697            -5.49827          0.00314125
        1778            -5.45017            -5.49824          0.00313959
        1779            -5.39107            -5.49818          0.00313841
        1780             -5.3689            -5.49811          0.00313749
        1781            -5.47285            -5.49809          0.00313576
        1782            -5.48756            -5.49809            0.003134
        1783            -5.49468            -5.49809          0.00313224
        1784            -5.48623            -5.49808           0.0031305
        1785            -5.42696            -5.49804            0.003129
        1786            -5.43896            -5.49801          0.00312742
        1787            -5.38074            -5.49794          0.00312636
        1788            -5.41996             -5.4979          0.00312491
        1789            -5.51286            -5.49791          0.00312318
        1790            -5.50465            -5.49791          0.00312143
        1791            -5.44098            -5.49788          0.00311985
        1792            -5.45641            -5.49785           0.0031182
        1793            -5.48202            -5.49785          0.00311647
        1794            -5.33802            -5.49776          0.00311601
        1795            -5.38945             -5.4977          0.00311486
        1796            -5.35236            -5.49761          0.00311417
        1797            -5.37276            -5.49755          0.00311321
        1798            -5.31192            -5.49744          0.00311319
        1799            -5.26996            -5.49732          0.00311403
        1800            -5.35224            -5.49724          0.00311334
        1801            -5.38615            -5.49717          0.00311223
        1802             -5.3929            -5.49712          0.00311104
        1803            -5.38094            -5.49705          0.00310998
        1804            -5.33548            -5.49696          0.00310954
        1805            -5.39523            -5.49691          0.00310833
        1806            -5.35396            -5.49683          0.00310762
        1807            -5.35079            -5.49675          0.00310695
        1808            -5.37614            -5.49668          0.00310595
        1809            -5.34965             -5.4966          0.00310529
        1810            -5.22435            -5.49645          0.00310722
        1811             -5.2033            -5.49628          0.00310972
        1812            -5.28125            -5.49617          0.00311026
        1813             -5.2862            -5.49605           0.0031107
        1814            -5.29876            -5.49594          0.00311089
        1815            -5.39304            -5.49589          0.00310969
        1816            -5.34573             -5.4958          0.00310908
        1817            -5.35349            -5.49572          0.00310835
        1818            -5.38523            -5.49566          0.00310724
        1819            -5.43143            -5.49563          0.00310573
        1820            -5.50655            -5.49563          0.00310403
        1821            -5.54393            -5.49566          0.00310244
        1822             -5.5666             -5.4957          0.00310098
        1823            -5.54725            -5.49573          0.00309941
        1824            -5.50376            -5.49573          0.00309771
        1825             -5.4993            -5.49573          0.00309601
        1826            -5.43782             -5.4957          0.00309448
        1827            -5.41893            -5.49566          0.00309307
        1828            -5.40394            -5.49561          0.00309179
        1829            -5.47523             -5.4956          0.00309012
        1830            -5.47538            -5.49559          0.00308845
        1831            -5.46325            -5.49557          0.00308681
        1832            -5.41054            -5.49552          0.00308548
        1833            -5.44708             -5.4955          0.00308391
        1834            -5.49733             -5.4955          0.00308222
        1835             -5.5183            -5.49551          0.00308057
        1836            -5.50165            -5.49551          0.00307889
        1837            -5.48733            -5.49551          0.00307722
        1838            -5.50031            -5.49551          0.00307555
        1839            -5.50395            -5.49552          0.00307388
        1840            -5.50393            -5.49552          0.00307221
        1841            -5.50033            -5.49552          0.00307054
        1842            -5.48699            -5.49552          0.00306888
        1843            -5.55295            -5.49555          0.00306737
        1844            -5.50615            -5.49556          0.00306572
        1845             -5.4677            -5.49554          0.00306409
        1846            -5.49198            -5.49554          0.00306243
        1847             -5.4235             -5.4955          0.00306102
        1848            -5.41352            -5.49546          0.00305969
        1849            -5.37536            -5.49539          0.00305872
        1850            -5.42962            -5.49536          0.00305728
        1851            -5.40784            -5.49531          0.00305599
        1852            -5.37196            -5.49524          0.00305506
        1853            -5.34568            -5.49516          0.00305448
        1854              -5.328            -5.49507          0.00305416
        1855            -5.26084            -5.49494          0.00305513
        1856            -5.34667            -5.49486          0.00305453
        1857            -5.34186            -5.49478          0.00305399
        1858             -5.2751            -5.49466          0.00305464
        1859            -5.27866            -5.49455           0.0030552
        1860             -5.2922            -5.49444           0.0030555
        1861            -5.33457            -5.49435          0.00305506
        1862            -5.39934             -5.4943          0.00305385
        1863            -5.38503            -5.49424          0.00305277
        1864            -5.28227            -5.49413          0.00305325
        1865            -5.30371            -5.49403          0.00305332
        1866            -5.38264            -5.49397          0.00305227
        1867            -5.33539            -5.49388          0.00305181
        1868            -5.42463            -5.49385          0.00305041
        1869            -5.46864            -5.49383           0.0030488
        1870            -5.44175             -5.4938           0.0030473
        1871            -5.39984            -5.49375          0.00304608
        1872            -5.46562            -5.49374          0.00304449
        1873            -5.51064            -5.49375          0.00304288
        1874            -5.57784            -5.49379          0.00304159
        1875            -5.54433            -5.49382          0.00304009
        1876            -5.56935            -5.49386          0.00303873
        1877            -5.43755            -5.49383          0.00303726
        1878            -5.49712            -5.49383          0.00303565
        1879            -5.55983            -5.49387          0.00303423
        1880            -5.62157            -5.49394          0.00303338
        1881            -5.57354            -5.49398          0.00303206
        1882            -5.50652            -5.49398          0.00303046
        1883            -5.41567            -5.49394          0.00302913
        1884            -5.43903            -5.49391          0.00302767
        1885            -5.47966            -5.49391          0.00302607
        1886            -5.52437            -5.49392          0.00302451
        1887            -5.55172            -5.49395          0.00302306
        1888            -5.55572            -5.49399          0.00302164
        1889            -5.59208            -5.49404          0.00302048
        1890            -5.52899            -5.49406          0.00301894
        1891            -5.43074            -5.49402          0.00301753
        1892            -5.54807            -5.49405          0.00301607
        1893            -5.52492            -5.49407          0.00301452
        1894            -5.52122            -5.49408          0.00301296
        1895            -5.57477            -5.49412          0.00301168
        1896            -5.50397            -5.49413          0.00301009
        1897            -5.51512            -5.49414          0.00300852
        1898            -5.64443            -5.49422          0.00300798
        1899            -5.57904            -5.49426          0.00300673
        1900            -5.53886            -5.49429          0.00300524
        1901            -5.53454            -5.49431          0.00300373
        1902              -5.509            -5.49432          0.00300216
        1903            -5.51319            -5.49433           0.0030006
        1904            -5.53191            -5.49435          0.00299909
        1905            -5.48622            -5.49434          0.00299752
        1906            -5.46376            -5.49433          0.00299599
        1907             -5.4918            -5.49432          0.00299442
        1908            -5.45106             -5.4943          0.00299294
        1909            -5.43737            -5.49427          0.00299152
        1910            -5.45663            -5.49425          0.00299001
        1911            -5.46314            -5.49424          0.00298849
        1912            -5.55948            -5.49427          0.00298713
        1913            -5.58882            -5.49432          0.00298597
        1914            -5.55053            -5.49435          0.00298456
        1915            -5.52334            -5.49436          0.00298304
        1916            -5.52769            -5.49438          0.00298153
        1917            -5.58177            -5.49443          0.00298032
        1918            -5.51588            -5.49444          0.00297879
        1919            -5.51327            -5.49445          0.00297726
        1920            -5.50792            -5.49446          0.00297571
        1921            -5.47126            -5.49444          0.00297419
        1922            -5.43205            -5.49441          0.00297282
        1923            -5.52316            -5.49443          0.00297131
        1924            -5.44006             -5.4944           0.0029699
        1925            -5.32086            -5.49431          0.00296973
        1926            -5.31277            -5.49421          0.00296968
        1927            -5.25447            -5.49409          0.00297074
        1928            -5.28689            -5.49398          0.00297115
        1929            -5.35322            -5.49391           0.0029705
        1930            -5.42063            -5.49387           0.0029692
        1931            -5.38928            -5.49382          0.00296816
        1932            -5.36451            -5.49375          0.00296738
        1933            -5.31067            -5.49365          0.00296735
        1934            -5.26922            -5.49354          0.00296809
        1935            -5.33962            -5.49346          0.00296762
        1936            -5.36614            -5.49339          0.00296682
        1937            -5.35773            -5.49332          0.00296611
        1938            -5.28787            -5.49322          0.00296647
        1939            -5.21057            -5.49307          0.00296852
        1940            -5.17362            -5.49291          0.00297156
        1941            -5.30214            -5.49281          0.00297165
        1942            -5.43568            -5.49278          0.00297027
        1943            -5.42474            -5.49274          0.00296894
        1944            -5.40605             -5.4927          0.00296775
        1945            -5.41713            -5.49266          0.00296648
        1946            -5.31983            -5.49257          0.00296629
        1947            -5.28078            -5.49246          0.00296676
        1948            -5.25912            -5.49234          0.00296765
        1949            -5.20643             -5.4922          0.00296975
        1950            -5.35101            -5.49212          0.00296911
        1951            -5.37324            -5.49206          0.00296821
        1952             -5.4003            -5.49202          0.00296707
        1953            -5.24854            -5.49189          0.00296816
        1954            -5.27552            -5.49178          0.00296871
        1955            -5.32704             -5.4917          0.00296839
        1956            -5.37838            -5.49164          0.00296743
        1957            -5.43501            -5.49161          0.00296606
        1958            -5.47476             -5.4916          0.00296456
        1959             -5.3886            -5.49155          0.00296351
        1960            -5.48249            -5.49154            0.002962
        1961            -5.52778            -5.49156          0.00296055
        1962            -5.43767            -5.49153          0.00295917
        1963            -5.30694            -5.49144          0.00295915
        1964            -5.39434            -5.49139          0.00295806
        1965            -5.39668            -5.49134          0.00295695
        1966            -5.38787            -5.49129          0.00295591
        1967             -5.5173             -5.4913          0.00295444
        1968            -5.44875            -5.49128          0.00295302
        1969            -5.43043            -5.49125          0.00295168
        1970            -5.39667             -5.4912          0.00295057
        1971            -5.47227            -5.49119          0.00294909
        1972            -5.44581            -5.49117          0.00294768
        1973            -5.47241            -5.49116           0.0029462
        1974            -5.32597            -5.49108           0.0029459
        1975            -5.41883            -5.49104          0.00294464
        1976            -5.48493            -5.49104          0.00294315
        1977            -5.39589            -5.49099          0.00294205
        1978            -5.39059            -5.49094            0.002941
        1979            -5.44428            -5.49091          0.00293961
        1980            -5.44083            -5.49089          0.00293824
        1981            -5.43392            -5.49086          0.00293689
        1982            -5.42487            -5.49083           0.0029356
        1983            -5.36122            -5.49076          0.00293485
        1984            -5.37582             -5.4907          0.00293394
        1985            -5.41015            -5.49066          0.00293274
        1986            -5.38921            -5.49061          0.00293171
        1987            -5.33885            -5.49054          0.00293123
        1988            -5.46385            -5.49052          0.00292979
        1989            -5.35785            -5.49046          0.00292907
        1990            -5.42454            -5.49042          0.00292779
        1991            -5.26718            -5.49031          0.00292846
        1992            -5.28459            -5.49021          0.00292881
        1993            -5.19234            -5.49006          0.00293115
        1994            -5.34658            -5.48999          0.00293057
        1995            -5.38997            -5.48994          0.00292953
        1996            -5.32737            -5.48985          0.00292919
        1997            -5.27211            -5.48975          0.00292975
        1998            -5.26969            -5.48964          0.00293036
        1999            -5.24455            -5.48951          0.00293145
        2000            -5.18954            -5.48936          0.00293382
        2001            -5.40648            -5.48932          0.00293265
        2002             -5.3342            -5.48924          0.00293221
        2003            -5.40322             -5.4892          0.00293106
        2004            -5.37609            -5.48914          0.00293014
        2005            -5.23951            -5.48902          0.00293132
        2006            -5.28393            -5.48892          0.00293164
        2007            -5.38569            -5.48887          0.00293063
        2008            -5.46032            -5.48885          0.00292921
        2009            -5.45659            -5.48884          0.00292779
        2010            -5.48056            -5.48883          0.00292634
        2011            -5.50296            -5.48884          0.00292489
        2012            -5.42825            -5.48881           0.0029236
        2013            -5.43965            -5.48878          0.00292224
        2014            -5.33548            -5.48871          0.00292179
        2015            -5.33406            -5.48863          0.00292134
        2016            -5.29026            -5.48853          0.00292155
        2017            -5.32564            -5.48845          0.00292122
        2018             -5.3595            -5.48839          0.00292047
        2019            -5.42548            -5.48836          0.00291919
        2020            -5.45469            -5.48834          0.00291779
        2021             -5.5948            -5.48839          0.00291682
        2022            -5.51635            -5.48841          0.00291541
        2023            -5.53274            -5.48843          0.00291405
        2024            -5.45562            -5.48841          0.00291266
        2025            -5.46786             -5.4884          0.00291124
        2026            -5.53254            -5.48842          0.00290988
        2027            -5.51016            -5.48844          0.00290847
        2028            -5.42728            -5.48841          0.00290719
        2029            -5.41427            -5.48837          0.00290599
        2030            -5.49595            -5.48837          0.00290456
        2031            -5.52624            -5.48839          0.00290319
        2032            -5.47912            -5.48839          0.00290176
        2033            -5.49932            -5.48839          0.00290034
        2034             -5.5514            -5.48842          0.00289908
        2035             -5.5255            -5.48844          0.00289771
        2036            -5.50247            -5.48845           0.0028963
        2037             -5.5205            -5.48846          0.00289492
        2038            -5.52965            -5.48848          0.00289357
        2039            -5.50323            -5.48849          0.00289216
        2040            -5.43823            -5.48847          0.00289085
        2041            -5.41301            -5.48843          0.00288967
        2042             -5.4225             -5.4884          0.00288843
        2043            -5.37879            -5.48834          0.00288752
        2044            -5.39823             -5.4883          0.00288644
        2045            -5.41599            -5.48826          0.00288524
        2046            -5.38286            -5.48821          0.00288429
        2047            -5.39779            -5.48817          0.00288322
        2048            -5.47464            -5.48816          0.00288182
        2049             -5.5235            -5.48818          0.00288047
        2050            -5.52215             -5.4882          0.00287911
        2051            -5.54134            -5.48822          0.00287782
        2052             -5.5865            -5.48827          0.00287682
        2053            -5.53499            -5.48829          0.00287551
        2054            -5.46739            -5.48828          0.00287413
        2055            -5.44397            -5.48826          0.00287281
        2056             -5.4509            -5.48824          0.00287147
        2057            -5.51822            -5.48826          0.00287011
        2058            -5.52375            -5.48827          0.00286877
        2059            -5.52295            -5.48829          0.00286742
        2060            -5.46863            -5.48828          0.00286605
        2061            -5.42891            -5.48825           0.0028648
        2062            -5.38082             -5.4882          0.00286389
        2063            -5.40392            -5.48816          0.00286279
        2064            -5.40503            -5.48812          0.00286169
        2065            -5.45058             -5.4881          0.00286036
        2066            -5.49213             -5.4881          0.00285897
        2067            -5.41012            -5.48807          0.00285784
        2068            -5.42671            -5.48804          0.00285661
        2069             -5.4042              -5.488          0.00285552
        2070            -5.41785            -5.48796          0.00285434
        2071             -5.3939            -5.48792          0.00285332
        2072            -5.48193            -5.48791          0.00285195
        2073            -5.59553            -5.48796          0.00285104
        2074             -5.5664              -5.488          0.00284992
        2075            -5.58403            -5.48805          0.00284892
        2076            -5.55594            -5.48808          0.00284774
        2077            -5.44758            -5.48806          0.00284643
        2078            -5.46653            -5.48805          0.00284508
        2079            -5.51171            -5.48806          0.00284374
        2080            -5.54509            -5.48809           0.0028425
        2081            -5.57805            -5.48813          0.00284146
        2082             -5.5761            -5.48818          0.00284041
        2083            -5.63675            -5.48825          0.00283995
        2084            -5.62202            -5.48831          0.00283931
        2085            -5.63714            -5.48838          0.00283884
        2086            -5.54785            -5.48841          0.00283763
        2087            -5.56593            -5.48845          0.00283651
        2088             -5.6196            -5.48851          0.00283585
        2089            -5.57599            -5.48855           0.0028348
        2090            -5.50173            -5.48856          0.00283345
        2091            -5.52992            -5.48858          0.00283216
        2092            -5.39813            -5.48854          0.00283114
        2093            -5.40649             -5.4885          0.00283006
        2094            -5.41298            -5.48846          0.00282894
        2095            -5.44506            -5.48844          0.00282766
        2096            -5.42691            -5.48841          0.00282646
        2097            -5.39514            -5.48837          0.00282547
        2098            -5.41473            -5.48833          0.00282434
        2099            -5.52289            -5.48835          0.00282304
        2100             -5.6052             -5.4884          0.00282224
        2101            -5.59221            -5.48845          0.00282133
        2102             -5.5196            -5.48847          0.00282003
        2103            -5.45256            -5.48845          0.00281874
        2104            -5.39801            -5.48841          0.00281773
        2105            -5.39791            -5.48836          0.00281672
        2106            -5.52484            -5.48838          0.00281543
        2107            -5.53686             -5.4884          0.00281419
        2108            -5.51981            -5.48842           0.0028129
        2109            -5.45498             -5.4884          0.00281161
        2110            -5.40355            -5.48836          0.00281056
        2111            -5.40431            -5.48832          0.00280951
        2112            -5.39085            -5.48828          0.00280856
        2113            -5.48343            -5.48828          0.00280723
        2114            -5.53549             -5.4883          0.00280599
        2115            -5.58975            -5.48835          0.00280508
        2116            -5.57654            -5.48839          0.00280406
        2117            -5.64494            -5.48846          0.00280371
        2118            -5.59676            -5.48851          0.00280285
        2119            -5.49823            -5.48852          0.00280153
        2120             -5.4814            -5.48851          0.00280022
        2121            -5.46098             -5.4885          0.00279893
        2122            -5.50666            -5.48851          0.00279762
        2123            -5.46644             -5.4885          0.00279632
        2124            -5.37247            -5.48844          0.00279554
        2125            -5.42933            -5.48842          0.00279436
        2126            -5.49676            -5.48842          0.00279305
        2127            -5.55069            -5.48845          0.00279189
        2128            -5.61154            -5.48851          0.00279118
        2129            -5.58606            -5.48855          0.00279024
        2130             -5.5752            -5.48859          0.00278923
        2131            -5.50837             -5.4886          0.00278793
        2132            -5.39029            -5.48856          0.00278701
        2133            -5.46569            -5.48855          0.00278572
        2134            -5.47534            -5.48854          0.00278442
        2135            -5.42174            -5.48851           0.0027833
        2136            -5.54397            -5.48853          0.00278211
        2137            -5.54253            -5.48856          0.00278093
        2138            -5.52408            -5.48858          0.00277968
        2139            -5.41306            -5.48854           0.0027786
        2140            -5.39788             -5.4885          0.00277762
        2141             -5.3918            -5.48845          0.00277669
        2142            -5.49105            -5.48846           0.0027754
        2143            -5.48778            -5.48845           0.0027741
        2144            -5.50325            -5.48846          0.00277282
        2145            -5.46497            -5.48845          0.00277155
        2146            -5.60797            -5.48851          0.00277082
        2147            -5.56265            -5.48854          0.00276974
        2148            -5.50481            -5.48855          0.00276846
        2149              -5.527            -5.48857          0.00276723
        2150             -5.4558            -5.48855          0.00276599
        2151            -5.41275            -5.48852          0.00276492
        2152            -5.43392            -5.48849          0.00276376
        2153            -5.37617            -5.48844          0.00276296
        2154            -5.30129            -5.48835          0.00276305
        2155            -5.32191            -5.48827          0.00276284
        2156            -5.33774             -5.4882          0.00276244
        2157            -5.36045            -5.48815           0.0027618
        2158            -5.33162            -5.48807          0.00276147
        2159            -5.33606              -5.488          0.00276109
        2160            -5.21578            -5.48788          0.00276269
        2161            -5.21942            -5.48775           0.0027642
        2162             -5.3043            -5.48767          0.00276422
        2163            -5.35506            -5.48761          0.00276362
        2164            -5.32888            -5.48753          0.00276332
        2165             -5.2825            -5.48744          0.00276367
        2166             -5.3503            -5.48737          0.00276312
        2167            -5.30309            -5.48729          0.00276315
        2168            -5.30517            -5.48721          0.00276315
        2169            -5.28127            -5.48711          0.00276351
        2170            -5.18778            -5.48697          0.00276568
        2171            -5.20959            -5.48684          0.00276735
        2172            -5.27284            -5.48675          0.00276783
        2173            -5.22696            -5.48663          0.00276914
        2174            -5.26666            -5.48653          0.00276971
        2175            -5.23216            -5.48641          0.00277091
        2176            -5.23112            -5.48629          0.00277211
        2177            -5.08983            -5.48611          0.00277682
        2178            -5.13485            -5.48595          0.00278022
        2179            -5.16953             -5.4858          0.00278274
        2180            -5.24741            -5.48569          0.00278361
        2181            -5.30251            -5.48561           0.0027836
        2182             -5.3415            -5.48554          0.00278311
        2183            -5.37891            -5.48549          0.00278226
        2184            -5.40624            -5.48546          0.00278122
        2185            -5.38843            -5.48541           0.0027803
        2186            -5.35505            -5.48535          0.00277967
        2187            -5.45114            -5.48534          0.00277844
        2188            -5.48762            -5.48534          0.00277717
        2189            -5.53732            -5.48536          0.00277601
        2190            -5.41318            -5.48533          0.00277494
        2191            -5.45129            -5.48531          0.00277371
        2192            -5.46645            -5.48531          0.00277246
        2193            -5.47813             -5.4853           0.0027712
        2194            -5.42198            -5.48527          0.00277008
        2195            -5.47503            -5.48527          0.00276883
        2196            -5.50537            -5.48528          0.00276758
        2197            -5.52407             -5.4853          0.00276638
        2198            -5.49534             -5.4853          0.00276512
        2199            -5.51218            -5.48531          0.00276389
        2200            -5.54831            -5.48534          0.00276278
        2201            -5.54929            -5.48537          0.00276168
        2202            -5.50424            -5.48538          0.00276044
        2203            -5.51587            -5.48539          0.00275922
        2204            -5.42615            -5.48537           0.0027581
        2205            -5.43018            -5.48534          0.00275696
        2206            -5.44896            -5.48532          0.00275576
        2207            -5.44068             -5.4853          0.00275459
        2208            -5.55776            -5.48534          0.00275354
        2209            -5.50324            -5.48535           0.0027523
        2210            -5.60006             -5.4854          0.00275155
        2211            -5.54071            -5.48542          0.00275042
        2212            -5.57103            -5.48546          0.00274945
        2213            -5.49945            -5.48547          0.00274821
        2214            -5.39797            -5.48543          0.00274725
        2215             -5.3499            -5.48537          0.00274669
        2216            -5.41338            -5.48533          0.00274565
        2217             -5.3713            -5.48528          0.00274489
        2218            -5.36315            -5.48523           0.0027442
        2219            -5.46768            -5.48522          0.00274298
        2220            -5.37122            -5.48517          0.00274222
        2221            -5.37472            -5.48512          0.00274144
        2222            -5.35319            -5.48506          0.00274085
        2223            -5.38835            -5.48502          0.00273996
        2224            -5.47101            -5.48501          0.00273874
        2225            -5.48855            -5.48501          0.00273751
        2226            -5.39951            -5.48497          0.00273655
        2227            -5.40301            -5.48494          0.00273557
        2228            -5.36546            -5.48488          0.00273486
        2229            -5.34437            -5.48482          0.00273436
        2230            -5.24889            -5.48471          0.00273518
        2231            -5.20254            -5.48459          0.00273688
        2232            -5.15644            -5.48444           0.0027396
        2233            -5.14734            -5.48429          0.00274253
        2234            -5.17475            -5.48415           0.0027448
        2235            -5.34367            -5.48409          0.00274429
        2236             -5.4234            -5.48406           0.0027432
        2237            -5.42925            -5.48404          0.00274208
        2238            -5.32067            -5.48396          0.00274183
        2239            -5.25745            -5.48386          0.00274247
        2240            -5.31012            -5.48378          0.00274234
        2241            -5.39345            -5.48374          0.00274141
        2242            -5.37555             -5.4837          0.00274061
        2243            -5.38357            -5.48365          0.00273976
        2244            -5.26823            -5.48356          0.00274022
        2245            -5.31324            -5.48348          0.00274005
        2246            -5.49108            -5.48348          0.00273883
        2247            -5.53709            -5.48351          0.00273771
        2248            -5.56788            -5.48354          0.00273675
        2249            -5.59543            -5.48359          0.00273599
        2250            -5.57666            -5.48364          0.00273508
        2251            -5.43846            -5.48361          0.00273394
        2252            -5.34578            -5.48355          0.00273341
        2253             -5.3789            -5.48351          0.00273259
        2254            -5.49985            -5.48351          0.00273139
        2255            -5.54882            -5.48354          0.00273033
        2256            -5.51405            -5.48356          0.00272916
        2257            -5.37984            -5.48351          0.00272834
        2258            -5.46171             -5.4835          0.00272714
        2259            -5.60357            -5.48355          0.00272645
        2260            -5.52274            -5.48357           0.0027253
        2261            -5.47819            -5.48357           0.0027241
        2262            -5.43144            -5.48355          0.00272299
        2263            -5.50995            -5.48356          0.00272181
        2264            -5.53283            -5.48358           0.0027207
        2265            -5.48852            -5.48358           0.0027195
        2266            -5.48939            -5.48358           0.0027183
        2267            -5.53962            -5.48361          0.00271721
        2268            -5.50093            -5.48362          0.00271603
        2269            -5.62894            -5.48368          0.00271558
        2270             -5.6075            -5.48374          0.00271494
        2271            -5.58293            -5.48378          0.00271409
        2272            -5.54002             -5.4838          0.00271301
        2273            -5.57144            -5.48384          0.00271209
        2274            -5.52946            -5.48386          0.00271097
        2275            -5.52277            -5.48388          0.00270983
        2276             -5.5694            -5.48392           0.0027089
        2277            -5.56555            -5.48395          0.00270795
        2278            -5.60886            -5.48401          0.00270732
        2279            -5.55287            -5.48404           0.0027063
        2280            -5.56141            -5.48407          0.00270532
        2281            -5.58385            -5.48412          0.00270449
        2282            -5.58814            -5.48416          0.00270369
        2283             -5.5187            -5.48418          0.00270255
        2284            -5.54872             -5.4842          0.00270151
        2285            -5.61981            -5.48426          0.00270098
        2286              -5.489            -5.48427           0.0026998
        2287            -5.49457            -5.48427          0.00269862
        2288            -5.50926            -5.48428          0.00269747
        2289            -5.55348            -5.48431          0.00269646
        2290            -5.47379            -5.48431          0.00269528
        2291            -5.49562            -5.48431          0.00269411
        2292            -5.44519             -5.4843          0.00269299
        2293            -5.48382             -5.4843          0.00269182
        2294            -5.43227            -5.48427          0.00269074
        2295            -5.52646            -5.48429          0.00268963
        2296            -5.52811            -5.48431          0.00268853
        2297            -5.54443            -5.48434          0.00268748
        2298            -5.46056            -5.48433          0.00268633
        2299            -5.41131            -5.48429          0.00268535
        2300            -5.33424            -5.48423          0.00268498
        2301             -5.3858            -5.48419          0.00268415
        2302            -5.48345            -5.48419          0.00268299
        2303             -5.4635            -5.48418          0.00268184
        2304            -5.47751            -5.48417          0.00268067
        2305              -5.411            -5.48414           0.0026797
        2306            -5.36503            -5.48409          0.00267903
        2307            -5.44144            -5.48407          0.00267794
        2308            -5.45712            -5.48406           0.0026768
        2309            -5.39099            -5.48402          0.00267595
        2310            -5.42166            -5.48399          0.00267492
        2311            -5.40366            -5.48396          0.00267399
        2312            -5.41907            -5.48393          0.00267298
        2313            -5.36691            -5.48388          0.00267231
        2314              -5.421            -5.48385          0.00267129
        2315            -5.38641            -5.48381          0.00267047
        2316            -5.44874             -5.4838          0.00266936
        2317            -5.37842            -5.48375          0.00266859
        2318            -5.46237            -5.48374          0.00266746
        2319             -5.5268            -5.48376          0.00266637
        2320            -5.36997            -5.48371          0.00266567
        2321            -5.48201            -5.48371          0.00266452
        2322            -5.46864             -5.4837          0.00266338
        2323            -5.46153            -5.48369          0.00266225
        2324            -5.48215            -5.48369          0.00266111
        2325            -5.55279            -5.48372          0.00266013
        2326            -5.58734            -5.48377          0.00265936
        2327            -5.59008            -5.48381          0.00265861
        2328            -5.64407            -5.48388          0.00265836
        2329            -5.64729            -5.48395          0.00265814
        2330            -5.56935            -5.48399          0.00265726
        2331            -5.51918              -5.484          0.00265616
        2332            -5.50362            -5.48401          0.00265503
        2333             -5.5853            -5.48405          0.00265425
        2334            -5.55883            -5.48409          0.00265331
        2335            -5.57078            -5.48412          0.00265243
        2336            -5.55939            -5.48416          0.00265149
        2337            -5.54268            -5.48418          0.00265047
        2338            -5.55715            -5.48421          0.00264952
        2339            -5.55991            -5.48424          0.00264859
        2340            -5.54898            -5.48427           0.0026476
        2341            -5.52973            -5.48429          0.00264654
        2342            -5.47317            -5.48429          0.00264541
        2343            -5.61406            -5.48434          0.00264487
        2344            -5.61426             -5.4844          0.00264432
        2345            -5.68225            -5.48448          0.00264454
        2346            -5.60301            -5.48453          0.00264389
        2347            -5.46745            -5.48453          0.00264277
        2348            -5.45248            -5.48451          0.00264168
        2349            -5.45335             -5.4845          0.00264059
        2350            -5.47804             -5.4845          0.00263947
        2351            -5.47964            -5.48449          0.00263835
        2352            -5.50509             -5.4845          0.00263724
        2353             -5.4742             -5.4845          0.00263612
        2354            -5.47027            -5.48449          0.00263501
        2355            -5.48301            -5.48449          0.00263389
        2356            -5.38929            -5.48445          0.00263308
        2357            -5.42112            -5.48442           0.0026321
        2358            -5.36796            -5.48437          0.00263145
        2359             -5.4405            -5.48436           0.0026304
        2360            -5.47809            -5.48435          0.00262929
        2361            -5.42961            -5.48433          0.00262828
        2362            -5.46467            -5.48432          0.00262718
        2363            -5.45951            -5.48431          0.00262609
        2364            -5.54603            -5.48434          0.00262511
        2365            -5.53671            -5.48436          0.00262409
        2366            -5.48673            -5.48436          0.00262298
        2367            -5.43684            -5.48434          0.00262195
        2368            -5.40139            -5.48431          0.00262108
        2369            -5.50364            -5.48431          0.00261998
        2370            -5.49936            -5.48432          0.00261888
        2371            -5.36834            -5.48427          0.00261824
        2372            -5.51674            -5.48429          0.00261717
        2373            -5.46838            -5.48428          0.00261607
        2374            -5.41728            -5.48425          0.00261512
        2375            -5.44453            -5.48423          0.00261408
        2376            -5.41622             -5.4842          0.00261313
        2377            -5.49903            -5.48421          0.00261204
        2378            -5.51392            -5.48422          0.00261097
        2379            -5.54655            -5.48425          0.00261001
        2380             -5.6644            -5.48433          0.00261001
        2381            -5.60617            -5.48438          0.00260941
        2382            -5.49838            -5.48438          0.00260832
        2383            -5.50534            -5.48439          0.00260724
        2384            -5.54127            -5.48442          0.00260626
        2385            -5.42367            -5.48439          0.00260529
        2386            -5.43682            -5.48437          0.00260428
        2387            -5.50354            -5.48438           0.0026032
        2388             -5.4528            -5.48436          0.00260214
        2389            -5.43769            -5.48435          0.00260113
        2390            -5.55078            -5.48437          0.00260019
        2391            -5.51202            -5.48438          0.00259912
        2392            -5.55119            -5.48441          0.00259819
        2393            -5.47544            -5.48441           0.0025971
        2394            -5.55556            -5.48444          0.00259619
        2395            -5.57419            -5.48448          0.00259538
        2396            -5.50031            -5.48448           0.0025943
        2397            -5.49309            -5.48449          0.00259322
        2398            -5.50688             -5.4845          0.00259216
        2399            -5.48319            -5.48449          0.00259108
        2400            -5.31977            -5.48443          0.00259091
        2401             -5.4354            -5.48441          0.00258991
        2402            -5.50414            -5.48441          0.00258884
        2403            -5.46542            -5.48441          0.00258778
        2404            -5.46598             -5.4844          0.00258671
        2405            -5.48585             -5.4844          0.00258564
        2406            -5.47316            -5.48439          0.00258457
        2407            -5.40901            -5.48436          0.00258368
        2408            -5.40646            -5.48433          0.00258281
        2409            -5.42309            -5.48431          0.00258186
        2410            -5.40689            -5.48427          0.00258099
        2411            -5.41759            -5.48425          0.00258007
        2412            -5.47707            -5.48424            0.002579
        2413            -5.45655            -5.48423          0.00257796
        2414            -5.30661            -5.48416          0.00257794
        2415            -5.41327            -5.48413          0.00257704
        2416            -5.43481            -5.48411          0.00257605
        2417            -5.40689            -5.48408          0.00257519
        2418            -5.45058            -5.48406          0.00257416
        2419            -5.38157            -5.48402          0.00257344
        2420            -5.41424            -5.48399          0.00257254
        2421            -5.51997            -5.48401          0.00257152
        2422            -5.53777            -5.48403          0.00257056
        2423             -5.4334            -5.48401          0.00256958
        2424            -5.47611              -5.484          0.00256852
        2425            -5.51248            -5.48402          0.00256749
        2426            -5.52531            -5.48403          0.00256649
        2427            -5.49979            -5.48404          0.00256544
        2428            -5.57275            -5.48408          0.00256464
        2429            -5.53273             -5.4841          0.00256366
        2430            -5.42236            -5.48407          0.00256274
        2431            -5.38557            -5.48403            0.002562
        2432            -5.42933            -5.48401          0.00256105
        2433            -5.41599            -5.48398          0.00256015
        2434             -5.4326            -5.48396          0.00255918
        2435            -5.42292            -5.48393          0.00255825
        2436            -5.29867            -5.48386          0.00255833
        2437             -5.2569            -5.48376          0.00255898
        2438            -5.34051             -5.4837           0.0025586
        2439            -5.26961            -5.48362          0.00255906
        2440            -5.29321            -5.48354           0.0025592
        2441            -5.35117            -5.48348          0.00255873
        2442            -5.39547            -5.48345          0.00255793
        2443             -5.4052            -5.48342          0.00255709
        2444              -5.445             -5.4834          0.00255609
        2445            -5.46622            -5.48339          0.00255505
        2446            -5.37921            -5.48335          0.00255436
        2447            -5.35034             -5.4833           0.0025539
        2448            -5.39428            -5.48326          0.00255311
        2449            -5.45459            -5.48325           0.0025521
        2450            -5.47266            -5.48324          0.00255106
        2451            -5.48589            -5.48325          0.00255002
        2452            -5.48452            -5.48325          0.00254898
        2453            -5.53051            -5.48327          0.00254801
        2454            -5.54035            -5.48329          0.00254708
        2455             -5.5416            -5.48331          0.00254615
        2456            -5.48897            -5.48331          0.00254512
        2457            -5.53419            -5.48334          0.00254417
        2458            -5.49485            -5.48334          0.00254314
        2459            -5.41378            -5.48331          0.00254226
        2460            -5.39702            -5.48328          0.00254147
        2461            -5.35346            -5.48322          0.00254098
        2462            -5.31545            -5.48316          0.00254086
        2463            -5.38854            -5.48312          0.00254012
        2464            -5.44928             -5.4831          0.00253913
        2465            -5.46733             -5.4831          0.00253811
        2466            -5.52315            -5.48311          0.00253713
        2467            -5.52777            -5.48313          0.00253616
        2468            -5.51885            -5.48315          0.00253518
        2469            -5.59869            -5.48319          0.00253458
        2470            -5.61241            -5.48325           0.0025341
        2471             -5.5652            -5.48328          0.00253329
        2472            -5.55399            -5.48331          0.00253243
        2473            -5.53535            -5.48333          0.00253149
        2474            -5.61426            -5.48338          0.00253102
        2475            -5.62264            -5.48344          0.00253062
        2476             -5.5582            -5.48347          0.00252978
        2477            -5.44764            -5.48345           0.0025288
        2478             -5.4875            -5.48345          0.00252778
        2479            -5.46225            -5.48345          0.00252677
        2480            -5.47578            -5.48344          0.00252576
        2481            -5.46343            -5.48344          0.00252475
        2482            -5.54128            -5.48346          0.00252384
        2483            -5.51138            -5.48347          0.00252285
        2484            -5.48435            -5.48347          0.00252184
        2485             -5.5233            -5.48349          0.00252087
        2486            -5.45718            -5.48348          0.00251988
        2487            -5.46517            -5.48347          0.00251888
        2488            -5.40636            -5.48344          0.00251806
        2489            -5.37737            -5.48339           0.0025174
        2490             -5.3741            -5.48335          0.00251678
        2491            -5.39267            -5.48331          0.00251603
        2492            -5.33753            -5.48326           0.0025157
        2493            -5.33292             -5.4832          0.00251541
        2494            -5.33352            -5.48314          0.00251512
        2495            -5.38088            -5.48309          0.00251445
        2496            -5.44085            -5.48308           0.0025135
        2497            -5.37362            -5.48303          0.00251287
        2498            -5.46052            -5.48302          0.00251188
        2499              -5.358            -5.48297          0.00251137
        2500             -5.3665            -5.48293           0.0025108
        2501            -5.40856             -5.4829          0.00250997
        2502            -5.39169            -5.48286          0.00250924
        2503            -5.33634             -5.4828          0.00250892
        2504            -5.28381            -5.48272          0.00250917
        2505            -5.33028            -5.48266          0.00250891
        2506            -5.40008            -5.48263          0.00250812
        2507            -5.42267            -5.48261          0.00250724
        2508            -5.47109             -5.4826          0.00250624
        2509            -5.38221            -5.48256          0.00250556
        2510             -5.4292            -5.48254          0.00250465
        2511            -5.47888            -5.48254          0.00250366
        2512            -5.54281            -5.48256          0.00250278
        2513             -5.5985            -5.48261           0.0025022
        2514            -5.66163            -5.48268          0.00250222
        2515            -5.61676            -5.48273           0.0025018
        2516            -5.56671            -5.48277          0.00250102
        2517            -5.60929            -5.48282          0.00250054
        2518            -5.60746            -5.48287          0.00250003
        2519            -5.47192            -5.48286          0.00249904
        2520            -5.54456            -5.48289          0.00249817
        2521            -5.56375            -5.48292          0.00249739
        2522            -5.64575            -5.48298          0.00249723
        2523            -5.56006            -5.48301          0.00249643
        2524            -5.56581            -5.48305          0.00249565
        2525            -5.55967            -5.48308          0.00249485
        2526            -5.49147            -5.48308          0.00249386
        2527            -5.38388            -5.48304          0.00249319
        2528            -5.38563              -5.483           0.0024925
        2529            -5.42299            -5.48298          0.00249163
        2530            -5.45138            -5.48297          0.00249067
        2531             -5.4741            -5.48296          0.00248969
        2532             -5.4886            -5.48297          0.00248871
        2533            -5.58707            -5.48301          0.00248807
        2534            -5.50647            -5.48302           0.0024871
        2535            -5.45827            -5.48301          0.00248614
        2536            -5.48309            -5.48301          0.00248516
        2537            -5.43058            -5.48298          0.00248426
        2538            -5.43762            -5.48297          0.00248335
        2539            -5.44279            -5.48295          0.00248242
        2540             -5.4404            -5.48293           0.0024815
        2541            -5.45883            -5.48293          0.00248054
        2542            -5.47266            -5.48292          0.00247957
        2543            -5.58344            -5.48296          0.00247891
        2544            -5.58574              -5.483          0.00247827
        2545            -5.60601            -5.48305          0.00247776
        2546            -5.59264            -5.48309          0.00247716
        2547            -5.52434            -5.48311          0.00247624
        2548            -5.46305             -5.4831          0.00247528
        2549            -5.41504            -5.48307          0.00247446
        2550            -5.39132            -5.48304          0.00247375
        2551            -5.37089            -5.48299          0.00247317
        2552            -5.38615            -5.48296          0.00247249
        2553            -5.37441            -5.48291          0.00247189
        2554            -5.38891            -5.48288          0.00247119
        2555            -5.44755            -5.48286          0.00247027
        2556            -5.43319            -5.48284          0.00246938
        2557            -5.51803            -5.48286          0.00246845
        2558            -5.50416            -5.48287           0.0024675
        2559            -5.43546            -5.48285           0.0024666
        2560             -5.4749            -5.48284          0.00246564
        2561            -5.51375            -5.48286          0.00246471
        2562            -5.45654            -5.48285          0.00246377
        2563            -5.23805            -5.48275          0.00246466
        2564            -5.22889            -5.48265          0.00246568
        2565            -5.27906            -5.48257            0.002466
        2566            -5.25626            -5.48248          0.00246662
        2567            -5.37812            -5.48244          0.00246599
        2568            -5.33877            -5.48239          0.00246566
        2569            -5.39633            -5.48235          0.00246493
        2570            -5.37902            -5.48231           0.0024643
        2571            -5.47634            -5.48231          0.00246334
        2572            -5.50349            -5.48232           0.0024624
        2573            -5.50693            -5.48233          0.00246146
        2574            -5.55692            -5.48236          0.00246067
        2575             -5.4267            -5.48234          0.00245981
        2576            -5.39057             -5.4823          0.00245912
        2577            -5.43215            -5.48228          0.00245824
        2578            -5.43502            -5.48226          0.00245735
        2579            -5.48092            -5.48226           0.0024564
        2580            -5.44654            -5.48225          0.00245549
        2581            -5.37256            -5.48221          0.00245491
        2582            -5.41679            -5.48218          0.00245409
        2583            -5.38629            -5.48214          0.00245342
        2584            -5.41677            -5.48212           0.0024526
        2585            -5.42722             -5.4821          0.00245174
        2586             -5.3291            -5.48204          0.00245151
        2587             -5.4139            -5.48201           0.0024507
        2588            -5.36975            -5.48197          0.00245014
        2589            -5.32707            -5.48191          0.00244992
        2590            -5.46987             -5.4819          0.00244898
        2591             -5.5606            -5.48193          0.00244822
        2592            -5.44833            -5.48192          0.00244731
        2593            -5.44474            -5.48191          0.00244641
        2594            -5.50448            -5.48192          0.00244548
        2595            -5.47865            -5.48191          0.00244454
        2596             -5.4873            -5.48192           0.0024436
        2597            -5.45496            -5.48191          0.00244268
        2598            -5.34786            -5.48185          0.00244229
        2599            -5.38051            -5.48182          0.00244166
        2600            -5.45167             -5.4818          0.00244075
        2601             -5.4527            -5.48179          0.00243983
        2602            -5.47686            -5.48179           0.0024389
        2603            -5.38888            -5.48175          0.00243822
        2604            -5.41504            -5.48173          0.00243742
        2605            -5.41289             -5.4817          0.00243663
        2606            -5.51741            -5.48172          0.00243573
        2607            -5.48826            -5.48172           0.0024348
        2608            -5.57305            -5.48175          0.00243411
        2609            -5.59256             -5.4818          0.00243355
        2610            -5.44706            -5.48178          0.00243266
        2611            -5.42266            -5.48176          0.00243183
        2612            -5.44615            -5.48175          0.00243094
        2613            -5.34406            -5.48169          0.00243058
        2614             -5.2539            -5.48161          0.00243121
        2615             -5.2923            -5.48153          0.00243136
        2616            -5.36199            -5.48149          0.00243086
        2617            -5.32236            -5.48143          0.00243069
        2618            -5.25688            -5.48134          0.00243127
        2619            -5.35927             -5.4813          0.00243079
        2620            -5.29471            -5.48122          0.00243091
        2621             -5.3261            -5.48117           0.0024307
        2622            -5.26951            -5.48108          0.00243111
        2623            -5.23614            -5.48099          0.00243198
        2624            -5.20197            -5.48088          0.00243338
        2625            -5.32926            -5.48083          0.00243313
        2626            -5.33735            -5.48077          0.00243282
        2627            -5.20656            -5.48067          0.00243413
        2628            -5.31377             -5.4806          0.00243404
        2629            -5.25661            -5.48052           0.0024346
        2630            -5.34721            -5.48047           0.0024342
        2631            -5.35544            -5.48042          0.00243374
        2632            -5.29888            -5.48035          0.00243379
        2633             -5.3889            -5.48032          0.00243312
        2634            -5.37148            -5.48028          0.00243254
        2635            -5.29294            -5.48021          0.00243266
        2636            -5.29191            -5.48013          0.00243278
        2637             -5.3227            -5.48007          0.00243259
        2638            -5.41503            -5.48005           0.0024318
        2639            -5.40639            -5.48002          0.00243104
        2640            -5.37499            -5.47998          0.00243044
        2641             -5.4323            -5.47996          0.00242959
        2642            -5.45159            -5.47995          0.00242869
        2643            -5.32542            -5.47989          0.00242848
        2644            -5.28981            -5.47982          0.00242862
        2645            -5.35863            -5.47978          0.00242814
        2646            -5.34394            -5.47973          0.00242776
        2647            -5.40227             -5.4797          0.00242702
        2648            -5.30057            -5.47963          0.00242705
        2649            -5.33717            -5.47957          0.00242673
        2650            -5.33309            -5.47952          0.00242644
        2651             -5.2852            -5.47945          0.00242663
        2652            -5.34544             -5.4794          0.00242624
        2653            -5.39397            -5.47936          0.00242554
        2654            -5.39601            -5.47933          0.00242483
        2655            -5.44839            -5.47932          0.00242395
        2656            -5.37862            -5.47928          0.00242333
        2657            -5.56546            -5.47931          0.00242263
        2658            -5.60351            -5.47936          0.00242217
        2659            -5.58684             -5.4794           0.0024216
        2660             -5.5161            -5.47942          0.00242073
        2661            -5.54062            -5.47944          0.00241993
        2662            -5.59065            -5.47948          0.00241938
        2663            -5.58757            -5.47952          0.00241881
        2664            -5.47616            -5.47952           0.0024179
        2665            -5.46958            -5.47952            0.002417
        2666            -5.50261            -5.47952          0.00241611
        2667            -5.42696            -5.47951          0.00241528
        2668            -5.56655            -5.47954           0.0024146
        2669            -5.56976            -5.47957          0.00241393
        2670            -5.59924            -5.47962          0.00241344
        2671            -5.54386            -5.47964          0.00241266
        2672            -5.56479            -5.47967          0.00241197
        2673            -5.54246             -5.4797          0.00241118
        2674            -5.48892             -5.4797          0.00241028
        2675            -5.56076            -5.47973          0.00240957
        2676            -5.53879            -5.47975          0.00240877
        2677            -5.53318            -5.47977          0.00240795
        2678            -5.46857            -5.47977          0.00240706
        2679            -5.53208            -5.47979          0.00240624
        2680            -5.45397            -5.47978          0.00240536
        2681            -5.44069            -5.47976          0.00240451
        2682            -5.47442            -5.47976          0.00240361
        2683            -5.48747            -5.47976          0.00240272
        2684            -5.49747            -5.47977          0.00240183
        2685            -5.45997            -5.47976          0.00240095
        2686            -5.45726            -5.47975          0.00240007
        2687            -5.37304            -5.47971           0.0023995
        2688            -5.43434             -5.4797          0.00239867
        2689            -5.42913            -5.47968          0.00239785
        2690            -5.40766            -5.47965          0.00239711
        2691            -5.41433            -5.47963          0.00239634
        2692            -5.34038            -5.47958          0.00239601
        2693            -5.40383            -5.47955          0.00239528
        2694            -5.38302            -5.47951          0.00239466
        2695            -5.28061            -5.47944          0.00239491
        2696            -5.36407             -5.4794          0.00239441
        2697            -5.47194            -5.47939          0.00239352
        2698            -5.49202             -5.4794          0.00239264
        2699             -5.4948             -5.4794          0.00239176
        2700            -5.40538            -5.47938          0.00239103
        2701            -5.32461            -5.47932          0.00239083
        2702            -5.22072            -5.47922          0.00239186
        2703            -5.17506            -5.47911          0.00239362
        2704            -5.19094              -5.479          0.00239511
        2705            -5.33172            -5.47895          0.00239484
        2706            -5.34207             -5.4789          0.00239449
        2707            -5.24229            -5.47881           0.0023952
        2708            -5.38752            -5.47878          0.00239455
        2709            -5.45325            -5.47877          0.00239369
        2710            -5.47322            -5.47877           0.0023928
        2711             -5.4256            -5.47875            0.002392
        2712            -5.41561            -5.47872          0.00239123
        2713            -5.40672             -5.4787           0.0023905
        2714            -5.39039            -5.47866          0.00238984
        2715            -5.33598            -5.47861          0.00238954
        2716            -5.39527            -5.47858          0.00238885
        2717            -5.39206            -5.47855          0.00238819
        2718             -5.3196            -5.47849          0.00238802
        2719            -5.27065            -5.47841          0.00238837
        2720            -5.25762            -5.47833          0.00238887
        2721            -5.35378            -5.47829          0.00238843
        2722            -5.35631            -5.47824          0.00238797
        2723             -5.3486            -5.47819          0.00238757
        2724             -5.3672            -5.47815          0.00238704
        2725            -5.36015            -5.47811          0.00238656
        2726             -5.3082            -5.47805           0.0023865
        2727            -5.36056            -5.47801          0.00238601
        2728            -5.32473            -5.47795           0.0023858
        2729            -5.36885            -5.47791          0.00238526
        2730            -5.46886            -5.47791          0.00238439
        2731             -5.3894            -5.47787          0.00238373
        2732            -5.53772             -5.4779          0.00238296
        2733             -5.4173            -5.47787          0.00238219
        2734            -5.49726            -5.47788          0.00238133
        2735            -5.54635            -5.47791          0.00238059
        2736            -5.57732            -5.47794             0.00238
        2737             -5.5656            -5.47797          0.00237935
        2738            -5.60295            -5.47802          0.00237892
        2739            -5.56722            -5.47805          0.00237827
        2740            -5.48239            -5.47805           0.0023774
        2741            -5.39177            -5.47802          0.00237674
        2742            -5.40926              -5.478          0.00237601
        2743            -5.47953              -5.478          0.00237514
        2744            -5.43594            -5.47798          0.00237433
        2745            -5.38233            -5.47795          0.00237372
        2746            -5.32433            -5.47789          0.00237351
        2747            -5.24326            -5.47781          0.00237418
        2748            -5.35913            -5.47776          0.00237371
        2749            -5.33455            -5.47771          0.00237342
        2750            -5.34544            -5.47766          0.00237305
        2751            -5.36664            -5.47762          0.00237253
        2752            -5.35007            -5.47758          0.00237212
        2753            -5.34718            -5.47753          0.00237173
        2754            -5.37281            -5.47749          0.00237117
        2755            -5.44811            -5.47748          0.00237034
        2756              -5.525             -5.4775          0.00236954
        2757            -5.51177            -5.47751          0.00236871
        2758            -5.50191            -5.47752          0.00236787
        2759            -5.50197            -5.47753          0.00236703
        2760            -5.48298            -5.47753          0.00236617
        2761            -5.44459            -5.47752          0.00236534
        2762            -5.52293            -5.47753          0.00236454
        2763            -5.52749            -5.47755          0.00236376
        2764            -5.53614            -5.47757            0.002363
        2765            -5.59835            -5.47762          0.00236255
        2766            -5.52755            -5.47763          0.00236176
        2767            -5.52481            -5.47765          0.00236097
        2768            -5.59883             -5.4777          0.00236052
        2769            -5.56278            -5.47773          0.00235987
        2770            -5.39322             -5.4777          0.00235921
        2771            -5.46771            -5.47769          0.00235837
        2772            -5.47551            -5.47769          0.00235752
        2773            -5.52498            -5.47771          0.00235673
        2774            -5.58473            -5.47775          0.00235619
        2775            -5.59105            -5.47779           0.0023557
        2776            -5.59246            -5.47783          0.00235521
        2777            -5.47738            -5.47783          0.00235436
        2778            -5.41735            -5.47781          0.00235362
        2779            -5.42722            -5.47779          0.00235284
        2780            -5.43842            -5.47777          0.00235204
        2781            -5.49305            -5.47778           0.0023512
        2782            -5.51663            -5.47779          0.00235039
        2783            -5.46813            -5.47779          0.00234955
        2784            -5.52675            -5.47781          0.00234877
        2785            -5.56253            -5.47784          0.00234813
        2786            -5.47245            -5.47784          0.00234728
        2787            -5.50554            -5.47785          0.00234646
        2788            -5.56663            -5.47788          0.00234584
        2789            -5.55227            -5.47791          0.00234515
        2790            -5.54886            -5.47793          0.00234445
        2791            -5.47465            -5.47793          0.00234361
        2792            -5.49852            -5.47794          0.00234278
        2793            -5.53565            -5.47796          0.00234203
        2794            -5.49424            -5.47796           0.0023412
        2795            -5.47974            -5.47796          0.00234036
        2796            -5.49844            -5.47797          0.00233954
        2797            -5.49704            -5.47798          0.00233871
        2798            -5.43496            -5.47796          0.00233792
        2799            -5.49164            -5.47797          0.00233709
        2800            -5.49726            -5.47797          0.00233627
        2801            -5.49256            -5.47798          0.00233544
        2802            -5.48089            -5.47798          0.00233461
        2803            -5.39945            -5.47795          0.00233394
        2804            -5.43985            -5.47794          0.00233315
        2805            -5.43502            -5.47792          0.00233237
        2806            -5.49877            -5.47793          0.00233155
        2807            -5.55054            -5.47796          0.00233086
        2808            -5.47914            -5.47796          0.00233003
        2809            -5.50704            -5.47797          0.00232923
        2810            -5.47645            -5.47797           0.0023284
        2811            -5.48721            -5.47797          0.00232757
        2812            -5.51705            -5.47798          0.00232679
        2813            -5.53047              -5.478          0.00232603
        2814            -5.50956            -5.47801          0.00232523
        2815            -5.46491            -5.47801          0.00232441
        2816            -5.52593            -5.47803          0.00232365
        2817            -5.46577            -5.47802          0.00232283
        2818             -5.4575            -5.47802          0.00232202
        2819            -5.42045            -5.47799          0.00232128
        2820            -5.40697            -5.47797          0.00232059
        2821            -5.48255            -5.47797          0.00231977
        2822            -5.51261            -5.47798          0.00231898
        2823            -5.44052            -5.47797           0.0023182
        2824            -5.52099            -5.47799          0.00231743
        2825            -5.52884              -5.478          0.00231668
        2826            -5.49574            -5.47801          0.00231587
        2827            -5.44214              -5.478          0.00231508
        2828            -5.38543            -5.47796           0.0023145
        2829            -5.43173            -5.47795          0.00231373
        2830             -5.4525            -5.47794          0.00231293
        2831            -5.33858            -5.47789          0.00231264
        2832            -5.36784            -5.47785          0.00231215
        2833            -5.43342            -5.47784          0.00231139
        2834            -5.32718            -5.47778          0.00231118
        2835            -5.42496            -5.47776          0.00231044
        2836            -5.44892            -5.47775          0.00230965
        2837            -5.51268            -5.47777          0.00230887
        2838              -5.502            -5.47777          0.00230807
        2839            -5.47287            -5.47777          0.00230726
        2840            -5.43795            -5.47776          0.00230649
        2841            -5.49355            -5.47776          0.00230569
        2842            -5.51895            -5.47778          0.00230492
        2843            -5.51673            -5.47779          0.00230415
        2844            -5.49073             -5.4778          0.00230334
        2845            -5.41699            -5.47778          0.00230263
        2846            -5.34943            -5.47773          0.00230227
        2847            -5.36604            -5.47769          0.00230179
        2848            -5.38722            -5.47766           0.0023012
        2849            -5.36302            -5.47762          0.00230075
        2850            -5.39877            -5.47759          0.00230011
        2851            -5.42815            -5.47757          0.00229936
        2852            -5.44886            -5.47756          0.00229858
        2853            -5.38499            -5.47753            0.002298
        2854            -5.40019             -5.4775          0.00229736
        2855            -5.34787            -5.47746            0.002297
        2856            -5.35301            -5.47742          0.00229661
        2857            -5.39408            -5.47739          0.00229599
        2858            -5.38598            -5.47735          0.00229541
        2859            -5.36999            -5.47732          0.00229492
        2860            -5.39881            -5.47729          0.00229428
        2861            -5.49366            -5.47729          0.00229348
        2862            -5.48757             -5.4773          0.00229268
        2863            -5.48653             -5.4773          0.00229189
        2864             -5.5485            -5.47733          0.00229122
        2865            -5.53124            -5.47735           0.0022905
        2866            -5.53407            -5.47737          0.00228978
        2867            -5.49431            -5.47737          0.00228899
        2868            -5.47789            -5.47737           0.0022882
        2869             -5.4783            -5.47737           0.0022874
        2870             -5.5407            -5.47739          0.00228671
        2871            -5.39579            -5.47737          0.00228609
        2872            -5.46467            -5.47736           0.0022853
        2873            -5.44265            -5.47735          0.00228453
        2874            -5.50159            -5.47736          0.00228375
        2875            -5.47416            -5.47736          0.00228296
        2876            -5.50473            -5.47737          0.00228218
        2877             -5.4463            -5.47735          0.00228142
        2878            -5.45574            -5.47735          0.00228064
        2879            -5.40625            -5.47732          0.00227998
        2880            -5.35171            -5.47728           0.0022796
        2881            -5.40825            -5.47725          0.00227894
        2882            -5.30707             -5.4772          0.00227891
        2883            -5.21743            -5.47711           0.0022799
        2884            -5.30492            -5.47705          0.00227989
        2885               -5.35              -5.477          0.00227953
        2886            -5.38159            -5.47697          0.00227898
        2887            -5.37184            -5.47693          0.00227848
        2888            -5.35466            -5.47689          0.00227808
        2889            -5.29109            -5.47683           0.0022782
        2890            -5.34269            -5.47678          0.00227789
        2891            -5.44622            -5.47677          0.00227712
        2892            -5.47564            -5.47677          0.00227634
        2893            -5.42606            -5.47675          0.00227562
        2894            -5.50732            -5.47676          0.00227486
        2895            -5.54795            -5.47679           0.0022742
        2896            -5.44994            -5.47678          0.00227344
        2897            -5.42298            -5.47676          0.00227273
        2898            -5.39025            -5.47673          0.00227214
        2899            -5.34878            -5.47668          0.00227178
        2900            -5.37803            -5.47665          0.00227126
        2901            -5.35338            -5.47661          0.00227087
        2902             -5.4139            -5.47659          0.00227019
        2903            -5.57608            -5.47662          0.00226967
        2904             -5.5764            -5.47665          0.00226915
        2905            -5.54771            -5.47668           0.0022685
        2906            -5.62843            -5.47673          0.00226832
        2907            -5.63515            -5.47679          0.00226819
        2908            -5.45955            -5.47678          0.00226742
        2909            -5.40818            -5.47676          0.00226676
        2910            -5.48969            -5.47676          0.00226599
        2911            -5.54018            -5.47678          0.00226531
        2912            -5.55885            -5.47681          0.00226471
        2913            -5.54867            -5.47684          0.00226407
        2914            -5.52441            -5.47685          0.00226335
        2915            -5.51734            -5.47687          0.00226262
        2916            -5.62167            -5.47692          0.00226238
        2917              -5.562            -5.47694           0.0022618
        2918             -5.6207            -5.47699          0.00226156
        2919            -5.66788            -5.47706          0.00226173
        2920            -5.63022            -5.47711          0.00226156
        2921            -5.58983            -5.47715          0.00226112
        2922            -5.59652            -5.47719          0.00226071
        2923            -5.61004            -5.47724           0.0022604
        2924            -5.55684            -5.47726          0.00225979
        2925            -5.48136            -5.47727          0.00225902
        2926            -5.42889            -5.47725           0.0022583
        2927              -5.409            -5.47723          0.00225765
        2928             -5.3189            -5.47717          0.00225753
        2929            -5.29112            -5.47711          0.00225765
        2930            -5.29943            -5.47705           0.0022577
        2931            -5.32245            -5.47699          0.00225754
        2932             -5.3555            -5.47695          0.00225715
        2933            -5.37074            -5.47692          0.00225667
        2934            -5.37978            -5.47688          0.00225615
        2935            -5.44835            -5.47687           0.0022554
        2936            -5.33056            -5.47682          0.00225518
        2937            -5.42872            -5.47681          0.00225447
        2938            -5.39923            -5.47678          0.00225386
        2939             -5.4114            -5.47676           0.0022532
        2940            -5.46104            -5.47675          0.00225244
        2941            -5.42448            -5.47674          0.00225175
        2942            -5.39266            -5.47671          0.00225116
        2943            -5.38825            -5.47668           0.0022506
        2944            -5.28049            -5.47661          0.00225082
        2945             -5.3738            -5.47658          0.00225033
        2946            -5.39072            -5.47655          0.00224975
        2947             -5.4113            -5.47652           0.0022491
        2948            -5.33442            -5.47648          0.00224885
        2949            -5.38808            -5.47645          0.00224829
        2950            -5.42331            -5.47643           0.0022476
        2951            -5.47889            -5.47643          0.00224684
        2952            -5.42883            -5.47641          0.00224613
        2953            -5.38796            -5.47638          0.00224557
        2954            -5.34174            -5.47634          0.00224527
        2955            -5.31989            -5.47628          0.00224514
        2956            -5.31879            -5.47623          0.00224501
        2957            -5.34457            -5.47619          0.00224469
        2958            -5.40994            -5.47616          0.00224405
        2959            -5.49203            -5.47617          0.00224329
        2960            -5.40907            -5.47615          0.00224265
        2961            -5.37607            -5.47611          0.00224215
        2962            -5.43327             -5.4761          0.00224144
        2963            -5.44963            -5.47609           0.0022407
        2964             -5.3268            -5.47604          0.00224051
        2965            -5.35271              -5.476          0.00224014
        2966            -5.31674            -5.47594          0.00224003
        2967            -5.37052            -5.47591          0.00223955
        2968            -5.37395            -5.47587          0.00223906
        2969             -5.4026            -5.47585          0.00223845
        2970             -5.4509            -5.47584          0.00223771
        2971            -5.42712            -5.47582          0.00223701
        2972            -5.56283            -5.47585          0.00223645
        2973            -5.53772            -5.47587           0.0022358
        2974            -5.47659            -5.47588          0.00223505
        2975            -5.47305            -5.47587          0.00223429
        2976            -5.45893            -5.47587          0.00223355
        2977            -5.36855            -5.47583          0.00223309
        2978            -5.46269            -5.47583          0.00223235
        2979            -5.48909            -5.47583           0.0022316
        2980             -5.5324            -5.47585          0.00223093
        2981            -5.62041             -5.4759          0.00223071
        2982            -5.65272            -5.47596          0.00223075
        2983            -5.61127              -5.476          0.00223047
        2984            -5.56006            -5.47603           0.0022299
        2985             -5.4485            -5.47602          0.00222917
        2986            -5.43385            -5.47601          0.00222847
        2987            -5.49132            -5.47601          0.00222773
        2988            -5.47191            -5.47601          0.00222698
        2989             -5.4134            -5.47599          0.00222633
        2990            -5.47198            -5.47599          0.00222559
        2991            -5.45866            -5.47599          0.00222485
        2992            -5.44445            -5.47597          0.00222413
        2993            -5.44712            -5.47596          0.00222341
        2994            -5.55996            -5.47599          0.00222285
        2995            -5.52092            -5.47601          0.00222216
        2996            -5.44856              -5.476          0.00222143
        2997            -5.45494            -5.47599           0.0022207
        2998            -5.40839            -5.47597          0.00222008
        2999            -5.50478            -5.47598          0.00221936
        3000            -5.36723            -5.47594          0.00221891
        3001            -5.37947            -5.47591          0.00221841
        3002            -5.37185            -5.47588          0.00221794
        3003            -5.27154            -5.47581          0.00221824
        3004            -5.28489            -5.47574          0.00221842
        3005            -5.32115            -5.47569          0.00221827
        3006            -5.47454            -5.47569          0.00221754
        3007            -5.34047            -5.47565          0.00221725
        3008            -5.31893             -5.4756          0.00221713
        3009            -5.37453            -5.47556          0.00221665
        3010             -5.4412            -5.47555          0.00221594
        3011            -5.38074            -5.47552          0.00221543
        3012            -5.42526             -5.4755          0.00221475
        3013             -5.4426            -5.47549          0.00221405
        3014            -5.37362            -5.47546          0.00221357
        3015            -5.46051            -5.47545          0.00221284
        3016            -5.46043            -5.47545          0.00221211
        3017            -5.36745            -5.47541          0.00221167
        3018            -5.39481            -5.47539           0.0022111
        3019            -5.39317            -5.47536          0.00221053
        3020            -5.33643            -5.47531          0.00221028
        3021             -5.3865            -5.47528          0.00220974
        3022            -5.44007            -5.47527          0.00220904
        3023            -5.34593            -5.47523          0.00220873
        3024            -5.35496            -5.47519          0.00220835
        3025            -5.43446            -5.47517          0.00220767
        3026            -5.39698            -5.47515          0.00220709
        3027            -5.44393            -5.47514          0.00220638
        3028            -5.49824            -5.47515          0.00220567
        3029            -5.45485            -5.47514          0.00220495
        3030            -5.46296            -5.47514          0.00220422
        3031            -5.37537             -5.4751          0.00220374
        3032            -5.41168            -5.47508          0.00220312
        3033            -5.34095            -5.47504          0.00220283
        3034            -5.33891            -5.47499          0.00220256
        3035            -5.42586            -5.47498           0.0022019
        3036            -5.43262            -5.47496          0.00220122
        3037             -5.4803            -5.47496          0.00220049
        3038            -5.55228            -5.47499          0.00219991
        3039            -5.47903            -5.47499          0.00219919
        3040            -5.50295              -5.475          0.00219849
        3041            -5.49337            -5.47501          0.00219777
        3042            -5.51599            -5.47502          0.00219709
        3043            -5.52027            -5.47503          0.00219642
        3044            -5.52418            -5.47505          0.00219576
        3045            -5.42006            -5.47503          0.00219511
        3046             -5.4459            -5.47502          0.00219441
        3047            -5.47395            -5.47502          0.00219369
        3048             -5.6062            -5.47507          0.00219339
        3049            -5.52509            -5.47508          0.00219274
        3050            -5.46066            -5.47508          0.00219202
        3051            -5.49659            -5.47508          0.00219131
        3052            -5.48496            -5.47509           0.0021906
        3053            -5.48698            -5.47509          0.00218988
        3054            -5.44475            -5.47508          0.00218919
        3055             -5.4292            -5.47507          0.00218852
        3056            -5.36507            -5.47503           0.0021881
        3057            -5.30995            -5.47498          0.00218806
        3058            -5.36308            -5.47494          0.00218765
        3059            -5.24393            -5.47486          0.00218823
        3060            -5.37327            -5.47483          0.00218777
        3061            -5.37623             -5.4748          0.00218729
        3062            -5.41341            -5.47478          0.00218667
        3063            -5.53649             -5.4748          0.00218605
        3064            -5.44534            -5.47479          0.00218536
        3065            -5.42295            -5.47477          0.00218471
        3066            -5.37592            -5.47474          0.00218423
        3067            -5.31205            -5.47469          0.00218417
        3068            -5.36505            -5.47465          0.00218375
        3069             -5.5226            -5.47467          0.00218309
        3070            -5.51895            -5.47468          0.00218243
        3071            -5.44471            -5.47467          0.00218174
        3072            -5.48527            -5.47468          0.00218103
        3073            -5.47929            -5.47468          0.00218032
        3074            -5.47454            -5.47468          0.00217961
        3075            -5.49939            -5.47468          0.00217892
        3076             -5.5054            -5.47469          0.00217823
        3077             -5.4902             -5.4747          0.00217753
        3078            -5.59225            -5.47474          0.00217716
        3079            -5.53224            -5.47476          0.00217653
        3080            -5.58022            -5.47479          0.00217609
        3081            -5.65717            -5.47485          0.00217619
        3082            -5.64326             -5.4749          0.00217617
        3083            -5.60633            -5.47495          0.00217588
        3084            -5.58052            -5.47498          0.00217545
        3085            -5.68066            -5.47505          0.00217576
        3086            -5.60372            -5.47509          0.00217546
        3087            -5.55625            -5.47512          0.00217491
        3088            -5.49923            -5.47512          0.00217422
        3089            -5.48068            -5.47513          0.00217352
        3090            -5.58428            -5.47516           0.0021731
        3091            -5.61688            -5.47521          0.00217288
        3092            -5.53518            -5.47523          0.00217227
        3093            -5.55945            -5.47525          0.00217174
        3094            -5.50256            -5.47526          0.00217105
        3095            -5.43667            -5.47525          0.00217039
        3096            -5.43387            -5.47524          0.00216973
        3097            -5.35689             -5.4752          0.00216936
        3098            -5.47514             -5.4752          0.00216866
        3099            -5.49915            -5.47521          0.00216798
        3100            -5.47853            -5.47521          0.00216728
        3101            -5.52636            -5.47522          0.00216664
        3102            -5.45581            -5.47522          0.00216595
        3103            -5.55028            -5.47524          0.00216539
        3104            -5.52668            -5.47526          0.00216475
        3105            -5.41048            -5.47524          0.00216416
        3106            -5.39749            -5.47521          0.00216361
        3107            -5.45914            -5.47521          0.00216292
        3108            -5.39347            -5.47518          0.00216238
        3109            -5.42459            -5.47516          0.00216175
        3110            -5.46436            -5.47516          0.00216105
        3111            -5.49524            -5.47517          0.00216037
        3112            -5.43541            -5.47515          0.00215971
        3113            -5.45641            -5.47515          0.00215903
        3114            -5.42752            -5.47513          0.00215839
        3115            -5.40523            -5.47511          0.00215781
        3116            -5.45684            -5.47511          0.00215713
        3117            -5.39947            -5.47508          0.00215657
        3118            -5.38442            -5.47505          0.00215607
        3119            -5.50051            -5.47506           0.0021554
        3120            -5.42148            -5.47504          0.00215478
        3121            -5.41101            -5.47502          0.00215418
        3122            -5.36702            -5.47499          0.00215377
        3123            -5.31499            -5.47494          0.00215369
        3124            -5.33009            -5.47489           0.0021535
        3125            -5.31355            -5.47484          0.00215343
        3126            -5.31563            -5.47479          0.00215334
        3127            -5.33562            -5.47474          0.00215312
        3128            -5.38945            -5.47472           0.0021526
        3129            -5.44122            -5.47471          0.00215194
        3130            -5.45421             -5.4747          0.00215126
        3131            -5.45266            -5.47469          0.00215058
        3132            -5.48496            -5.47469           0.0021499
        3133            -5.43882            -5.47468          0.00214925
        3134            -5.42517            -5.47467          0.00214862
        3135            -5.40908            -5.47465          0.00214803
        3136            -5.45817            -5.47464          0.00214736
        3137            -5.44579            -5.47463          0.00214669
        3138             -5.3587             -5.4746          0.00214632
        3139            -5.39962            -5.47457          0.00214577
        3140            -5.37472            -5.47454          0.00214533
        3141            -5.30689            -5.47449          0.00214531
        3142            -5.43834            -5.47447          0.00214465
        3143            -5.35297            -5.47444          0.00214432
        3144            -5.39246            -5.47441           0.0021438
        3145            -5.42896             -5.4744          0.00214316
        3146            -5.45367            -5.47439          0.00214249
        3147            -5.45105            -5.47438          0.00214183
        3148            -5.52747             -5.4744          0.00214121
        3149            -5.40935            -5.47438          0.00214063
        3150             -5.4399            -5.47437          0.00213998
        3151             -5.5231            -5.47438          0.00213936
        3152            -5.53124             -5.4744          0.00213875
        3153            -5.54404            -5.47442          0.00213819
        3154            -5.39172             -5.4744          0.00213767
        3155            -5.46832            -5.47439            0.002137
        3156            -5.43721            -5.47438          0.00213635
        3157            -5.39423            -5.47436          0.00213582
        3158             -5.3471            -5.47432          0.00213553
        3159            -5.49656            -5.47432          0.00213486
        3160             -5.4503            -5.47432           0.0021342
        3161            -5.46593            -5.47431          0.00213353
        3162             -5.5224            -5.47433          0.00213291
        3163            -5.48493            -5.47433          0.00213224
        3164            -5.57665            -5.47436          0.00213181
        3165            -5.59002             -5.4744          0.00213145
        3166            -5.63205            -5.47445          0.00213136
        3167            -5.55062            -5.47447          0.00213082
        3168            -5.43891            -5.47446          0.00213018
        3169            -5.37899            -5.47443          0.00212972
        3170            -5.42707            -5.47442           0.0021291
        3171             -5.4517            -5.47441          0.00212844
        3172            -5.35674            -5.47437          0.00212809
        3173            -5.41687            -5.47436           0.0021275
        3174            -5.40097            -5.47433          0.00212695
        3175            -5.34186            -5.47429          0.00212669
        3176            -5.44293            -5.47428          0.00212604
        3177            -5.46514            -5.47428          0.00212538
        3178            -5.40751            -5.47426          0.00212481
        3179            -5.44367            -5.47425          0.00212416
        3180            -5.41008            -5.47423          0.00212359
        3181            -5.42243            -5.47421          0.00212299
        3182            -5.40401            -5.47419          0.00212244
        3183            -5.41482            -5.47417          0.00212185
        3184            -5.53356            -5.47419          0.00212127
        3185            -5.45741            -5.47418          0.00212061
        3186            -5.45081            -5.47418          0.00211995
        3187            -5.39187            -5.47415          0.00211945
        3188            -5.42582            -5.47414          0.00211883
        3189            -5.46198            -5.47413          0.00211817
        3190            -5.42597            -5.47412          0.00211756
        3191            -5.43817            -5.47411          0.00211693
        3192            -5.35538            -5.47407          0.00211659
        3193            -5.31531            -5.47402          0.00211651
        3194             -5.3705            -5.47399           0.0021161
        3195             -5.4943            -5.47399          0.00211545
        3196            -5.50464              -5.474          0.00211481
        3197            -5.41856            -5.47398          0.00211422
        3198            -5.50917              -5.474          0.00211358
        3199            -5.61477            -5.47404          0.00211338
        3200            -5.49132            -5.47405          0.00211273
        3201            -5.42409            -5.47403          0.00211213
        3202            -5.39291              -5.474          0.00211162
        3203            -5.47712            -5.47401          0.00211096
        3204            -5.44331              -5.474          0.00211032
        3205            -5.44988            -5.47399          0.00210968
        3206            -5.47654            -5.47399          0.00210902
        3207            -5.44296            -5.47398          0.00210838
        3208             -5.5089            -5.47399          0.00210775
        3209            -5.52254            -5.47401          0.00210715
        3210            -5.46031              -5.474           0.0021065
        3211            -5.41369            -5.47398          0.00210593
        3212            -5.34067            -5.47394          0.00210568
        3213            -5.32358            -5.47389          0.00210555
        3214            -5.34825            -5.47385          0.00210525
        3215            -5.28035            -5.47379          0.00210546
        3216            -5.34744            -5.47376          0.00210517
        3217            -5.35657            -5.47372          0.00210483
        3218            -5.40716             -5.4737          0.00210428
        3219            -5.35501            -5.47366          0.00210395
        3220            -5.39287            -5.47364          0.00210344
        3221            -5.46518            -5.47363          0.00210279
        3222            -5.35837             -5.4736          0.00210244
        3223            -5.35286            -5.47356          0.00210213
        3224            -5.39393            -5.47354          0.00210162
        3225            -5.42301            -5.47352          0.00210103
        3226            -5.42881            -5.47351          0.00210042
        3227            -5.39231            -5.47348          0.00209992
        3228            -5.41143            -5.47346          0.00209936
        3229             -5.4217            -5.47345          0.00209877
        3230            -5.39751            -5.47342          0.00209825
        3231            -5.45242            -5.47342          0.00209761
        3232            -5.46349            -5.47341          0.00209696
        3233            -5.48277            -5.47342          0.00209632
        3234            -5.44427            -5.47341          0.00209569
        3235            -5.46166             -5.4734          0.00209504
        3236            -5.36364            -5.47337          0.00209467
        3237             -5.2889            -5.47331           0.0020948
        3238            -5.31181            -5.47326          0.00209475
        3239              -5.371            -5.47323          0.00209434
        3240            -5.43258            -5.47322          0.00209373
        3241              -5.445            -5.47321           0.0020931
        3242            -5.42066            -5.47319          0.00209252
        3243            -5.42139            -5.47318          0.00209193
        3244            -5.45867            -5.47317          0.00209129
        3245            -5.37074            -5.47314          0.00209089
        3246            -5.43101            -5.47313          0.00209028
        3247            -5.39159             -5.4731          0.00208979
        3248            -5.42713            -5.47309          0.00208919
        3249            -5.42952            -5.47308          0.00208859
        3250            -5.38581            -5.47305          0.00208812
        3251            -5.42325            -5.47303          0.00208754
        3252            -5.48368            -5.47304           0.0020869
        3253             -5.3266            -5.47299          0.00208674
        3254            -5.26928            -5.47293          0.00208704
        3255            -5.31697            -5.47288          0.00208695
        3256            -5.34709            -5.47284          0.00208667
        3257             -5.3692            -5.47281          0.00208627
        3258            -5.41239            -5.47279          0.00208571
        3259            -5.52778            -5.47281          0.00208514
        3260            -5.43608             -5.4728          0.00208453
        3261            -5.48098             -5.4728          0.00208389
        3262            -5.56682            -5.47283          0.00208345
        3263            -5.54264            -5.47285          0.00208292
        3264            -5.49431            -5.47286           0.0020823
        3265            -5.40662            -5.47284          0.00208176
        3266            -5.38779            -5.47281          0.00208128
        3267            -5.32561            -5.47277          0.00208113
        3268            -5.24804             -5.4727          0.00208163
        3269            -5.29163            -5.47264          0.00208173
        3270            -5.38211            -5.47261          0.00208128
        3271            -5.37022            -5.47258          0.00208088
        3272            -5.37175            -5.47255          0.00208047
        3273            -5.35184            -5.47251          0.00208016
        3274            -5.41799             -5.4725          0.00207959
        3275            -5.43669            -5.47249          0.00207899
        3276            -5.40432            -5.47247          0.00207846
        3277            -5.39185            -5.47244          0.00207797
        3278             -5.3889            -5.47242          0.00207749
        3279            -5.32495            -5.47237          0.00207734
        3280            -5.36243            -5.47234          0.00207698
        3281            -5.44373            -5.47233          0.00207637
        3282            -5.43037            -5.47232          0.00207577
        3283            -5.43316             -5.4723          0.00207517
        3284            -5.43974            -5.47229          0.00207457
        3285            -5.51624            -5.47231          0.00207398
        3286            -5.41152            -5.47229          0.00207343
        3287            -5.46035            -5.47229           0.0020728
        3288            -5.48613            -5.47229          0.00207218
        3289            -5.37394            -5.47226          0.00207176
        3290            -5.35262            -5.47222          0.00207145
        3291             -5.4237            -5.47221          0.00207087
        3292            -5.41054            -5.47219          0.00207033
        3293            -5.37819            -5.47216           0.0020699
        3294            -5.32288            -5.47212          0.00206976
        3295            -5.33754            -5.47208          0.00206954
        3296            -5.40071            -5.47205          0.00206902
        3297            -5.41256            -5.47204          0.00206848
        3298            -5.33215            -5.47199          0.00206828
        3299            -5.35407            -5.47196          0.00206797
        3300            -5.25508            -5.47189          0.00206838
        3301            -5.35748            -5.47186          0.00206805
        3302            -5.37033            -5.47183          0.00206765
        3303            -5.42071            -5.47181          0.00206708
        3304            -5.39235            -5.47179           0.0020666
        3305              -5.398            -5.47176          0.00206609
        3306            -5.42152            -5.47175          0.00206552
        3307            -5.32023             -5.4717           0.0020654
        3308            -5.26174            -5.47164          0.00206576
        3309            -5.36546            -5.47161          0.00206538
        3310            -5.37671            -5.47158          0.00206496
        3311            -5.39798            -5.47156          0.00206445
        3312            -5.34758            -5.47152          0.00206417
        3313            -5.28904            -5.47146          0.00206428
        3314            -5.25634             -5.4714          0.00206468
        3315            -5.31228            -5.47135          0.00206461
        3316            -5.39513            -5.47133          0.00206412
        3317            -5.42921            -5.47132          0.00206353
        3318            -5.33855            -5.47128           0.0020633
        3319            -5.41377            -5.47126          0.00206275
        3320            -5.45673            -5.47125          0.00206213
        3321            -5.48441            -5.47126          0.00206152
        3322            -5.47383            -5.47126           0.0020609
        3323             -5.4598            -5.47126          0.00206028
        3324            -5.44805            -5.47125          0.00205967
        3325            -5.35317            -5.47121          0.00205936
        3326            -5.32076            -5.47117          0.00205924
        3327            -5.31734            -5.47112          0.00205914
        3328            -5.41528             -5.4711          0.00205859
        3329            -5.41795            -5.47109          0.00205803
        3330            -5.43131            -5.47108          0.00205745
        3331            -5.38678            -5.47105          0.00205698
        3332            -5.39398            -5.47103           0.0020565
        3333            -5.34773            -5.47099          0.00205621
        3334            -5.31521            -5.47094          0.00205613
        3335             -5.2863            -5.47089          0.00205625
        3336            -5.22035            -5.47081          0.00205701
        3337            -5.25266            -5.47075          0.00205743
        3338             -5.2963             -5.4707          0.00205748
        3339            -5.32121            -5.47065          0.00205735
        3340            -5.43015            -5.47064          0.00205677
        3341            -5.33222             -5.4706          0.00205657
        3342            -5.34935            -5.47056          0.00205628
        3343            -5.25412             -5.4705          0.00205668
        3344            -5.26968            -5.47044          0.00205694
        3345            -5.29293            -5.47038          0.00205701
        3346            -5.30453            -5.47033          0.00205699
        3347            -5.31607            -5.47029          0.00205689
        3348            -5.30976            -5.47024          0.00205684
        3349            -5.40071            -5.47022          0.00205633
        3350             -5.3256            -5.47018          0.00205617
        3351             -5.4124            -5.47016          0.00205563
        3352            -5.46073            -5.47016          0.00205502
        3353            -5.46835            -5.47016           0.0020544
        3354            -5.45044            -5.47015           0.0020538
        3355            -5.43373            -5.47014          0.00205322
        3356            -5.42792            -5.47013          0.00205264
        3357            -5.41088            -5.47011          0.00205211
        3358            -5.40635            -5.47009          0.00205158
        3359            -5.33908            -5.47005          0.00205134
        3360            -5.38836            -5.47003          0.00205088
        3361            -5.35633            -5.46999          0.00205055
        3362            -5.36998            -5.46996          0.00205015
        3363            -5.43221            -5.46995          0.00204957
        3364            -5.43921            -5.46994          0.00204898
        3365            -5.42401            -5.46993          0.00204842
        3366            -5.34399            -5.46989          0.00204815
        3367            -5.30117            -5.46984          0.00204816
        3368            -5.37239            -5.46981          0.00204775
        3369            -5.38543            -5.46979           0.0020473
        3370            -5.43341            -5.46978          0.00204672
        3371            -5.32149            -5.46973          0.00204659
        3372            -5.41809            -5.46972          0.00204604
        3373            -5.43508            -5.46971          0.00204546
        3374            -5.45387             -5.4697          0.00204486
        3375            -5.44134            -5.46969          0.00204427
        3376             -5.4025            -5.46967          0.00204376
        3377            -5.39016            -5.46965          0.00204329
        3378            -5.33769            -5.46961          0.00204306
        3379            -5.35478            -5.46958          0.00204274
        3380            -5.37571            -5.46955          0.00204232
        3381            -5.41873            -5.46954          0.00204177
        3382            -5.36983            -5.46951          0.00204138
        3383            -5.32568            -5.46946          0.00204122
        3384            -5.37447            -5.46943          0.00204081
        3385            -5.23955            -5.46937          0.00204134
        3386            -5.33655            -5.46933          0.00204111
        3387            -5.41497            -5.46931          0.00204057
        3388            -5.43322             -5.4693             0.00204
        3389            -5.49487            -5.46931          0.00203941
        3390            -5.54216            -5.46933          0.00203892
        3391            -5.57921            -5.46936          0.00203858
        3392            -5.54824            -5.46939          0.00203811
        3393             -5.4915            -5.46939          0.00203752
        3394            -5.45105            -5.46939          0.00203692
        3395            -5.39931            -5.46937          0.00203643
        3396             -5.3642            -5.46934          0.00203606
        3397            -5.41222            -5.46932          0.00203553
        3398            -5.41226             -5.4693            0.002035
        3399            -5.34759            -5.46927          0.00203472
        3400            -5.43369            -5.46926          0.00203415
        3401            -5.44409            -5.46925          0.00203356
        3402            -5.31546             -5.4692          0.00203347
        3403            -5.28672            -5.46915          0.00203358
        3404            -5.29627             -5.4691          0.00203362
        3405             -5.3815            -5.46907          0.00203318
        3406            -5.45101            -5.46907          0.00203259
        3407            -5.54165            -5.46909          0.00203211
        3408            -5.61448            -5.46913          0.00203196
        3409            -5.51679            -5.46915          0.00203141
        3410            -5.54117            -5.46917          0.00203092
        3411            -5.53866            -5.46919          0.00203043
        3412            -5.50286             -5.4692          0.00202986
        3413            -5.42467            -5.46918          0.00202931
        3414            -5.49848            -5.46919          0.00202873
        3415            -5.51062             -5.4692          0.00202817
        3416            -5.44732             -5.4692          0.00202759
        3417            -5.34546            -5.46916          0.00202732
        3418            -5.46357            -5.46916          0.00202673
        3419             -5.3748            -5.46913          0.00202632
        3420            -5.39167            -5.46911          0.00202586
        3421            -5.43221             -5.4691          0.00202529
        3422            -5.43806            -5.46909          0.00202472
        3423             -5.4532            -5.46909          0.00202413
        3424            -5.43013            -5.46907          0.00202357
        3425            -5.44212            -5.46907            0.002023
        3426            -5.46865            -5.46907          0.00202241
        3427            -5.43477            -5.46906          0.00202184
        3428            -5.34951            -5.46902          0.00202155
        3429            -5.36591            -5.46899          0.00202119
        3430            -5.38587            -5.46897          0.00202074
        3431            -5.43258            -5.46896          0.00202018
        3432            -5.47079            -5.46896          0.00201959
        3433            -5.49635            -5.46896          0.00201902
        3434            -5.38191            -5.46894          0.00201859
        3435            -5.39507            -5.46892          0.00201812
        3436            -5.49368            -5.46893          0.00201755
        3437            -5.43229            -5.46891          0.00201699
        3438            -5.44919            -5.46891          0.00201641
        3439            -5.43917             -5.4689          0.00201584
        3440            -5.44325            -5.46889          0.00201527
        3441            -5.28944            -5.46884          0.00201536
        3442            -5.40515            -5.46882          0.00201486
        3443            -5.35378            -5.46879          0.00201455
        3444            -5.34984            -5.46875          0.00201426
        3445            -5.35707            -5.46872          0.00201394
        3446            -5.34554            -5.46869          0.00201367
        3447            -5.37867            -5.46866          0.00201325
        3448            -5.38722            -5.46864          0.00201281
        3449            -5.31225            -5.46859          0.00201274
        3450            -5.35727            -5.46856          0.00201241
        3451            -5.43443            -5.46855          0.00201185
        3452            -5.44404            -5.46854          0.00201128
        3453            -5.39013            -5.46852          0.00201083
        3454            -5.39852             -5.4685          0.00201035
        3455            -5.46143             -5.4685          0.00200977
        3456            -5.41294            -5.46848          0.00200925
        3457            -5.46981            -5.46848          0.00200867
        3458            -5.44607            -5.46847           0.0020081
        3459            -5.39291            -5.46845          0.00200764
        3460            -5.36568            -5.46842          0.00200728
        3461            -5.39793             -5.4684           0.0020068
        3462            -5.34411            -5.46837          0.00200654
        3463            -5.37426            -5.46834          0.00200614
        3464            -5.30737            -5.46829           0.0020061
        3465            -5.34823            -5.46826          0.00200582
        3466            -5.29149            -5.46821          0.00200589
        3467            -5.22769            -5.46814          0.00200651
        3468            -5.18835            -5.46806          0.00200756
        3469            -5.29029            -5.46801          0.00200763
        3470            -5.29303            -5.46796          0.00200769
        3471            -5.20166            -5.46788          0.00200857
        3472            -5.12659            -5.46778           0.0020104
        3473            -5.24308            -5.46772          0.00201086
        3474            -5.35605            -5.46768          0.00201054
        3475             -5.2925            -5.46763          0.00201059
        3476            -5.44301            -5.46763          0.00201003
        3477            -5.39033             -5.4676          0.00200957
        3478            -5.32152            -5.46756          0.00200943
        3479            -5.25756             -5.4675          0.00200976
        3480            -5.28483            -5.46745          0.00200987
        3481            -5.38242            -5.46742          0.00200944
        3482            -5.43642            -5.46742          0.00200888
        3483            -5.50708            -5.46743          0.00200834
        3484            -5.39861            -5.46741          0.00200786
        3485            -5.40297            -5.46739          0.00200737
        3486            -5.46942            -5.46739          0.00200679
        3487            -5.54177            -5.46741          0.00200633
        3488            -5.41669             -5.4674          0.00200581
        3489            -5.43794            -5.46739          0.00200525
        3490            -5.50885             -5.4674          0.00200471
        3491            -5.38503            -5.46738          0.00200428
        3492            -5.48975            -5.46738          0.00200371
        3493            -5.43571            -5.46737          0.00200316
        3494            -5.42275            -5.46736          0.00200263
        3495            -5.49667            -5.46737          0.00200207
        3496             -5.4478            -5.46736          0.00200151
        3497            -5.46471            -5.46736          0.00200093
        3498             -5.4807            -5.46737          0.00200037
        3499            -5.53273            -5.46739          0.00199988
        3500             -5.5258             -5.4674          0.00199938
        3501             -5.4321            -5.46739          0.00199883
        3502            -5.49702             -5.4674          0.00199828
        3503            -5.44254            -5.46739          0.00199772
        3504            -5.41309            -5.46738          0.00199721
        3505            -5.38038            -5.46735           0.0019968
        3506            -5.35214            -5.46732           0.0019965
        3507            -5.31501            -5.46728           0.0019964
        3508            -5.34436            -5.46724          0.00199614
        3509            -5.24281            -5.46718          0.00199659
        3510            -5.32274            -5.46714          0.00199645
        3511            -5.27376            -5.46708          0.00199664
        3512            -5.27825            -5.46703           0.0019968
        3513            -5.25741            -5.46697          0.00199712
        3514            -5.22566             -5.4669          0.00199773
        3515            -5.34493            -5.46686          0.00199746
        3516            -5.34633            -5.46683          0.00199719
        3517            -5.38579            -5.46681          0.00199676
        3518            -5.43356             -5.4668          0.00199621
        3519            -5.54934            -5.46682          0.00199578
        3520            -5.62411            -5.46687          0.00199571
        3521             -5.6587            -5.46692          0.00199589
        3522            -5.56077            -5.46695           0.0019955
        3523             -5.5781            -5.46698          0.00199518
        3524            -5.57895            -5.46701          0.00199487
        3525             -5.5736            -5.46704          0.00199453
        3526            -5.60037            -5.46708          0.00199433
        3527            -5.57247            -5.46711          0.00199399
        3528            -5.50703            -5.46712          0.00199345
        3529            -5.46369            -5.46712          0.00199289
        3530            -5.44878            -5.46711          0.00199233
        3531            -5.44596            -5.46711          0.00199178
        3532            -5.39183            -5.46709          0.00199133
        3533            -5.40438            -5.46707          0.00199084
        3534            -5.42404            -5.46706          0.00199031
        3535            -5.37646            -5.46703          0.00198992
        3536            -5.50262            -5.46704          0.00198938
        3537            -5.43576            -5.46703          0.00198884
        3538             -5.4455            -5.46703          0.00198828
        3539            -5.49181            -5.46703          0.00198773
        3540             -5.4647            -5.46703          0.00198717
        3541            -5.42324            -5.46702          0.00198665
        3542              -5.436            -5.46701          0.00198611
        3543            -5.32706            -5.46697          0.00198594
        3544            -5.30961            -5.46693          0.00198588
        3545            -5.41048            -5.46691          0.00198538
        3546            -5.53246            -5.46693          0.00198491
        3547            -5.55477            -5.46695           0.0019845
        3548            -5.52095            -5.46697            0.001984
        3549            -5.54441            -5.46699          0.00198356
        3550            -5.68725            -5.46705          0.00198397
        3551             -5.6308             -5.4671          0.00198395
        3552            -5.62964            -5.46715          0.00198392
        3553            -5.63048            -5.46719          0.00198389
        3554            -5.58165            -5.46722           0.0019836
        3555            -5.63108            -5.46727          0.00198357
        3556             -5.6094            -5.46731          0.00198342
        3557            -5.71494            -5.46738          0.00198408
        3558            -5.70002            -5.46744           0.0019846
        3559            -5.60743            -5.46748          0.00198443
        3560            -5.59582            -5.46752           0.0019842
        3561            -5.58241            -5.46755          0.00198391
        3562            -5.53133            -5.46757          0.00198343
        3563             -5.5194            -5.46758          0.00198293
        3564            -5.48773            -5.46759          0.00198238
        3565              -5.555            -5.46761          0.00198198
        3566            -5.57816            -5.46765          0.00198166
        3567            -5.53684            -5.46767           0.0019812
        3568            -5.54439            -5.46769          0.00198076
        3569            -5.46841            -5.46769          0.00198021
        3570            -5.34303            -5.46765          0.00197996
        3571            -5.34966            -5.46762          0.00197968
        3572            -5.39102             -5.4676          0.00197925
        3573            -5.34497            -5.46756          0.00197899
        3574            -5.47045            -5.46756          0.00197844
        3575             -5.4456            -5.46756          0.00197789
        3576            -5.40695            -5.46754          0.00197741
        3577            -5.37366            -5.46751          0.00197703
        3578            -5.31033            -5.46747          0.00197697
        3579             -5.3942            -5.46745          0.00197652
        3580            -5.38667            -5.46743           0.0019761
        3581             -5.3643             -5.4674          0.00197576
        3582            -5.38196            -5.46737          0.00197535
        3583            -5.47029            -5.46738           0.0019748
        3584            -5.39063            -5.46735          0.00197436
        3585            -5.36665            -5.46733          0.00197401
        3586            -5.37111             -5.4673          0.00197364
        3587            -5.31557            -5.46726          0.00197355
        3588            -5.41077            -5.46724          0.00197306
        3589            -5.42915            -5.46723          0.00197254
        3590            -5.48014            -5.46723          0.00197199
        3591            -5.46524            -5.46723          0.00197144
        3592            -5.47407            -5.46724           0.0019709
        3593            -5.43405            -5.46723          0.00197037
        3594            -5.39154            -5.46721          0.00196993
        3595              -5.527            -5.46722          0.00196945
        3596            -5.53388            -5.46724          0.00196899
        3597            -5.49812            -5.46725          0.00196847
        3598            -5.50269            -5.46726          0.00196794
        3599            -5.45507            -5.46726           0.0019674
        3600            -5.43919            -5.46725          0.00196687
        3601            -5.48444            -5.46725          0.00196633
        3602            -5.45837            -5.46725          0.00196578
        3603            -5.54261            -5.46727          0.00196535
        3604            -5.54793            -5.46729          0.00196493
        3605             -5.5801            -5.46732          0.00196464
        3606            -5.60897            -5.46736          0.00196448
        3607            -5.55849            -5.46739           0.0019641
        3608            -5.49455             -5.4674          0.00196357
        3609            -5.48685             -5.4674          0.00196303
        3610            -5.56851            -5.46743          0.00196269
        3611            -5.47319            -5.46743          0.00196215
        3612            -5.52374            -5.46745          0.00196167
        3613            -5.56204            -5.46747           0.0019613
        3614            -5.55619             -5.4675          0.00196091
        3615            -5.59758            -5.46753           0.0019607
        3616            -5.60676            -5.46757          0.00196053
        3617            -5.62351            -5.46762          0.00196046
        3618            -5.56916            -5.46764          0.00196012
        3619             -5.4932            -5.46765          0.00195959
        3620            -5.53846            -5.46767          0.00195915
        3621            -5.45494            -5.46767          0.00195861
        3622            -5.43285            -5.46766           0.0019581
        3623             -5.3188            -5.46762          0.00195799
        3624            -5.30465            -5.46757          0.00195796
        3625            -5.30008            -5.46753          0.00195797
        3626            -5.37281             -5.4675           0.0019576
        3627            -5.30505            -5.46745          0.00195757
        3628             -5.3568            -5.46742          0.00195727
        3629            -5.32202            -5.46738          0.00195714
        3630            -5.41369            -5.46737          0.00195666
        3631            -5.40145            -5.46735          0.00195621
        3632            -5.40259            -5.46733          0.00195575
        3633            -5.51316            -5.46735          0.00195525
        3634            -5.40063            -5.46733           0.0019548
        3635            -5.42974            -5.46732          0.00195429
        3636            -5.38886             -5.4673          0.00195387
        3637            -5.46912             -5.4673          0.00195333
        3638            -5.50992            -5.46731          0.00195283
        3639            -5.53879            -5.46733          0.00195239
        3640            -5.52627            -5.46734          0.00195192
        3641             -5.4636            -5.46734          0.00195139
        3642            -5.52736            -5.46736          0.00195092
        3643            -5.52475            -5.46737          0.00195045
        3644            -5.46532            -5.46737          0.00194991
        3645            -5.50742            -5.46738          0.00194941
        3646            -5.58798            -5.46742          0.00194916
        3647            -5.56023            -5.46744          0.00194879
        3648             -5.5765            -5.46747          0.00194848
        3649            -5.55168             -5.4675          0.00194809
        3650            -5.57544            -5.46753          0.00194778
        3651            -5.59317            -5.46756          0.00194755
        3652            -5.59437             -5.4676          0.00194732
        3653            -5.44875            -5.46759           0.0019468
        3654            -5.47539            -5.46759          0.00194627
        3655            -5.43568            -5.46758          0.00194575
        3656            -5.31382            -5.46754          0.00194567
        3657            -5.43034            -5.46753          0.00194517
        3658            -5.45262            -5.46753          0.00194464
        3659            -5.39022            -5.46751          0.00194423
        3660             -5.4014            -5.46749          0.00194378
        3661             -5.4355            -5.46748          0.00194327
        3662            -5.43146            -5.46747          0.00194276
        3663            -5.42306            -5.46746          0.00194227
        3664            -5.46453            -5.46746          0.00194174
        3665            -5.52686            -5.46747          0.00194128
        3666            -5.46888            -5.46747          0.00194075
        3667            -5.39782            -5.46745          0.00194031
        3668            -5.46649            -5.46745          0.00193978
        3669            -5.49584            -5.46746          0.00193927
        3670            -5.48419            -5.46747          0.00193874
        3671            -5.45492            -5.46746          0.00193822
        3672            -5.59798             -5.4675          0.00193802
        3673            -5.53688            -5.46752          0.00193758
        3674            -5.53943            -5.46754          0.00193715
        3675            -5.48133            -5.46754          0.00193663
        3676            -5.56801            -5.46757           0.0019363
        3677            -5.64991            -5.46762           0.0019364
        3678            -5.61464            -5.46766          0.00193629
        3679            -5.55663            -5.46768          0.00193592
        3680            -5.52827             -5.4677          0.00193546
        3681            -5.51453            -5.46771          0.00193498
        3682            -5.53787            -5.46773          0.00193454
        3683            -5.56125            -5.46775          0.00193419
        3684            -5.51292            -5.46777           0.0019337
        3685            -5.49287            -5.46777          0.00193319
        3686            -5.54542             -5.4678          0.00193278
        3687            -5.57163            -5.46782          0.00193246
        3688             -5.4831            -5.46783          0.00193194
        3689            -5.41505            -5.46781          0.00193147
        3690            -5.46704            -5.46781          0.00193094
        3691            -5.49944            -5.46782          0.00193044
        3692            -5.52008            -5.46784          0.00192997
        3693            -5.44412            -5.46783          0.00192946
        3694             -5.4541            -5.46783          0.00192894
        3695            -5.49181            -5.46783          0.00192843
        3696            -5.45515            -5.46783          0.00192791
        3697            -5.44334            -5.46782           0.0019274
        3698            -5.44833            -5.46782          0.00192688
        3699            -5.47444            -5.46782          0.00192636
        3700            -5.54131            -5.46784          0.00192595
        3701            -5.48891            -5.46784          0.00192543
        3702            -5.53001            -5.46786          0.00192499
        3703            -5.60859             -5.4679          0.00192484
        3704            -5.66351            -5.46795          0.00192505
        3705            -5.64711              -5.468          0.00192513
        3706            -5.62888            -5.46804           0.0019251
        3707             -5.6191            -5.46808          0.00192502
        3708            -5.53476             -5.4681          0.00192458
        3709             -5.5869            -5.46813          0.00192433
        3710            -5.61396            -5.46817          0.00192421
        3711             -5.6054            -5.46821          0.00192405
        3712            -5.62107            -5.46825          0.00192397
        3713            -5.64322             -5.4683          0.00192403
        3714            -5.66317            -5.46835          0.00192423
        3715            -5.65231             -5.4684          0.00192435
        3716            -5.56348            -5.46843            0.001924
        3717            -5.55584            -5.46845          0.00192362
        3718            -5.49188            -5.46846          0.00192312
        3719            -5.42428            -5.46844          0.00192264
        3720            -5.46898            -5.46844          0.00192212
        3721             -5.4743            -5.46845           0.0019216
        3722            -5.53785            -5.46846          0.00192118
        3723            -5.53569            -5.46848          0.00192075
        3724            -5.57859            -5.46851          0.00192046
        3725            -5.54367            -5.46853          0.00192005
        3726            -5.54523            -5.46855          0.00191964
        3727            -5.45922            -5.46855          0.00191913
        3728            -5.55761            -5.46857          0.00191876
        3729              -5.586            -5.46861          0.00191851
        3730            -5.56448            -5.46863          0.00191817
        3731            -5.59948            -5.46867          0.00191797
        3732            -5.45355            -5.46866          0.00191746
        3733            -5.50789            -5.46867          0.00191698
        3734            -5.59591            -5.46871          0.00191677
        3735            -5.56444            -5.46873          0.00191643
        3736             -5.5455            -5.46875          0.00191602
        3737            -5.55049            -5.46878          0.00191563
        3738            -5.54725             -5.4688          0.00191524
        3739             -5.6049            -5.46883          0.00191507
        3740            -5.69027            -5.46889          0.00191547
        3741            -5.74209            -5.46896          0.00191635
        3742            -5.62693            -5.46901          0.00191631
        3743            -5.61888            -5.46905          0.00191621
        3744            -5.68399             -5.4691          0.00191656
        3745            -5.69126            -5.46916          0.00191697
        3746             -5.6041             -5.4692          0.00191679
        3747            -5.66992            -5.46925          0.00191703
        3748            -5.64316             -5.4693          0.00191708
        3749            -5.61672            -5.46934          0.00191697
        3750             -5.5774            -5.46937          0.00191668
        3751             -5.4941            -5.46937          0.00191618
        3752            -5.48318            -5.46938          0.00191567
        3753            -5.45379            -5.46937          0.00191517
        3754            -5.38144            -5.46935           0.0019148
        3755            -5.29539             -5.4693          0.00191485
        3756            -5.36776            -5.46928          0.00191453
        3757            -5.49613            -5.46928          0.00191403
        3758            -5.42554            -5.46927          0.00191356
        3759            -5.48682            -5.46928          0.00191306
        3760            -5.49399            -5.46928          0.00191256
        3761            -5.51217             -5.4693          0.00191208
        3762            -5.50192             -5.4693           0.0019116
        3763            -5.50387            -5.46931          0.00191111
        3764            -5.53909            -5.46933          0.00191069
        3765            -5.58044            -5.46936          0.00191041
        3766             -5.6235             -5.4694          0.00191034
        3767            -5.57141            -5.46943          0.00191003
        3768            -5.63877            -5.46947          0.00191005
        3769            -5.56924             -5.4695          0.00190973
        3770             -5.5604            -5.46952          0.00190937
        3771            -5.60149            -5.46956          0.00190919
        3772            -5.49999            -5.46957           0.0019087
        3773            -5.53243            -5.46958          0.00190826
        3774            -5.40141            -5.46957          0.00190784
        3775            -5.47421            -5.46957          0.00190734
        3776            -5.46934            -5.46957          0.00190683
        3777            -5.54851            -5.46959          0.00190644
        3778            -5.46648            -5.46959          0.00190594
        3779            -5.36929            -5.46956          0.00190562
        3780            -5.34065            -5.46953          0.00190542
        3781            -5.36731             -5.4695          0.00190511
        3782            -5.42184            -5.46949          0.00190465
        3783            -5.47245            -5.46949          0.00190414
        3784             -5.4814            -5.46949          0.00190364
        3785            -5.53398            -5.46951          0.00190322
        3786            -5.39437            -5.46949          0.00190282
        3787            -5.30925            -5.46945          0.00190278
        3788            -5.36781            -5.46942          0.00190247
        3789            -5.30628            -5.46938          0.00190246
        3790            -5.45692            -5.46937          0.00190196
        3791             -5.4999            -5.46938          0.00190147
        3792            -5.47554            -5.46938          0.00190097
        3793            -5.41265            -5.46937          0.00190053
        3794            -5.37075            -5.46934          0.00190021
        3795            -5.44257            -5.46933          0.00189972
        3796            -5.46304            -5.46933          0.00189922
        3797            -5.41008            -5.46932          0.00189878
        3798            -5.48377            -5.46932          0.00189829
        3799            -5.56526            -5.46935          0.00189795
        3800              -5.525            -5.46936          0.00189751
        3801            -5.53676            -5.46938           0.0018971
        3802            -5.51336            -5.46939          0.00189663
        3803            -5.65379            -5.46944          0.00189675
        3804            -5.64093            -5.46948          0.00189679
        3805              -5.645            -5.46953          0.00189685
        3806            -5.60613            -5.46957          0.00189669
        3807            -5.62376            -5.46961          0.00189663
        3808            -5.61531            -5.46964          0.00189652
        3809            -5.62997            -5.46969          0.00189648
        3810            -5.57571            -5.46971          0.00189619
        3811            -5.53906            -5.46973          0.00189578
        3812            -5.51986            -5.46975          0.00189533
        3813            -5.43749            -5.46974          0.00189485
        3814            -5.47066            -5.46974          0.00189435
        3815            -5.48371            -5.46974          0.00189386
        3816            -5.52806            -5.46976          0.00189343
        3817            -5.42791            -5.46975          0.00189296
        3818            -5.41679            -5.46973          0.00189252
        3819             -5.4392            -5.46972          0.00189204
        3820            -5.47678            -5.46973          0.00189154
        3821            -5.47294            -5.46973          0.00189105
        3822            -5.48267            -5.46973          0.00189056
        3823            -5.53786            -5.46975          0.00189015
        3824            -5.51721            -5.46976          0.00188969
        3825            -5.45709            -5.46976           0.0018892
        3826            -5.47866            -5.46976          0.00188871
        3827            -5.52767            -5.46977          0.00188828
        3828            -5.59897            -5.46981          0.00188809
        3829            -5.59603            -5.46984          0.00188788
        3830            -5.60713            -5.46988          0.00188773
        3831            -5.71615            -5.46994          0.00188833
        3832             -5.5958            -5.46997          0.00188812
        3833            -5.61254            -5.47001            0.001888
        3834            -5.56103            -5.47004          0.00188765
        3835            -5.44789            -5.47003          0.00188717
        3836            -5.45743            -5.47003          0.00188668
        3837            -5.45563            -5.47002          0.00188619
        3838            -5.46158            -5.47002           0.0018857
        3839            -5.48207            -5.47002          0.00188521
        3840            -5.58886            -5.47005          0.00188498
        3841            -5.56953            -5.47008          0.00188466
        3842            -5.59211            -5.47011          0.00188444
        3843            -5.53147            -5.47013          0.00188402
        3844            -5.40589            -5.47011           0.0018836
        3845            -5.37311            -5.47009          0.00188328
        3846            -5.47657            -5.47009          0.00188279
        3847            -5.46507            -5.47009           0.0018823
        3848            -5.44528            -5.47008          0.00188182
        3849            -5.40686            -5.47006          0.00188141
        3850            -5.43849            -5.47006          0.00188094
        3851            -5.46247            -5.47005          0.00188045
        3852            -5.49949            -5.47006          0.00187998
        3853            -5.49225            -5.47007           0.0018795
        3854             -5.4343            -5.47006          0.00187903
        3855            -5.50004            -5.47007          0.00187856
        3856            -5.53889            -5.47008          0.00187816
        3857            -5.55399             -5.4701           0.0018778
        3858            -5.52489            -5.47012          0.00187736
        3859            -5.55722            -5.47014          0.00187701
        3860            -5.47727            -5.47014          0.00187653
        3861            -5.45396            -5.47014          0.00187605
        3862             -5.5117            -5.47015          0.00187559
        3863            -5.50232            -5.47016          0.00187513
        3864            -5.57262            -5.47018          0.00187483
        3865            -5.63865            -5.47023          0.00187485
        3866             -5.6379            -5.47027          0.00187487
        3867            -5.50987            -5.47028          0.00187441
        3868            -5.53169             -5.4703          0.00187399
        3869            -5.60093            -5.47033          0.00187381
        3870            -5.62651            -5.47037          0.00187376
        3871             -5.6027            -5.47041          0.00187359
        3872            -5.40283            -5.47039          0.00187319
        3873             -5.4516            -5.47038          0.00187271
        3874            -5.51929             -5.4704          0.00187227
        3875            -5.44993            -5.47039          0.00187179
        3876            -5.41037            -5.47038          0.00187137
        3877            -5.50812            -5.47039          0.00187092
        3878            -5.41712            -5.47037          0.00187048
        3879            -5.44366            -5.47036          0.00187001
        3880            -5.50175            -5.47037          0.00186955
        3881            -5.47273            -5.47037          0.00186907
        3882            -5.51447            -5.47038          0.00186862
        3883            -5.41853            -5.47037          0.00186819
        3884            -5.49215            -5.47038          0.00186772
        3885            -5.50344            -5.47039          0.00186725
        3886            -5.50255            -5.47039          0.00186679
        3887            -5.43909            -5.47039          0.00186633
        3888            -5.46468            -5.47038          0.00186585
        3889            -5.50026            -5.47039          0.00186539
        3890            -5.45748            -5.47039          0.00186491
        3891            -5.43482            -5.47038          0.00186445
        3892             -5.4685            -5.47038          0.00186397
        3893             -5.4926            -5.47038           0.0018635
        3894            -5.35747            -5.47036          0.00186325
        3895            -5.35078            -5.47033          0.00186303
        3896             -5.4744            -5.47033          0.00186255
        3897            -5.48733            -5.47033          0.00186207
        3898            -5.46963            -5.47033           0.0018616
        3899            -5.50922            -5.47034          0.00186115
        3900            -5.52662            -5.47035          0.00186072
        3901            -5.55937            -5.47038          0.00186039
        3902            -5.47046            -5.47038          0.00185991
        3903            -5.46666            -5.47038          0.00185943
        3904            -5.25481            -5.47032          0.00185978
        3905             -5.2934            -5.47028          0.00185985
        3906            -5.39557            -5.47026          0.00185948
        3907            -5.47323            -5.47026            0.001859
        3908            -5.50273            -5.47027          0.00185854
        3909            -5.53372            -5.47028          0.00185814
        3910            -5.52584             -5.4703          0.00185772
        3911            -5.47138             -5.4703          0.00185724
        3912            -5.38439            -5.47027           0.0018569
        3913            -5.39365            -5.47026          0.00185653
        3914            -5.31042            -5.47021           0.0018565
        3915            -5.32776            -5.47018          0.00185638
        3916            -5.33854            -5.47014          0.00185621
        3917            -5.28636             -5.4701          0.00185633
        3918            -5.45646            -5.47009          0.00185586
        3919              -5.499             -5.4701           0.0018554
        3920            -5.56025            -5.47012          0.00185507
        3921            -5.57475            -5.47015          0.00185479
        3922            -5.56139            -5.47017          0.00185446
        3923            -5.61263            -5.47021          0.00185435
        3924            -5.58918            -5.47024          0.00185412
        3925            -5.44621            -5.47023          0.00185366
        3926            -5.51766            -5.47025          0.00185323
        3927            -5.45478            -5.47024          0.00185276
        3928             -5.4456            -5.47024           0.0018523
        3929            -5.45979            -5.47023          0.00185183
        3930            -5.45278            -5.47023          0.00185136
        3931            -5.43962            -5.47022          0.00185091
        3932            -5.46888            -5.47022          0.00185044
        3933            -5.49691            -5.47023          0.00184998
        3934            -5.47135            -5.47023          0.00184951
        3935            -5.35364             -5.4702          0.00184928
        3936            -5.27305            -5.47015          0.00184948
        3937             -5.3011            -5.47011          0.00184951
        3938            -5.34242            -5.47007          0.00184933
        3939            -5.44899            -5.47007          0.00184887
        3940            -5.50662            -5.47008          0.00184842
        3941            -5.36212            -5.47005          0.00184815
        3942            -5.46181            -5.47005          0.00184769
        3943            -5.39607            -5.47003          0.00184731
        3944            -5.34725               -5.47          0.00184711
        3945            -5.32419            -5.46996          0.00184701
        3946             -5.2727            -5.46991          0.00184722
        3947             -5.2766            -5.46986           0.0018474
        3948            -5.32173            -5.46982          0.00184731
        3949            -5.23034            -5.46976          0.00184784
        3950            -5.23316             -5.4697          0.00184834
        3951            -5.30685            -5.46966          0.00184833
        3952            -5.32199            -5.46963          0.00184824
        3953            -5.32317            -5.46959          0.00184815
        3954            -5.38443            -5.46957           0.0018478
        3955            -5.49364            -5.46957          0.00184735
        3956            -5.57775             -5.4696          0.00184708
        3957            -5.63232            -5.46964          0.00184707
        3958            -5.60754            -5.46968          0.00184694
        3959            -5.48123            -5.46968          0.00184647
        3960            -5.48791            -5.46968          0.00184601
        3961            -5.43604            -5.46968          0.00184556
        3962            -5.40861            -5.46966          0.00184516
        3963            -5.62744             -5.4697          0.00184513
        3964            -5.62581            -5.46974          0.00184508
        3965            -5.59003            -5.46977          0.00184487
        3966            -5.68109            -5.46982          0.00184517
        3967              -5.632            -5.46986          0.00184516
        3968            -5.62976             -5.4699          0.00184513
        3969            -5.56749            -5.46993          0.00184483
        3970             -5.5918            -5.46996          0.00184462
        3971            -5.61664               -5.47          0.00184453
        3972            -5.58038            -5.47002          0.00184427
        3973            -5.50239            -5.47003          0.00184383
        3974            -5.49266            -5.47004          0.00184337
        3975            -5.44544            -5.47003          0.00184292
        3976            -5.36333               -5.47          0.00184265
        3977            -5.40415            -5.46999          0.00184226
        3978            -5.42529            -5.46998          0.00184183
        3979            -5.39578            -5.46996          0.00184146
        3980            -5.41372            -5.46994          0.00184105
        3981            -5.48764            -5.46995           0.0018406
        3982            -5.40895            -5.46993           0.0018402
        3983            -5.38469            -5.46991          0.00183986
        3984            -5.43444             -5.4699          0.00183942
        3985            -5.51051            -5.46991          0.00183899
        3986            -5.41637             -5.4699          0.00183858
        3987            -5.52042            -5.46991          0.00183816
        3988            -5.37309            -5.46989          0.00183786
        3989            -5.42332            -5.46988          0.00183743
        3990            -5.37035            -5.46985          0.00183714
        3991            -5.37618            -5.46983          0.00183683
        3992            -5.37232             -5.4698          0.00183653
        3993            -5.43694             -5.4698          0.00183609
        3994            -5.35098            -5.46977          0.00183587
        3995            -5.45227            -5.46976          0.00183542
        3996            -5.29533            -5.46972          0.00183548
        3997            -5.32322            -5.46968          0.00183539
        3998            -5.36279            -5.46965          0.00183512
        3999             -5.3898            -5.46963          0.00183477
        4000            -5.37416            -5.46961          0.00183447
        4001            -5.35481            -5.46958          0.00183423
        4002            -5.36106            -5.46955          0.00183398
        4003             -5.3299            -5.46952          0.00183385
        4004            -5.36479            -5.46949          0.00183358
        4005              -5.288            -5.46945          0.00183368
        4006            -5.28965             -5.4694          0.00183377
        4007            -5.28119            -5.46936          0.00183392
        4008            -5.26418            -5.46931          0.00183417
        4009            -5.28148            -5.46926          0.00183431
        4010            -5.37644            -5.46924            0.001834
        4011            -5.41475            -5.46922           0.0018336
        4012             -5.4408            -5.46921          0.00183315
        4013            -5.42509             -5.4692          0.00183273
        4014            -5.38413            -5.46918          0.00183239
        4015             -5.2447            -5.46913          0.00183279
        4016            -5.38797            -5.46911          0.00183245
        4017              -5.425             -5.4691          0.00183202
        4018            -5.45009            -5.46909          0.00183157
        4019            -5.37272            -5.46907          0.00183127
        4020            -5.34774            -5.46904          0.00183107
        4021            -5.48786            -5.46904          0.00183062
        4022            -5.52587            -5.46906          0.00183022
        4023            -5.47721            -5.46906          0.00182976
        4024            -5.49733            -5.46906          0.00182932
        4025            -5.57162            -5.46909          0.00182904
        4026            -5.54102            -5.46911          0.00182868
        4027            -5.55133            -5.46913          0.00182834
        4028            -5.53479            -5.46914          0.00182796
        4029            -5.60376            -5.46918          0.00182781
        4030            -5.59997            -5.46921          0.00182764
        4031            -5.45616            -5.46921          0.00182719
        4032            -5.46967            -5.46921          0.00182674
        4033            -5.47014            -5.46921          0.00182629
        4034            -5.50042            -5.46921          0.00182585
        4035            -5.48494            -5.46922           0.0018254
        4036            -5.48211            -5.46922          0.00182495
        4037            -5.43914            -5.46921          0.00182451
        4038            -5.37312            -5.46919          0.00182422
        4039             -5.3323            -5.46916          0.00182408
        4040            -5.50175            -5.46916          0.00182365
        4041            -5.55642            -5.46919          0.00182332
        4042             -5.5396             -5.4692          0.00182296
        4043             -5.5335            -5.46922          0.00182257
        4044            -5.43468            -5.46921          0.00182214
        4045            -5.41307             -5.4692          0.00182175
        4046            -5.35817            -5.46917           0.0018215
        4047            -5.48474            -5.46917          0.00182106
        4048            -5.46445            -5.46917          0.00182061
        4049            -5.44845            -5.46917          0.00182016
        4050            -5.49273            -5.46917          0.00181972
        4051            -5.54892            -5.46919          0.00181938
        4052            -5.56532            -5.46922          0.00181909
        4053            -5.48648            -5.46922          0.00181864
        4054            -5.52589            -5.46924          0.00181825
        4055             -5.5858            -5.46926          0.00181803
        4056            -5.53971            -5.46928          0.00181766
        4057            -5.56315             -5.4693          0.00181736
        4058            -5.56267            -5.46933          0.00181706
        4059            -5.55188            -5.46935          0.00181673
        4060            -5.57064            -5.46937          0.00181645
        4061            -5.54821            -5.46939          0.00181611
        4062            -5.63916            -5.46943          0.00181614
        4063            -5.55483            -5.46945          0.00181581
        4064            -5.61583            -5.46949          0.00181572
        4065            -5.61124            -5.46953          0.00181561
        4066            -5.49378            -5.46953          0.00181518
        4067            -5.48589            -5.46954          0.00181473
        4068            -5.52352            -5.46955          0.00181434
        4069            -5.49354            -5.46955           0.0018139
        4070            -5.53898            -5.46957          0.00181353
        4071            -5.55903            -5.46959          0.00181322
        4072            -5.49777             -5.4696          0.00181279
        4073            -5.54957            -5.46962          0.00181245
        4074            -5.49493            -5.46963          0.00181202
        4075            -5.42371            -5.46962          0.00181161
        4076            -5.45222            -5.46961          0.00181117
        4077            -5.41956             -5.4696          0.00181077
        4078             -5.4092            -5.46958          0.00181038
        4079            -5.36909            -5.46956          0.00181011
        4080            -5.37781            -5.46954           0.0018098
        4081            -5.44799            -5.46953          0.00180937
        4082            -5.51687            -5.46954          0.00180896
        4083            -5.49773            -5.46955          0.00180853
        4084            -5.47581            -5.46955          0.00180809
        4085            -5.44302            -5.46955          0.00180766
        4086            -5.37712            -5.46952          0.00180736
        4087            -5.36073             -5.4695          0.00180711
        4088            -5.41324            -5.46948          0.00180672
        4089            -5.42315            -5.46947          0.00180631
        4090            -5.27998            -5.46942          0.00180647
        4091            -5.30452            -5.46938          0.00180647
        4092            -5.29591            -5.46934          0.00180653
        4093            -5.40242            -5.46933          0.00180616
        4094            -5.39121            -5.46931          0.00180582
        4095            -5.37675            -5.46928          0.00180552
        4096            -5.38575            -5.46926           0.0018052
        4097            -5.38544            -5.46924          0.00180487
        4098            -5.43868            -5.46924          0.00180445
        4099            -5.29566            -5.46919           0.0018045
        4100            -5.30521            -5.46915          0.00180451
        4101            -5.34156            -5.46912          0.00180434
        4102            -5.25565            -5.46907          0.00180465
        4103            -5.38429            -5.46905          0.00180432
        4104            -5.39407            -5.46903          0.00180398
        4105            -5.36509            -5.46901          0.00180372
        4106            -5.43119              -5.469           0.0018033
        4107            -5.52722            -5.46901          0.00180292
        4108            -5.51563            -5.46902          0.00180251
        4109            -5.51663            -5.46903          0.00180211
        4110            -5.42077            -5.46902          0.00180171
        4111            -5.52926            -5.46904          0.00180133
        4112            -5.45084            -5.46903           0.0018009
        4113            -5.54847            -5.46905          0.00180057
        4114            -5.55644            -5.46907          0.00180025
        4115            -5.45247            -5.46907          0.00179982
        4116            -5.47979            -5.46907          0.00179939
        4117            -5.47983            -5.46907          0.00179895
        4118            -5.44295            -5.46907          0.00179852
        4119             -5.5095            -5.46908          0.00179811
        4120            -5.50187            -5.46909           0.0017977
        4121            -5.39579            -5.46907          0.00179735
        4122            -5.45052            -5.46906          0.00179692
        4123            -5.47315            -5.46906          0.00179648
        4124            -5.51739            -5.46908          0.00179608
        4125            -5.56824             -5.4691          0.00179581
        4126            -5.54246            -5.46912          0.00179546
        4127            -5.55577            -5.46914          0.00179515
        4128            -5.56886            -5.46916          0.00179488
        4129            -5.46658            -5.46916          0.00179444
        4130            -5.45578            -5.46916          0.00179401
        4131            -5.45349            -5.46915          0.00179358
        4132            -5.43248            -5.46915          0.00179317
        4133            -5.45855            -5.46914          0.00179274
        4134            -5.48947            -5.46915          0.00179231
        4135            -5.50919            -5.46916           0.0017919
        4136            -5.42381            -5.46915           0.0017915
        4137            -5.52402            -5.46916          0.00179112
        4138            -5.51809            -5.46917          0.00179073
        4139            -5.48195            -5.46918           0.0017903
        4140            -5.44755            -5.46917          0.00178987
        4141            -5.44105            -5.46916          0.00178945
        4142            -5.43354            -5.46915          0.00178904
        4143            -5.42263            -5.46914          0.00178864
        4144            -5.40193            -5.46913          0.00178829
        4145            -5.46277            -5.46913          0.00178785
        4146            -5.41552            -5.46911          0.00178747
        4147            -5.45077            -5.46911          0.00178704
        4148            -5.38604            -5.46909          0.00178673
        4149            -5.44529            -5.46908           0.0017863
        4150            -5.52385             -5.4691          0.00178592
        4151            -5.51298            -5.46911          0.00178552
        4152            -5.49652            -5.46911          0.00178511
        4153            -5.54888            -5.46913          0.00178478
        4154            -5.51765            -5.46914          0.00178439
        4155             -5.4679            -5.46914          0.00178396
        4156            -5.49242            -5.46915          0.00178354
        4157            -5.43314            -5.46914          0.00178313
        4158            -5.40417            -5.46912          0.00178277
        4159            -5.39971            -5.46911          0.00178242
        4160             -5.4974            -5.46912            0.001782
        4161            -5.51456            -5.46913          0.00178161
        4162            -5.45474            -5.46912          0.00178118
        4163             -5.5289            -5.46914          0.00178081
        4164            -5.52073            -5.46915          0.00178043
        4165            -5.51543            -5.46916          0.00178004
        4166            -5.53275            -5.46918          0.00177968
        4167            -5.46282            -5.46917          0.00177925
        4168            -5.45741            -5.46917          0.00177882
        4169            -5.48425            -5.46917           0.0017784
        4170            -5.38804            -5.46916          0.00177808
        4171             -5.4146            -5.46914           0.0017777
        4172            -5.40566            -5.46913          0.00177734
        4173            -5.43329            -5.46912          0.00177694
        4174            -5.58268            -5.46915          0.00177672
        4175            -5.55111            -5.46917           0.0017764
        4176            -5.51993            -5.46918          0.00177602
        4177             -5.6172            -5.46921          0.00177595
        4178            -5.53285            -5.46923          0.00177559
        4179            -5.54823            -5.46925          0.00177526
        4180            -5.62934            -5.46929          0.00177525
        4181            -5.71948            -5.46935          0.00177584
        4182            -5.72594            -5.46941          0.00177647
        4183            -5.72454            -5.46947          0.00177709
        4184            -5.65371            -5.46951          0.00177721
        4185            -5.63228            -5.46955          0.00177721
        4186            -5.47887            -5.46955          0.00177679
        4187            -5.44019            -5.46955          0.00177638
        4188            -5.53131            -5.46956          0.00177602
        4189            -5.53164            -5.46958          0.00177565
        4190            -5.48408            -5.46958          0.00177523
        4191            -5.47835            -5.46958          0.00177481
        4192            -5.40683            -5.46957          0.00177445
        4193            -5.43434            -5.46956          0.00177405
        4194            -5.38737            -5.46954          0.00177373
        4195            -5.44622            -5.46953          0.00177332
        4196            -5.53924            -5.46955          0.00177297
        4197            -5.56969            -5.46957          0.00177271
        4198            -5.49553            -5.46958           0.0017723
        4199            -5.61017            -5.46961           0.0017722
        4200            -5.54565            -5.46963          0.00177187
        4201            -5.61857            -5.46967           0.0017718
        4202            -5.63183             -5.4697           0.0017718
        4203            -5.62645            -5.46974          0.00177177
        4204            -5.62249            -5.46978          0.00177172
        4205            -5.65809            -5.46982          0.00177186
        4206             -5.6202            -5.46986           0.0017718
        4207            -5.57147            -5.46988          0.00177155
        4208            -5.48868            -5.46989          0.00177113
        4209            -5.51396             -5.4699          0.00177074
        4210            -5.46555             -5.4699          0.00177032
        4211            -5.40436            -5.46988          0.00176997
        4212            -5.43768            -5.46987          0.00176957
        4213            -5.46075            -5.46987          0.00176915
        4214            -5.36722            -5.46985          0.00176889
        4215            -5.39733            -5.46983          0.00176856
        4216            -5.46125            -5.46983          0.00176814
        4217             -5.5847            -5.46986          0.00176793
        4218            -5.49365            -5.46986          0.00176752
        4219            -5.60089            -5.46989          0.00176737
        4220            -5.63742            -5.46993           0.0017674
        4221            -5.58069            -5.46996          0.00176718
        4222            -5.63249               -5.47          0.00176718
        4223             -5.5438            -5.47001          0.00176685
        4224            -5.50811            -5.47002          0.00176645
        4225            -5.51281            -5.47003          0.00176606
        4226            -5.40407            -5.47002          0.00176571
        4227             -5.4703            -5.47002           0.0017653
        4228            -5.44911            -5.47001          0.00176489
        4229            -5.47104            -5.47001          0.00176447
        4230             -5.5132            -5.47002          0.00176408
        4231            -5.61998            -5.47006          0.00176402
        4232            -5.49592            -5.47006          0.00176361
        4233            -5.38825            -5.47005           0.0017633
        4234            -5.36368            -5.47002          0.00176306
        4235            -5.29017            -5.46998          0.00176316
        4236            -5.19715            -5.46991          0.00176392
        4237            -5.18326            -5.46985           0.0017648
        4238            -5.21844            -5.46979          0.00176538
        4239            -5.29895            -5.46975          0.00176542
        4240            -5.24898            -5.46969          0.00176578
        4241            -5.39061            -5.46968          0.00176546
        4242            -5.53314            -5.46969           0.0017651
        4243            -5.56338            -5.46971          0.00176483
        4244            -5.54821            -5.46973          0.00176451
        4245            -5.42743            -5.46972          0.00176412
        4246            -5.49478            -5.46973          0.00176371
        4247            -5.54083            -5.46974          0.00176338
        4248            -5.50889            -5.46975          0.00176299
        4249            -5.49901            -5.46976          0.00176259
        4250            -5.53261            -5.46977          0.00176223
        4251            -5.53783            -5.46979          0.00176189
        4252            -5.55792            -5.46981           0.0017616
        4253             -5.5555            -5.46983           0.0017613
        4254            -5.50107            -5.46984           0.0017609
        4255            -5.47318            -5.46984          0.00176049
        4256            -5.52003            -5.46985          0.00176011
        4257              -5.414            -5.46984          0.00175975
        4258            -5.49427            -5.46984          0.00175935
        4259            -5.48713            -5.46985          0.00175894
        4260            -5.56393            -5.46987          0.00175866
        4261            -5.58458             -5.4699          0.00175846
        4262             -5.5597            -5.46992          0.00175817
        4263            -5.60066            -5.46995          0.00175802
        4264            -5.64491            -5.46999          0.00175809
        4265            -5.58755            -5.47002          0.00175789
        4266            -5.53758            -5.47003          0.00175755
        4267            -5.62908            -5.47007          0.00175754
        4268            -5.55744            -5.47009          0.00175724
        4269            -5.39773            -5.47007          0.00175692
        4270             -5.3493            -5.47005          0.00175673
        4271             -5.3892            -5.47003          0.00175642
        4272            -5.43437            -5.47002          0.00175603
        4273            -5.45493            -5.47001          0.00175562
        4274            -5.53645            -5.47003          0.00175528
        4275            -5.50853            -5.47004          0.00175489
        4276            -5.48884            -5.47004          0.00175449
        4277            -5.43039            -5.47003           0.0017541
        4278             -5.4282            -5.47002          0.00175372
        4279            -5.41213            -5.47001          0.00175336
        4280            -5.37528            -5.46999          0.00175309
        4281            -5.37761            -5.46997          0.00175282
        4282            -5.45743            -5.46996          0.00175241
        4283            -5.45521            -5.46996            0.001752
        4284            -5.46128            -5.46996           0.0017516
        4285            -5.57661            -5.46998          0.00175136
        4286            -5.52291               -5.47            0.001751
        4287            -5.45509            -5.46999          0.00175059
        4288            -5.44578            -5.46999          0.00175019
        4289            -5.41046            -5.46997          0.00174984
        4290            -5.48642            -5.46998          0.00174944
        4291            -5.38062            -5.46996          0.00174915
        4292            -5.46734            -5.46996          0.00174875
        4293            -5.46021            -5.46995          0.00174834
        4294            -5.48451            -5.46996          0.00174794
        4295            -5.50134            -5.46996          0.00174755
        4296            -5.48186            -5.46997          0.00174714
        4297            -5.44608            -5.46996          0.00174674
        4298            -5.44921            -5.46996          0.00174634
        4299            -5.41573            -5.46994          0.00174598
        4300            -5.50518            -5.46995           0.0017456
        4301            -5.42132            -5.46994          0.00174523
        4302            -5.35211            -5.46991          0.00174504
        4303            -5.39765             -5.4699          0.00174471
        4304            -5.44081            -5.46989          0.00174432
        4305            -5.40781            -5.46988          0.00174397
        4306            -5.38151            -5.46985          0.00174369
        4307            -5.41438            -5.46984          0.00174333
        4308            -5.47455            -5.46984          0.00174293
        4309            -5.39469            -5.46983          0.00174261
        4310            -5.44517            -5.46982          0.00174221
        4311            -5.38547             -5.4698          0.00174192
        4312            -5.36884            -5.46978          0.00174167
        4313            -5.42318            -5.46977           0.0017413
        4314            -5.42004            -5.46975          0.00174094
        4315             -5.4776            -5.46976          0.00174054
        4316            -5.40852            -5.46974          0.00174019
        4317            -5.34705            -5.46971          0.00174002
        4318            -5.36129            -5.46969           0.0017398
        4319            -5.27143            -5.46964             0.00174
        4320            -5.30636             -5.4696          0.00174001
        4321             -5.3842            -5.46959          0.00173972
        4322            -5.39214            -5.46957          0.00173941
        4323            -5.45457            -5.46956          0.00173901
        4324            -5.40585            -5.46955          0.00173867
        4325            -5.27836             -5.4695          0.00173883
        4326            -5.26798            -5.46946          0.00173905
        4327             -5.2946            -5.46942          0.00173912
        4328            -5.32498            -5.46938          0.00173904
        4329            -5.33096            -5.46935          0.00173893
        4330            -5.37092            -5.46933          0.00173868
        4331             -5.2251            -5.46927          0.00173919
        4332            -5.30355            -5.46923          0.00173921
        4333            -5.32442             -5.4692          0.00173913
        4334            -5.36051            -5.46918          0.00173891
        4335            -5.41824            -5.46916          0.00173855
        4336            -5.34269            -5.46914          0.00173839
        4337            -5.44624            -5.46913            0.001738
        4338            -5.30669            -5.46909            0.001738
        4339            -5.38238            -5.46907          0.00173771
        4340            -5.38159            -5.46905          0.00173743
        4341            -5.36799            -5.46903          0.00173719
        4342            -5.32606              -5.469           0.0017371
        4343            -5.42161            -5.46899          0.00173673
        4344            -5.33294            -5.46895          0.00173661
        4345            -5.29511            -5.46891          0.00173668
        4346            -5.41337             -5.4689          0.00173632
        4347            -5.39581            -5.46888            0.001736
        4348            -5.42309            -5.46887          0.00173564
        4349            -5.36472            -5.46885           0.0017354
        4350            -5.33435            -5.46882          0.00173528
        4351            -5.33952            -5.46879          0.00173514
        4352            -5.44444            -5.46878          0.00173475
        4353            -5.46088            -5.46878          0.00173435
        4354            -5.50754            -5.46879          0.00173397
        4355            -5.47949            -5.46879          0.00173358
        4356            -5.38411            -5.46877          0.00173329
        4357            -5.26048            -5.46873          0.00173355
        4358            -5.24733            -5.46868           0.0017339
        4359            -5.34519            -5.46865          0.00173373
        4360             -5.3834            -5.46863          0.00173344
        4361             -5.4221            -5.46862          0.00173308
        4362            -5.45059            -5.46861          0.00173268
        4363            -5.41566             -5.4686          0.00173233
        4364            -5.53123            -5.46861          0.00173199
        4365            -5.45323            -5.46861           0.0017316
        4366            -5.47444            -5.46861           0.0017312
        4367            -5.48193            -5.46862          0.00173081
        4368            -5.40728             -5.4686          0.00173047
        4369            -5.44356             -5.4686          0.00173008
        4370            -5.51338            -5.46861          0.00172972
        4371            -5.45634             -5.4686          0.00172932
        4372            -5.44098             -5.4686          0.00172894
        4373            -5.43545            -5.46859          0.00172856
        4374            -5.42508            -5.46858           0.0017282
        4375            -5.44826            -5.46857          0.00172781
        4376             -5.5859             -5.4686          0.00172762
        4377            -5.58877            -5.46863          0.00172744
        4378            -5.52464            -5.46864           0.0017271
        4379            -5.55342            -5.46866          0.00172681
        4380            -5.58025            -5.46869           0.0017266
        4381            -5.65759            -5.46873          0.00172675
        4382            -5.61962            -5.46876           0.0017267
        4383            -5.54777            -5.46878           0.0017264
        4384             -5.4225            -5.46877          0.00172604
        4385            -5.41975            -5.46876          0.00172568
        4386            -5.44327            -5.46875          0.00172529
        4387            -5.45309            -5.46875          0.00172491
        4388            -5.53897            -5.46877          0.00172459
        4389            -5.53069            -5.46878          0.00172425
        4390            -5.54106             -5.4688          0.00172394
        4391             -5.5565            -5.46882          0.00172366
        4392            -5.57636            -5.46884          0.00172344
        4393            -5.49237            -5.46885          0.00172306
        4394            -5.59745            -5.46888          0.00172291
        4395            -5.62169            -5.46891          0.00172287
        4396            -5.70966            -5.46897          0.00172335
        4397            -5.55774            -5.46899          0.00172308
        4398            -5.52976              -5.469          0.00172274
        4399            -5.42916            -5.46899          0.00172237
        4400            -5.53956            -5.46901          0.00172206
        4401            -5.54464            -5.46902          0.00172175
        4402            -5.62254            -5.46906          0.00172171
        4403            -5.65522             -5.4691          0.00172184
        4404            -5.58506            -5.46913          0.00172165
        4405            -5.53673            -5.46914          0.00172133
        4406            -5.53268            -5.46916            0.001721
        4407            -5.53449            -5.46917          0.00172067
        4408            -5.55033            -5.46919          0.00172038
        4409            -5.57304            -5.46921          0.00172015
        4410             -5.4848            -5.46922          0.00171976
        4411            -5.45405            -5.46921          0.00171938
        4412            -5.46872            -5.46921          0.00171899
        4413            -5.44457            -5.46921          0.00171861
        4414            -5.51064            -5.46922          0.00171824
        4415            -5.50659            -5.46923          0.00171788
        4416            -5.53834            -5.46924          0.00171756
        4417            -5.49188            -5.46925          0.00171718
        4418            -5.51907            -5.46926          0.00171683
        4419            -5.47921            -5.46926          0.00171644
        4420            -5.35424            -5.46924          0.00171625
        4421            -5.42214            -5.46922          0.00171589
        4422            -5.43045            -5.46922          0.00171553
        4423            -5.42512            -5.46921          0.00171517
        4424            -5.44901             -5.4692          0.00171479
        4425            -5.56109            -5.46922          0.00171452
        4426            -5.49858            -5.46923          0.00171415
        4427              -5.551            -5.46925          0.00171386
        4428            -5.57456            -5.46927          0.00171364
        4429            -5.71484            -5.46933          0.00171415
        4430            -5.61445            -5.46936          0.00171408
        4431            -5.57991            -5.46938          0.00171387
        4432             -5.5238             -5.4694          0.00171353
        4433             -5.4784             -5.4694          0.00171314
        4434            -5.40961            -5.46938          0.00171281
        4435            -5.38526            -5.46937          0.00171253
        4436            -5.47443            -5.46937          0.00171214
        4437            -5.49661            -5.46937          0.00171177
        4438            -5.44525            -5.46937          0.00171139
        4439            -5.41824            -5.46936          0.00171104
        4440            -5.40634            -5.46934          0.00171072
        4441            -5.47531            -5.46934          0.00171033
        4442            -5.41909            -5.46933          0.00170998
        4443            -5.43905            -5.46933          0.00170961
        4444            -5.44522            -5.46932          0.00170924
        4445            -5.45682            -5.46932          0.00170885
        4446            -5.42214            -5.46931           0.0017085
        4447            -5.32785            -5.46927          0.00170842
        4448            -5.34702            -5.46925          0.00170825
        4449            -5.48782            -5.46925          0.00170787
        4450            -5.43901            -5.46924           0.0017075
        4451            -5.45599            -5.46924          0.00170712
        4452            -5.46813            -5.46924          0.00170674
        4453            -5.34801            -5.46921          0.00170657
        4454            -5.38057            -5.46919          0.00170631
        4455            -5.31059            -5.46916          0.00170629
        4456            -5.28438            -5.46912          0.00170641
        4457             -5.2944            -5.46908          0.00170648
        4458             -5.2568            -5.46903          0.00170676
        4459            -5.27968            -5.46899          0.00170691
        4460            -5.33153            -5.46896           0.0017068
        4461             -5.2554            -5.46891          0.00170709
        4462            -5.26557            -5.46886          0.00170732
        4463            -5.28532            -5.46882          0.00170743
        4464            -5.37954             -5.4688          0.00170717
        4465            -5.39996            -5.46879          0.00170685
        4466            -5.45106            -5.46878          0.00170648
        4467            -5.33963            -5.46875          0.00170634
        4468            -5.34226            -5.46873          0.00170619
        4469            -5.35996             -5.4687          0.00170598
        4470            -5.48443            -5.46871          0.00170561
        4471             -5.3765            -5.46868          0.00170535
        4472            -5.39291            -5.46867          0.00170505
        4473            -5.36214            -5.46864          0.00170484
        4474            -5.38596            -5.46863          0.00170456
        4475            -5.38105            -5.46861          0.00170429
        4476            -5.38208            -5.46859          0.00170402
        4477            -5.44212            -5.46858          0.00170365
        4478            -5.32749            -5.46855          0.00170356
        4479            -5.44681            -5.46854          0.00170318
        4480            -5.47463            -5.46855           0.0017028
        4481            -5.35445            -5.46852          0.00170261
        4482            -5.36624             -5.4685          0.00170239
        4483             -5.3791            -5.46848          0.00170212
        4484             -5.3816            -5.46846          0.00170185
        4485            -5.48536            -5.46846          0.00170148
        4486            -5.56248            -5.46848          0.00170123
        4487            -5.51107            -5.46849          0.00170088
        4488            -5.51368             -5.4685          0.00170053
        4489            -5.57278            -5.46853          0.00170031
        4490            -5.65141            -5.46857          0.00170042
        4491            -5.69791            -5.46862           0.0017008
        4492             -5.7605            -5.46868          0.00170167
        4493            -5.67423            -5.46873           0.0017019
        4494            -5.63485            -5.46876          0.00170193
        4495            -5.52681            -5.46878           0.0017016
        4496            -5.48168            -5.46878          0.00170122
        4497            -5.52128            -5.46879          0.00170088
        4498            -5.44587            -5.46879          0.00170051
        4499            -5.48673            -5.46879          0.00170014
        4500             -5.4834            -5.46879          0.00169976
        4501            -5.51556             -5.4688          0.00169942
        4502            -5.42642             -5.4688          0.00169907
        4503            -5.43515            -5.46879           0.0016987
        4504            -5.56544            -5.46881          0.00169846
        4505            -5.47696            -5.46881          0.00169809
        4506            -5.44617            -5.46881          0.00169772
        4507             -5.4884            -5.46881          0.00169735
        4508             -5.4662            -5.46881          0.00169697
        4509            -5.46981            -5.46881          0.00169659
        4510            -5.55423            -5.46883          0.00169632
        4511            -5.59548            -5.46886          0.00169618
        4512            -5.57869            -5.46888          0.00169598
        4513            -5.53713             -5.4689          0.00169567
        4514            -5.52049            -5.46891          0.00169533
        4515            -5.50884            -5.46892          0.00169498
        4516            -5.50358            -5.46892          0.00169462
        4517            -5.44784            -5.46892          0.00169425
        4518            -5.38981             -5.4689          0.00169397
        4519            -5.43597             -5.4689          0.00169361
        4520            -5.42845            -5.46889          0.00169326
        4521            -5.56418            -5.46891          0.00169302
        4522            -5.50057            -5.46891          0.00169266
        4523            -5.43652            -5.46891           0.0016923
        4524            -5.44989             -5.4689          0.00169193
        4525            -5.50909            -5.46891          0.00169158
        4526            -5.38515            -5.46889           0.0016913
        4527            -5.46263            -5.46889          0.00169093
        4528            -5.47595            -5.46889          0.00169056
        4529            -5.45532            -5.46889          0.00169019
        4530            -5.42917            -5.46888          0.00168984
        4531            -5.42779            -5.46887          0.00168949
        4532             -5.3441            -5.46885          0.00168934
        4533            -5.33486            -5.46882          0.00168923
        4534            -5.29945            -5.46878          0.00168927
        4535            -5.36338            -5.46875          0.00168905
        4536            -5.36288            -5.46873          0.00168884
        4537            -5.43187            -5.46872          0.00168849
        4538            -5.47531            -5.46872          0.00168812
        4539            -5.54809            -5.46874          0.00168784
        4540            -5.47308            -5.46874          0.00168747
        4541            -5.38031            -5.46872          0.00168721
        4542            -5.44858            -5.46872          0.00168684
        4543            -5.55271            -5.46874          0.00168657
        4544            -5.48718            -5.46874          0.00168621
        4545            -5.50247            -5.46875          0.00168585
        4546            -5.48438            -5.46875          0.00168548
        4547            -5.53475            -5.46877          0.00168517
        4548            -5.51764            -5.46878          0.00168484
        4549            -5.53309            -5.46879          0.00168453
        4550            -5.54312            -5.46881          0.00168424
        4551              -5.531            -5.46882          0.00168392
        4552            -5.50098            -5.46883          0.00168357
        4553            -5.42488            -5.46882          0.00168322
        4554            -5.41518            -5.46881           0.0016829
        4555            -5.39547            -5.46879           0.0016826
        4556            -5.41552            -5.46878          0.00168228
        4557            -5.45375            -5.46878          0.00168191
        4558             -5.4253            -5.46877          0.00168157
        4559            -5.46378            -5.46877           0.0016812
        4560            -5.51358            -5.46878          0.00168086
        4561            -5.34885            -5.46875           0.0016807
        4562            -5.40224            -5.46874          0.00168039
        4563            -5.41194            -5.46872          0.00168007
        4564            -5.35999             -5.4687          0.00167987
        4565            -5.32317            -5.46867           0.0016798
        4566            -5.43027            -5.46866          0.00167946
        4567            -5.48314            -5.46866          0.00167909
        4568            -5.41287            -5.46865          0.00167877
        4569            -5.42653            -5.46864          0.00167843
        4570            -5.33603            -5.46861          0.00167831
        4571            -5.35506            -5.46859          0.00167813
        4572            -5.37164            -5.46857          0.00167789
        4573             -5.3876            -5.46855          0.00167762
        4574            -5.45636            -5.46854          0.00167726
        4575             -5.3492            -5.46852          0.00167709
        4576            -5.48064            -5.46852          0.00167673
        4577            -5.41802            -5.46851           0.0016764
        4578            -5.43827             -5.4685          0.00167604
        4579            -5.50351            -5.46851           0.0016757
        4580            -5.45415            -5.46851          0.00167533
        4581            -5.59613            -5.46854           0.0016752
        4582            -5.55527            -5.46856          0.00167494
        4583            -5.59671            -5.46858          0.00167481
        4584            -5.55924             -5.4686          0.00167456
        4585            -5.62162            -5.46864          0.00167453
        4586            -5.60065            -5.46866          0.00167441
        4587            -5.47682            -5.46867          0.00167405
        4588            -5.40003            -5.46865          0.00167375
        4589            -5.38403            -5.46863          0.00167348
        4590            -5.51765            -5.46864          0.00167315
        4591            -5.53954            -5.46866          0.00167286
        4592            -5.48844            -5.46866           0.0016725
        4593            -5.52004            -5.46867          0.00167217
        4594            -5.51012            -5.46868          0.00167184
        4595            -5.46613            -5.46868          0.00167147
        4596            -5.37314            -5.46866          0.00167124
        4597             -5.5064            -5.46867          0.00167089
        4598            -5.60185             -5.4687          0.00167078
        4599            -5.49514            -5.46871          0.00167043
        4600            -5.48662            -5.46871          0.00167007
        4601            -5.49475            -5.46872          0.00166972
        4602            -5.55049            -5.46873          0.00166945
        4603            -5.63285            -5.46877          0.00166947
        4604            -5.55423            -5.46879          0.00166921
        4605             -5.5538            -5.46881          0.00166895
        4606            -5.49221            -5.46881          0.00166859
        4607            -5.52987            -5.46882          0.00166828
        4608            -5.53358            -5.46884          0.00166798
        4609             -5.5221            -5.46885          0.00166766
        4610            -5.49078            -5.46885           0.0016673
        4611            -5.48356            -5.46886          0.00166694
        4612            -5.53167            -5.46887          0.00166664
        4613            -5.50688            -5.46888           0.0016663
        4614            -5.51911            -5.46889          0.00166597
        4615            -5.52889             -5.4689          0.00166566
        4616            -5.50834            -5.46891          0.00166532
        4617            -5.52141            -5.46892            0.001665
        4618              -5.525            -5.46894          0.00166468
        4619            -5.54979            -5.46895          0.00166442
        4620            -5.56703            -5.46897          0.00166419
        4621            -5.52369            -5.46899          0.00166387
        4622             -5.4926            -5.46899          0.00166352
        4623            -5.52143              -5.469           0.0016632
        4624            -5.56638            -5.46902          0.00166297
        4625            -5.57822            -5.46905          0.00166278
        4626            -5.56475            -5.46907          0.00166255
        4627            -5.55584            -5.46909           0.0016623
        4628            -5.47674            -5.46909          0.00166194
        4629            -5.42065            -5.46908          0.00166161
        4630            -5.45144            -5.46907          0.00166126
        4631            -5.62442            -5.46911          0.00166124
        4632            -5.62565            -5.46914          0.00166122
        4633            -5.65966            -5.46918          0.00166137
        4634            -5.64741            -5.46922          0.00166146
        4635            -5.67386            -5.46926          0.00166169
        4636            -5.70854            -5.46932          0.00166213
        4637            -5.67981            -5.46936          0.00166239
        4638            -5.66554             -5.4694          0.00166257
        4639            -5.63242            -5.46944          0.00166258
        4640            -5.64072            -5.46948          0.00166264
        4641            -5.58484             -5.4695          0.00166246
        4642            -5.59831            -5.46953          0.00166234
        4643            -5.59853            -5.46956          0.00166221
        4644            -5.51599            -5.46957          0.00166188
        4645            -5.40951            -5.46955          0.00166158
        4646            -5.42232            -5.46954          0.00166125
        4647            -5.47859            -5.46955          0.00166089
        4648            -5.50501            -5.46955          0.00166055
        4649            -5.50784            -5.46956          0.00166022
        4650             -5.5852            -5.46959          0.00166005
        4651            -5.54837             -5.4696          0.00165977
        4652            -5.47382             -5.4696          0.00165942
        4653            -5.50239            -5.46961          0.00165908
        4654            -5.45573            -5.46961          0.00165872
        4655             -5.4001            -5.46959          0.00165843
        4656            -5.41082            -5.46958          0.00165813
        4657            -5.41684            -5.46957          0.00165781
        4658            -5.45918            -5.46957          0.00165745
        4659            -5.41011            -5.46955          0.00165715
        4660            -5.38284            -5.46954           0.0016569
        4661            -5.34986            -5.46951          0.00165674
        4662            -5.42219             -5.4695          0.00165642
        4663            -5.34312            -5.46947          0.00165628
        4664            -5.40985            -5.46946          0.00165598
        4665            -5.48069            -5.46946          0.00165562
        4666             -5.5975            -5.46949           0.0016555
        4667            -5.49596             -5.4695          0.00165515
        4668            -5.55027            -5.46951          0.00165489
        4669            -5.49575            -5.46952          0.00165454
        4670            -5.51896            -5.46953          0.00165422
        4671            -5.51034            -5.46954          0.00165389
        4672            -5.52757            -5.46955          0.00165358
        4673            -5.51423            -5.46956          0.00165326
        4674            -5.47634            -5.46956           0.0016529
        4675            -5.50272            -5.46957          0.00165256
        4676            -5.48842            -5.46957          0.00165222
        4677            -5.40007            -5.46956          0.00165193
        4678            -5.47581            -5.46956          0.00165158
        4679            -5.37244            -5.46954          0.00165135
        4680            -5.46171            -5.46954            0.001651
        4681            -5.43409            -5.46953          0.00165067
        4682            -5.42912            -5.46952          0.00165034
        4683            -5.50891            -5.46953          0.00165001
        4684            -5.49597            -5.46953          0.00164966
        4685            -5.45595            -5.46953          0.00164931
        4686            -5.37815            -5.46951          0.00164908
        4687            -5.46494            -5.46951          0.00164873
        4688             -5.4756            -5.46951          0.00164837
        4689            -5.41233             -5.4695          0.00164807
        4690            -5.49477            -5.46951          0.00164773
        4691            -5.39913            -5.46949          0.00164744
        4692            -5.42518            -5.46948          0.00164712
        4693            -5.35303            -5.46946          0.00164695
        4694            -5.44666            -5.46945          0.00164661
        4695            -5.53436            -5.46946          0.00164632
        4696             -5.5236            -5.46948          0.00164601
        4697            -5.51891            -5.46949          0.00164569
        4698            -5.37754            -5.46947          0.00164546
        4699            -5.31434            -5.46943          0.00164544
        4700            -5.34717            -5.46941          0.00164529
        4701            -5.23572            -5.46936          0.00164569
        4702            -5.41188            -5.46935          0.00164539
        4703            -5.30388            -5.46931          0.00164542
        4704            -5.44693            -5.46931          0.00164507
        4705            -5.57566            -5.46933          0.00164488
        4706            -5.57158            -5.46935          0.00164467
        4707            -5.53524            -5.46936          0.00164438
        4708             -5.5077            -5.46937          0.00164405
        4709            -5.49899            -5.46938          0.00164372
        4710             -5.6052            -5.46941          0.00164362
        4711            -5.55185            -5.46943          0.00164337
        4712            -5.57977            -5.46945          0.00164318
        4713            -5.57062            -5.46947          0.00164297
        4714            -5.54379            -5.46949           0.0016427
        4715            -5.50492            -5.46949          0.00164237
        4716            -5.48755             -5.4695          0.00164203
        4717            -5.58353            -5.46952          0.00164186
        4718            -5.41521            -5.46951          0.00164155
        4719            -5.34539            -5.46948          0.00164141
        4720            -5.45714            -5.46948          0.00164107
        4721            -5.46819            -5.46948          0.00164072
        4722            -5.44043            -5.46947          0.00164038
        4723            -5.49555            -5.46948          0.00164004
        4724            -5.46573            -5.46948           0.0016397
        4725            -5.45444            -5.46948          0.00163935
        4726            -5.57032             -5.4695          0.00163915
        4727            -5.57647            -5.46952          0.00163896
        4728            -5.50258            -5.46953          0.00163862
        4729            -5.46739            -5.46953          0.00163828
        4730            -5.38407            -5.46951          0.00163803
        4731            -5.36863            -5.46949          0.00163782
        4732             -5.4998            -5.46949          0.00163749
        4733            -5.47486             -5.4695          0.00163714
        4734            -5.49144             -5.4695           0.0016368
        4735            -5.50324            -5.46951          0.00163647
        4736             -5.5753            -5.46953          0.00163628
        4737            -5.48861            -5.46953          0.00163594
        4738            -5.31889             -5.4695           0.0016359
        4739            -5.36195            -5.46948          0.00163572
        4740            -5.48072            -5.46948          0.00163537
        4741            -5.52639            -5.46949          0.00163507
        4742            -5.58571            -5.46952          0.00163491
        4743             -5.6323            -5.46955          0.00163493
        4744            -5.61244            -5.46958          0.00163486
        4745            -5.69895            -5.46963          0.00163523
        4746            -5.63906            -5.46967          0.00163527
        4747            -5.60973             -5.4697           0.0016352
        4748            -5.56255            -5.46972          0.00163497
        4749            -5.54658            -5.46973           0.0016347
        4750            -5.57825            -5.46975          0.00163452
        4751            -5.62233            -5.46979          0.00163449
        4752            -5.56312            -5.46981          0.00163427
        4753            -5.52285            -5.46982          0.00163396
        4754            -5.56294            -5.46984          0.00163373
        4755            -5.57262            -5.46986          0.00163353
        4756            -5.47512            -5.46986          0.00163319
        4757            -5.47164            -5.46986          0.00163285
        4758            -5.41723            -5.46985          0.00163254
        4759            -5.33237            -5.46982          0.00163245
        4760            -5.38348             -5.4698          0.00163221
        4761             -5.4193            -5.46979           0.0016319
        4762            -5.36454            -5.46977          0.00163171
        4763            -5.45689            -5.46977          0.00163137
        4764            -5.49077            -5.46977          0.00163103
        4765            -5.44032            -5.46976           0.0016307
        4766            -5.31087            -5.46973           0.0016307
        4767             -5.3373             -5.4697           0.0016306
        4768            -5.32341            -5.46967          0.00163054
        4769            -5.33934            -5.46965          0.00163043
        4770            -5.31876            -5.46961          0.00163039
        4771            -5.27876            -5.46957          0.00163054
        4772            -5.14864            -5.46951          0.00163159
        4773            -5.28996            -5.46947          0.00163168
        4774             -5.4278            -5.46946          0.00163136
        4775            -5.43661            -5.46945          0.00163103
        4776            -5.38196            -5.46943           0.0016308
        4777             -5.3582            -5.46941          0.00163062
        4778            -5.40273             -5.4694          0.00163034
        4779            -5.32182            -5.46937          0.00163029
        4780            -5.41961            -5.46936          0.00162998
        4781              -5.404            -5.46934           0.0016297
        4782            -5.40534            -5.46933          0.00162941
        4783            -5.35447            -5.46931          0.00162925
        4784            -5.30025            -5.46927          0.00162929
        4785            -5.37846            -5.46925          0.00162906
        4786            -5.41329            -5.46924          0.00162876
        4787            -5.35488            -5.46922           0.0016286
        4788             -5.3291            -5.46919          0.00162852
        4789            -5.44012            -5.46918          0.00162819
        4790            -5.29747            -5.46914          0.00162825
        4791            -5.37468            -5.46912          0.00162803
        4792            -5.36405             -5.4691          0.00162783
        4793            -5.37154            -5.46908          0.00162762
        4794            -5.38782            -5.46907          0.00162737
        4795             -5.3789            -5.46905          0.00162714
        4796            -5.29979            -5.46901          0.00162718
        4797            -5.27692            -5.46897          0.00162734
        4798            -5.20979            -5.46892          0.00162789
        4799            -5.16352            -5.46885           0.0016288
        4800            -5.23437             -5.4688          0.00162919
        4801            -5.25561            -5.46876          0.00162946
        4802            -5.30022            -5.46873           0.0016295
        4803            -5.27716            -5.46869          0.00162964
        4804            -5.23824            -5.46864          0.00163001
        4805            -5.28182             -5.4686          0.00163014
        4806            -5.37476            -5.46858          0.00162991
        4807            -5.35574            -5.46856          0.00162974
        4808            -5.33926            -5.46853          0.00162963
        4809            -5.31044             -5.4685          0.00162962
        4810            -5.31827            -5.46846          0.00162958
        4811              -5.458            -5.46846          0.00162924
        4812            -5.54465            -5.46848          0.00162898
        4813            -5.57405             -5.4685          0.00162879
        4814            -5.56582            -5.46852          0.00162858
        4815            -5.64085            -5.46856          0.00162863
        4816            -5.55894            -5.46857           0.0016284
        4817            -5.47197            -5.46858          0.00162806
        4818            -5.49963            -5.46858          0.00162774
        4819            -5.59118            -5.46861           0.0016276
        4820            -5.60099            -5.46863          0.00162749
        4821            -5.62274            -5.46867          0.00162747
        4822            -5.65401            -5.46871          0.00162759
        4823            -5.63403            -5.46874          0.00162761
        4824            -5.59686            -5.46877          0.00162749
        4825            -5.52245            -5.46878          0.00162719
        4826            -5.55412            -5.46879          0.00162695
        4827            -5.49319             -5.4688          0.00162662
        4828            -5.56289            -5.46882           0.0016264
        4829            -5.52898            -5.46883          0.00162611
        4830            -5.46217            -5.46883          0.00162577
        4831            -5.46286            -5.46883          0.00162544
        4832            -5.53304            -5.46884          0.00162516
        4833            -5.48203            -5.46885          0.00162482
        4834            -5.50049            -5.46885           0.0016245
        4835            -5.37123            -5.46883          0.00162429
        4836             -5.4042            -5.46882          0.00162401
        4837            -5.48762            -5.46882          0.00162368
        4838            -5.50469            -5.46883          0.00162336
        4839             -5.5099            -5.46884          0.00162304
        4840            -5.53139            -5.46885          0.00162276
        4841            -5.56429            -5.46887          0.00162255
        4842            -5.57741            -5.46889          0.00162236
        4843            -5.49047             -5.4689          0.00162204
        4844            -5.46928             -5.4689           0.0016217
        4845            -5.55835            -5.46892          0.00162147
        4846            -5.45168            -5.46891          0.00162114
        4847             -5.4281             -5.4689          0.00162083
        4848            -5.43564             -5.4689          0.00162051
        4849            -5.51088            -5.46891           0.0016202
        4850             -5.4798            -5.46891          0.00161986
        4851            -5.50767            -5.46892          0.00161955
        4852            -5.43331            -5.46891          0.00161923
        4853            -5.45189            -5.46891           0.0016189
        4854            -5.44162             -5.4689          0.00161858
        4855            -5.37941            -5.46888          0.00161835
        4856            -5.37944            -5.46886          0.00161812
        4857            -5.34724            -5.46884          0.00161798
        4858            -5.21828            -5.46879          0.00161847
        4859            -5.31162            -5.46875          0.00161846
        4860            -5.29679            -5.46872          0.00161852
        4861            -5.35993             -5.4687          0.00161834
        4862            -5.34189            -5.46867          0.00161822
        4863            -5.29607            -5.46863          0.00161827
        4864            -5.30138             -5.4686           0.0016183
        4865            -5.33388            -5.46857          0.00161821
        4866            -5.33626            -5.46855           0.0016181
        4867            -5.40188            -5.46853          0.00161783
        4868            -5.45979            -5.46853           0.0016175
        4869            -5.46713            -5.46853          0.00161717
        4870            -5.44989            -5.46853          0.00161684
        4871            -5.39889            -5.46851          0.00161657
        4872            -5.47574            -5.46851          0.00161624
        4873            -5.41544             -5.4685          0.00161594
        4874            -5.49408            -5.46851          0.00161562
        4875             -5.4856            -5.46851          0.00161529
        4876             -5.3765            -5.46849          0.00161507
        4877            -5.46334            -5.46849          0.00161474
        4878            -5.55486            -5.46851          0.00161451
        4879            -5.53049            -5.46852          0.00161423
        4880            -5.52763            -5.46853          0.00161394
        4881            -5.51626            -5.46854          0.00161364
        4882            -5.49288            -5.46855          0.00161332
        4883            -5.52165            -5.46856          0.00161302
        4884            -5.48809            -5.46856           0.0016127
        4885            -5.49628            -5.46857          0.00161238
        4886            -5.45459            -5.46857          0.00161205
        4887            -5.40724            -5.46855          0.00161177
        4888            -5.35259            -5.46853          0.00161161
        4889            -5.35956            -5.46851          0.00161144
        4890            -5.31763            -5.46848           0.0016114
        4891            -5.31931            -5.46845          0.00161136
        4892            -5.42652            -5.46844          0.00161106
        4893            -5.53945            -5.46845          0.00161079
        4894            -5.42267            -5.46844          0.00161049
        4895            -5.51843            -5.46845          0.00161019
        4896            -5.54382            -5.46847          0.00160994
        4897            -5.56049            -5.46849          0.00160972
        4898            -5.51302             -5.4685          0.00160942
        4899            -5.57503            -5.46852          0.00160924
        4900            -5.50868            -5.46853          0.00160893
        4901             -5.4227            -5.46852          0.00160863
        4902            -5.43862            -5.46851          0.00160831
        4903             -5.5154            -5.46852          0.00160801
        4904            -5.50019            -5.46853           0.0016077
        4905            -5.40309            -5.46851          0.00160742
        4906            -5.45656            -5.46851           0.0016071
        4907            -5.49229            -5.46852          0.00160678
        4908            -5.50962            -5.46852          0.00160647
        4909            -5.47305            -5.46852          0.00160615
        4910            -5.46765            -5.46852          0.00160582
        4911             -5.5684            -5.46855          0.00160562
        4912             -5.5593            -5.46856           0.0016054
        4913             -5.5534            -5.46858          0.00160517
        4914            -5.43131            -5.46857          0.00160486
        4915            -5.51926            -5.46858          0.00160456
        4916            -5.41221            -5.46857          0.00160428
        4917            -5.49056            -5.46858          0.00160396
        4918            -5.55994             -5.4686          0.00160374
        4919            -5.52003            -5.46861          0.00160345
        4920            -5.46794            -5.46861          0.00160312
        4921            -5.43967             -5.4686          0.00160281
        4922            -5.41746            -5.46859          0.00160251
        4923            -5.39924            -5.46858          0.00160225
        4924            -5.38399            -5.46856          0.00160202
        4925            -5.30501            -5.46852          0.00160204
        4926            -5.45088            -5.46852          0.00160172
        4927            -5.49793            -5.46853           0.0016014
        4928            -5.52406            -5.46854          0.00160112
        4929            -5.53353            -5.46855          0.00160085
        4930            -5.50554            -5.46856          0.00160054
        4931             -5.3944            -5.46854          0.00160028
        4932            -5.40374            -5.46853          0.00160001
        4933            -5.38795            -5.46851          0.00159977
        4934            -5.41621             -5.4685          0.00159948
        4935            -5.39465            -5.46849          0.00159923
        4936            -5.43466            -5.46848          0.00159892
        4937            -5.47111            -5.46848           0.0015986
        4938            -5.48615            -5.46849          0.00159828
        4939            -5.61473            -5.46852          0.00159823
        4940            -5.54189            -5.46853          0.00159797
        4941            -5.55174            -5.46855          0.00159774
        4942            -5.57608            -5.46857          0.00159756
        4943            -5.49781            -5.46858          0.00159725
        4944            -5.50594            -5.46858          0.00159695
        4945            -5.52834            -5.46859          0.00159667
        4946            -5.52845            -5.46861          0.00159639
        4947            -5.47399            -5.46861          0.00159607
        4948            -5.47776            -5.46861          0.00159575
        4949            -5.69721            -5.46866          0.00159609
        4950              -5.693             -5.4687          0.00159641
        4951            -5.60016            -5.46873          0.00159631
        4952            -5.52359            -5.46874          0.00159603
        4953            -5.60001            -5.46877          0.00159593
        4954            -5.54808            -5.46878          0.00159568
        4955            -5.51812            -5.46879          0.00159539
        4956             -5.5769            -5.46881          0.00159522
        4957            -5.50606            -5.46882          0.00159492
        4958            -5.58405            -5.46884          0.00159476
        4959            -5.57215            -5.46886          0.00159458
        4960            -5.47777            -5.46887          0.00159426
        4961            -5.46884            -5.46887          0.00159394
        4962            -5.47379            -5.46887          0.00159362
        4963            -5.44013            -5.46886          0.00159331
        4964            -5.50423            -5.46887            0.001593
        4965            -5.50164            -5.46888          0.00159269
        4966             -5.5768             -5.4689          0.00159252
        4967            -5.49231             -5.4689          0.00159221
        4968            -5.48529            -5.46891          0.00159189
        4969            -5.53747            -5.46892          0.00159163
        4970              -5.595            -5.46894          0.00159151
        4971            -5.50709            -5.46895          0.00159121
        4972            -5.46041            -5.46895          0.00159089
        4973             -5.4367            -5.46894          0.00159058
        4974            -5.44431            -5.46894          0.00159027
        4975            -5.46384            -5.46894          0.00158995
        4976            -5.50813            -5.46895          0.00158965
        4977            -5.49814            -5.46895          0.00158934
        4978            -5.42705            -5.46894          0.00158905
        4979            -5.40737            -5.46893          0.00158878
        4980            -5.38171            -5.46891          0.00158855
        4981            -5.45575            -5.46891          0.00158824
        4982            -5.37594            -5.46889          0.00158803
        4983            -5.40617            -5.46888          0.00158776
        4984            -5.41455            -5.46887          0.00158748
        4985            -5.48028            -5.46887          0.00158716
        4986             -5.3389            -5.46884          0.00158706
        4987            -5.29473            -5.46881          0.00158712
        4988            -5.40686             -5.4688          0.00158685
        4989            -5.41106            -5.46879          0.00158658
        4990            -5.42737            -5.46878          0.00158628
        4991            -5.40858            -5.46877          0.00158601
        4992            -5.50945            -5.46877          0.00158571
        4993            -5.42843            -5.46877          0.00158542
        4994              -5.408            -5.46875          0.00158514
        4995             -5.4807            -5.46876          0.00158483
        4996            -5.45542            -5.46875          0.00158451
        4997            -5.45105            -5.46875           0.0015842
        4998            -5.47906            -5.46875          0.00158389
        4999            -5.51053            -5.46876          0.00158359
        5000            -5.51698            -5.46877           0.0015833
