#     BLOCK:           ACTUAL_P:              P_AVE:              ERROR:
           1             -5.1219             -5.1219                   0
           2             -4.2888            -4.70535            0.294545
           3             -3.6793            -4.36333            0.341384
           4            -3.13092            -4.05523            0.369798
           5            -2.65462            -3.77511            0.387679
           6            -2.52549            -3.56684            0.374857
           7            -2.23136            -3.37606            0.366655
           8            -2.17332            -3.22571            0.350293
           9            -1.83799            -3.07152            0.343636
          10            -1.46328             -2.9107            0.344859
          11            -1.24127            -2.75893            0.345292
          12            -1.36475            -2.64275            0.335494
          13            -1.67536            -2.56834            0.317833
          14             -1.2764            -2.47605            0.308236
          15           -0.813364            -2.36521            0.306972
          16           -0.718835            -2.26231            0.304544
          17           -0.517687            -2.15969            0.303428
          18            -0.96384            -2.09325            0.293754
          19            -0.75896            -2.02302            0.286565
          20           -0.506232            -1.94718            0.282094
          21           -0.539854            -1.88017            0.276506
          22           -0.179247            -1.80285            0.274534
          23           -0.174513            -1.73206            0.271573
          24           -0.741435            -1.69078            0.263376
          25           -0.827843            -1.65626            0.255093
          26              -0.869            -1.62598            0.247072
          27            -0.70164            -1.59175            0.240281
          28           -0.940303            -1.56848            0.232823
          29            -0.83814             -1.5433            0.226153
          30           -0.744269            -1.51666            0.220177
          31           -0.375269            -1.47984            0.216132
          32           -0.427549            -1.44696            0.211864
          33           -0.464336            -1.41718            0.207526
          34           -0.385782            -1.38685            0.203627
          35           -0.502325            -1.36158            0.199372
          36           0.0381604             -1.3227            0.197588
          37           -0.230635            -1.29318             0.19444
          38           0.0741583             -1.2572            0.192624
          39           0.0606179            -1.22341            0.190626
          40           -0.175235             -1.1972            0.187652
          41             0.13979            -1.16459            0.185887
          42            0.225599            -1.13149            0.184385
          43            0.389347            -1.09613            0.183458
          44            0.065147            -1.06973            0.181177
          45           -0.125374            -1.04875            0.178362
          46           -0.110963            -1.02836            0.175646
          47           -0.555586             -1.0183            0.172196
          48           -0.188917            -1.00102            0.169473
          49           -0.561973           -0.992062            0.166252
          50           -0.228189           -0.976785            0.163627
          51           0.0236569           -0.957168             0.16159
          52            0.343647           -0.932153            0.160407
          53             0.31956           -0.908535             0.15911
          54           -0.281491           -0.896923            0.156587
          55           -0.661203           -0.892638            0.153798
          56           -0.195892           -0.880196            0.151554
          57            0.187711            -0.86146            0.150049
          58            0.504507           -0.837909            0.149299
          59             0.19545           -0.820395            0.147792
          60            0.268968           -0.802239             0.14644
          61            0.330103           -0.783676            0.145211
          62            0.366971           -0.765117             0.14405
          63            0.695801           -0.741928            0.143618
          64            0.289066           -0.725818            0.142274
          65            0.122377           -0.712769            0.140683
          66            0.245184           -0.698255            0.139298
          67          -0.0722269           -0.688911            0.137532
          68           -0.201106           -0.681738            0.135696
          69          -0.0291674            -0.67228            0.134059
          70          -0.0259646           -0.663047            0.132461
          71           -0.160315           -0.655966            0.130785
          72          -0.0652968           -0.647762            0.129225
          73            0.121104            -0.63723            0.127883
          74           -0.674727           -0.637737            0.126156
          75            -0.45082           -0.635245            0.124499
          76           -0.155082           -0.628927            0.123021
          77            -0.13764           -0.622546            0.121589
          78           -0.130508           -0.616238            0.120193
          79            0.275142           -0.604955              0.1192
          80            0.530402           -0.590763            0.118552
          81            0.718468           -0.574599            0.118185
          82            0.815428           -0.557648            0.117953
          83         -0.00364114           -0.550973            0.116721
          84            0.233003            -0.54164            0.115704
          85            0.275149           -0.532031            0.114741
          86            0.167529           -0.523896            0.113695
          87           -0.333099           -0.521703            0.112409
          88           -0.239718           -0.518499            0.111177
          89           -0.554799           -0.518907            0.109929
          90           -0.153014           -0.514841            0.108783
          91            -0.15273           -0.510862             0.10766
          92          -0.0272538           -0.505605            0.106618
          93            0.180554           -0.498227            0.105727
          94           0.0188189           -0.492727            0.104745
          95           -0.180926           -0.489445            0.103694
          96            0.461861           -0.479535            0.103086
          97            0.886025           -0.465457             0.10298
          98            0.821033            -0.45233            0.102763
          99            0.564566           -0.442058            0.102237
         100            0.736725            -0.43027            0.101892
         101            0.683712           -0.419241            0.101478
         102            0.692883           -0.408338            0.101067
         103             0.78803           -0.396723            0.100751
         104            0.937005           -0.383898            0.100595
         105            0.679908           -0.373767            0.100146
         106            0.251771           -0.367865            0.099375
         107            0.282289           -0.361789           0.0986318
         108            0.424107           -0.354512           0.0979866
         109            0.529197           -0.346405           0.0974225
         110            0.536317            -0.33838           0.0968668
         111            0.424653           -0.331506           0.0962377
         112            0.539704           -0.323727           0.0956923
         113            0.437748           -0.316989           0.0950824
         114             0.39909           -0.310707           0.0944556
         115            0.597115           -0.302813           0.0939636
         116             0.59011           -0.295116           0.0934683
         117            0.426567           -0.288947           0.0928727
         118            0.379516           -0.283282           0.0922583
         119             0.49344           -0.276755           0.0917136
         120             0.16138           -0.273104            0.091022
         121            0.237948           -0.268881           0.0903677
         122           -0.113843            -0.26761           0.0896359
         123            0.086388           -0.264732           0.0889533
         124           -0.386159           -0.265711           0.0882413
         125           -0.533246           -0.267851           0.0875614
         126             -0.1161           -0.266647           0.0868747
         127           0.0159505           -0.264422           0.0862192
         128          -0.0410324           -0.262677           0.0855632
         129            0.070649           -0.260093            0.084939
         130            0.209887           -0.256477           0.0843625
         131            0.316201           -0.252106           0.0838317
         132            0.353993           -0.247514           0.0833222
         133            0.248997           -0.243781           0.0827793
         134          -0.0530906           -0.242358           0.0821738
         135            0.386259           -0.237702           0.0816969
         136            0.500719           -0.232272           0.0812765
         137            0.569829           -0.226417           0.0808938
         138            0.609545           -0.220359           0.0805341
         139            0.209445           -0.217267           0.0800141
         140           -0.164048           -0.216887           0.0794434
         141           0.0173557           -0.215226           0.0788974
         142            0.138688           -0.212734           0.0783811
         143            0.152319           -0.210181           0.0778746
         144            0.449012           -0.205603           0.0774682
         145            0.455147           -0.201046           0.0770678
         146            0.272396           -0.197803           0.0766082
         147            0.327725           -0.194228           0.0761704
         148            0.361644           -0.190472           0.0757483
         149            0.315351           -0.187078           0.0753159
         150            0.794235           -0.180536           0.0750974
         151             0.92844           -0.173191           0.0749583
         152            0.913005           -0.166045            0.074805
         153             1.10557           -0.157734           0.0747764
         154             1.53031           -0.146773           0.0750899
         155             1.27138           -0.137623           0.0751608
         156            0.921611           -0.130833           0.0749851
         157            0.433973           -0.127236           0.0745937
         158             0.45256           -0.123566           0.0742118
         159            0.201677           -0.121521           0.0737733
         160            0.466468           -0.117846           0.0734037
         161            0.595252           -0.113417           0.0730813
         162            0.342054           -0.110605           0.0726842
         163            0.581244           -0.106361           0.0723621
         164            0.405735           -0.103238           0.0719882
         165            0.550544          -0.0992758           0.0716609
         166             0.25518          -0.0971406            0.071261
         167            0.186187           -0.095444           0.0708545
         168            0.107743          -0.0942345            0.070443
         169            0.730993          -0.0893515           0.0701953
         170            0.877889          -0.0836619           0.0700126
         171            0.535635          -0.0800403           0.0696967
         172              0.5139          -0.0765871            0.069377
         173               0.803          -0.0715028            0.069162
         174            0.971188          -0.0655103           0.0690237
         175             1.11379          -0.0587714           0.0689574
         176            0.781741          -0.0539958           0.0687308
         177            0.627913          -0.0501432           0.0684504
         178            0.540917          -0.0468226           0.0681463
         179             1.30847          -0.0392512           0.0681849
         180             1.42812          -0.0310991           0.0682917
         181             1.43175          -0.0230171            0.068391
         182             1.20961          -0.0162444           0.0683497
         183             1.18165         -0.00969854            0.068289
         184            0.635655         -0.00619118           0.0680078
         185            0.433462         -0.00381467           0.0676817
         186             1.15842          0.00243392           0.0676057
         187             1.32103          0.00948524           0.0676109
         188             1.05342           0.0150381           0.0674789
         189             1.14754           0.0210302           0.0673874
         190             1.34753           0.0280118           0.0673934
         191             1.16001           0.0339385           0.0673007
         192             1.37559           0.0409262           0.0673119
         193            0.764031           0.0446729           0.0670673
         194             1.23852           0.0508267           0.0670034
         195             1.35093           0.0574939           0.0669906
         196             1.19062           0.0632752           0.0668979
         197             1.57407           0.0709442           0.0669964
         198             1.46687           0.0779943            0.067028
         199             1.38724           0.0845734           0.0670132
         200             1.35777           0.0909394           0.0669799
         201             1.19488           0.0964316           0.0668714
         202             1.39766            0.102873           0.0668499
         203             1.22453            0.108399           0.0667486
         204             1.90125            0.117187           0.0669975
         205             1.50114            0.123938           0.0670099
         206             1.67488            0.131467           0.0671062
         207             1.59988            0.138561           0.0671559
         208             1.59113            0.145544           0.0671952
         209             1.84008            0.153652           0.0673611
         210             2.08645            0.162856           0.0676662
         211             1.98686            0.171501           0.0678954
         212             1.83973             0.17937           0.0680296
         213             1.85316            0.187228           0.0681626
         214             1.69567            0.194277           0.0682075
         215             1.38967            0.199837           0.0681165
         216            0.982879            0.203462           0.0678976
         217            0.909897            0.206717           0.0676627
         218            0.633354            0.208674           0.0673806
         219            0.736748            0.211086           0.0671161
         220            0.696218            0.213291           0.0668472
         221            0.789055            0.215896           0.0665955
         222                1.05            0.219653           0.0664014
         223             1.16313            0.223884           0.0662383
         224             1.17715             0.22814           0.0660791
         225             1.00793            0.231605           0.0658763
         226             1.30966            0.236376           0.0657573
         227             1.40487            0.241523           0.0656688
         228             1.89564            0.248778           0.0657803
         229             2.08729            0.256806           0.0659811
         230             2.21341            0.265313           0.0662404
         231             1.96504            0.272672           0.0663611
         232             1.90909            0.279725           0.0664488
         233             1.59457            0.285368           0.0664028
         234             1.36049            0.289963           0.0662778
         235             1.24339             0.29402           0.0661198
         236              1.4874            0.299077           0.0660327
         237             1.49831            0.304137           0.0659477
         238             1.39956            0.308739            0.065831
         239             1.48753            0.313671           0.0657401
         240             1.46687            0.318476           0.0656416
         241             1.47528            0.323276           0.0655444
         242             1.60232            0.328562           0.0654863
         243             1.33073            0.332686           0.0653466
         244             1.46824             0.33734           0.0652443
         245             1.75596             0.34313           0.0652344
         246             1.79227            0.349021           0.0652347
         247             1.21107            0.352511           0.0650639
         248             1.21075            0.355972           0.0648935
         249             1.45374             0.36038           0.0647824
         250             1.64824            0.365532           0.0647278
         251             1.70889            0.370884           0.0646908
         252             2.23186            0.378269           0.0648542
         253             1.93978            0.384441           0.0648909
         254             1.81857            0.390087           0.0648806
         255             1.36016            0.393891           0.0647376
         256             1.41096            0.397864           0.0646065
         257             1.50053            0.402154           0.0644975
         258             1.59857            0.406792            0.064414
         259             1.42068            0.410706           0.0642841
         260             1.17222            0.413635           0.0641035
         261             1.26347            0.416891           0.0639406
         262             1.11267            0.419547           0.0637516
         263            0.541967            0.420012           0.0635109
         264            0.708748            0.421106           0.0632798
         265            0.818726            0.422607           0.0630588
         266             1.43504            0.426413           0.0629365
         267             1.24581            0.429482           0.0627755
         268             1.17573            0.432266            0.062603
         269             1.22843            0.435226           0.0624402
         270             1.34826            0.438607           0.0623005
         271             1.14779            0.441224           0.0621255
         272             1.20598            0.444036           0.0619607
         273             1.47989             0.44783           0.0618498
         274             1.28661            0.450892           0.0616998
         275            0.822674            0.452243           0.0614902
         276             1.04324            0.454385           0.0613047
         277             1.69507            0.458864           0.0612468
         278             1.92377            0.464133           0.0612528
         279             1.59329             0.46818           0.0611668
         280             1.57848            0.472146           0.0610767
         281             1.32406            0.475177           0.0609346
         282             1.16694             0.47763           0.0607678
         283             1.26866            0.480426           0.0606174
         284             1.88409            0.485368           0.0606051
         285             1.64243            0.489428           0.0605283
         286             1.35617            0.492459           0.0603924
         287            0.781496            0.493466           0.0601904
         288            0.815994            0.494586           0.0599918
         289             1.18547            0.496976           0.0598319
         290             1.33734            0.499874           0.0596957
         291             1.02749            0.501687           0.0595181
         292            0.963222            0.503268           0.0593352
         293             1.63752            0.507139           0.0592589
         294             1.22746            0.509589           0.0591079
         295             1.46078            0.512813           0.0589954
         296            0.797775            0.513776            0.058804
         297             0.76966            0.514638           0.0586123
         298             1.03453            0.516382           0.0584416
         299            0.945277            0.517817           0.0582637
         300             1.28659            0.520379           0.0581258
         301             1.62591            0.524052           0.0580486
         302             1.57786            0.527541           0.0579612
         303             1.46663            0.530641           0.0578527
         304             1.60932            0.534189           0.0577711
         305             1.11593            0.536096           0.0576132
         306             1.42355            0.538997           0.0574979
         307             1.38056            0.541738           0.0573759
         308             1.24192            0.544011           0.0572346
         309             1.55686            0.547289           0.0571432
         310             1.19071            0.549364           0.0569965
         311            0.913056            0.550534           0.0568253
         312             1.13056            0.552393           0.0566735
         313             1.06739            0.554038           0.0565163
         314            0.525334            0.553947           0.0563364
         315            0.617579            0.554149           0.0561579
         316             1.03125            0.555659           0.0560005
         317             1.11073             0.55741           0.0558512
         318             1.09295            0.559094            0.055701
         319              1.0134            0.560518           0.0555446
         320            0.929551            0.561671            0.055383
         321             1.10048             0.56335           0.0552359
         322              1.1023            0.565024           0.0550897
         323            0.825529             0.56583            0.054925
         324            0.773412            0.566471           0.0547592
         325            0.600273            0.566575           0.0545909
         326            0.440455            0.566188           0.0544248
         327            0.886348            0.567167           0.0542671
         328            0.712164            0.567609           0.0541035
         329            0.423006            0.567169           0.0539408
         330             1.07524            0.568709           0.0537993
         331             1.19901            0.570613           0.0536705
         332             1.32702            0.572892           0.0535572
         333             1.13952            0.574593           0.0534234
         334            0.818896            0.575325           0.0532684
         335            0.717121            0.575748           0.0531111
         336            0.654043            0.575981           0.0529535
         337            0.791344             0.57662           0.0528003
         338            0.601822            0.576695           0.0526441
         339            0.838829            0.577468           0.0524945
         340             1.33755            0.579703           0.0523877
         341             1.28178            0.581762           0.0522745
         342             1.14696            0.583415           0.0521477
         343             1.20909            0.585239           0.0520276
         344             1.23163            0.587118           0.0519103
         345             1.24355            0.589021           0.0517947
         346             1.38894            0.591333           0.0516965
         347             1.15107            0.592946           0.0515727
         348            0.771455            0.593459           0.0514271
         349            0.998241            0.594619           0.0512928
         350            0.578837            0.594573           0.0511463
         351            0.439987            0.594133           0.0510025
         352            0.717591            0.594484           0.0508588
         353             1.17367            0.596125           0.0507411
         354             1.52419            0.598746           0.0506655
         355             2.13628            0.603077           0.0507076
         356             1.85729              0.6066           0.0506874
         357             1.34247            0.608662           0.0505873
         358              1.0784            0.609974            0.050463
         359             1.12133            0.611398           0.0503425
         360             1.69993            0.614422           0.0502934
         361             1.73497            0.617526           0.0502498
         362             1.16386            0.619035           0.0501336
         363             1.11292            0.620396            0.050014
         364            0.875822            0.621097           0.0498815
         365             1.04839            0.622268           0.0497586
         366            0.378473            0.621602           0.0496271
         367             0.46829            0.621184           0.0494936
         368            0.865025            0.621847           0.0493635
         369             1.05944            0.623033            0.049244
         370              1.2437             0.62471           0.0491395
         371             1.09072            0.625966           0.0490231
         372              0.6483            0.626026           0.0488913
         373             1.36194            0.627999           0.0488001
         374             1.19102            0.629505           0.0486928
         375             1.26347            0.631195           0.0485923
         376             1.32411            0.633038            0.048498
         377            0.896732            0.633737           0.0483744
         378            0.500814            0.633386           0.0482477
         379            0.837236            0.633924           0.0481234
         380            0.968584            0.634804           0.0480048
         381            0.965344            0.635672           0.0478866
         382            0.969606            0.636546           0.0477693
         383            0.637564            0.636549           0.0476445
         384             0.72408            0.636777            0.047521
         385             1.20182            0.638244           0.0474202
         386            0.851332            0.638796           0.0473006
         387             1.09471            0.639974            0.047193
         388             1.21862            0.641466            0.047095
         389             1.09923            0.642643           0.0469886
         390            0.891599            0.643281           0.0468725
         391            0.745611            0.643543           0.0467533
         392            0.655484            0.643573            0.046634
         393            0.241514             0.64255           0.0465266
         394             0.38812            0.641904            0.046413
         395            0.723559            0.642111            0.046296
         396            0.544206            0.641864           0.0461797
         397            0.488755            0.641478            0.046065
         398            0.415543             0.64091           0.0459528
         399            0.439748            0.640406           0.0458403
         400           0.0479748            0.638925           0.0457497
         401            0.304487            0.638091           0.0456432
         402            0.374203            0.637435           0.0455344
         403            0.371302            0.636774           0.0454262
         404            0.555558            0.636573           0.0453142
         405            0.709149            0.636752           0.0452026
         406            0.818747            0.637201           0.0450935
         407            0.851965            0.637728           0.0449858
         408             1.17167            0.639037           0.0448946
         409             1.35366            0.640784           0.0448188
         410            0.779887            0.641124           0.0447108
         411            0.995496            0.641986           0.0446103
         412             1.47556            0.644009           0.0445479
         413            0.799331            0.644385           0.0444416
         414             1.07741            0.645431           0.0443466
         415              1.0727            0.646461           0.0442517
         416             1.03198            0.647387            0.044155
         417             1.33538            0.649037           0.0440799
         418              1.1594            0.650258           0.0439914
         419             1.27862            0.651758           0.0439119
         420              1.4079            0.653558           0.0438443
         421             1.18509            0.654821           0.0437583
         422             1.43895            0.656679            0.043694
         423             1.16309            0.657876           0.0436071
         424             1.19076            0.659133           0.0435224
         425             1.28247              0.6606           0.0434447
         426             1.59226            0.662787           0.0433977
         427             1.34679            0.664388           0.0433256
         428             1.06118            0.665315           0.0432343
         429            0.998014            0.666091           0.0431405
         430            0.876911            0.666581            0.043043
         431             1.03568            0.667438           0.0429516
         432            0.897584             0.66797           0.0428555
         433             1.34815            0.669541           0.0427853
         434             1.17074            0.670696           0.0427023
         435              1.1883            0.671886           0.0426207
         436             1.57168             0.67395           0.0425729
         437             1.16803             0.67508           0.0424905
         438             1.22628            0.676339           0.0424121
         439             1.19834            0.677528           0.0423322
         440             1.15928            0.678623           0.0422501
         441            0.842588            0.678995           0.0421559
         442            0.835268            0.679348            0.042062
         443            0.860325            0.679757           0.0419691
         444            0.745754            0.679905           0.0418748
         445              1.0697            0.680781           0.0417899
         446            0.975814            0.681443           0.0417014
         447            0.899046             0.68193            0.041611
         448            0.721714            0.682018           0.0415182
         449            0.851595            0.682396           0.0414274
         450             1.11556            0.683359           0.0413465
         451            0.829372            0.683682           0.0412561
         452             1.10345            0.684611           0.0411753
         453             1.12273            0.685578           0.0410958
         454             1.02771            0.686332           0.0410122
         455            0.485968            0.685891           0.0409244
         456             1.01835            0.686621           0.0408411
         457            0.784677            0.686835           0.0407523
         458            0.726464            0.686922           0.0406634
         459            0.921248            0.687432           0.0405781
         460            0.986426            0.688082           0.0404951
         461            0.713805            0.688138           0.0404073
         462            0.607077            0.687962           0.0403202
         463            0.398841            0.687338           0.0402379
         464            0.690865            0.687346           0.0401512
         465            0.890413            0.687782           0.0400672
         466             1.00249            0.688458           0.0399869
         467            0.979845            0.689082           0.0399062
         468             1.18505            0.690141            0.039835
         469             1.25948            0.691355           0.0397685
         470            0.916008            0.691833           0.0396868
         471            0.827161            0.692121           0.0396036
         472             1.12179            0.693031           0.0395301
         473              1.2076            0.694119           0.0394615
         474             1.11486            0.695006           0.0393883
         475             1.12094            0.695903           0.0393155
         476             1.34407            0.697265           0.0392565
         477             1.38891            0.698715            0.039201
         478             1.05706            0.699465           0.0391261
         479             0.82787            0.699733           0.0390454
         480             1.07025            0.700505           0.0389717
         481             1.00036            0.701128           0.0388956
         482             1.09941            0.701954           0.0388237
         483            0.991891            0.702555            0.038748
         484            0.794521            0.702745           0.0386684
         485             1.37511            0.704131           0.0386135
         486             1.31943            0.705397           0.0385548
         487             1.14131            0.706292            0.038486
         488             1.22532            0.707356           0.0384218
         489              1.0388            0.708033           0.0383492
         490             1.12318            0.708881           0.0382803
         491             1.03828            0.709551           0.0382083
         492             1.38171            0.710918            0.038155
         493             1.01838            0.711541           0.0380827
         494             1.35935            0.712853           0.0380282
         495             1.81649            0.715082           0.0380167
         496             1.40202            0.716467           0.0379652
         497             1.07852            0.717196           0.0378958
         498             1.11782               0.718           0.0378283
         499             1.12861            0.718823           0.0377614
         500             1.29143            0.719968           0.0377033
         501             1.17639            0.720879            0.037639
         502             1.50176            0.722435           0.0375962
         503             1.01439            0.723015           0.0375259
         504             1.18687            0.723936           0.0374627
         505             1.65313            0.725776           0.0374337
         506             1.74376            0.727787           0.0374137
         507             1.52413            0.729358           0.0373729
         508             1.49443            0.730864           0.0373297
         509             1.31917             0.73202           0.0372742
         510             1.40592            0.733341           0.0372245
         511             1.45208            0.734748           0.0371783
         512             1.57379            0.736387           0.0371418
         513             1.70848            0.738281           0.0371177
         514             1.71239            0.740177           0.0370938
         515             1.34905            0.741359           0.0370406
         516             1.40661            0.742648           0.0369912
         517             1.22772            0.743586           0.0369316
         518             1.29362            0.744648           0.0368756
         519             1.84511            0.746769           0.0368654
         520             1.50116            0.748219           0.0368231
         521             1.59055            0.749836           0.0367879
         522             1.97632            0.752186           0.0367923
         523             1.63502            0.753874           0.0367607
         524             1.73866            0.755753           0.0367385
         525             1.81262            0.757766           0.0367237
         526             1.29219            0.758782           0.0366679
         527             1.63241             0.76044           0.0366358
         528             1.80324            0.762415           0.0366196
         529              1.5306            0.763867           0.0365792
         530             1.94281            0.766091           0.0365777
         531             2.43309            0.769231           0.0366433
         532             2.28438            0.772079           0.0366849
         533             1.88731            0.774171           0.0366757
         534             1.81049            0.776112           0.0366584
         535             1.32561            0.777139           0.0366042
         536             1.02693            0.777605           0.0365389
         537             1.32748            0.778629           0.0364852
         538             1.32149            0.779638           0.0364313
         539             1.10755            0.780246           0.0363688
         540            0.983257            0.780622           0.0363034
         541             1.60965            0.782155           0.0362686
         542             1.47335             0.78343           0.0362241
         543             1.41106            0.784586           0.0361759
         544             1.38017            0.785681           0.0361259
         545             1.67537            0.787313           0.0360965
         546             1.50041            0.788619            0.036054
         547             1.31109            0.789574           0.0360007
         548             1.03271            0.790018           0.0359378
         549            0.835098              0.7901           0.0358724
         550            0.940216            0.790373           0.0358082
         551             1.30902            0.791314           0.0357556
         552             1.10613            0.791885           0.0356954
         553             1.11091            0.792462           0.0356355
         554             1.48123            0.793705           0.0355929
         555             1.23238            0.794495           0.0355375
         556             1.27105            0.795352           0.0354839
         557             1.09452            0.795889           0.0354243
         558             1.24831              0.7967           0.0353701
         559             1.42772            0.797829           0.0353248
         560             1.58887            0.799242             0.03529
         561             1.14725            0.799862           0.0352325
         562             1.64775            0.801371           0.0352021
         563             1.52427            0.802655            0.035163
         564              1.6457            0.804149           0.0351324
         565             1.65247            0.805651           0.0351023
         566             1.29935            0.806523           0.0350511
         567             1.29239             0.80738           0.0349998
         568             1.52212            0.808638           0.0349608
         569             1.72721            0.810253           0.0349366
         570             1.95097            0.812254           0.0349325
         571             2.12495            0.814553           0.0349469
         572             1.89916            0.816449           0.0349372
         573             1.60839            0.817831           0.0349036
         574             1.53027            0.819072           0.0348648
         575             1.38683             0.82006           0.0348182
         576             1.01562            0.820399           0.0347594
         577            0.822362            0.820403           0.0346992
         578            0.975551            0.820671           0.0346402
         579             1.28594            0.821475           0.0345897
         580            0.990297            0.821766           0.0345312
         581            0.838337            0.821794           0.0344718
         582            0.768723            0.821703           0.0344127
         583            0.316988            0.820837           0.0343646
         584            0.198428            0.819772           0.0343222
         585            0.234583            0.818771           0.0342782
         586             0.59618            0.818391           0.0342218
         587            0.815203            0.818386           0.0341635
         588            0.844572            0.818431           0.0341054
         589            0.824935            0.818442           0.0340475
         590            0.837255            0.818473           0.0339898
         591             1.04344            0.818854           0.0339344
         592             1.42022             0.81987           0.0338923
         593             1.32904            0.820729            0.033846
         594             1.16221            0.821303           0.0337939
         595             1.25511            0.822033            0.033745
         596             1.34528             0.82291           0.0336998
         597             1.56554            0.824154           0.0336663
         598             1.88906            0.825935           0.0336571
         599              1.7045            0.827402           0.0336328
         600             1.82698            0.829068            0.033618
         601             1.45521             0.83011           0.0335782
         602             1.45728            0.831152           0.0335386
         603             1.30146            0.831931            0.033492
         604             1.23799            0.832604           0.0334433
         605            0.758275            0.832481           0.0333883
         606             1.05304            0.832845           0.0333351
         607             1.47212            0.833898           0.0332969
         608             1.72034            0.835356            0.033274
         609             1.90614            0.837114           0.0332658
         610             1.85038            0.838775           0.0332527
         611             1.70281             0.84019           0.0332283
         612             1.67152            0.841548           0.0332018
         613            0.775309             0.84144           0.0331478
         614            0.900318            0.841536            0.033094
         615             1.32577            0.842323           0.0330495
         616             1.05957            0.842676           0.0329977
         617             1.03305            0.842984           0.0329457
         618            0.784101            0.842889           0.0328925
         619            0.926904            0.843025           0.0328397
         620             1.16307            0.843541           0.0327908
         621             1.15426            0.844041           0.0327418
         622             1.43564            0.844992           0.0327029
         623             1.49477            0.846035           0.0326671
         624             1.41127            0.846941           0.0326273
         625             1.33303            0.847719           0.0325844
         626             1.40816            0.848614           0.0325446
         627            0.884962            0.848672           0.0324927
         628             1.08825            0.849054           0.0324432
         629             1.13675            0.849511           0.0323949
         630             1.18514            0.850044           0.0323478
         631             1.40772            0.850928           0.0323087
         632             1.96256            0.852687           0.0323054
         633             1.70047            0.854026           0.0322821
         634             1.68465            0.855336           0.0322577
         635             1.82541            0.856864           0.0322431
         636             1.94525            0.858575           0.0322378
         637             1.65811             0.85983           0.0322116
         638             1.64714            0.861064           0.0321847
         639             1.48926            0.862047           0.0321494
         640             1.22964            0.862622           0.0321043
         641             1.27345            0.863263           0.0320606
         642              1.4396             0.86416           0.0320232
         643             1.25031            0.864761           0.0319791
         644             1.11039            0.865142           0.0319317
         645             1.54388            0.866195           0.0318995
         646             1.06367              0.8665           0.0318516
         647             1.31658            0.867196           0.0318099
         648             1.15172            0.867635           0.0317639
         649            0.925485            0.867724           0.0317151
         650             1.07965             0.86805            0.031668
         651             1.65238            0.869255           0.0316422
         652             1.81872            0.870711           0.0316272
         653             1.55002            0.871751           0.0315959
         654             1.53942            0.872772            0.031564
         655             1.63634            0.873938           0.0315374
         656             1.51138             0.87491           0.0315043
         657             1.38789            0.875691            0.031466
         658             1.36044            0.876427           0.0314268
         659             1.80768             0.87784           0.0314108
         660             1.92123            0.879421            0.031403
         661             1.73065            0.880709           0.0313819
         662             1.76932            0.882051           0.0313632
         663             1.19346            0.882521           0.0313194
         664             1.25026            0.883075           0.0312771
         665            0.952561            0.883179           0.0312303
         666             1.04771            0.883426           0.0311843
         667             1.44189            0.884264           0.0311488
         668              1.5409            0.885247           0.0311177
         669             1.75066             0.88654           0.0310981
         670             1.79821            0.887901           0.0310814
         671             1.27038            0.888471           0.0310403
         672             1.24026            0.888995           0.0309985
         673             1.34317            0.889669           0.0309598
         674             1.05567            0.889916           0.0309149
         675            0.750699            0.889709           0.0308698
         676            0.840031            0.889636           0.0308242
         677             1.18365             0.89007           0.0307817
         678            0.917109             0.89011           0.0307363
         679             1.02369            0.890307           0.0306917
         680             0.97993            0.890439           0.0306468
         681            0.939765            0.890511           0.0306019
         682            0.601949            0.890088             0.03056
         683               1.079            0.890365           0.0305165
         684            0.974015            0.890487           0.0304721
         685             1.35009            0.891158            0.030435
         686             1.12296            0.891496           0.0303925
         687            0.890677            0.891495           0.0303483
         688            0.774223            0.891324           0.0303047
         689            0.621204            0.890932           0.0302632
         690            0.634335             0.89056           0.0302216
         691            0.455117             0.88993           0.0301845
         692            0.807285            0.889811           0.0301411
         693            0.997075            0.889965            0.030098
         694             1.22181            0.890443           0.0300584
         695              1.1152            0.890767           0.0300169
         696             1.06157            0.891012           0.0299748
         697            0.804976            0.890889            0.029932
         698             1.16704            0.891284           0.0298918
         699             1.17927            0.891696           0.0298518
         700             1.62014            0.892737           0.0298273
         701             1.85422            0.894109           0.0298163
         702             1.50691            0.894982           0.0297866
         703             1.20907            0.895428           0.0297476
         704             1.27247            0.895964           0.0297101
         705             1.47423            0.896784           0.0296793
         706              1.5532            0.897714           0.0296518
         707             1.33476            0.898332           0.0296163
         708            0.769125             0.89815           0.0295751
         709             0.85667            0.898091           0.0295334
         710             1.02476             0.89827           0.0294924
         711            0.746935            0.898057           0.0294517
         712            0.902566            0.898063           0.0294103
         713            0.956862            0.898146           0.0293692
         714             1.25089             0.89864           0.0293322
         715             1.61726            0.899645           0.0293084
         716             1.82844            0.900942           0.0292961
         717             2.03278             0.90252           0.0292978
         718              1.8206            0.903799           0.0292849
         719             1.83285            0.905091           0.0292726
         720             1.52002            0.905945           0.0292444
         721             1.92109            0.907353           0.0292377
         722             2.10171            0.909007            0.029244
         723             1.86369            0.910328           0.0292333
         724             1.76698            0.911511           0.0292169
         725             1.75619            0.912676           0.0291998
         726             1.71818            0.913786           0.0291807
         727             1.05933            0.913986           0.0291412
         728             1.46395            0.914741            0.029111
         729             1.59829            0.915679           0.0290861
         730             1.05743            0.915873           0.0290469
         731             1.06557            0.916078           0.0290079
         732            0.917194             0.91608           0.0289683
         733             1.41328            0.916758           0.0289367
         734             1.47966            0.917525           0.0289075
         735             1.43861            0.918234           0.0288768
         736             1.08059            0.918454           0.0288384
         737               1.131            0.918743           0.0288007
         738            0.989654            0.918839           0.0287619
         739            0.996698            0.918944           0.0287232
         740            0.878003            0.918889           0.0286844
         741             1.25935            0.919348           0.0286494
         742            0.925651            0.919357           0.0286108
         743            0.982803            0.919442           0.0285724
         744             1.00786            0.919561           0.0285342
         745            0.595019            0.919125           0.0284992
         746            0.764917            0.918919           0.0284618
         747            0.475073            0.918324           0.0284299
         748            0.657356            0.917976            0.028394
         749            0.818022            0.917842           0.0283564
         750            0.549574            0.917351           0.0283229
         751            0.394607            0.916655           0.0282937
         752            0.722415            0.916397           0.0282573
         753            0.957459            0.916451           0.0282198
         754            0.885859            0.916411           0.0281824
         755             0.99367            0.916513           0.0281452
         756             1.17812            0.916859           0.0281101
         757             1.18992             0.91722           0.0280753
         758             1.43171            0.917899           0.0280465
         759             1.13783            0.918188            0.028011
         760             1.68359            0.919195           0.0279923
         761              1.3905            0.919815           0.0279623
         762             1.29736             0.92031             0.02793
         763             1.04077            0.920468           0.0278939
         764             1.01581            0.920593           0.0278576
         765              1.5943            0.921473           0.0278351
         766             1.48064            0.922203           0.0278084
         767             1.69101            0.923206           0.0277902
         768             1.78975            0.924334           0.0277769
         769             1.55357            0.925152           0.0277528
         770             1.44294            0.925825           0.0277249
         771             1.79711            0.926955            0.027712
         772             1.90959            0.928228           0.0277053
         773              1.6198            0.929122           0.0276839
         774             1.30816            0.929612           0.0276525
         775             1.13348            0.929875            0.027618
         776             1.23169            0.930264           0.0275852
         777             1.25516            0.930682           0.0275529
         778             1.46058            0.931363           0.0275259
         779             1.33621            0.931883           0.0274954
         780             1.50938            0.932623           0.0274701
         781             1.78864            0.933719           0.0274568
         782             1.55976             0.93452           0.0274334
         783            0.975577            0.934572           0.0273984
         784            0.923838            0.934559           0.0273635
         785             0.83478            0.934432           0.0273289
         786             0.89059            0.934376           0.0272942
         787             1.20185            0.934716           0.0272616
         788             1.60746             0.93557           0.0272404
         789             1.71074            0.936552           0.0272236
         790             1.46888            0.937226           0.0271974
         791             1.25698             0.93763           0.0271661
         792             1.19148            0.937951           0.0271337
         793             1.47554            0.938628           0.0271079
         794             1.49535             0.93933           0.0270828
         795             1.86956              0.9405            0.027074
         796             1.44603            0.941135           0.0270475
         797             1.57677            0.941932           0.0270253
         798             1.83567            0.943052           0.0270146
         799             1.72876            0.944036           0.0269987
         800             1.39658            0.944601           0.0269709
         801             1.44964            0.945232           0.0269446
         802             1.80204              0.9463           0.0269321
         803             1.51326            0.947006           0.0269079
         804             1.22986            0.947358           0.0268767
         805             1.21886            0.947695           0.0268454
         806            0.814611             0.94753           0.0268126
         807            0.603015            0.947103           0.0267828
         808            0.697455            0.946794           0.0267514
         809               1.227            0.947141           0.0267206
         810             1.64367            0.948001           0.0267015
         811             1.29547            0.948429            0.026672
         812            0.950901            0.948432           0.0266391
         813            0.865474             0.94833           0.0266065
         814            0.792571            0.948139           0.0265745
         815            0.472372            0.947555           0.0265484
         816             1.04057            0.947669           0.0265161
         817              1.0494            0.947793           0.0264839
         818             1.27765            0.948197           0.0264546
         819            0.965846            0.948218           0.0264223
         820            0.622004             0.94782           0.0263931
         821            0.886904            0.947746            0.026361
         822            0.713381            0.947461           0.0263305
         823            0.861737            0.947357           0.0262987
         824            0.742903            0.947109            0.026268
         825            0.761249            0.946884           0.0262371
         826             1.13391             0.94711           0.0262063
         827            0.888158            0.947039           0.0261747
         828            0.749827            0.946801           0.0261442
         829            0.982405            0.946843           0.0261127
         830             1.23849            0.947195           0.0260836
         831             1.14908            0.947438           0.0260533
         832             1.11833            0.947643           0.0260228
         833            0.730604            0.947383           0.0259929
         834            0.533102            0.946886           0.0259665
         835            0.536444            0.946394             0.02594
         836            0.605399            0.945986           0.0259122
         837            0.401955            0.945337           0.0258894
         838            0.442643            0.944737           0.0258655
         839            0.508993            0.944217           0.0258398
         840            0.535388            0.943731           0.0258137
         841             0.68421            0.943422           0.0257848
         842            0.858712            0.943321           0.0257544
         843             1.07599            0.943479           0.0257243
         844              1.0477            0.943602           0.0256941
         845             1.17817             0.94388           0.0256652
         846             0.98298            0.943926           0.0256349
         847             1.12825            0.944144           0.0256056
         848             1.19467            0.944439           0.0255771
         849              1.5951            0.945205           0.0255584
         850             1.58168            0.945954           0.0255393
         851             1.35894             0.94644           0.0255139
         852             1.07703            0.946593           0.0254845
         853             1.47517            0.947213           0.0254621
         854             1.21887            0.947531           0.0254343
         855             1.22055             0.94785           0.0254065
         856              1.2899             0.94825             0.02538
         857             1.69032            0.949115           0.0253652
         858             1.56075            0.949828           0.0253456
         859             1.51939            0.950491           0.0253248
         860             1.64944            0.951304           0.0253084
         861             1.67848            0.952149           0.0252931
         862             1.43485            0.952709           0.0252699
         863             1.29757            0.953108           0.0252438
         864             1.23827            0.953438           0.0252167
         865             1.27073            0.953805           0.0251902
         866             1.15837            0.954041           0.0251623
         867            0.697781            0.953746            0.025135
         868            0.707775            0.953462           0.0251076
         869            0.550808            0.952999            0.025083
         870            0.563373            0.952551           0.0250582
         871            0.469453            0.951997           0.0250355
         872            0.481299            0.951457           0.0250126
         873            0.778479            0.951259           0.0249848
         874            0.673885            0.950941           0.0249582
         875            0.757487             0.95072           0.0249307
         876            0.909382            0.950673           0.0249022
         877            0.977351            0.950703           0.0248739
         878             1.22965            0.951021           0.0248476
         879            0.974854            0.951048           0.0248193
         880            0.799239            0.950876           0.0247917
         881             1.10428             0.95105           0.0247642
         882             1.44147            0.951606           0.0247423
         883             1.36815            0.952078           0.0247188
         884             1.96916            0.953228           0.0247176
         885             1.78829            0.954172           0.0247077
         886             1.76328            0.955085           0.0246967
         887             1.63342             0.95585           0.0246807
         888             1.64418            0.956625           0.0246651
         889             1.52953            0.957269           0.0246457
         890             1.87231            0.958297           0.0246395
         891               2.166            0.959653           0.0246491
         892             1.90125            0.960708            0.024644
         893             1.77184            0.961617           0.0246332
         894             1.55958            0.962286           0.0246147
         895             1.19845            0.962549           0.0245886
         896            0.877193            0.962454           0.0245613
         897            0.815035             0.96229           0.0245345
         898            0.696681            0.961994            0.024509
         899            0.784439            0.961797           0.0244825
         900            0.736783            0.961547           0.0244566
         901            0.928497             0.96151           0.0244295
         902             1.49849            0.962105           0.0244096
         903             1.20714            0.962377           0.0243841
         904             1.12157            0.962553           0.0243578
         905               1.216            0.962833           0.0243325
         906             1.23213             0.96313           0.0243074
         907             1.29042            0.963491           0.0242833
         908             1.50805            0.964091            0.024264
         909             1.24281            0.964397           0.0242392
         910             1.13069             0.96458           0.0242133
         911             1.10229            0.964731           0.0241872
         912             1.15338            0.964938           0.0241615
         913             1.09625            0.965082           0.0241355
         914             1.16718            0.965303           0.0241101
         915             1.58049            0.965975           0.0240931
         916              1.3238            0.966366             0.02407
         917            0.879833            0.966271           0.0240439
         918            0.952033            0.966256           0.0240177
         919            0.686317            0.965951           0.0239935
         920             1.05933            0.966053           0.0239677
         921             0.92858            0.966012           0.0239417
         922             1.20762            0.966274           0.0239171
         923             1.38082            0.966723           0.0238954
         924             1.55092            0.967356           0.0238779
         925              1.2311            0.967641           0.0238538
         926             1.24341            0.967939           0.0238299
         927             1.07263            0.968051           0.0238045
         928            0.947299            0.968029           0.0237789
         929              1.4732            0.968573           0.0237595
         930             1.83493            0.969504           0.0237522
         931             1.73637            0.970328           0.0237409
         932             1.59843            0.971002            0.023725
         933             1.73124            0.971817           0.0237136
         934             1.44232            0.972321           0.0236936
         935             1.73551            0.973137           0.0236823
         936             1.84255            0.974066           0.0236752
         937             1.80901            0.974957           0.0236667
         938              1.4261            0.975438           0.0236463
         939             1.08885            0.975559           0.0236215
         940              0.8454             0.97542           0.0235967
         941            0.986047            0.975431           0.0235717
         942             0.97376             0.97543           0.0235466
         943             1.33147            0.975807           0.0235247
         944            0.990951            0.975823           0.0234998
         945            0.719336            0.975552           0.0234765
         946             1.27115            0.975864           0.0234537
         947             1.31222            0.976219           0.0234317
         948             1.47383            0.976744           0.0234128
         949            0.974484            0.976742           0.0233882
         950             1.02309            0.976791           0.0233636
         951             1.06389            0.976882           0.0233392
         952             1.21245             0.97713            0.023316
         953             1.26063            0.977427           0.0232934
         954             1.29328            0.977758           0.0232714
         955             1.21568            0.978008           0.0232483
         956            0.919305            0.977946           0.0232241
         957            0.808178            0.977769           0.0232005
         958             1.40735            0.978217           0.0231806
         959             1.47385            0.978734           0.0231622
         960             1.43142            0.979205           0.0231429
         961              1.0755            0.979306            0.023119
         962             1.23246            0.979569           0.0230965
         963             1.28749            0.979889           0.0230747
         964              1.3559            0.980279           0.0230541
         965              1.2826            0.980592           0.0230323
         966             1.28878            0.980911           0.0230107
         967             1.74216            0.981698           0.0230003
         968             1.40594            0.982136           0.0229808
         969             1.53827             0.98271           0.0229642
         970             1.26017            0.982996           0.0229423
         971             1.14944            0.983168           0.0229193
         972             1.20115            0.983392           0.0228968
         973             1.27203            0.983689           0.0228752
         974             1.56508            0.984286           0.0228595
         975             1.40873            0.984721           0.0228402
         976             1.32294            0.985068           0.0228195
         977             1.89913            0.986003           0.0228153
         978             1.66108            0.986693           0.0228024
         979             1.78986            0.987514           0.0227938
         980             1.73046            0.988272           0.0227832
         981             1.50237            0.988796            0.022766
         982              1.5753            0.989393           0.0227506
         983             1.73496            0.990152           0.0227401
         984             1.95072            0.991128            0.022738
         985             2.35092            0.992508           0.0227568
         986             2.17268            0.993705           0.0227651
         987             2.19851            0.994926           0.0227748
         988             2.29192            0.996239           0.0227895
         989             2.13212            0.997387           0.0227954
         990             1.89029            0.998289           0.0227902
         991             1.56544            0.998861           0.0227744
         992             1.49995            0.999367            0.022757
         993              1.8144             1.00019           0.0227489
         994             2.44881             1.00164           0.0227727
         995             2.65686             1.00331           0.0228105
         996             2.42162             1.00473            0.022832
         997             2.62381             1.00636           0.0228667
         998             2.89965             1.00825           0.0229224
         999              2.4693             1.00972            0.022946
        1000             1.91069             1.01062           0.0229408
        1001             2.28912             1.01189           0.0229534
        1002             2.30164             1.01318           0.0229665
        1003             1.84148             1.01401           0.0229585
        1004             1.74255             1.01473           0.0229471
        1005             2.02972             1.01574           0.0229465
        1006             2.15974             1.01688           0.0229518
        1007             1.61283             1.01747           0.0229367
        1008             1.75856             1.01821           0.0229257
        1009             1.51366              1.0187           0.0229082
        1010               1.365             1.01904           0.0228881
        1011             1.38879             1.01941           0.0228684
        1012             1.24764             1.01963           0.0228469
        1013             1.10044             1.01971           0.0228245
        1014             1.04621             1.01974            0.022802
        1015              1.3223             1.02004           0.0227815
        1016             1.73986             1.02074           0.0227701
        1017             1.68444              1.0214            0.022757
        1018             1.79786             1.02216           0.0227475
        1019             1.57811             1.02271           0.0227317
        1020             1.98635             1.02365            0.022729
        1021             1.94922             1.02456           0.0227248
        1022              2.2359             1.02574           0.0227335
        1023             1.78769             1.02649           0.0227234
        1024             1.51104             1.02696           0.0227062
        1025             2.05561             1.02796           0.0227062
        1026             1.92255             1.02884           0.0227008
        1027              1.8748             1.02966           0.0226936
        1028             2.08344             1.03068           0.0226947
        1029             2.14973             1.03177           0.0226987
        1030             2.08582              1.0328           0.0226997
        1031             2.34697             1.03407           0.0227134
        1032             2.43691             1.03543           0.0227321
        1033             2.34837              1.0367           0.0227456
        1034             2.24177             1.03787           0.0227534
        1035             2.09049             1.03888           0.0227542
        1036              1.9559             1.03977           0.0227494
        1037             1.79328             1.04049           0.0227391
        1038             1.76446             1.04119           0.0227279
        1039             1.98889              1.0421           0.0227243
        1040             1.71651             1.04275           0.0227117
        1041             1.42304             1.04312           0.0226928
        1042             1.40495             1.04346           0.0226737
        1043             1.63041             1.04403           0.0226589
        1044             1.87113             1.04482           0.0226511
        1045             1.73891             1.04548           0.0226391
        1046             1.67474             1.04609           0.0226255
        1047             1.47239             1.04649           0.0226075
        1048             1.34933             1.04678           0.0225878
        1049             1.29097             1.04701           0.0225675
        1050             1.62178             1.04756           0.0225526
        1051             1.83415             1.04831           0.0225436
        1052             1.51813             1.04876           0.0225266
        1053             1.31141             1.04901           0.0225065
        1054              1.4171             1.04936           0.0224879
        1055             1.71316             1.04998           0.0224754
        1056             1.76414             1.05066           0.0224643
        1057             1.11241             1.05072           0.0224431
        1058             1.20316             1.05086           0.0224223
        1059             1.58215             1.05137           0.0224068
        1060             1.59091             1.05187           0.0223914
        1061             1.52921             1.05232           0.0223748
        1062             1.65519             1.05289            0.022361
        1063             1.82003             1.05361           0.0223516
        1064             1.92361             1.05443           0.0223455
        1065             2.00186             1.05532           0.0223422
        1066             1.79731             1.05602           0.0223321
        1067              2.1242             1.05702           0.0223336
        1068             1.75425             1.05767           0.0223222
        1069             1.75522             1.05832           0.0223109
        1070             2.21582             1.05941           0.0223163
        1071             2.74368             1.06098           0.0223508
        1072             2.40019             1.06223           0.0223648
        1073             2.13102             1.06322           0.0223661
        1074             2.00294              1.0641           0.0223624
        1075             1.60189              1.0646           0.0223472
        1076             1.76907             1.06525            0.022336
        1077              2.2101             1.06632           0.0223406
        1078             2.36407             1.06752           0.0223523
        1079             2.38281             1.06874           0.0223648
        1080              1.9813             1.06958             0.02236
        1081             1.69855             1.07017           0.0223469
        1082             1.94484             1.07097           0.0223408
        1083             1.57551             1.07144           0.0223251
        1084             1.41368             1.07176           0.0223067
        1085             1.45397             1.07211           0.0222889
        1086             1.18976             1.07222           0.0222687
        1087             1.47905             1.07259           0.0222513
        1088             1.41651             1.07291           0.0222331
        1089              1.6018             1.07339            0.022218
        1090             1.71996             1.07399           0.0222055
        1091             1.96012              1.0748              0.0222
        1092             2.12059             1.07576           0.0222004
        1093             2.05533             1.07665           0.0221981
        1094             1.86427             1.07737           0.0221895
        1095             1.97743             1.07819           0.0221845
        1096             2.05229             1.07908            0.022182
        1097              2.2372             1.08014           0.0221869
        1098             2.36561             1.08131           0.0221976
        1099             2.27541              1.0824            0.022204
        1100             1.85445              1.0831           0.0221949
        1101             1.92632             1.08386           0.0221879
        1102             1.89111              1.0846           0.0221799
        1103              1.9994             1.08542           0.0221753
        1104             2.36268             1.08658           0.0221853
        1105             2.45352             1.08782           0.0221997
        1106             2.18856             1.08881           0.0222019
        1107             1.96188              1.0896           0.0221959
        1108             2.03937             1.09046           0.0221924
        1109             1.50342             1.09083           0.0221755
        1110             1.84552             1.09151            0.022166
        1111             1.58593             1.09196           0.0221505
        1112             1.75629             1.09255           0.0221386
        1113             1.23929             1.09269           0.0221191
        1114             1.27095             1.09285           0.0220998
        1115             1.24075             1.09298           0.0220804
        1116             1.09424             1.09298           0.0220606
        1117             1.09692             1.09298           0.0220409
        1118             1.11621               1.093           0.0220212
        1119             1.22748             1.09312           0.0220018
        1120             1.42814             1.09342           0.0219842
        1121             1.50356             1.09379           0.0219676
        1122             1.01443             1.09372           0.0219482
        1123             1.41315               1.094           0.0219305
        1124             1.18767             1.09409           0.0219111
        1125            0.590824             1.09364           0.0218962
        1126            0.835195             1.09341            0.021878
        1127             1.19622              1.0935           0.0218587
        1128            0.975179              1.0934           0.0218396
        1129            0.933445             1.09325           0.0218207
        1130            0.970551             1.09315           0.0218017
        1131             1.40244             1.09342           0.0217841
        1132             1.48003             1.09376           0.0217676
        1133             1.71927             1.09431           0.0217554
        1134             1.62888             1.09478           0.0217413
        1135             1.50244             1.09514           0.0217251
        1136             1.67951             1.09566            0.021712
        1137             1.49917             1.09601           0.0216959
        1138            0.984011             1.09591            0.021677
        1139             1.37805             1.09616           0.0216594
        1140              1.0429             1.09612           0.0216404
        1141             1.78851             1.09672             0.02163
        1142             2.07533             1.09758            0.021628
        1143             2.04168             1.09841           0.0216249
        1144             1.82268             1.09904           0.0216152
        1145             1.95347             1.09978           0.0216092
        1146             1.73061             1.10034           0.0215974
        1147             1.76773             1.10092           0.0215864
        1148             2.22994              1.1019             0.02159
        1149             1.96561             1.10265           0.0215843
        1150             2.24773             1.10365           0.0215884
        1151              1.5036               1.104           0.0215725
        1152             1.35125             1.10421           0.0215548
        1153             1.10988             1.10421           0.0215361
        1154             1.00103             1.10413           0.0215177
        1155            0.998342             1.10403           0.0214992
        1156             1.19937             1.10412           0.0214808
        1157             1.60018             1.10455           0.0214665
        1158             1.20113             1.10463           0.0214481
        1159             1.31289             1.10481           0.0214304
        1160             1.13935             1.10484           0.0214119
        1161            0.652941             1.10445            0.021397
        1162            0.783088             1.10417           0.0213804
        1163             1.29156             1.10433           0.0213626
        1164             1.38183             1.10457           0.0213456
        1165             1.34486             1.10478           0.0213283
        1166             1.17676             1.10484           0.0213101
        1167              1.2127             1.10493            0.021292
        1168             1.20839             1.10502            0.021274
        1169             1.07261             1.10499           0.0212558
        1170             1.35891             1.10521           0.0212387
        1171             1.14188             1.10524           0.0212206
        1172             1.20387             1.10533           0.0212027
        1173             1.41852             1.10559           0.0211863
        1174             1.42263             1.10586           0.0211699
        1175            0.970496             1.10575           0.0211522
        1176            0.570936             1.10529           0.0211391
        1177            0.602162             1.10487           0.0211255
        1178            0.591899             1.10443           0.0211121
        1179            0.614199             1.10401           0.0210982
        1180            0.391544             1.10341            0.021089
        1181            0.367491             1.10279           0.0210803
        1182            0.575408             1.10234           0.0210672
        1183            0.962444             1.10222           0.0210498
        1184             1.09284             1.10221            0.021032
        1185            0.778678             1.10194            0.021016
        1186              1.2236             1.10204           0.0209985
        1187            0.638927             1.10165           0.0209845
        1188            0.809036             1.10141           0.0209682
        1189             1.40313             1.10166           0.0209521
        1190             1.04158             1.10161           0.0209346
        1191             1.43395             1.10189           0.0209189
        1192             1.62739             1.10233            0.020906
        1193             1.61597             1.10276           0.0208929
        1194             1.45978             1.10306           0.0208775
        1195             1.39107              1.1033           0.0208614
        1196             2.26073             1.10427           0.0208664
        1197             2.64235             1.10555           0.0208885
        1198             2.39863             1.10663            0.020899
        1199              2.2753             1.10761           0.0209043
        1200             2.74776             1.10897           0.0209315
        1201             2.46765             1.11011           0.0209446
        1202              2.1409             1.11096           0.0209447
        1203             2.18354             1.11186           0.0209463
        1204             2.12625              1.1127           0.0209458
        1205             2.00505             1.11344           0.0209415
        1206             2.20026             1.11434           0.0209435
        1207             1.90535             1.11499           0.0209364
        1208             1.75595             1.11553           0.0209258
        1209             1.82789             1.11611           0.0209168
        1210             1.50407             1.11644            0.020902
        1211             1.81018             1.11701           0.0208926
        1212             1.69999             1.11749           0.0208809
        1213             1.81006             1.11806           0.0208715
        1214             2.22245             1.11897           0.0208741
        1215             2.58976             1.12018            0.020892
        1216              2.4433             1.12127           0.0209031
        1217             1.96437             1.12196           0.0208974
        1218             2.22214             1.12286           0.0208998
        1219             2.28076             1.12381           0.0209042
        1220              2.1216             1.12463            0.020903
        1221             2.11083             1.12544           0.0209015
        1222              1.9562             1.12612           0.0208955
        1223             2.07773              1.1269           0.0208929
        1224             1.66919             1.12734           0.0208805
        1225             1.49536             1.12764           0.0208656
        1226             1.52349             1.12796           0.0208511
        1227             1.82253             1.12853           0.0208418
        1228               1.707               1.129           0.0208301
        1229             1.68376             1.12945           0.0208181
        1230             1.73324             1.12994           0.0208069
        1231              1.8034             1.13049           0.0207972
        1232             1.76502             1.13101           0.0207867
        1233             1.60605             1.13139           0.0207734
        1234             2.01098              1.1321           0.0207688
        1235             1.86611              1.1327           0.0207605
        1236             1.73794             1.13319           0.0207495
        1237              1.8964              1.1338           0.0207419
        1238             1.97058             1.13448           0.0207361
        1239             2.05312             1.13522           0.0207327
        1240             2.23391             1.13611           0.0207349
        1241             2.52485             1.13723           0.0207483
        1242              2.3595             1.13821           0.0207549
        1243             2.36196              1.1392           0.0207616
        1244             1.95389             1.13985           0.0207552
        1245             1.80608             1.14039           0.0207454
        1246             1.78908             1.14091           0.0207353
        1247             1.59085             1.14127           0.0207218
        1248             1.71188             1.14172           0.0207103
        1249             1.58177             1.14208           0.0206967
        1250             1.32722             1.14223           0.0206807
        1251             1.43894             1.14246           0.0206655
        1252             1.72606             1.14293           0.0206542
        1253             1.74484             1.14341           0.0206434
        1254             1.88217               1.144           0.0206353
        1255             1.61624             1.14437           0.0206223
        1256             1.54419             1.14469           0.0206083
        1257             1.42643             1.14492           0.0205931
        1258             1.54013             1.14523           0.0205792
        1259             1.69811             1.14567           0.0205675
        1260             1.74024             1.14614           0.0205566
        1261             1.66362             1.14655           0.0205444
        1262             1.78231             1.14706           0.0205343
        1263             1.86137             1.14762           0.0205258
        1264             1.47015             1.14788           0.0205112
        1265             1.22956             1.14794           0.0204951
        1266             1.30592             1.14807           0.0204792
        1267             1.28386             1.14817           0.0204634
        1268             1.38104             1.14836            0.020448
        1269             1.82157             1.14889           0.0204388
        1270             1.46625             1.14914           0.0204242
        1271             1.56616             1.14947           0.0204108
        1272             1.62848             1.14984           0.0203982
        1273             1.55354             1.15016           0.0203847
        1274             1.39656             1.15035           0.0203696
        1275             1.43536             1.15058           0.0203548
        1276             1.40884             1.15078           0.0203399
        1277             1.12561             1.15076            0.020324
        1278            0.752589             1.15045           0.0203105
        1279             1.00903             1.15034           0.0202949
        1280             1.19507             1.15037           0.0202791
        1281             1.29069             1.15048           0.0202635
        1282              1.5785             1.15081           0.0202505
        1283             1.34843             1.15097           0.0202353
        1284             1.49439             1.15124           0.0202213
        1285             1.56928             1.15156           0.0202082
        1286             1.34071             1.15171            0.020193
        1287             1.12727             1.15169           0.0201773
        1288             1.18466             1.15172           0.0201617
        1289             1.06135             1.15165           0.0201461
        1290              1.2622             1.15173           0.0201307
        1291             1.14502             1.15173           0.0201151
        1292            0.634795             1.15133           0.0201035
        1293            0.809932             1.15106           0.0200897
        1294            0.795605             1.15079           0.0200761
        1295            0.850482             1.15056           0.0200619
        1296             1.44677             1.15078           0.0200477
        1297             1.49107             1.15105            0.020034
        1298             1.49148             1.15131           0.0200203
        1299             1.40701             1.15151           0.0200058
        1300             1.59086             1.15184           0.0199933
        1301             1.05851             1.15177            0.019978
        1302             1.19496              1.1518           0.0199627
        1303             1.09334             1.15176           0.0199475
        1304             1.24586             1.15183           0.0199323
        1305             1.58902             1.15217           0.0199198
        1306             1.46718             1.15241            0.019906
        1307             1.09736             1.15237           0.0198908
        1308             1.54949             1.15267            0.019878
        1309             1.17699             1.15269           0.0198628
        1310             1.38756             1.15287           0.0198484
        1311             1.33702             1.15301           0.0198338
        1312               1.257             1.15309           0.0198188
        1313             1.49078             1.15334           0.0198054
        1314             1.23552             1.15341           0.0197904
        1315            0.967999             1.15327           0.0197759
        1316            0.678584             1.15291           0.0197641
        1317            0.622835              1.1525           0.0197532
        1318             1.05316             1.15243           0.0197384
        1319             0.85957             1.15221           0.0197247
        1320             1.00648             1.15209             0.01971
        1321             1.09257             1.15205           0.0196952
        1322             1.01424             1.15195           0.0196805
        1323            0.748637             1.15164            0.019668
        1324             1.18855             1.15167           0.0196532
        1325             1.24334             1.15174           0.0196385
        1326             1.33536             1.15188           0.0196242
        1327             1.29328             1.15198           0.0196097
        1328             1.36824             1.15215           0.0195956
        1329             1.40812             1.15234           0.0195818
        1330             1.48905             1.15259           0.0195687
        1331             1.28077             1.15269           0.0195542
        1332             1.56114             1.15299           0.0195419
        1333             1.77473             1.15346           0.0195329
        1334             1.65469             1.15384           0.0195218
        1335             1.85029             1.15436           0.0195142
        1336             1.72609             1.15479           0.0195043
        1337             1.57094              1.1551           0.0194922
        1338             1.76153             1.15555           0.0194829
        1339             1.19297             1.15558           0.0194683
        1340             1.30313             1.15569           0.0194541
        1341              1.0253             1.15559           0.0194398
        1342              1.0045             1.15548           0.0194257
        1343            0.863721             1.15526           0.0194124
        1344            0.848123             1.15503           0.0193993
        1345             1.09487             1.15499            0.019385
        1346             1.11194             1.15496           0.0193706
        1347             1.13344             1.15494           0.0193562
        1348             1.45573             1.15516           0.0193431
        1349             1.67771             1.15555           0.0193327
        1350             1.83987             1.15606            0.019325
        1351             1.75591              1.1565           0.0193158
        1352             1.27537             1.15659           0.0193017
        1353             1.04346             1.15651           0.0192876
        1354             1.33352             1.15664           0.0192738
        1355             1.33198             1.15677             0.01926
        1356             1.65197             1.15713           0.0192493
        1357             1.42523             1.15733           0.0192361
        1358             1.17908             1.15735            0.019222
        1359             1.22798              1.1574           0.0192079
        1360             1.28365             1.15749            0.019194
        1361             1.10149             1.15745           0.0191799
        1362             1.35662              1.1576           0.0191664
        1363             1.33703             1.15773           0.0191528
        1364             1.16316             1.15773           0.0191388
        1365            0.992978             1.15761           0.0191251
        1366             1.68329             1.15799            0.019115
        1367             1.50483             1.15825           0.0191027
        1368             1.19871             1.15828           0.0190887
        1369             1.01076             1.15817           0.0190751
        1370             1.18966             1.15819           0.0190612
        1371             1.02597              1.1581           0.0190475
        1372             1.51289             1.15836           0.0190354
        1373             1.28493             1.15845           0.0190218
        1374              1.3656              1.1586           0.0190085
        1375             1.29745              1.1587            0.018995
        1376             1.34242             1.15883           0.0189816
        1377             1.52994              1.1591           0.0189698
        1378             1.29636              1.1592           0.0189563
        1379            0.963468             1.15906            0.018943
        1380             1.11067             1.15903           0.0189293
        1381            0.664826             1.15867            0.018919
        1382            0.752345             1.15837           0.0189076
        1383            0.419551             1.15784           0.0189015
        1384            0.933353             1.15768           0.0188885
        1385             1.12137             1.15765           0.0188749
        1386             1.53558             1.15792           0.0188633
        1387             1.27272             1.15801           0.0188498
        1388             1.03542             1.15792           0.0188365
        1389             1.23104             1.15797            0.018823
        1390             1.32557             1.15809           0.0188098
        1391             1.20484             1.15812           0.0187963
        1392               1.082             1.15807           0.0187829
        1393            0.994409             1.15795           0.0187698
        1394             1.27876             1.15804           0.0187565
        1395            0.871176             1.15783           0.0187442
        1396            0.639116             1.15746           0.0187345
        1397            0.784089             1.15719            0.018723
        1398             1.11921             1.15717           0.0187096
        1399            0.666304             1.15682           0.0186995
        1400            0.752284             1.15653           0.0186884
        1401              1.0545             1.15645           0.0186752
        1402            0.788571             1.15619           0.0186637
        1403            0.937143             1.15604           0.0186511
        1404             1.30836             1.15614           0.0186381
        1405             1.47538             1.15637           0.0186262
        1406              1.0792             1.15632            0.018613
        1407               1.056             1.15625           0.0185999
        1408             1.31395             1.15636           0.0185871
        1409             1.84883             1.15685           0.0185804
        1410             1.40724             1.15703            0.018568
        1411             1.39764              1.1572           0.0185557
        1412             1.77546             1.15764           0.0185477
        1413              1.4739             1.15786           0.0185359
        1414               1.369             1.15801           0.0185234
        1415             1.41938             1.15819           0.0185112
        1416             1.59291              1.1585           0.0185007
        1417             1.34149             1.15863           0.0184881
        1418             1.23948             1.15869           0.0184752
        1419             1.35213             1.15882           0.0184626
        1420             1.51924             1.15908           0.0184514
        1421             1.65131             1.15942           0.0184417
        1422             1.23569             1.15948           0.0184288
        1423             1.23874             1.15953           0.0184159
        1424             1.38987             1.15969           0.0184037
        1425             1.31782              1.1598           0.0183911
        1426             1.11174             1.15977           0.0183782
        1427            0.888327             1.15958           0.0183663
        1428             1.07683             1.15952           0.0183536
        1429            0.786428             1.15926           0.0183426
        1430              1.0019             1.15915           0.0183301
        1431             1.02328             1.15906           0.0183175
        1432             1.30036             1.15916            0.018305
        1433            0.929144             1.15899           0.0182929
        1434             1.16476               1.159           0.0182802
        1435            0.982107             1.15888           0.0182678
        1436            0.930522             1.15872           0.0182558
        1437             1.33724             1.15884           0.0182435
        1438              1.1265             1.15882           0.0182309
        1439             1.52052             1.15907           0.0182199
        1440             1.04446             1.15899           0.0182074
        1441             1.00861             1.15889           0.0181951
        1442             1.50029             1.15912            0.018184
        1443             1.08867             1.15907           0.0181715
        1444            0.751626             1.15879           0.0181611
        1445            0.708907             1.15848           0.0181512
        1446            0.819061             1.15825           0.0181402
        1447            0.597057             1.15786           0.0181318
        1448            0.641297              1.1575           0.0181228
        1449            0.837671             1.15728           0.0181116
        1450            0.900399              1.1571              0.0181
        1451            0.881759             1.15691           0.0180885
        1452            0.584118             1.15652           0.0180803
        1453             0.88843             1.15633           0.0180688
        1454             0.74525             1.15605           0.0180586
        1455            0.988722             1.15594           0.0180466
        1456            0.418352             1.15543           0.0180413
        1457            0.415228             1.15492           0.0180361
        1458            0.399236              1.1544           0.0180311
        1459            0.160016             1.15372           0.0180317
        1460            0.214824             1.15308           0.0180308
        1461            0.840839             1.15287           0.0180197
        1462            0.391638             1.15234           0.0180149
        1463            0.404344             1.15183           0.0180098
        1464             1.00958             1.15174           0.0179978
        1465             1.46029             1.15195           0.0179867
        1466             1.18412             1.15197           0.0179745
        1467             1.11785             1.15195           0.0179622
        1468            0.522773             1.15152           0.0179551
        1469             1.15805             1.15152           0.0179429
        1470             1.40019             1.15169           0.0179315
        1471             1.31025              1.1518           0.0179196
        1472             1.30914             1.15191           0.0179078
        1473             1.00854             1.15181           0.0178959
        1474             1.18979             1.15183           0.0178837
        1475             1.10133              1.1518           0.0178717
        1476             1.01591             1.15171           0.0178598
        1477            0.801561             1.15147           0.0178493
        1478            0.797706             1.15123           0.0178388
        1479             1.01822             1.15114            0.017827
        1480             1.21531             1.15118            0.017815
        1481             1.39306             1.15135           0.0178037
        1482             1.07376              1.1513           0.0177918
        1483            0.439296             1.15082           0.0177862
        1484            0.776081             1.15056            0.017776
        1485            0.390822             1.15005           0.0177714
        1486            0.307099             1.14948           0.0177685
        1487            0.657547             1.14915           0.0177597
        1488            0.776617              1.1489           0.0177495
        1489            0.760048             1.14864           0.0177395
        1490              1.0006             1.14854           0.0177279
        1491            0.908778             1.14838           0.0177167
        1492              1.1785              1.1484           0.0177048
        1493             1.06756             1.14835           0.0176931
        1494             1.20715             1.14839           0.0176813
        1495             1.29264             1.14848           0.0176697
        1496            0.964787             1.14836           0.0176583
        1497            0.939264             1.14822           0.0176471
        1498            0.944042             1.14808           0.0176358
        1499             1.07887             1.14804           0.0176241
        1500            0.572791             1.14765           0.0176165
        1501            0.713504             1.14737           0.0176072
        1502             1.12827             1.14735           0.0175954
        1503            0.976774             1.14724           0.0175841
        1504             1.31083             1.14735           0.0175728
        1505              1.2451             1.14741           0.0175612
        1506             1.30656             1.14752           0.0175499
        1507             1.48716             1.14774           0.0175397
        1508             1.29153             1.14784           0.0175283
        1509             1.27022             1.14792           0.0175169
        1510             1.41225              1.1481           0.0175061
        1511             1.22898             1.14815           0.0174946
        1512             1.19913             1.14818           0.0174831
        1513            0.890747             1.14801           0.0174724
        1514            0.473442             1.14757           0.0174665
        1515             0.76169             1.14731           0.0174568
        1516             1.12724              1.1473           0.0174453
        1517             1.48354             1.14752           0.0174352
        1518             1.68438             1.14787           0.0174273
        1519             1.74351             1.14827           0.0174203
        1520             1.12607             1.14825           0.0174088
        1521              1.2803             1.14834           0.0173976
        1522             1.43736             1.14853           0.0173872
        1523             1.32836             1.14865           0.0173762
        1524            0.973772             1.14853           0.0173651
        1525             1.57883             1.14881           0.0173561
        1526             1.43172               1.149           0.0173457
        1527             1.73533             1.14938           0.0173386
        1528             1.77836              1.1498           0.0173321
        1529             1.59873             1.15009           0.0173232
        1530             1.13428             1.15008           0.0173119
        1531            0.761569             1.14982           0.0173025
        1532             1.30117             1.14992           0.0172915
        1533             1.15256             1.14993           0.0172802
        1534            0.867931             1.14974           0.0172699
        1535             1.04834             1.14968           0.0172588
        1536             1.09518             1.14964           0.0172476
        1537            0.453674             1.14919           0.0172423
        1538            0.798155             1.14896           0.0172326
        1539             0.62459             1.14862           0.0172248
        1540            0.875831             1.14844           0.0172145
        1541             0.88504             1.14827           0.0172042
        1542            0.746361             1.14801            0.017195
        1543            0.935376             1.14787           0.0171844
        1544             1.39252             1.14803            0.017174
        1545              1.4866             1.14825           0.0171643
        1546              1.4068             1.14842            0.017154
        1547              1.5634             1.14868            0.017145
        1548             1.82668             1.14912           0.0171395
        1549             2.06556             1.14971           0.0171387
        1550             2.09546             1.15032           0.0171385
        1551             2.13794             1.15096           0.0171392
        1552             1.98724              1.1515           0.0171367
        1553             1.72396             1.15187           0.0171296
        1554              1.8529             1.15232           0.0171245
        1555             1.91182             1.15281           0.0171205
        1556             1.88457             1.15328           0.0171159
        1557             2.02411             1.15384           0.0171141
        1558             2.02783              1.1544           0.0171123
        1559                2.08             1.15499           0.0171116
        1560             1.88703             1.15546            0.017107
        1561             2.38722             1.15625           0.0171143
        1562             2.27195             1.15697           0.0171182
        1563             2.10765             1.15757           0.0171181
        1564             1.67758             1.15791           0.0171104
        1565             1.80305             1.15832           0.0171044
        1566             1.64969             1.15863           0.0170963
        1567             2.06249             1.15921           0.0170952
        1568             2.37942             1.15999            0.017102
        1569              2.5335             1.16086           0.0171135
        1570             2.34884             1.16162           0.0171193
        1571             2.15688             1.16225           0.0171201
        1572             1.73195             1.16261            0.017113
        1573             1.68421             1.16295           0.0171054
        1574             1.63144             1.16324           0.0170971
        1575             1.07942             1.16319           0.0170863
        1576             1.55866             1.16344           0.0170773
        1577             1.46056             1.16363           0.0170675
        1578             1.78849             1.16403           0.0170613
        1579             2.00902             1.16456           0.0170589
        1580             2.06276             1.16513           0.0170576
        1581             1.79884             1.16553           0.0170515
        1582              1.8591             1.16597           0.0170463
        1583             2.04991             1.16653           0.0170447
        1584             2.29518             1.16724           0.0170488
        1585             1.99252             1.16776            0.017046
        1586             1.92146             1.16824           0.0170419
        1587               1.971             1.16874           0.0170387
        1588             1.66395             1.16905           0.0170308
        1589             1.68599             1.16938           0.0170232
        1590             1.71985             1.16973            0.017016
        1591             1.82057             1.17013           0.0170102
        1592             2.10737             1.17072           0.0170097
        1593             1.88752             1.17117            0.017005
        1594             1.31092             1.17126           0.0169946
        1595             1.16766             1.17126           0.0169839
        1596             1.40346              1.1714           0.0169739
        1597             1.88218             1.17185           0.0169691
        1598             1.66436             1.17216           0.0169613
        1599             1.76571             1.17253           0.0169547
        1600             1.86192             1.17296           0.0169496
        1601             1.71585              1.1733           0.0169424
        1602             1.50293              1.1735           0.0169331
        1603             1.61901             1.17378           0.0169248
        1604             1.25463             1.17383           0.0169143
        1605             1.36373             1.17395           0.0169042
        1606              1.2266             1.17398           0.0168937
        1607             1.03771              1.1739           0.0168834
        1608             1.51898             1.17411           0.0168743
        1609             1.33366             1.17421           0.0168641
        1610              1.5112             1.17442           0.0168549
        1611             1.45775              1.1746           0.0168453
        1612             1.52297             1.17481           0.0168363
        1613             1.20668             1.17483           0.0168259
        1614             1.12477              1.1748           0.0168155
        1615             1.35168             1.17491           0.0168054
        1616              1.4282             1.17507           0.0167957
        1617             1.52391             1.17528           0.0167867
        1618             1.53452             1.17551           0.0167778
        1619             1.20084             1.17552           0.0167675
        1620            0.860921             1.17533           0.0167582
        1621            0.919087             1.17517           0.0167487
        1622             1.28682             1.17524           0.0167385
        1623             1.75508              1.1756            0.016732
        1624             1.42113             1.17575           0.0167224
        1625             1.38926             1.17588           0.0167126
        1626             1.72445             1.17622           0.0167057
        1627             1.97103              1.1767           0.0167026
        1628             2.07907             1.17726           0.0167015
        1629             1.93423             1.17772           0.0166977
        1630             1.80871             1.17811            0.016692
        1631             1.66705             1.17841           0.0166844
        1632             1.80443             1.17879           0.0166786
        1633              2.2575             1.17945           0.0166815
        1634             2.21598             1.18009           0.0166833
        1635             2.39149             1.18083           0.0166896
        1636             2.91586             1.18189            0.016713
        1637             2.38118             1.18262           0.0167189
        1638             2.15854             1.18322           0.0167193
        1639             1.66166             1.18351           0.0167116
        1640              1.6816             1.18381           0.0167042
        1641             2.43986             1.18458           0.0167115
        1642             2.21076              1.1852            0.016713
        1643             2.26189             1.18586           0.0167157
        1644             2.02397             1.18637           0.0167133
        1645             2.24565             1.18701           0.0167155
        1646             1.54369             1.18723           0.0167068
        1647             1.54799             1.18745           0.0166981
        1648             1.85763             1.18786           0.0166929
        1649             1.79506             1.18822           0.0166868
        1650             2.15908             1.18881           0.0166871
        1651             2.19166             1.18942            0.016688
        1652             2.13924                1.19           0.0166878
        1653              2.1954              1.1906           0.0166888
        1654             2.04372             1.19112           0.0166867
        1655             2.13283             1.19169           0.0166863
        1656             1.65149             1.19197           0.0166786
        1657             1.64164             1.19224           0.0166707
        1658             1.33144             1.19232           0.0166609
        1659             1.74411             1.19265           0.0166541
        1660             1.58639             1.19289           0.0166458
        1661             1.85587             1.19329           0.0166406
        1662              1.5912             1.19353           0.0166323
        1663             2.05961             1.19405           0.0166304
        1664              2.2457             1.19468           0.0166324
        1665              2.2875             1.19534           0.0166354
        1666             2.23425             1.19596           0.0166371
        1667             2.21919             1.19658           0.0166384
        1668             2.05367             1.19709           0.0166364
        1669             1.97194             1.19755           0.0166329
        1670             1.80043             1.19792           0.0166268
        1671             1.75794             1.19825           0.0166203
        1672             2.15576             1.19882           0.0166202
        1673             2.19565             1.19942           0.0166209
        1674             2.15469             1.19999           0.0166208
        1675              2.3192             1.20066           0.0166243
        1676             1.48547             1.20083           0.0166153
        1677             1.09702             1.20077           0.0166055
        1678             1.50933             1.20095           0.0165966
        1679             1.44881              1.2011           0.0165874
        1680             1.25503             1.20113           0.0165775
        1681             1.62895             1.20138           0.0165696
        1682             1.72485             1.20169           0.0165627
        1683             1.25164             1.20172           0.0165529
        1684             1.17155             1.20171            0.016543
        1685            0.964289             1.20157           0.0165338
        1686             1.32476             1.20164           0.0165242
        1687             1.06372             1.20156           0.0165146
        1688            0.985695             1.20143           0.0165053
        1689             1.24352             1.20145           0.0164955
        1690             1.52168             1.20164           0.0164869
        1691             1.93308             1.20208           0.0164828
        1692             1.31301             1.20214           0.0164732
        1693             1.22122             1.20215           0.0164635
        1694             1.60773             1.20239           0.0164555
        1695              1.3715             1.20249           0.0164461
        1696            0.954786             1.20235            0.016437
        1697             1.18054             1.20233           0.0164273
        1698             1.07902             1.20226           0.0164178
        1699             1.34696             1.20235           0.0164084
        1700             1.15651             1.20232           0.0163988
        1701              1.7984             1.20267           0.0163929
        1702              1.3566             1.20276           0.0163835
        1703             1.57826             1.20298           0.0163753
        1704             1.45032             1.20313           0.0163664
        1705             1.33014              1.2032           0.0163569
        1706             1.56125             1.20341           0.0163487
        1707             1.86063             1.20379           0.0163437
        1708             1.98096             1.20425           0.0163404
        1709             1.53295             1.20444            0.016332
        1710             1.72242             1.20475           0.0163253
        1711             1.65964             1.20501           0.0163179
        1712              1.8343             1.20538           0.0163125
        1713             1.47473             1.20554           0.0163037
        1714             1.60053             1.20577           0.0162958
        1715             1.69937             1.20605           0.0162889
        1716             1.86646             1.20644           0.0162839
        1717             2.19517             1.20701           0.0162846
        1718             1.87844             1.20741           0.0162798
        1719             1.54263              1.2076           0.0162715
        1720             1.81357             1.20795           0.0162659
        1721             1.87176             1.20834            0.016261
        1722             1.57025             1.20855           0.0162529
        1723             1.41086             1.20867           0.0162439
        1724             1.50911             1.20884           0.0162354
        1725             1.69233             1.20912           0.0162284
        1726             1.15056             1.20909           0.0162191
        1727             1.09432             1.20902           0.0162098
        1728             1.37123             1.20911           0.0162007
        1729             1.64228             1.20936           0.0161933
        1730             1.31967             1.20943            0.016184
        1731             1.61284             1.20966           0.0161764
        1732             1.02425             1.20955           0.0161674
        1733            0.640657             1.20923           0.0161614
        1734            0.900489             1.20905            0.016153
        1735            0.850321             1.20884           0.0161451
        1736            0.851373             1.20864           0.0161371
        1737            0.903877             1.20846           0.0161287
        1738            0.837765             1.20825           0.0161209
        1739            0.817092             1.20802           0.0161132
        1740             1.02291             1.20792           0.0161042
        1741            0.695009             1.20762           0.0160977
        1742            0.682838             1.20732           0.0160913
        1743            0.566887             1.20695           0.0160862
        1744            0.928593             1.20679           0.0160778
        1745             1.19226             1.20678           0.0160686
        1746             1.32485             1.20685           0.0160595
        1747             1.29697              1.2069           0.0160504
        1748             1.43445             1.20703           0.0160418
        1749            0.874146             1.20684           0.0160337
        1750            0.980254             1.20671           0.0160251
        1751             1.49932             1.20688           0.0160168
        1752             1.39935             1.20699            0.016008
        1753             1.32164             1.20706            0.015999
        1754            0.857346             1.20686           0.0159912
        1755             1.18446             1.20684           0.0159821
        1756            0.965547             1.20671           0.0159735
        1757            0.923181             1.20655           0.0159653
        1758             1.42997             1.20667           0.0159567
        1759             1.66724             1.20693           0.0159498
        1760             1.95128             1.20736           0.0159463
        1761             1.85423             1.20772           0.0159415
        1762             1.59729             1.20795            0.015934
        1763             1.63901             1.20819           0.0159268
        1764             1.45907             1.20833           0.0159184
        1765             1.52468             1.20851           0.0159104
        1766             1.66782             1.20877           0.0159035
        1767             1.33563             1.20884           0.0158947
        1768             1.52414             1.20902           0.0158867
        1769             1.10733             1.20896           0.0158778
        1770            0.335616             1.20847           0.0158765
        1771            0.687453             1.20818           0.0158703
        1772            0.503575             1.20778           0.0158663
        1773            0.794235             1.20755           0.0158591
        1774            0.665044             1.20724           0.0158531
        1775             1.34741             1.20732           0.0158443
        1776             1.61073             1.20755            0.015837
        1777             1.34751             1.20762           0.0158283
        1778             1.57556             1.20783           0.0158208
        1779             1.86663              1.2082           0.0158162
        1780             1.94396             1.20862           0.0158127
        1781             1.53286              1.2088           0.0158049
        1782             1.54423             1.20899           0.0157972
        1783             1.56435             1.20918           0.0157895
        1784             1.64014             1.20943           0.0157825
        1785             1.83808             1.20978           0.0157776
        1786             1.86903             1.21015           0.0157731
        1787             2.13905             1.21067           0.0157729
        1788             1.88798             1.21105           0.0157686
        1789             1.49101              1.2112           0.0157605
        1790             1.49054             1.21136           0.0157525
        1791             1.66464             1.21161           0.0157457
        1792              1.5668             1.21181           0.0157382
        1793             1.47969             1.21196           0.0157301
        1794             2.16177             1.21249           0.0157303
        1795             1.91412             1.21288           0.0157264
        1796             2.14482              1.2134           0.0157262
        1797             1.94458             1.21381           0.0157227
        1798             2.18673             1.21435           0.0157232
        1799              2.4032             1.21501           0.0157284
        1800             2.01689             1.21545            0.015726
        1801             1.94538             1.21586           0.0157225
        1802             1.84285             1.21621           0.0157176
        1803             2.05341             1.21667           0.0157157
        1804             2.30211             1.21727           0.0157185
        1805             1.87874             1.21764           0.0157141
        1806             2.01253             1.21808           0.0157115
        1807               2.084             1.21856           0.0157102
        1808             1.89752             1.21893            0.015706
        1809             2.04337             1.21939           0.0157039
        1810             2.61713             1.22016           0.0157142
        1811             2.64802             1.22095           0.0157253
        1812             2.25668             1.22152            0.015727
        1813             2.28749             1.22211           0.0157293
        1814             2.13497             1.22261           0.0157287
        1815             1.73974              1.2229           0.0157226
        1816             1.95656              1.2233           0.0157191
        1817             1.94852              1.2237           0.0157155
        1818             1.75981               1.224           0.0157096
        1819             1.62132             1.22421           0.0157025
        1820             1.29581             1.22425            0.015694
        1821              1.1084             1.22419           0.0156855
        1822            0.957806             1.22404           0.0156775
        1823            0.937972             1.22389           0.0156697
        1824             1.23343             1.22389           0.0156611
        1825             1.20694             1.22388           0.0156526
        1826             1.63354             1.22411           0.0156456
        1827             1.80125             1.22442           0.0156402
        1828             1.97713             1.22483           0.0156371
        1829             1.67585             1.22508           0.0156305
        1830             1.70642             1.22534           0.0156241
        1831             1.72467             1.22562            0.015618
        1832             1.87597             1.22597           0.0156135
        1833             1.62406             1.22619           0.0156065
        1834             1.39361             1.22628           0.0155982
        1835             1.30131             1.22632           0.0155898
        1836             1.46626             1.22645           0.0155819
        1837             1.54155             1.22662           0.0155743
        1838             1.54916              1.2268           0.0155668
        1839              1.5342             1.22697           0.0155593
        1840             1.57455             1.22716            0.015552
        1841             1.65006             1.22739           0.0155452
        1842             1.74359             1.22767           0.0155393
        1843             1.30935             1.22771           0.0155309
        1844             1.61322             1.22792           0.0155239
        1845             1.79957             1.22823           0.0155186
        1846             1.76965             1.22852            0.015513
        1847             2.08476             1.22899           0.0155115
        1848             2.09166             1.22945           0.0155101
        1849             2.30416             1.23003           0.0155126
        1850             2.07161             1.23049           0.0155109
        1851             2.11058             1.23096           0.0155098
        1852             2.22068              1.2315           0.0155106
        1853             2.26446             1.23206           0.0155123
        1854             2.29845             1.23263           0.0155146
        1855             2.51352             1.23332           0.0155216
        1856             2.17343             1.23383           0.0155215
        1857             2.25401             1.23438           0.0155228
        1858             2.53327             1.23508           0.0155302
        1859             2.69175             1.23586           0.0155416
        1860             2.62421             1.23661           0.0155512
        1861             2.29875             1.23718           0.0155533
        1862             1.91207             1.23754           0.0155491
        1863              2.1184             1.23801            0.015548
        1864             2.57087             1.23873           0.0155561
        1865             2.49935              1.2394           0.0155624
        1866             2.12286             1.23988           0.0155613
        1867             2.41103              1.2405           0.0155656
        1868             1.86163             1.24084           0.0155608
        1869              1.6907             1.24108           0.0155543
        1870             1.89961             1.24143             0.01555
        1871              2.1245              1.2419           0.0155488
        1872             1.71153             1.24215           0.0155426
        1873             1.45929             1.24227           0.0155347
        1874             1.24454             1.24227           0.0155264
        1875             1.52717             1.24242           0.0155189
        1876             1.20989              1.2424           0.0155106
        1877             1.75819             1.24268           0.0155048
        1878             1.32577             1.24272           0.0154966
        1879             1.07757             1.24264           0.0154886
        1880            0.803703              1.2424           0.0154821
        1881             1.18331             1.24237           0.0154739
        1882             1.61362             1.24257           0.0154669
        1883             1.95699             1.24295           0.0154634
        1884             1.90331              1.2433           0.0154591
        1885             1.78142             1.24358           0.0154536
        1886             1.52968             1.24373           0.0154461
        1887             1.35495             1.24379           0.0154381
        1888             1.26756             1.24381           0.0154299
        1889             1.04824              1.2437           0.0154221
        1890             1.24855             1.24371           0.0154139
        1891             1.73303             1.24396           0.0154079
        1892              1.1604             1.24392           0.0153998
        1893              1.3387             1.24397           0.0153918
        1894             1.37761             1.24404           0.0153838
        1895            0.960294             1.24389           0.0153764
        1896             1.25773              1.2439           0.0153683
        1897             1.27293             1.24391           0.0153602
        1898            0.643525              1.2436           0.0153554
        1899            0.945542             1.24344           0.0153481
        1900             1.04247             1.24333           0.0153404
        1901             1.14152             1.24328           0.0153324
        1902             1.25096             1.24328           0.0153244
        1903             1.23181             1.24328           0.0153163
        1904             1.10286              1.2432           0.0153085
        1905             1.40023             1.24329           0.0153006
        1906             1.44119             1.24339            0.015293
        1907             1.38728             1.24347           0.0152851
        1908             1.57734             1.24364           0.0152781
        1909              1.6563             1.24386           0.0152716
        1910             1.53606             1.24401           0.0152644
        1911             1.45859             1.24412           0.0152568
        1912              1.0601             1.24403           0.0152492
        1913            0.918257             1.24386           0.0152421
        1914             1.01886             1.24374           0.0152346
        1915             1.13478             1.24368           0.0152268
        1916             1.09869             1.24361            0.015219
        1917            0.856487              1.2434           0.0152124
        1918             1.14543             1.24335           0.0152046
        1919             1.19113             1.24333           0.0151967
        1920              1.2297             1.24332           0.0151888
        1921             1.44864             1.24343           0.0151812
        1922             1.52412             1.24357            0.015174
        1923             1.25448             1.24358           0.0151662
        1924             1.60022             1.24376           0.0151594
        1925             2.18993             1.24425           0.0151595
        1926             2.23877             1.24477           0.0151604
        1927             2.54229             1.24544           0.0151675
        1928             2.41007             1.24605           0.0151716
        1929             2.07975             1.24648           0.0151699
        1930             1.79229             1.24676           0.0151647
        1931             1.85098             1.24708           0.0151601
        1932             1.96414             1.24745           0.0151568
        1933             2.33127             1.24801           0.0151593
        1934             2.40433             1.24861           0.0151633
        1935             2.04602             1.24902            0.015161
        1936             1.84294             1.24932           0.0151563
        1937             1.95344             1.24969           0.0151528
        1938              2.3616             1.25026           0.0151559
        1939             2.74239             1.25103           0.0151676
        1940              2.7912             1.25183           0.0151805
        1941             2.25697             1.25234           0.0151815
        1942             1.75934              1.2526            0.015176
        1943             1.79286             1.25288           0.0151707
        1944             1.92645             1.25323           0.0151668
        1945             1.86945             1.25355           0.0151624
        1946             2.34044              1.2541           0.0151648
        1947             2.46126             1.25472           0.0151697
        1948             2.53104             1.25538           0.0151761
        1949             2.65209              1.2561           0.0151852
        1950             2.04751              1.2565           0.0151828
        1951             2.01123             1.25689             0.01518
        1952             1.84873             1.25719           0.0151752
        1953              2.5301             1.25784           0.0151815
        1954              2.3459              1.2584           0.0151839
        1955             2.01469             1.25879           0.0151811
        1956             1.72626             1.25903           0.0151752
        1957             1.59502              1.2592           0.0151684
        1958             1.33673             1.25924           0.0151607
        1959             1.74404             1.25949            0.015155
        1960             1.37134             1.25954           0.0151474
        1961             1.15658             1.25949           0.0151397
        1962             1.61795             1.25967           0.0151331
        1963              2.1685             1.26014           0.0151325
        1964             1.85931             1.26044           0.0151278
        1965              1.7865             1.26071           0.0151225
        1966             1.88107             1.26102           0.0151181
        1967              1.1952             1.26099           0.0151105
        1968             1.47755              1.2611           0.0151032
        1969             1.54461             1.26124           0.0150962
        1970              1.6176             1.26143           0.0150896
        1971             1.40553              1.2615           0.0150821
        1972             1.42898             1.26158           0.0150747
        1973             1.26504             1.26159           0.0150671
        1974             1.81687             1.26187           0.0150621
        1975             1.57258             1.26202           0.0150553
        1976             1.20817               1.262           0.0150477
        1977             1.62111             1.26218           0.0150412
        1978             1.68642             1.26239           0.0150351
        1979              1.4385             1.26248           0.0150278
        1980             1.38301             1.26254           0.0150203
        1981             1.44134             1.26263            0.015013
        1982             1.54669             1.26278           0.0150061
        1983             1.88136             1.26309           0.0150018
        1984             1.84728             1.26338           0.0149971
        1985             1.64749             1.26358           0.0149908
        1986             1.72368             1.26381            0.014985
        1987             1.84662              1.2641           0.0149804
        1988             1.29946             1.26412           0.0149728
        1989             1.79784             1.26439           0.0149677
        1990             1.51948             1.26452           0.0149607
        1991             2.16213             1.26497             0.01496
        1992             2.11317             1.26539           0.0149586
        1993             2.53222             1.26603           0.0149646
        1994             1.83148             1.26631           0.0149597
        1995              1.6598             1.26651           0.0149535
        1996             1.94035             1.26685           0.0149499
        1997             2.19231             1.26731           0.0149496
        1998             2.21073             1.26778           0.0149495
        1999             2.35961             1.26833            0.014952
        2000             2.59288             1.26899           0.0149592
        2001             1.73881             1.26922           0.0149536
        2002             2.00006             1.26959           0.0149506
        2003             1.70391             1.26981           0.0149447
        2004             1.75968             1.27005           0.0149392
        2005             2.32038             1.27058           0.0149409
        2006              2.1261               1.271           0.0149396
        2007             1.72759             1.27123           0.0149339
        2008             1.38118             1.27128           0.0149265
        2009             1.36431             1.27133           0.0149192
        2010             1.23929             1.27131           0.0149118
        2011             1.12471             1.27124           0.0149045
        2012             1.44428             1.27133           0.0148974
        2013             1.38835             1.27139           0.0148901
        2014             1.86231             1.27168           0.0148856
        2015             1.68415             1.27188           0.0148796
        2016             1.90937              1.2722           0.0148756
        2017             1.85107             1.27249            0.014871
        2018             1.62271             1.27266           0.0148646
        2019             1.41561             1.27273           0.0148574
        2020             1.31991             1.27275           0.0148501
        2021            0.671522             1.27246           0.0148457
        2022            0.988482             1.27232            0.014839
        2023            0.952755             1.27216           0.0148325
        2024             1.31366             1.27218           0.0148252
        2025             1.27729             1.27218           0.0148179
        2026             1.06269             1.27208            0.014811
        2027             1.12143               1.272           0.0148038
        2028             1.53183             1.27213           0.0147971
        2029             1.59496             1.27229           0.0147907
        2030             1.14995             1.27223           0.0147835
        2031            0.968703             1.27208            0.014777
        2032             1.13898             1.27202           0.0147698
        2033             1.12533             1.27194           0.0147628
        2034            0.847728             1.27174            0.014757
        2035            0.926928             1.27157           0.0147507
        2036             1.09042             1.27148           0.0147437
        2037            0.953699             1.27132           0.0147373
        2038            0.977023             1.27118           0.0147308
        2039             1.09433             1.27109           0.0147238
        2040             1.35482             1.27113           0.0147166
        2041             1.52505             1.27125             0.01471
        2042             1.41818             1.27133           0.0147029
        2043             1.62239              1.2715           0.0146967
        2044             1.56523             1.27164           0.0146903
        2045             1.44178             1.27173           0.0146833
        2046              1.5686             1.27187           0.0146768
        2047             1.50047             1.27198           0.0146701
        2048             1.20892             1.27195            0.014663
        2049             0.91469             1.27178           0.0146568
        2050            0.975285             1.27163           0.0146504
        2051            0.833802             1.27142           0.0146448
        2052            0.575701             1.27108           0.0146416
        2053            0.808209             1.27085           0.0146362
        2054             1.08579             1.27076           0.0146294
        2055             1.22198             1.27074           0.0146223
        2056             1.24765             1.27073           0.0146152
        2057             1.01422              1.2706           0.0146086
        2058            0.913802             1.27043           0.0146025
        2059            0.938874             1.27027           0.0145963
        2060             1.34974             1.27031           0.0145893
        2061             1.63837             1.27049           0.0145833
        2062             1.86848             1.27078           0.0145791
        2063             1.76144             1.27102            0.014574
        2064             1.70645             1.27123           0.0145684
        2065             1.41605              1.2713           0.0145616
        2066             1.14651             1.27124           0.0145546
        2067             1.48353             1.27134            0.014548
        2068             1.42599             1.27141           0.0145411
        2069             1.55501             1.27155           0.0145347
        2070              1.5155             1.27167           0.0145282
        2071             1.52985             1.27179           0.0145217
        2072             1.12162             1.27172           0.0145149
        2073             0.64595             1.27142            0.014511
        2074            0.793261             1.27119           0.0145058
        2075            0.686229             1.27091           0.0145016
        2076            0.831481             1.27069           0.0144962
        2077             1.35879             1.27074           0.0144892
        2078             1.19928              1.2707           0.0144823
        2079            0.961093             1.27055           0.0144761
        2080            0.747259              1.2703           0.0144713
        2081            0.611179             1.26999           0.0144678
        2082            0.712537             1.26972           0.0144634
        2083            0.516761             1.26936           0.0144609
        2084            0.561242             1.26902            0.014458
        2085            0.524555             1.26866           0.0144555
        2086            0.848225             1.26846           0.0144499
        2087            0.747279             1.26821           0.0144452
        2088            0.484901             1.26783           0.0144431
        2089             0.73296             1.26758           0.0144385
        2090             1.09324             1.26749           0.0144318
        2091            0.997442             1.26736           0.0144255
        2092             1.61153             1.26753           0.0144195
        2093             1.52967             1.26765           0.0144132
        2094             1.49179             1.26776           0.0144067
        2095             1.30927             1.26778           0.0143998
        2096             1.41445             1.26785           0.0143931
        2097             1.53809             1.26798           0.0143869
        2098             1.54037             1.26811           0.0143806
        2099              1.1612             1.26806           0.0143738
        2100            0.789243             1.26783           0.0143688
        2101            0.860651             1.26764           0.0143633
        2102             1.11327             1.26756           0.0143566
        2103             1.32159             1.26759           0.0143498
        2104             1.63154             1.26776            0.014344
        2105             1.63537             1.26794           0.0143383
        2106             1.14705             1.26788           0.0143316
        2107             1.07606             1.26779           0.0143251
        2108              1.2028             1.26776           0.0143183
        2109             1.55934              1.2679           0.0143122
        2110             1.73568             1.26812           0.0143071
        2111             1.76358             1.26835           0.0143023
        2112             1.78567              1.2686           0.0142976
        2113             1.36129             1.26864           0.0142909
        2114             1.21073             1.26861           0.0142842
        2115            0.870737             1.26843           0.0142786
        2116            0.840115             1.26822           0.0142733
        2117            0.573759              1.2679           0.0142704
        2118            0.741823             1.26765           0.0142658
        2119             1.16812              1.2676           0.0142591
        2120             1.28495             1.26761           0.0142524
        2121             1.36734             1.26765           0.0142458
        2122             1.09966             1.26758           0.0142393
        2123             1.31162              1.2676           0.0142326
        2124             1.74033             1.26782           0.0142276
        2125             1.44661              1.2679           0.0142212
        2126             1.13876             1.26784           0.0142146
        2127            0.953017             1.26769           0.0142087
        2128            0.696559             1.26743           0.0142046
        2129            0.853124             1.26723           0.0141992
        2130            0.936724             1.26708           0.0141934
        2131             1.23197             1.26706           0.0141868
        2132             1.70779             1.26727           0.0141816
        2133             1.40158             1.26733           0.0141751
        2134             1.46009             1.26742           0.0141687
        2135             1.70835             1.26763           0.0141636
        2136             1.20218              1.2676            0.014157
        2137             1.18227             1.26756           0.0141504
        2138             1.33441             1.26759           0.0141439
        2139             1.79204             1.26783           0.0141394
        2140             1.88909             1.26812           0.0141357
        2141             1.89315             1.26841           0.0141322
        2142              1.4104             1.26848           0.0141257
        2143             1.39002             1.26854           0.0141192
        2144             1.33292             1.26857           0.0141127
        2145             1.44358             1.26865           0.0141063
        2146            0.842512             1.26845           0.0141012
        2147              1.1128             1.26838           0.0140948
        2148             1.35193             1.26842           0.0140883
        2149              1.2873             1.26843           0.0140817
        2150             1.60403             1.26858            0.014076
        2151             1.76252             1.26881           0.0140714
        2152             1.65055             1.26899           0.0140659
        2153             1.88327             1.26927           0.0140623
        2154             2.22253             1.26972           0.0140627
        2155             2.07307             1.27009           0.0140612
        2156             2.09167             1.27047           0.0140598
        2157             2.08884             1.27085           0.0140584
        2158             2.16981             1.27127            0.014058
        2159             2.12542             1.27166           0.0140571
        2160             2.67188             1.27231           0.0140655
        2161              2.5859             1.27292           0.0140722
        2162             2.16379             1.27333           0.0140717
        2163             1.95266             1.27364           0.0140687
        2164             2.08578             1.27402           0.0140672
        2165             2.32279              1.2745            0.014069
        2166             2.05427             1.27486           0.0140671
        2167             2.11708             1.27525            0.014066
        2168             2.12401             1.27564            0.014065
        2169             2.19868             1.27607           0.0140649
        2170             2.60557             1.27668           0.0140718
        2171             2.45909             1.27723           0.0140758
        2172             2.27326             1.27769           0.0140768
        2173             2.48037             1.27824           0.0140812
        2174             2.29872             1.27871           0.0140826
        2175             2.44878             1.27925           0.0140864
        2176             2.42647             1.27977           0.0140897
        2177             3.03003             1.28058           0.0141062
        2178             2.85683              1.2813           0.0141183
        2179             2.72677             1.28196           0.0141274
        2180             2.37168             1.28246           0.0141297
        2181             2.19889             1.28288           0.0141295
        2182             2.07252             1.28325           0.0141276
        2183             1.76702             1.28347           0.0141229
        2184             1.70766             1.28366           0.0141178
        2185             1.70765             1.28386           0.0141127
        2186             1.83829             1.28411           0.0141085
        2187             1.38881             1.28416           0.0141021
        2188             1.30256             1.28417           0.0140957
        2189             1.10844             1.28409           0.0140895
        2190             1.64008             1.28425            0.014084
        2191             1.41806             1.28431           0.0140777
        2192             1.50777             1.28441           0.0140716
        2193             1.35446             1.28444           0.0140652
        2194             1.60866             1.28459           0.0140596
        2195             1.33658             1.28462           0.0140532
        2196             1.26414             1.28461           0.0140468
        2197              1.2105             1.28457           0.0140405
        2198             1.33366             1.28459           0.0140341
        2199             1.15335             1.28453           0.0140278
        2200            0.994792              1.2844           0.0140221
        2201             1.06631              1.2843           0.0140161
        2202             1.27953              1.2843           0.0140097
        2203              1.3239             1.28432           0.0140033
        2204              1.6915              1.2845           0.0139982
        2205             1.66666             1.28468           0.0139929
        2206             1.66165             1.28485           0.0139876
        2207             1.59267             1.28499            0.013982
        2208             1.01958             1.28487           0.0139762
        2209             1.27065             1.28486           0.0139699
        2210            0.863051             1.28467           0.0139648
        2211             1.09873             1.28459           0.0139588
        2212            0.946152             1.28443           0.0139533
        2213              1.3086             1.28444            0.013947
        2214             1.69594             1.28463           0.0139419
        2215             1.89717             1.28491           0.0139384
        2216             1.70017             1.28509           0.0139334
        2217             1.83668             1.28534           0.0139293
        2218             1.99893             1.28566           0.0139267
        2219             1.62135             1.28582           0.0139213
        2220             2.00327             1.28614           0.0139188
        2221             1.97441             1.28645           0.0139159
        2222             2.19641             1.28686           0.0139157
        2223             2.06094             1.28721           0.0139138
        2224             1.69446             1.28739           0.0139087
        2225             1.65138             1.28755           0.0139035
        2226             1.96978             1.28786           0.0139006
        2227             1.95682             1.28816           0.0138976
        2228             2.02291             1.28849           0.0138953
        2229             2.10065             1.28885           0.0138938
        2230             2.46422             1.28938           0.0138976
        2231             2.56525             1.28995           0.0139031
        2232              2.7946             1.29063           0.0139132
        2233             2.80828             1.29131           0.0139236
        2234              2.6516             1.29192           0.0139306
        2235             2.07423             1.29227           0.0139288
        2236             1.74661             1.29247           0.0139241
        2237             1.65174             1.29263           0.0139188
        2238              2.0987             1.29299           0.0139172
        2239             2.35876             1.29347           0.0139191
        2240             2.18997             1.29387           0.0139187
        2241             1.78596             1.29409           0.0139142
        2242             1.85975             1.29434           0.0139103
        2243             1.77483             1.29455           0.0139057
        2244             2.27514             1.29499           0.0139064
        2245             2.10751             1.29535           0.0139049
        2246             1.41929             1.29541           0.0138988
        2247              1.1582             1.29535           0.0138928
        2248            0.939633             1.29519           0.0138875
        2249            0.864644               1.295           0.0138826
        2250            0.891289             1.29482           0.0138776
        2251             1.48847              1.2949           0.0138717
        2252              1.8662             1.29516           0.0138679
        2253             1.78405             1.29537           0.0138634
        2254             1.39752             1.29542           0.0138573
        2255             1.13941             1.29535           0.0138514
        2256             1.20841             1.29531           0.0138453
        2257             1.78066             1.29553           0.0138408
        2258             1.38564             1.29557           0.0138347
        2259            0.802641             1.29535           0.0138303
        2260             1.16981             1.29529           0.0138243
        2261             1.31461              1.2953           0.0138182
        2262             1.51543              1.2954           0.0138125
        2263             1.17294             1.29534           0.0138065
        2264             1.12702             1.29527           0.0138006
        2265             1.25556             1.29525           0.0137945
        2266             1.23219             1.29522           0.0137884
        2267             1.00861              1.2951           0.0137829
        2268             1.21953             1.29506           0.0137769
        2269            0.515994             1.29472           0.0137751
        2270            0.622983             1.29443           0.0137722
        2271            0.775085              1.2942            0.013768
        2272            0.953055             1.29405           0.0137628
        2273            0.817222             1.29384           0.0137583
        2274            0.978507              1.2937            0.013753
        2275            0.979354             1.29356           0.0137476
        2276            0.911993             1.29339           0.0137426
        2277             0.89921             1.29322           0.0137377
        2278            0.745221             1.29298           0.0137337
        2279             1.04345             1.29287           0.0137282
        2280             1.01149             1.29275           0.0137227
        2281            0.927098             1.29259           0.0137176
        2282            0.884419             1.29241           0.0137128
        2283             1.30735             1.29241           0.0137068
        2284              1.1601             1.29235           0.0137009
        2285            0.766116             1.29212           0.0136968
        2286             1.32359             1.29214           0.0136908
        2287             1.28001             1.29213           0.0136848
        2288             1.09639             1.29205           0.0136791
        2289            0.954458              1.2919           0.0136739
        2290             1.26084             1.29189            0.013668
        2291              1.1562             1.29183           0.0136621
        2292             1.44277             1.29189           0.0136563
        2293             1.23338             1.29187           0.0136504
        2294              1.4324             1.29193           0.0136446
        2295            0.969776             1.29179           0.0136394
        2296            0.905318             1.29162           0.0136345
        2297            0.750217             1.29138           0.0136306
        2298             1.20022             1.29134           0.0136247
        2299             1.40973              1.2914           0.0136189
        2300             1.78448             1.29161           0.0136146
        2301             1.64488             1.29176           0.0136096
        2302              1.2884             1.29176           0.0136037
        2303             1.40183             1.29181           0.0135979
        2304             1.37703             1.29185            0.013592
        2305             1.66686             1.29201           0.0135871
        2306             2.01492             1.29232           0.0135848
        2307             1.67685             1.29249           0.0135799
        2308             1.54009              1.2926           0.0135745
        2309             1.87517             1.29285           0.0135709
        2310             1.77444             1.29306           0.0135667
        2311             1.90601             1.29332           0.0135634
        2312             1.84354             1.29356           0.0135596
        2313             2.04934             1.29389           0.0135577
        2314             1.85409             1.29413            0.013554
        2315             2.14197              1.2945           0.0135531
        2316             1.86199             1.29474           0.0135494
        2317             2.15853             1.29511           0.0135487
        2318             1.76448             1.29532           0.0135444
        2319             1.45894             1.29539           0.0135387
        2320             2.10099             1.29573           0.0135374
        2321              1.6108             1.29587           0.0135322
        2322             1.74146             1.29606           0.0135277
        2323             1.80669             1.29628           0.0135237
        2324             1.57854              1.2964           0.0135184
        2325             1.21648             1.29637           0.0135127
        2326             1.03427             1.29626           0.0135073
        2327            0.935606              1.2961           0.0135024
        2328            0.771759             1.29588           0.0134985
        2329            0.798848             1.29566           0.0134944
        2330             1.10044             1.29558           0.0134888
        2331             1.31252             1.29559            0.013483
        2332             1.38902             1.29563           0.0134773
        2333             1.01351             1.29551           0.0134721
        2334             1.09745             1.29542           0.0134666
        2335             1.06447             1.29532           0.0134612
        2336             1.08105             1.29523           0.0134557
        2337             1.14716             1.29517           0.0134501
        2338            0.994957             1.29504            0.013445
        2339             1.02667             1.29492           0.0134397
        2340             1.01674              1.2948           0.0134345
        2341             1.11813             1.29473            0.013429
        2342             1.34208             1.29475           0.0134233
        2343            0.727347             1.29451           0.0134197
        2344            0.688489             1.29425           0.0134165
        2345            0.404966             1.29387           0.0134161
        2346            0.803836             1.29366            0.013412
        2347             1.47136             1.29374           0.0134065
        2348             1.51159             1.29383           0.0134011
        2349             1.55761             1.29394           0.0133959
        2350             1.50974             1.29403           0.0133905
        2351             1.41262             1.29408           0.0133849
        2352             1.23859             1.29406           0.0133792
        2353             1.31032             1.29407           0.0133736
        2354             1.39299             1.29411           0.0133679
        2355             1.25492             1.29409           0.0133623
        2356             1.62911             1.29423           0.0133574
        2357             1.63368             1.29438           0.0133525
        2358              1.7488             1.29457           0.0133482
        2359             1.42778             1.29463           0.0133427
        2360             1.17267             1.29458           0.0133371
        2361             1.47252             1.29465           0.0133317
        2362             1.39692             1.29469           0.0133261
        2363              1.4167             1.29475           0.0133206
        2364             1.02875             1.29463           0.0133154
        2365             1.08403             1.29455           0.0133101
        2366             1.29041             1.29454           0.0133044
        2367             1.56918             1.29466           0.0132993
        2368             1.68757             1.29483           0.0132947
        2369             1.21874             1.29479           0.0132892
        2370             1.32678             1.29481           0.0132836
        2371             1.83849             1.29504             0.01328
        2372             1.14175             1.29497           0.0132745
        2373              1.3598               1.295           0.0132689
        2374             1.50261             1.29509           0.0132636
        2375             1.29103             1.29508           0.0132581
        2376             1.43234             1.29514           0.0132526
        2377             1.07257             1.29505           0.0132474
        2378            0.888594             1.29488           0.0132429
        2379            0.792763             1.29467            0.013239
        2380            0.259152             1.29423           0.0132406
        2381             0.55743             1.29392           0.0132386
        2382             1.07292             1.29383           0.0132334
        2383             1.10549             1.29375           0.0132281
        2384            0.940327              1.2936           0.0132234
        2385             1.36397             1.29363           0.0132179
        2386             1.33648             1.29365           0.0132123
        2387            0.997291             1.29353           0.0132074
        2388             1.28976             1.29352           0.0132019
        2389             1.34009             1.29354           0.0131963
        2390            0.764617             1.29332           0.0131927
        2391            0.957273             1.29318           0.0131879
        2392            0.874554             1.29301           0.0131836
        2393              1.0981             1.29292           0.0131783
        2394            0.868022             1.29275            0.013174
        2395            0.740428             1.29252           0.0131705
        2396             1.13212             1.29245           0.0131652
        2397             1.23562             1.29243           0.0131597
        2398             1.12179             1.29235           0.0131544
        2399             1.32814             1.29237           0.0131489
        2400             1.97189             1.29265           0.0131465
        2401              1.4939             1.29274           0.0131413
        2402              1.1997              1.2927           0.0131359
        2403              1.3666             1.29273           0.0131305
        2404             1.34441             1.29275            0.013125
        2405             1.24708             1.29273           0.0131196
        2406             1.31762             1.29274           0.0131141
        2407             1.64953             1.29289           0.0131095
        2408             1.67563             1.29305            0.013105
        2409             1.51882             1.29314           0.0130999
        2410             1.60593             1.29327           0.0130951
        2411             1.50295             1.29336             0.01309
        2412             1.16105              1.2933           0.0130847
        2413             1.31095             1.29331           0.0130793
        2414             1.86131             1.29355            0.013076
        2415             1.41184              1.2936           0.0130706
        2416             1.25915             1.29358           0.0130652
        2417             1.46848             1.29365             0.01306
        2418             1.26515             1.29364           0.0130546
        2419             1.68197              1.2938           0.0130502
        2420             1.50954             1.29389           0.0130451
        2421             1.02367             1.29378           0.0130402
        2422            0.891939             1.29361           0.0130359
        2423              1.3615             1.29364           0.0130305
        2424             1.16875             1.29359           0.0130253
        2425             1.08849             1.29351           0.0130202
        2426              1.0751             1.29342           0.0130151
        2427             1.13368             1.29335           0.0130099
        2428            0.844747             1.29317           0.0130059
        2429             1.09707             1.29309           0.0130008
        2430             1.45081             1.29315           0.0129956
        2431             1.57635             1.29327           0.0129908
        2432             1.42686             1.29332           0.0129855
        2433             1.43856             1.29338           0.0129803
        2434             1.36929             1.29341            0.012975
        2435             1.39375             1.29345           0.0129698
        2436             1.89857              1.2937           0.0129668
        2437             2.07322             1.29402           0.0129655
        2438             1.72613              1.2942           0.0129613
        2439             2.06412             1.29451           0.0129599
        2440             1.96518             1.29479           0.0129575
        2441             1.71499             1.29496           0.0129533
        2442             1.55258             1.29507           0.0129484
        2443             1.49872             1.29515           0.0129434
        2444              1.3519             1.29517           0.0129381
        2445              1.2627             1.29516           0.0129328
        2446             1.59235             1.29528           0.0129281
        2447             1.75242             1.29547           0.0129242
        2448              1.5655             1.29558           0.0129194
        2449             1.41509             1.29563           0.0129142
        2450             1.30472             1.29563           0.0129089
        2451             1.25978             1.29562           0.0129037
        2452             1.27445             1.29561           0.0128984
        2453            0.971914             1.29548           0.0128938
        2454            0.994673             1.29535           0.0128892
        2455            0.890627             1.29519            0.012885
        2456              1.1896             1.29515           0.0128798
        2457            0.981127             1.29502           0.0128752
        2458              1.0654             1.29492           0.0128703
        2459             1.49302             1.29501           0.0128653
        2460             1.50651             1.29509           0.0128604
        2461             1.77994             1.29529           0.0128566
        2462             1.90378             1.29554           0.0128538
        2463             1.59661             1.29566           0.0128492
        2464              1.3444             1.29568            0.012844
        2465             1.26393             1.29566           0.0128388
        2466            0.948522             1.29552           0.0128343
        2467            0.969954             1.29539           0.0128298
        2468             1.02026             1.29528           0.0128251
        2469            0.639244             1.29501           0.0128226
        2470            0.602813             1.29473           0.0128205
        2471            0.836323             1.29455           0.0128167
        2472            0.964258             1.29442           0.0128122
        2473             1.02324             1.29431           0.0128075
        2474            0.754858             1.29409           0.0128041
        2475            0.815244             1.29389           0.0128004
        2476             1.11663             1.29382           0.0127955
        2477             1.61844             1.29395            0.012791
        2478             1.49859             1.29404           0.0127861
        2479              1.6014             1.29416           0.0127815
        2480             1.60982             1.29429            0.012777
        2481             1.57785              1.2944           0.0127724
        2482             1.09938             1.29432           0.0127675
        2483             1.24844              1.2943           0.0127623
        2484             1.47601             1.29438           0.0127574
        2485             1.20879             1.29434           0.0127523
        2486             1.60703             1.29447           0.0127478
        2487             1.54836             1.29457           0.0127431
        2488             1.76856             1.29476           0.0127394
        2489             1.92734             1.29502           0.0127368
        2490             1.99974              1.2953           0.0127348
        2491             1.88523             1.29554           0.0127319
        2492             2.02149             1.29583           0.0127301
        2493             2.04712             1.29613           0.0127286
        2494             2.01699             1.29642           0.0127268
        2495             1.84241             1.29664           0.0127236
        2496             1.51916             1.29673           0.0127188
        2497             1.86639             1.29695           0.0127157
        2498             1.52255             1.29704            0.012711
        2499             1.92524              1.2973           0.0127084
        2500             1.87994             1.29753           0.0127054
        2501             1.68113             1.29768           0.0127013
        2502             1.77464             1.29787           0.0126976
        2503             1.97382             1.29814           0.0126954
        2504              2.2747             1.29853           0.0126963
        2505             2.00784             1.29882           0.0126944
        2506             1.65183             1.29896           0.0126901
        2507             1.59857             1.29908           0.0126856
        2508             1.42382             1.29913           0.0126807
        2509             1.87921             1.29936           0.0126777
        2510             1.56814             1.29946           0.0126731
        2511             1.35308             1.29949           0.0126681
        2512             1.04952             1.29939           0.0126634
        2513            0.699375             1.29915           0.0126607
        2514            0.416541              1.2988           0.0126605
        2515             0.64248             1.29854           0.0126581
        2516            0.963364              1.2984           0.0126538
        2517            0.834576             1.29822           0.0126501
        2518            0.746622               1.298            0.012647
        2519             1.27025             1.29799            0.012642
        2520             1.04694             1.29789           0.0126374
        2521            0.964009             1.29776            0.012633
        2522            0.556776             1.29746           0.0126314
        2523            0.974651             1.29733           0.0126271
        2524            0.862406             1.29716           0.0126233
        2525            0.929559             1.29702           0.0126191
        2526             1.11227             1.29694           0.0126143
        2527             1.63197             1.29708             0.01261
        2528             1.66003             1.29722           0.0126059
        2529              1.4974              1.2973           0.0126011
        2530             1.41336             1.29734           0.0125962
        2531             1.33968             1.29736           0.0125913
        2532             1.37049             1.29739           0.0125863
        2533            0.850883             1.29721           0.0125826
        2534              1.1431             1.29715           0.0125778
        2535             1.36649             1.29718           0.0125728
        2536             1.31497             1.29719           0.0125679
        2537             1.54643             1.29728           0.0125633
        2538             1.49509             1.29736           0.0125586
        2539             1.46201             1.29743           0.0125538
        2540             1.51516             1.29751           0.0125492
        2541             1.47822             1.29758           0.0125444
        2542             1.53009             1.29768           0.0125398
        2543            0.974302             1.29755           0.0125355
        2544             1.00575             1.29743           0.0125311
        2545            0.980066             1.29731           0.0125268
        2546              1.0544             1.29721           0.0125223
        2547             1.35976             1.29724           0.0125174
        2548              1.5338             1.29733           0.0125128
        2549             1.63897             1.29747           0.0125086
        2550             1.74636             1.29764            0.012505
        2551             1.84564             1.29786           0.0125019
        2552             1.80381             1.29805           0.0124986
        2553              1.7818             1.29824           0.0124951
        2554             1.71653             1.29841           0.0124913
        2555             1.39228             1.29844           0.0124865
        2556             1.43406              1.2985           0.0124817
        2557             1.13222             1.29843            0.012477
        2558             1.19912             1.29839           0.0124722
        2559             1.54726             1.29849           0.0124677
        2560             1.52744             1.29858           0.0124631
        2561             1.32666             1.29859           0.0124583
        2562             1.47367             1.29866           0.0124536
        2563             2.40755             1.29909           0.0124562
        2564              2.4066             1.29952           0.0124589
        2565             2.17191             1.29986           0.0124586
        2566             2.30569             1.30026             0.01246
        2567             1.76449             1.30044           0.0124564
        2568             1.83441             1.30065           0.0124533
        2569             1.52398             1.30073           0.0124488
        2570             1.60949             1.30085           0.0124445
        2571             1.22531             1.30082           0.0124397
        2572             1.17486             1.30077           0.0124349
        2573             1.19645             1.30073           0.0124302
        2574            0.914927             1.30058           0.0124263
        2575             1.46062             1.30065           0.0124216
        2576             1.65407             1.30078           0.0124175
        2577             1.51966             1.30087            0.012413
        2578             1.35281             1.30089           0.0124082
        2579             1.19524             1.30085           0.0124034
        2580             1.50874             1.30093           0.0123989
        2581             1.76313             1.30111           0.0123954
        2582              1.5305              1.3012           0.0123909
        2583             1.63161             1.30132           0.0123868
        2584             1.54481             1.30142           0.0123823
        2585             1.57834             1.30152            0.012378
        2586             1.98353             1.30179            0.012376
        2587             1.65113             1.30192            0.012372
        2588             1.75278              1.3021           0.0123684
        2589             1.90334             1.30233           0.0123658
        2590             1.28427             1.30232           0.0123611
        2591            0.883425             1.30216           0.0123573
        2592             1.44847             1.30222           0.0123527
        2593             1.50278              1.3023           0.0123482
        2594             1.29333             1.30229           0.0123434
        2595             1.43355             1.30234           0.0123388
        2596             1.49306             1.30242           0.0123342
        2597             1.64467             1.30255           0.0123302
        2598             2.05403             1.30284           0.0123288
        2599             1.83788             1.30304           0.0123258
        2600             1.42441             1.30309           0.0123212
        2601             1.40961             1.30313           0.0123165
        2602              1.2986             1.30313           0.0123118
        2603             1.67631             1.30327           0.0123079
        2604              1.6295              1.3034           0.0123038
        2605             1.63313             1.30352           0.0122997
        2606             1.25237              1.3035            0.012295
        2607             1.32019             1.30351           0.0122903
        2608            0.922061             1.30336           0.0122864
        2609            0.816895             1.30318           0.0122832
        2610             1.42549             1.30322           0.0122785
        2611             1.52254             1.30331           0.0122741
        2612             1.39422             1.30334           0.0122695
        2613             1.88863             1.30357           0.0122668
        2614             2.25621             1.30393           0.0122675
        2615              2.1017             1.30424           0.0122666
        2616             1.80728             1.30443           0.0122635
        2617             2.13605             1.30475           0.0122629
        2618             2.32625             1.30514           0.0122644
        2619             1.88898             1.30536           0.0122618
        2620             2.11096             1.30567           0.0122609
        2621             1.96231             1.30592           0.0122588
        2622             2.25871             1.30628           0.0122595
        2623             2.43929             1.30671           0.0122625
        2624             2.48609             1.30716            0.012266
        2625             1.89055             1.30739           0.0122634
        2626             1.96884             1.30764           0.0122613
        2627             2.51763              1.3081           0.0122652
        2628             2.08504             1.30839           0.0122641
        2629             2.34084             1.30879           0.0122658
        2630              1.9489             1.30903           0.0122635
        2631             1.92934             1.30927           0.0122611
        2632             2.19786              1.3096           0.0122611
        2633             1.84396             1.30981           0.0122581
        2634             1.90748             1.31003           0.0122556
        2635             2.26917              1.3104           0.0122563
        2636             2.29947             1.31077           0.0122574
        2637             2.19874             1.31111           0.0122574
        2638             1.68685             1.31125           0.0122536
        2639             1.74171             1.31141             0.01225
        2640             1.87792             1.31163           0.0122473
        2641             1.70065             1.31178           0.0122435
        2642             1.61992             1.31189           0.0122394
        2643             2.06495             1.31218           0.0122381
        2644             2.22519             1.31252           0.0122384
        2645             1.93493             1.31276            0.012236
        2646             2.05835             1.31304           0.0122346
        2647             1.73937              1.3132           0.0122311
        2648             2.24446             1.31355           0.0122315
        2649             2.02166             1.31382           0.0122298
        2650             1.93107             1.31405           0.0122274
        2651             2.14956             1.31437           0.0122268
        2652             1.85351             1.31457           0.0122239
        2653             1.57887             1.31467           0.0122197
        2654             1.63015             1.31479           0.0122157
        2655             1.33415              1.3148           0.0122111
        2656             1.62588             1.31491           0.0122071
        2657            0.841196             1.31474           0.0122038
        2658            0.686502              1.3145           0.0122015
        2659            0.788385              1.3143           0.0121985
        2660             1.08609             1.31422           0.0121942
        2661            0.890966             1.31406           0.0121907
        2662             0.65944             1.31381           0.0121886
        2663            0.684178             1.31357           0.0121863
        2664             1.26748             1.31356           0.0121817
        2665             1.23669             1.31353           0.0121772
        2666             1.11069             1.31345           0.0121728
        2667             1.38944             1.31348           0.0121683
        2668            0.856847             1.31331            0.012165
        2669            0.789421             1.31311            0.012162
        2670            0.632385             1.31286           0.0121601
        2671            0.981846             1.31273           0.0121562
        2672            0.906846             1.31258           0.0121526
        2673            0.960401             1.31245           0.0121487
        2674             1.26479             1.31243           0.0121442
        2675            0.960837              1.3123           0.0121404
        2676             1.04227              1.3122           0.0121363
        2677             1.11668             1.31213            0.012132
        2678             1.43394             1.31217           0.0121275
        2679             1.07622             1.31209           0.0121233
        2680             1.38794             1.31211           0.0121188
        2681             1.52612             1.31219           0.0121146
        2682             1.39244             1.31222           0.0121101
        2683             1.42444             1.31226           0.0121056
        2684             1.36163             1.31228           0.0121011
        2685             1.53138             1.31236           0.0120969
        2686             1.49719             1.31243           0.0120926
        2687             1.83129             1.31263           0.0120896
        2688             1.51957              1.3127           0.0120854
        2689              1.4117             1.31274           0.0120809
        2690              1.5424             1.31283           0.0120768
        2691             1.57117             1.31292           0.0120726
        2692             2.00806             1.31318           0.0120709
        2693             1.69208             1.31332           0.0120673
        2694             1.84082             1.31352           0.0120644
        2695             2.25456             1.31387           0.0120649
        2696             1.85301             1.31407           0.0120621
        2697             1.37821             1.31409           0.0120577
        2698             1.26519             1.31407           0.0120532
        2699             1.31921             1.31407           0.0120488
        2700              1.7097             1.31422           0.0120452
        2701             2.16355             1.31453           0.0120448
        2702             2.59011             1.31501           0.0120496
        2703             2.75283             1.31554           0.0120569
        2704             2.68674             1.31605           0.0120631
        2705             2.03661             1.31631           0.0120616
        2706             2.03341             1.31658             0.01206
        2707             2.46097               1.317            0.012063
        2708             1.80193             1.31718           0.0120599
        2709              1.4211             1.31722           0.0120555
        2710             1.36947             1.31724            0.012051
        2711             1.59477             1.31734            0.012047
        2712             1.55337             1.31743           0.0120429
        2713             1.53526             1.31751           0.0120387
        2714             1.54927             1.31759           0.0120346
        2715             1.90385             1.31781           0.0120321
        2716             1.62964             1.31792           0.0120282
        2717             1.61468             1.31803           0.0120243
        2718             1.97157             1.31827           0.0120223
        2719             2.17903             1.31859            0.012022
        2720               2.169              1.3189           0.0120217
        2721             1.86451              1.3191           0.0120189
        2722             1.79338             1.31928           0.0120158
        2723             1.78831             1.31945           0.0120126
        2724             1.81501             1.31963           0.0120095
        2725             1.82877             1.31982           0.0120066
        2726             2.04279             1.32008           0.0120051
        2727             1.94119             1.32031           0.0120029
        2728             1.98265             1.32055           0.0120009
        2729             1.83063             1.32074            0.011998
        2730             1.40113             1.32077           0.0119936
        2731             1.71312             1.32091           0.0119901
        2732            0.969427             1.32078           0.0119864
        2733             1.47482             1.32084           0.0119821
        2734             1.20569              1.3208           0.0119778
        2735            0.910313             1.32065           0.0119744
        2736            0.930963             1.32051           0.0119709
        2737             0.97192             1.32038           0.0119672
        2738            0.769993             1.32018           0.0119645
        2739            0.952007             1.32004           0.0119609
        2740             1.36418             1.32006           0.0119565
        2741             1.72313             1.32021           0.0119531
        2742             1.59713             1.32031           0.0119491
        2743             1.27052             1.32029           0.0119448
        2744             1.60959             1.32039           0.0119409
        2745             1.79044             1.32057           0.0119378
        2746             1.96486              1.3208           0.0119357
        2747              2.3439             1.32117           0.0119372
        2748             1.93311              1.3214           0.0119349
        2749             1.95085             1.32162           0.0119328
        2750             1.88524             1.32183           0.0119302
        2751             1.77144             1.32199            0.011927
        2752             1.89307              1.3222           0.0119245
        2753             1.94116             1.32243           0.0119223
        2754             1.84717             1.32262           0.0119194
        2755             1.50758             1.32268           0.0119153
        2756             1.19592             1.32264           0.0119111
        2757             1.31369             1.32263           0.0119068
        2758              1.3102             1.32263           0.0119024
        2759             1.31979             1.32263           0.0118981
        2760             1.38802             1.32265           0.0118938
        2761             1.60225             1.32275             0.01189
        2762             1.27771             1.32274           0.0118857
        2763             1.25401             1.32271           0.0118814
        2764             1.13965             1.32265           0.0118773
        2765            0.913357              1.3225           0.0118739
        2766             1.30935             1.32249           0.0118696
        2767             1.29953             1.32248           0.0118653
        2768             1.01197             1.32237           0.0118616
        2769             1.16851             1.32232           0.0118574
        2770             1.94891             1.32254           0.0118553
        2771             1.59268             1.32264           0.0118514
        2772             1.50936             1.32271           0.0118473
        2773             1.27564             1.32269           0.0118431
        2774            0.968662             1.32256           0.0118395
        2775            0.869588              1.3224           0.0118363
        2776            0.724538             1.32218            0.011834
        2777             1.15564             1.32212           0.0118299
        2778             1.47919             1.32218           0.0118258
        2779             1.55631             1.32227           0.0118219
        2780             1.44614             1.32231           0.0118177
        2781             1.30338              1.3223           0.0118134
        2782             1.19934             1.32226           0.0118093
        2783             1.41589             1.32229           0.0118051
        2784             1.11996             1.32222           0.0118011
        2785            0.965609             1.32209           0.0117975
        2786             1.29669             1.32208           0.0117933
        2787             1.22153             1.32205           0.0117891
        2788            0.947645             1.32191           0.0117857
        2789            0.976323             1.32179           0.0117821
        2790             1.02852             1.32168           0.0117783
        2791             1.45766             1.32173           0.0117742
        2792             1.25307             1.32171             0.01177
        2793             1.06749             1.32162           0.0117661
        2794             1.35194             1.32163           0.0117619
        2795             1.44771             1.32167           0.0117578
        2796             1.46139             1.32172           0.0117537
        2797             1.47338             1.32178           0.0117496
        2798             1.69614             1.32191           0.0117462
        2799             1.43799             1.32195           0.0117421
        2800             1.30608             1.32195           0.0117379
        2801             1.32883             1.32195           0.0117337
        2802             1.38196             1.32197           0.0117295
        2803             1.77565             1.32213           0.0117265
        2804             1.72289             1.32227           0.0117232
        2805             1.67244              1.3224           0.0117196
        2806             1.51591             1.32247           0.0117157
        2807             1.17786             1.32242           0.0117116
        2808             1.49245             1.32248           0.0117076
        2809             1.46246             1.32253           0.0117035
        2810             1.56297             1.32261           0.0116997
        2811             1.43608             1.32265           0.0116956
        2812             1.34581             1.32266           0.0116914
        2813             1.32212             1.32266           0.0116873
        2814             1.34577             1.32267           0.0116831
        2815             1.55484             1.32275           0.0116793
        2816             1.25356             1.32273           0.0116751
        2817             1.58656             1.32282           0.0116714
        2818             1.56941             1.32291           0.0116676
        2819             1.65352             1.32303            0.011664
        2820             1.67604             1.32315           0.0116605
        2821             1.28804             1.32314           0.0116564
        2822             1.25338             1.32311           0.0116523
        2823             1.59182             1.32321           0.0116486
        2824             1.22646             1.32318           0.0116445
        2825             1.14515             1.32311           0.0116405
        2826             1.34207             1.32312           0.0116364
        2827             1.55683              1.3232           0.0116326
        2828             1.74175             1.32335           0.0116294
        2829             1.55855             1.32343           0.0116256
        2830             1.49012             1.32349           0.0116217
        2831             1.99507             1.32373             0.01162
        2832             1.85355             1.32392           0.0116174
        2833             1.52599             1.32399           0.0116135
        2834             1.91523              1.3242           0.0116113
        2835             1.53713             1.32427           0.0116074
        2836              1.4323             1.32431           0.0116034
        2837             1.07962             1.32422           0.0115996
        2838               1.232             1.32419           0.0115956
        2839             1.41298             1.32422           0.0115915
        2840             1.47938             1.32428           0.0115876
        2841             1.21638             1.32424           0.0115836
        2842             1.15723             1.32418           0.0115796
        2843             1.16446             1.32412           0.0115757
        2844             1.33702             1.32413           0.0115716
        2845             1.62951             1.32424           0.0115681
        2846             1.85465             1.32442           0.0115655
        2847             1.75645             1.32457           0.0115624
        2848             1.70807             1.32471           0.0115592
        2849              1.8641              1.3249           0.0115567
        2850             1.65588             1.32501           0.0115532
        2851             1.47915             1.32507           0.0115493
        2852             1.31757             1.32506           0.0115452
        2853             1.65418             1.32518           0.0115417
        2854             1.60569             1.32528           0.0115381
        2855             1.90217             1.32548           0.0115358
        2856             1.88473             1.32568           0.0115335
        2857             1.67591              1.3258           0.0115301
        2858              1.7666             1.32595           0.0115271
        2859             1.86906             1.32614           0.0115246
        2860             1.56505             1.32623           0.0115209
        2861             1.06119             1.32613           0.0115172
        2862             1.11887             1.32606           0.0115134
        2863             1.12702             1.32599           0.0115096
        2864            0.886127             1.32584           0.0115066
        2865            0.885387             1.32568           0.0115036
        2866            0.903307             1.32554           0.0115006
        2867             1.07791             1.32545           0.0114969
        2868             1.00302             1.32534           0.0114934
        2869               1.173             1.32529           0.0114895
        2870             1.04185             1.32519            0.011486
        2871             1.73726             1.32533           0.0114829
        2872             1.47693             1.32538            0.011479
        2873             1.50397             1.32545           0.0114751
        2874             1.29074             1.32543           0.0114712
        2875             1.48683             1.32549           0.0114673
        2876             1.20127             1.32545           0.0114634
        2877             1.38146             1.32547           0.0114594
        2878              1.4658             1.32551           0.0114556
        2879             1.66384             1.32563           0.0114522
        2880             1.90541             1.32583             0.01145
        2881             1.64712             1.32594           0.0114465
        2882              2.0014             1.32618            0.011445
        2883             2.35962             1.32654           0.0114466
        2884             2.00992             1.32677           0.0114451
        2885             1.93177             1.32698           0.0114431
        2886             1.85202             1.32717           0.0114405
        2887             1.81361             1.32733           0.0114378
        2888             1.85793             1.32752           0.0114353
        2889             2.09174             1.32778           0.0114344
        2890             1.90336             1.32798           0.0114322
        2891             1.46801             1.32803           0.0114284
        2892             1.31259             1.32802           0.0114244
        2893             1.55862              1.3281           0.0114207
        2894             1.24562             1.32808           0.0114168
        2895              1.0956               1.328           0.0114132
        2896              1.4382             1.32803           0.0114093
        2897             1.65373             1.32815           0.0114059
        2898             1.80998             1.32831           0.0114032
        2899             2.05929             1.32856            0.011402
        2900             1.91988             1.32877           0.0113999
        2901             2.01288               1.329           0.0113984
        2902             1.72967             1.32914           0.0113953
        2903             0.96713             1.32902           0.0113921
        2904            0.878963             1.32886           0.0113892
        2905            0.925518             1.32872           0.0113861
        2906            0.501584             1.32844           0.0113858
        2907            0.514968             1.32816           0.0113853
        2908             1.30271             1.32815           0.0113814
        2909             1.49205             1.32821           0.0113776
        2910              1.1492             1.32815           0.0113739
        2911            0.872115             1.32799           0.0113711
        2912            0.773685              1.3278           0.0113687
        2913            0.898106             1.32765           0.0113658
        2914            0.978554             1.32753           0.0113625
        2915             1.10061             1.32745           0.0113589
        2916            0.547708             1.32719           0.0113581
        2917            0.926668             1.32705           0.0113551
        2918            0.653166             1.32682           0.0113535
        2919            0.388662              1.3265           0.0113542
        2920            0.557493             1.32623           0.0113534
        2921            0.699781             1.32602           0.0113515
        2922             0.74393             1.32582           0.0113494
        2923            0.785579             1.32563            0.011347
        2924             1.01609             1.32553           0.0113436
        2925             1.28579             1.32552           0.0113397
        2926             1.59316             1.32561           0.0113362
        2927             1.62944             1.32571           0.0113328
        2928             2.01287             1.32595           0.0113314
        2929             2.13025             1.32622           0.0113308
        2930              2.0744             1.32648           0.0113299
        2931             2.00653             1.32671           0.0113284
        2932             1.89113              1.3269           0.0113261
        2933             1.79705             1.32706           0.0113234
        2934             1.83405             1.32723           0.0113209
        2935             1.51143              1.3273           0.0113172
        2936             2.08427             1.32755           0.0113163
        2937             1.66138             1.32767            0.011313
        2938             1.77068             1.32782           0.0113101
        2939             1.63526             1.32792           0.0113068
        2940             1.53375             1.32799           0.0113031
        2941             1.56969             1.32807           0.0112996
        2942             1.54834             1.32815            0.011296
        2943               1.656             1.32826           0.0112927
        2944              2.1163             1.32853           0.0112921
        2945             1.83478              1.3287           0.0112895
        2946             1.69599             1.32883           0.0112864
        2947             1.71189             1.32896           0.0112833
        2948             2.05981              1.3292           0.0112822
        2949             1.83891             1.32938           0.0112797
        2950              1.6439             1.32948           0.0112764
        2951             1.40751             1.32951           0.0112726
        2952             1.70477             1.32964           0.0112695
        2953             1.92674             1.32984           0.0112675
        2954             2.08521             1.33009           0.0112666
        2955             2.30305             1.33042           0.0112676
        2956             2.25702             1.33074           0.0112681
        2957             1.98836             1.33096           0.0112665
        2958             1.68759             1.33108           0.0112633
        2959             1.43386             1.33111           0.0112596
        2960             1.78833             1.33127           0.0112568
        2961             1.87853             1.33145           0.0112546
        2962             1.57818             1.33154           0.0112511
        2963             1.53172              1.3316           0.0112475
        2964             2.04416             1.33184           0.0112462
        2965             1.82185             1.33201           0.0112437
        2966              2.0724             1.33226           0.0112426
        2967              1.9156             1.33246           0.0112406
        2968             1.85432             1.33263           0.0112382
        2969             1.72627             1.33276           0.0112352
        2970             1.51329             1.33283           0.0112315
        2971             1.52898             1.33289            0.011228
        2972              1.0291             1.33279           0.0112246
        2973              1.1726             1.33274            0.011221
        2974             1.36744             1.33275           0.0112172
        2975              1.4305             1.33278           0.0112135
        2976             1.50549             1.33284           0.0112099
        2977             1.84095             1.33301           0.0112074
        2978             1.41518             1.33304           0.0112037
        2979             1.30045             1.33303           0.0111999
        2980             1.07564             1.33294           0.0111965
        2981            0.764727             1.33275           0.0111944
        2982            0.538555             1.33248           0.0111938
        2983            0.806269             1.33231           0.0111914
        2984            0.892108             1.33216           0.0111886
        2985              1.3733             1.33217           0.0111849
        2986             1.41943              1.3322           0.0111812
        2987             1.15768             1.33214           0.0111776
        2988             1.20966              1.3321           0.0111739
        2989             1.44565             1.33214           0.0111703
        2990             1.18176             1.33209           0.0111666
        2991             1.24684             1.33206            0.011163
        2992             1.39121             1.33208           0.0111592
        2993             1.36068             1.33209           0.0111555
        2994             1.00818             1.33198           0.0111523
        2995             1.17405             1.33193           0.0111487
        2996             1.47187             1.33198           0.0111451
        2997             1.43913             1.33201           0.0111414
        2998             1.62337             1.33211           0.0111381
        2999             1.23901             1.33208           0.0111345
        3000             1.89545             1.33227           0.0111323
        3001             1.79639             1.33242           0.0111297
        3002             1.88229              1.3326           0.0111275
        3003             2.30433             1.33293           0.0111285
        3004             2.33134             1.33326           0.0111298
        3005             2.13889             1.33353           0.0111293
        3006             1.46347             1.33357           0.0111257
        3007             2.11954             1.33383            0.011125
        3008             2.17007             1.33411           0.0111248
        3009             1.89263              1.3343           0.0111227
        3010             1.67965             1.33441           0.0111196
        3011             1.88724             1.33459           0.0111174
        3012               1.623             1.33469           0.0111141
        3013             1.51697             1.33475           0.0111106
        3014             1.77086              1.3349           0.0111078
        3015             1.38712             1.33491           0.0111042
        3016             1.40401             1.33494           0.0111005
        3017             1.74729             1.33507           0.0110977
        3018             1.59033             1.33516           0.0110943
        3019             1.59923             1.33524            0.011091
        3020             1.86641             1.33542           0.0110887
        3021             1.64192             1.33552           0.0110855
        3022             1.44041             1.33556           0.0110819
        3023             1.79173             1.33571           0.0110792
        3024             1.68397             1.33582           0.0110762
        3025             1.38656             1.33584           0.0110725
        3026             1.63616             1.33594           0.0110693
        3027             1.46385             1.33598           0.0110657
        3028             1.28521             1.33596           0.0110621
        3029             1.55281             1.33604           0.0110587
        3030             1.49201             1.33609           0.0110551
        3031             1.86654             1.33626           0.0110529
        3032             1.65963             1.33637           0.0110498
        3033             1.81217             1.33653           0.0110472
        3034             1.82894             1.33669           0.0110448
        3035             1.46614             1.33673           0.0110412
        3036             1.50027             1.33678           0.0110377
        3037             1.31106             1.33678           0.0110341
        3038            0.983405             1.33666           0.0110311
        3039             1.20777             1.33662           0.0110275
        3040             1.11782             1.33654           0.0110241
        3041             1.17848             1.33649           0.0110206
        3042             1.11867             1.33642           0.0110172
        3043             1.11938             1.33635           0.0110138
        3044             1.17328              1.3363           0.0110104
        3045              1.6043             1.33638           0.0110071
        3046             1.50295             1.33644           0.0110036
        3047             1.45079             1.33648           0.0110001
        3048            0.887867             1.33633           0.0109974
        3049             1.29887             1.33632           0.0109938
        3050             1.59713              1.3364           0.0109906
        3051             1.38286             1.33642            0.010987
        3052             1.42121             1.33645           0.0109834
        3053             1.38194             1.33646           0.0109798
        3054               1.585             1.33654           0.0109765
        3055             1.63428             1.33664           0.0109734
        3056             1.90667             1.33683           0.0109714
        3057             2.13458             1.33709           0.0109709
        3058             1.90616             1.33727           0.0109689
        3059             2.53132             1.33766           0.0109722
        3060             1.95933             1.33787           0.0109705
        3061             2.00064             1.33808           0.0109691
        3062             1.81231             1.33824           0.0109666
        3063             1.23237              1.3382           0.0109631
        3064             1.46604             1.33825           0.0109596
        3065              1.4931              1.3383           0.0109561
        3066             1.70173             1.33841           0.0109532
        3067             2.02525             1.33864           0.0109519
        3068             1.75036             1.33877           0.0109491
        3069             1.11646              1.3387           0.0109458
        3070             1.10149             1.33862           0.0109425
        3071             1.40048             1.33864            0.010939
        3072             1.21797              1.3386           0.0109355
        3073             1.35942             1.33861           0.0109319
        3074             1.43758             1.33864           0.0109284
        3075             1.29539             1.33863           0.0109249
        3076             1.34138             1.33863           0.0109213
        3077             1.41869             1.33866           0.0109178
        3078            0.894071             1.33851           0.0109152
        3079             1.22181             1.33847           0.0109117
        3080             1.02308             1.33837           0.0109087
        3081            0.733449             1.33817           0.0109069
        3082            0.668956             1.33796           0.0109055
        3083            0.792875             1.33778           0.0109034
        3084             0.88818             1.33763           0.0109009
        3085            0.562124             1.33738           0.0109002
        3086             0.83866             1.33722           0.0108979
        3087             1.09202             1.33714           0.0108946
        3088             1.30322             1.33713           0.0108911
        3089             1.38037             1.33715           0.0108876
        3090            0.901872               1.337            0.010885
        3091            0.759074             1.33682           0.0108831
        3092             1.15154             1.33676           0.0108797
        3093             1.11513             1.33669           0.0108764
        3094             1.30095             1.33667           0.0108729
        3095             1.51459             1.33673           0.0108696
        3096             1.50981             1.33679           0.0108662
        3097             1.83301             1.33695           0.0108639
        3098              1.3711             1.33696           0.0108604
        3099             1.37613             1.33697           0.0108569
        3100             1.49278             1.33702           0.0108535
        3101             1.26847               1.337             0.01085
        3102             1.55439             1.33707           0.0108467
        3103             1.09548             1.33699           0.0108435
        3104             1.20501             1.33695           0.0108401
        3105             1.71271             1.33707           0.0108373
        3106             1.73624              1.3372           0.0108346
        3107             1.52363             1.33726           0.0108312
        3108             1.75794             1.33739           0.0108286
        3109             1.56536             1.33747           0.0108254
        3110             1.39586             1.33749           0.0108219
        3111             1.35057             1.33749           0.0108184
        3112             1.58961             1.33757           0.0108153
        3113             1.44242             1.33761           0.0108118
        3114             1.54722             1.33767           0.0108086
        3115             1.56065             1.33774           0.0108053
        3116             1.42575             1.33777           0.0108019
        3117             1.72817              1.3379           0.0107992
        3118             1.76978             1.33804           0.0107966
        3119             1.33568             1.33804           0.0107931
        3120             1.66061             1.33814           0.0107902
        3121             1.72895             1.33826           0.0107874
        3122             1.85628             1.33843           0.0107853
        3123             2.15076             1.33869           0.0107849
        3124             2.02736             1.33891           0.0107837
        3125             2.19157             1.33918           0.0107837
        3126             2.16192             1.33945           0.0107835
        3127             1.98654             1.33965            0.010782
        3128              1.7775             1.33979           0.0107795
        3129             1.54858             1.33986           0.0107763
        3130             1.52736             1.33992            0.010773
        3131             1.52775             1.33998           0.0107697
        3132             1.34973             1.33998           0.0107663
        3133             1.47266             1.34003           0.0107629
        3134             1.57847              1.3401           0.0107598
        3135             1.74443             1.34023           0.0107571
        3136             1.54257             1.34029           0.0107539
        3137             1.69643             1.34041            0.010751
        3138             2.10834             1.34065           0.0107504
        3139             1.82179             1.34081           0.0107481
        3140             2.00744             1.34102           0.0107467
        3141             2.20496             1.34129           0.0107468
        3142             1.71829             1.34141           0.0107441
        3143             2.02167             1.34163           0.0107428
        3144              1.8392             1.34179           0.0107406
        3145             1.66933             1.34189           0.0107377
        3146             1.51779             1.34195           0.0107344
        3147             1.55074             1.34201           0.0107312
        3148             1.23595             1.34198           0.0107279
        3149             1.80439             1.34213           0.0107255
        3150             1.64301             1.34222           0.0107225
        3151             1.22331             1.34219           0.0107191
        3152             1.20408             1.34214           0.0107158
        3153             1.12671             1.34207           0.0107126
        3154             1.80364             1.34222           0.0107102
        3155             1.51073             1.34227            0.010707
        3156             1.71033             1.34239           0.0107042
        3157             1.86975             1.34256           0.0107021
        3158             1.92048             1.34274           0.0107003
        3159             1.30332             1.34273           0.0106969
        3160             1.44546             1.34276           0.0106936
        3161             1.37047             1.34277           0.0106902
        3162             1.11973              1.3427           0.0106871
        3163             1.29197             1.34268           0.0106837
        3164            0.911896             1.34255           0.0106812
        3165            0.800977             1.34238           0.0106792
        3166            0.597756             1.34214           0.0106784
        3167            0.953654             1.34202           0.0106757
        3168             1.50079             1.34207           0.0106725
        3169             1.79183             1.34221           0.0106701
        3170             1.62993              1.3423           0.0106671
        3171             1.44634             1.34233           0.0106638
        3172              1.8932             1.34251           0.0106618
        3173             1.59783             1.34259           0.0106588
        3174             1.67361             1.34269           0.0106559
        3175             1.81266             1.34284           0.0106536
        3176             1.41362             1.34286           0.0106503
        3177              1.2935             1.34285           0.0106469
        3178              1.5307             1.34291           0.0106437
        3179             1.37945             1.34292           0.0106404
        3180             1.60961               1.343           0.0106374
        3181             1.57789             1.34307           0.0106343
        3182             1.69738             1.34319           0.0106315
        3183             1.69812              1.3433           0.0106288
        3184             1.19747             1.34325           0.0106255
        3185             1.46789             1.34329           0.0106223
        3186             1.42916             1.34332            0.010619
        3187             1.71438             1.34343           0.0106163
        3188             1.56637              1.3435           0.0106132
        3189             1.38583             1.34352           0.0106099
        3190             1.46632             1.34356           0.0106066
        3191             1.36298             1.34356           0.0106033
        3192             1.69343             1.34367           0.0106005
        3193             1.83284             1.34382           0.0105983
        3194             1.73425             1.34395           0.0105957
        3195              1.2057              1.3439           0.0105925
        3196             1.22622             1.34387           0.0105892
        3197             1.63326             1.34396           0.0105863
        3198             1.26198             1.34393            0.010583
        3199            0.774639             1.34375           0.0105812
        3200             1.28185             1.34373           0.0105779
        3201             1.52728             1.34379           0.0105748
        3202             1.67949              1.3439            0.010572
        3203             1.39307             1.34391           0.0105687
        3204             1.57348             1.34398           0.0105656
        3205             1.48892             1.34403           0.0105624
        3206             1.37819             1.34404           0.0105591
        3207             1.50611             1.34409            0.010556
        3208             1.13483             1.34402           0.0105529
        3209             1.12207             1.34396           0.0105498
        3210              1.3381             1.34395           0.0105465
        3211             1.50042               1.344           0.0105434
        3212             1.81839             1.34415           0.0105411
        3213             1.86144             1.34431           0.0105391
        3214             1.77171             1.34444           0.0105366
        3215             2.01829             1.34465           0.0105354
        3216             1.71064             1.34477           0.0105328
        3217             1.70394             1.34488           0.0105301
        3218             1.57008             1.34495           0.0105271
        3219             1.89299             1.34512           0.0105252
        3220             1.66309             1.34522           0.0105224
        3221             1.43249             1.34525           0.0105191
        3222             1.89566             1.34542           0.0105172
        3223             1.91027             1.34559           0.0105154
        3224             1.79075             1.34573           0.0105131
        3225             1.56828              1.3458           0.0105101
        3226             1.53611             1.34586            0.010507
        3227             1.73803             1.34598           0.0105044
        3228             1.62035             1.34606           0.0105015
        3229             1.59562             1.34614           0.0104985
        3230             1.65766             1.34624           0.0104957
        3231             1.44353             1.34627           0.0104925
        3232             1.44772              1.3463           0.0104893
        3233             1.38185             1.34631           0.0104861
        3234             1.45183             1.34634           0.0104829
        3235             1.34791             1.34634           0.0104796
        3236             1.84049              1.3465           0.0104775
        3237              2.1495             1.34674           0.0104772
        3238             1.95251             1.34693           0.0104757
        3239             1.71187             1.34704            0.010473
        3240              1.3908             1.34706           0.0104698
        3241             1.33947             1.34705           0.0104666
        3242             1.47011             1.34709           0.0104634
        3243             1.51609             1.34714           0.0104603
        3244             1.49482             1.34719           0.0104572
        3245             1.91454             1.34737           0.0104554
        3246             1.54183             1.34743           0.0104524
        3247             1.62999             1.34751           0.0104495
        3248              1.4008             1.34753           0.0104463
        3249             1.42309             1.34755           0.0104431
        3250             1.59685             1.34763           0.0104402
        3251              1.4777             1.34767           0.0104371
        3252             1.33072             1.34766           0.0104339
        3253             2.03899             1.34788           0.0104328
        3254             2.22156             1.34814           0.0104331
        3255             2.07907             1.34837           0.0104323
        3256             1.94432             1.34855           0.0104307
        3257             1.86929             1.34871           0.0104287
        3258             1.66209             1.34881           0.0104259
        3259             1.12043             1.34874            0.010423
        3260             1.40442             1.34876           0.0104198
        3261             1.24358             1.34872           0.0104166
        3262            0.900312             1.34859           0.0104144
        3263            0.970503             1.34847           0.0104118
        3264             1.18393             1.34842           0.0104087
        3265             1.48423             1.34846           0.0104056
        3266             1.63138             1.34855           0.0104028
        3267             1.95479             1.34873           0.0104013
        3268             2.22729               1.349           0.0104016
        3269             1.99555              1.3492           0.0104003
        3270             1.59151             1.34927           0.0103974
        3271             1.72439             1.34939           0.0103948
        3272             1.74828             1.34951           0.0103923
        3273             1.85947             1.34967           0.0103903
        3274              1.6758             1.34977           0.0103876
        3275             1.55282             1.34983           0.0103847
        3276             1.77376             1.34996           0.0103823
        3277             1.75615             1.35008           0.0103799
        3278             1.81215             1.35022           0.0103777
        3279             2.08759             1.35045           0.0103769
        3280             1.84174              1.3506           0.0103748
        3281              1.4842             1.35064           0.0103718
        3282             1.61145             1.35072           0.0103689
        3283             1.61132              1.3508           0.0103661
        3284             1.54972             1.35086           0.0103631
        3285             1.29264             1.35084           0.0103599
        3286             1.73473             1.35096           0.0103574
        3287             1.43293             1.35098           0.0103543
        3288             1.28458             1.35096           0.0103512
        3289             1.84318             1.35111           0.0103491
        3290             1.84951             1.35126           0.0103471
        3291             1.44325             1.35129            0.010344
        3292             1.52947             1.35134            0.010341
        3293              1.6987             1.35145           0.0103384
        3294             1.97747             1.35164            0.010337
        3295             1.99396             1.35183           0.0103357
        3296              1.7834             1.35197           0.0103334
        3297             1.86308             1.35212           0.0103314
        3298              2.1743             1.35237           0.0103313
        3299              2.0497             1.35258           0.0103303
        3300             2.46094             1.35292           0.0103326
        3301             2.00156             1.35311           0.0103314
        3302             1.96105              1.3533           0.0103299
        3303             1.65738             1.35339           0.0103272
        3304             1.71318              1.3535           0.0103246
        3305             1.81445             1.35364           0.0103224
        3306                1.65             1.35373           0.0103197
        3307             2.15429             1.35397           0.0103194
        3308             2.36245             1.35427           0.0103208
        3309             2.07616             1.35449             0.01032
        3310             1.97489             1.35468           0.0103186
        3311             1.93218             1.35485           0.0103169
        3312             2.14505             1.35509           0.0103166
        3313             2.43626             1.35542           0.0103186
        3314              2.6133              1.3558           0.0103225
        3315              2.3067             1.35609           0.0103234
        3316             1.95999             1.35627           0.0103219
        3317             1.60674             1.35634            0.010319
        3318              1.9349             1.35652           0.0103174
        3319             1.64006              1.3566           0.0103146
        3320             1.44917             1.35663           0.0103116
        3321             1.29708             1.35661           0.0103085
        3322             1.37171             1.35662           0.0103054
        3323             1.43907             1.35664           0.0103023
        3324             1.54084              1.3567           0.0102993
        3325             1.91707             1.35687           0.0102976
        3326             2.07931             1.35708           0.0102968
        3327             2.08186              1.3573            0.010296
        3328             1.71965             1.35741           0.0102935
        3329             1.56977             1.35747           0.0102906
        3330             1.48115             1.35751           0.0102876
        3331             1.70033             1.35761            0.010285
        3332             1.75423             1.35773           0.0102826
        3333             1.97443             1.35792           0.0102812
        3334             2.01957             1.35812             0.01028
        3335             2.08817             1.35834           0.0102793
        3336             2.31039             1.35862           0.0102802
        3337             2.31368             1.35891           0.0102811
        3338             2.14131             1.35914           0.0102807
        3339             2.06156             1.35935           0.0102797
        3340             1.59163             1.35942           0.0102769
        3341             1.97643             1.35961           0.0102755
        3342             2.00401              1.3598           0.0102742
        3343             2.38115              1.3601           0.0102757
        3344                2.35              1.3604           0.0102769
        3345             2.25037             1.36067           0.0102772
        3346             2.20373             1.36092           0.0102772
        3347             2.18898             1.36117           0.0102772
        3348             2.19379             1.36141           0.0102771
        3349             1.75926             1.36153           0.0102747
        3350             2.02702             1.36173           0.0102736
        3351             1.78939             1.36186           0.0102713
        3352             1.63493             1.36194           0.0102686
        3353             1.66613             1.36203           0.0102659
        3354             1.76523             1.36215           0.0102635
        3355              1.8983             1.36231           0.0102617
        3356             1.90012             1.36247           0.0102599
        3357              1.9672             1.36265           0.0102584
        3358             1.89303             1.36281           0.0102566
        3359             2.19735             1.36306           0.0102566
        3360             1.86994             1.36321           0.0102546
        3361             1.89176             1.36337           0.0102528
        3362             1.83707             1.36351           0.0102507
        3363             1.50739             1.36355           0.0102477
        3364             1.48214             1.36359           0.0102447
        3365             1.57231             1.36365           0.0102419
        3366             1.97934             1.36383           0.0102405
        3367             2.20548             1.36408           0.0102405
        3368              1.8968             1.36424           0.0102387
        3369              1.8853             1.36439           0.0102368
        3370             1.61982             1.36447            0.010234
        3371             2.11429             1.36469           0.0102334
        3372             1.70332             1.36479           0.0102309
        3373             1.60988             1.36486           0.0102281
        3374             1.56335             1.36492           0.0102252
        3375             1.69696             1.36502           0.0102227
        3376             1.78301             1.36515           0.0102204
        3377             1.88312              1.3653           0.0102185
        3378             2.07314             1.36551           0.0102176
        3379             2.06717             1.36572           0.0102167
        3380             1.88076             1.36587           0.0102148
        3381             1.57865             1.36593            0.010212
        3382             1.83582             1.36607           0.0102099
        3383             2.11363             1.36629           0.0102093
        3384             1.84424             1.36643           0.0102073
        3385             2.49366             1.36677           0.0102097
        3386              2.0094             1.36696           0.0102084
        3387             1.62819             1.36703           0.0102057
        3388              1.5693             1.36709           0.0102029
        3389             1.42203             1.36711           0.0101999
        3390             1.30173             1.36709           0.0101969
        3391             1.02602             1.36699           0.0101944
        3392             1.11015             1.36691           0.0101917
        3393             1.40645             1.36692           0.0101887
        3394             1.68403             1.36702           0.0101861
        3395             1.88328             1.36717           0.0101842
        3396             2.06516             1.36738           0.0101833
        3397             1.83845             1.36751           0.0101812
        3398              1.8857             1.36767           0.0101794
        3399             2.10906             1.36789           0.0101787
        3400             1.79637             1.36801           0.0101765
        3401             1.69988             1.36811            0.010174
        3402             2.33026             1.36839           0.0101749
        3403              2.3485             1.36868            0.010176
        3404             2.30823             1.36896           0.0101768
        3405             1.82907             1.36909           0.0101747
        3406             1.48833             1.36913           0.0101718
        3407             1.16042             1.36906            0.010169
        3408            0.930919             1.36894           0.0101668
        3409             1.37414             1.36894           0.0101638
        3410             1.31962             1.36892           0.0101608
        3411             1.23267             1.36888           0.0101579
        3412             1.37815             1.36889            0.010155
        3413             1.64504             1.36897           0.0101523
        3414             1.39536             1.36897           0.0101493
        3415             1.35519             1.36897           0.0101464
        3416              1.6212             1.36904           0.0101437
        3417             2.01884             1.36923           0.0101425
        3418             1.53324             1.36928           0.0101396
        3419             2.09264             1.36949           0.0101389
        3420             2.04744             1.36969           0.0101378
        3421             1.84595             1.36983           0.0101358
        3422             1.75538             1.36994           0.0101335
        3423             1.77773             1.37006           0.0101312
        3424              1.9231             1.37022           0.0101296
        3425             1.75104             1.37034           0.0101272
        3426             1.64521             1.37042           0.0101246
        3427             1.93098             1.37058           0.0101229
        3428             2.12072              1.3708           0.0101223
        3429             2.10399             1.37101           0.0101217
        3430             1.97888             1.37119           0.0101203
        3431             1.64568             1.37127           0.0101176
        3432             1.34455             1.37126           0.0101147
        3433             1.15308              1.3712           0.0101119
        3434             1.61757             1.37127           0.0101092
        3435             1.60888             1.37134           0.0101065
        3436             1.22688              1.3713           0.0101037
        3437             1.52682             1.37134           0.0101008
        3438             1.33386             1.37133           0.0100979
        3439             1.41633             1.37134            0.010095
        3440             1.41378             1.37136           0.0100921
        3441             2.12105             1.37157           0.0100915
        3442              1.6018             1.37164           0.0100888
        3443             1.83731             1.37178           0.0100867
        3444             1.88229             1.37193           0.0100849
        3445             1.84409             1.37206           0.0100829
        3446             2.00076             1.37224           0.0100816
        3447             1.76428             1.37236           0.0100793
        3448             1.81488             1.37249           0.0100772
        3449             2.22875             1.37273           0.0100774
        3450             2.04632             1.37293           0.0100763
        3451             1.67865             1.37302           0.0100738
        3452             1.56867             1.37308           0.0100711
        3453             1.89951             1.37323           0.0100693
        3454             1.86868             1.37337           0.0100674
        3455             1.52407             1.37341           0.0100646
        3456             1.87358             1.37356           0.0100627
        3457             1.65307             1.37364           0.0100601
        3458             1.68644             1.37373           0.0100576
        3459              1.8628             1.37387           0.0100557
        3460             1.87127             1.37402           0.0100538
        3461             1.78678             1.37414           0.0100516
        3462             1.96877             1.37431           0.0100502
        3463             1.82636             1.37444           0.0100481
        3464             2.16745             1.37467           0.0100478
        3465             1.99938             1.37485           0.0100466
        3466             2.27869             1.37511            0.010047
        3467             2.52871             1.37544           0.0100497
        3468             2.72629             1.37583           0.0100543
        3469             2.30785              1.3761            0.010055
        3470             2.34575             1.37638            0.010056
        3471             2.75485             1.37678           0.0100609
        3472             3.04532             1.37726           0.0100695
        3473             2.47059             1.37757           0.0100715
        3474             2.03258             1.37776           0.0100704
        3475             2.30813             1.37803            0.010071
        3476             1.61359             1.37809           0.0100684
        3477             1.76141              1.3782           0.0100661
        3478             2.01514             1.37839           0.0100649
        3479             2.28028             1.37865           0.0100653
        3480             2.24698              1.3789           0.0100655
        3481             1.84319             1.37903           0.0100635
        3482             1.54154             1.37908           0.0100607
        3483             1.22406             1.37903           0.0100579
        3484             1.72501             1.37913           0.0100555
        3485             1.69258             1.37922            0.010053
        3486             1.37589             1.37922           0.0100502
        3487             1.11689             1.37915           0.0100476
        3488             1.59624             1.37921           0.0100449
        3489              1.5457             1.37926           0.0100421
        3490             1.29435             1.37923           0.0100393
        3491             1.87192             1.37937           0.0100374
        3492             1.53116             1.37942           0.0100346
        3493             1.77704             1.37953           0.0100324
        3494             1.75039             1.37964           0.0100301
        3495             1.45086             1.37966           0.0100272
        3496             1.57425             1.37971           0.0100245
        3497             1.42235             1.37972           0.0100216
        3498             1.34613             1.37971           0.0100188
        3499             1.17655             1.37966           0.0100161
        3500             1.31595             1.37964           0.0100132
        3501             1.68906             1.37973           0.0100108
        3502              1.3954             1.37973           0.0100079
        3503             1.70785             1.37982           0.0100055
        3504             1.85455             1.37996           0.0100035
        3505             1.95532             1.38012            0.010002
        3506             2.10048             1.38033           0.0100013
        3507             2.19634             1.38056           0.0100011
        3508             1.96774             1.38073           0.0099997
        3509             2.39453             1.38102            0.010001
        3510             2.08638             1.38122           0.0100002
        3511             2.21511             1.38146           0.0100002
        3512               2.261             1.38171           0.0100005
        3513             2.28578             1.38196           0.0100009
        3514             2.38656             1.38225           0.0100022
        3515             1.96415             1.38242           0.0100007
        3516             2.02064              1.3826          0.00999948
        3517             1.83653             1.38273          0.00999747
        3518             1.68111             1.38281          0.00999499
        3519             1.13256             1.38274           0.0099924
        3520            0.791924             1.38257          0.00999097
        3521            0.646627             1.38236          0.00999032
        3522             1.05654             1.38227          0.00998791
        3523             0.92488             1.38214          0.00998592
        3524            0.908319             1.38201          0.00998399
        3525            0.896417             1.38187          0.00998211
        3526            0.734873             1.38169          0.00998097
        3527            0.965542             1.38157          0.00997883
        3528             1.23103             1.38152           0.0099761
        3529             1.37477             1.38152          0.00997327
        3530             1.41996             1.38153          0.00997045
        3531             1.49354             1.38157          0.00996768
        3532             1.74048             1.38167          0.00996537
        3533             1.66628             1.38175          0.00996288
        3534             1.60608             1.38181          0.00996026
        3535             1.86084             1.38195          0.00995836
        3536             1.31562             1.38193          0.00995557
        3537             1.66843             1.38201          0.00995308
        3538              1.6118             1.38207          0.00995048
        3539             1.39152             1.38208          0.00994767
        3540             1.51685             1.38211          0.00994493
        3541             1.72932             1.38221          0.00994261
        3542             1.70504              1.3823          0.00994022
        3543             2.20808             1.38254          0.00994014
        3544              2.2986              1.3828           0.0099407
        3545             1.80517             1.38291          0.00993861
        3546              1.2911             1.38289          0.00993584
        3547             1.23452             1.38285          0.00993313
        3548             1.39926             1.38285          0.00993033
        3549             1.24334             1.38281          0.00992761
        3550            0.636583              1.3826          0.00992704
        3551             0.92586             1.38247          0.00992507
        3552            0.801597             1.38231          0.00992363
        3553            0.774114             1.38214          0.00992231
        3554            0.970465             1.38202          0.00992019
        3555            0.749166             1.38184            0.009919
        3556            0.863873              1.3817          0.00991728
        3557            0.376102             1.38142          0.00991852
        3558            0.306855             1.38111          0.00992033
        3559             0.78786             1.38095          0.00991894
        3560            0.968511             1.38083          0.00991683
        3561            0.989329             1.38072          0.00991466
        3562              1.1904             1.38067          0.00991202
        3563             1.32023             1.38065          0.00990925
        3564             1.50769             1.38069          0.00990654
        3565             1.17364             1.38063          0.00990393
        3566            0.977611             1.38052          0.00990179
        3567             1.11228             1.38044           0.0098993
        3568             1.08296             1.38036          0.00989688
        3569             1.35764             1.38035          0.00989411
        3570             1.87176             1.38049           0.0098923
        3571             1.82844             1.38061          0.00989032
        3572             1.70997             1.38071          0.00988798
        3573             1.91766             1.38086          0.00988636
        3574             1.30045             1.38083          0.00988362
        3575             1.39129             1.38084          0.00988085
        3576             1.54949             1.38088           0.0098782
        3577             1.74959             1.38099          0.00987598
        3578               1.976             1.38115          0.00987462
        3579             1.65304             1.38123          0.00987215
        3580             1.67706             1.38131          0.00986974
        3581             1.68408              1.3814          0.00986734
        3582              1.5932             1.38146          0.00986477
        3583             1.17658              1.3814          0.00986218
        3584             1.60404             1.38146          0.00985962
        3585             1.78048             1.38157           0.0098575
        3586               1.758             1.38168          0.00985531
        3587             1.94327             1.38183          0.00985381
        3588             1.53971             1.38188          0.00985116
        3589             1.43022             1.38189          0.00984842
        3590             1.23009             1.38185          0.00984577
        3591              1.2567             1.38181          0.00984309
        3592             1.19894             1.38176          0.00984048
        3593             1.30216             1.38174          0.00983777
        3594             1.47931             1.38177          0.00983507
        3595            0.952609             1.38165          0.00983306
        3596            0.857867              1.3815           0.0098314
        3597             1.04187             1.38141          0.00982912
        3598             1.03381             1.38131          0.00982687
        3599              1.2618             1.38128          0.00982419
        3600             1.27661             1.38125           0.0098215
        3601             1.03561             1.38115          0.00981925
        3602             1.29256             1.38113          0.00981655
        3603            0.915845               1.381          0.00981468
        3604            0.973536             1.38089           0.0098126
        3605            0.753611             1.38071          0.00981142
        3606            0.548126             1.38048          0.00981142
        3607              0.8362             1.38033          0.00980986
        3608             1.11292             1.38026          0.00980742
        3609             1.15341             1.38019          0.00980491
        3610            0.761156             1.38002          0.00980369
        3611             1.18712             1.37997          0.00980112
        3612            0.880227             1.37983          0.00979938
        3613            0.716837             1.37965          0.00979839
        3614            0.813523             1.37949          0.00979693
        3615            0.719762             1.37931          0.00979592
        3616            0.817703             1.37915          0.00979444
        3617            0.738769             1.37898          0.00979333
        3618            0.990345             1.37887          0.00979121
        3619             1.33433             1.37886          0.00978852
        3620             1.24278             1.37882          0.00978589
        3621             1.55231             1.37887           0.0097833
        3622             1.67313             1.37895          0.00978094
        3623             2.16494             1.37916          0.00978064
        3624             2.16186             1.37938          0.00978033
        3625             2.22847             1.37962          0.00978043
        3626             1.84156             1.37974          0.00977857
        3627             2.15623             1.37996          0.00977821
        3628             1.82173             1.38008          0.00977628
        3629             1.97585             1.38024          0.00977496
        3630             1.53402             1.38028          0.00977236
        3631             1.60878             1.38035          0.00976987
        3632             1.58898             1.38041          0.00976735
        3633             1.13324             1.38034           0.0097649
        3634             1.56435             1.38039          0.00976234
        3635             1.44644             1.38041          0.00975967
        3636             1.65465             1.38048          0.00975728
        3637             1.30871             1.38046          0.00975462
        3638             1.20264             1.38041          0.00975206
        3639             1.01334             1.38031           0.0097499
        3640             1.02469             1.38021          0.00974771
        3641               1.266             1.38018          0.00974509
        3642            0.957095             1.38007           0.0097431
        3643             1.00202             1.37996          0.00974098
        3644             1.38813             1.37997          0.00973831
        3645               1.298             1.37994          0.00973566
        3646            0.829217             1.37979          0.00973416
        3647            0.929936             1.37967          0.00973228
        3648            0.769854              1.3795          0.00973104
        3649            0.884689             1.37937          0.00972932
        3650            0.784135              1.3792          0.00972802
        3651            0.690353             1.37901          0.00972719
        3652            0.781119             1.37885           0.0097259
        3653             1.36588             1.37885          0.00972324
        3654             1.32343             1.37883          0.00972059
        3655             1.47338             1.37886          0.00971797
        3656             1.97672             1.37902          0.00971668
        3657             1.59587             1.37908          0.00971421
        3658             1.44948              1.3791          0.00971157
        3659             1.79183             1.37921          0.00970957
        3660             1.60358             1.37927          0.00970711
        3661             1.47877              1.3793           0.0097045
        3662             1.48077             1.37933          0.00970189
        3663              1.4376             1.37934          0.00969925
        3664             1.34864             1.37934          0.00969661
        3665            0.958357             1.37922          0.00969464
        3666              1.2856              1.3792          0.00969203
        3667             1.63315             1.37926          0.00968964
        3668             1.39509             1.37927            0.009687
        3669             1.17723             1.37921          0.00968451
        3670             1.22329             1.37917          0.00968197
        3671             1.36609             1.37917          0.00967933
        3672            0.769898               1.379          0.00967812
        3673             1.04057             1.37891          0.00967592
        3674              1.0471             1.37882          0.00967371
        3675             1.27397             1.37879          0.00967112
        3676             0.95854             1.37868          0.00966916
        3677            0.653079             1.37848          0.00966855
        3678            0.781121             1.37832          0.00966728
        3679             1.08945             1.37824          0.00966497
        3680             1.24962              1.3782          0.00966241
        3681             1.29325             1.37818          0.00965981
        3682             1.05891             1.37809          0.00965758
        3683            0.957896             1.37798          0.00965563
        3684             1.18263             1.37793          0.00965315
        3685             1.26078             1.37789          0.00965059
        3686             1.04027              1.3778           0.0096484
        3687            0.954266             1.37769          0.00964647
        3688             1.28929             1.37766          0.00964388
        3689             1.56693             1.37772          0.00964141
        3690             1.23611             1.37768          0.00963887
        3691             1.10761              1.3776          0.00963654
        3692             0.97966              1.3775          0.00963453
        3693             1.33464             1.37748          0.00963193
        3694             1.32671             1.37747          0.00962933
        3695             1.18024             1.37742          0.00962687
        3696             1.28728             1.37739           0.0096243
        3697             1.34342             1.37738           0.0096217
        3698             1.24038             1.37735          0.00961917
        3699             1.19666              1.3773          0.00961669
        3700            0.908849             1.37717          0.00961493
        3701             1.18064             1.37712          0.00961247
        3702            0.971595             1.37701           0.0096105
        3703            0.631479             1.37681          0.00961002
        3704            0.389421             1.37654          0.00961112
        3705            0.387009             1.37627          0.00961223
        3706            0.484414             1.37603          0.00961265
        3707            0.573088             1.37582           0.0096125
        3708            0.988009             1.37571          0.00961048
        3709            0.741859             1.37554           0.0096094
        3710            0.622024             1.37534          0.00960896
        3711            0.680136             1.37515           0.0096082
        3712            0.667937             1.37496           0.0096075
        3713             0.56291             1.37474           0.0096074
        3714             0.50995             1.37451          0.00960763
        3715            0.492115             1.37427          0.00960798
        3716            0.914573             1.37415          0.00960619
        3717            0.920346             1.37403          0.00960438
        3718             1.18621             1.37397          0.00960193
        3719             1.56577             1.37403          0.00959949
        3720             1.41813             1.37404          0.00959692
        3721              1.3786             1.37404          0.00959434
        3722             1.18669             1.37399          0.00959189
        3723             1.31245             1.37397          0.00958933
        3724             1.21563             1.37393          0.00958685
        3725             1.29706             1.37391           0.0095843
        3726              1.2986             1.37389          0.00958175
        3727             1.61374             1.37395          0.00957939
        3728             1.15622              1.3739            0.009577
        3729              1.0682             1.37381          0.00957478
        3730             1.04466             1.37372          0.00957262
        3731            0.909136              1.3736          0.00957087
        3732             1.53505             1.37364           0.0095684
        3733             1.31021             1.37363          0.00956585
        3734            0.913073              1.3735          0.00956409
        3735             1.03724             1.37341          0.00956195
        3736             1.08578             1.37334           0.0095597
        3737             1.03156             1.37324          0.00955758
        3738             1.07153             1.37316          0.00955536
        3739            0.822517             1.37302          0.00955394
        3740             0.44751             1.37277          0.00955459
        3741            0.164865             1.37245          0.00955749
        3742            0.670539             1.37226          0.00955678
        3743            0.702061             1.37208           0.0095559
        3744             0.47201             1.37184          0.00955637
        3745            0.473987              1.3716          0.00955683
        3746            0.933002             1.37148          0.00955499
        3747            0.636484             1.37129          0.00955446
        3748            0.785256             1.37113          0.00955319
        3749            0.846183             1.37099          0.00955167
        3750             1.00426             1.37089          0.00954962
        3751             1.43142             1.37091          0.00954709
        3752             1.52764             1.37095          0.00954463
        3753              1.6509             1.37102          0.00954238
        3754             1.91097             1.37117          0.00954092
        3755             2.27223             1.37141           0.0095414
        3756             2.02871             1.37158          0.00954046
        3757             1.56085             1.37163          0.00953806
        3758             1.79959             1.37175           0.0095362
        3759             1.50357             1.37178          0.00953373
        3760             1.42526              1.3718           0.0095312
        3761              1.2583             1.37177          0.00952872
        3762             1.39311             1.37177          0.00952619
        3763             1.34972             1.37177          0.00952366
        3764             1.24908             1.37173          0.00952118
        3765             1.04968             1.37165          0.00951904
        3766            0.913298             1.37153          0.00951729
        3767             1.20516             1.37148          0.00951486
        3768            0.888881             1.37135           0.0095132
        3769             1.23967             1.37132          0.00951074
        3770             1.16654             1.37127          0.00950837
        3771            0.898101             1.37114          0.00950668
        3772             1.35261             1.37113          0.00950416
        3773             1.13566             1.37107          0.00950185
        3774             1.71239             1.37116          0.00949976
        3775             1.37641             1.37116          0.00949724
        3776             1.45038             1.37119          0.00949475
        3777             1.08087             1.37111          0.00949255
        3778             1.46253             1.37113          0.00949007
        3779             1.83953             1.37126          0.00948836
        3780              1.9745             1.37142           0.0094872
        3781              1.8912             1.37155          0.00948568
        3782             1.62848             1.37162          0.00948342
        3783             1.37385             1.37162          0.00948091
        3784             1.34719             1.37162          0.00947841
        3785             1.11898             1.37155          0.00947614
        3786             1.66766             1.37163          0.00947396
        3787             2.11088             1.37182          0.00947347
        3788             1.86394             1.37195          0.00947186
        3789             2.16694             1.37216          0.00947168
        3790             1.51915              1.3722          0.00946926
        3791             1.36404              1.3722          0.00946676
        3792             1.48397             1.37223          0.00946431
        3793             1.67495             1.37231          0.00946215
        3794             1.81879             1.37243          0.00946039
        3795             1.48055             1.37245          0.00945794
        3796             1.45956             1.37248          0.00945548
        3797             1.72131             1.37257          0.00945343
        3798             1.44986             1.37259          0.00945097
        3799            0.899521             1.37246           0.0094493
        3800             1.05416             1.37238          0.00944718
        3801             1.09694             1.37231          0.00944498
        3802             1.13548             1.37225           0.0094427
        3803            0.572317             1.37204          0.00944256
        3804             0.64648             1.37185            0.009442
        3805            0.859426             1.37171          0.00944048
        3806             0.93515              1.3716           0.0094387
        3807            0.873623             1.37147          0.00943712
        3808            0.955351             1.37136          0.00943528
        3809            0.786193              1.3712          0.00943405
        3810            0.913053             1.37108          0.00943234
        3811             1.18227             1.37103             0.00943
        3812             1.15977             1.37098          0.00942769
        3813             1.58269             1.37103          0.00942538
        3814              1.4181             1.37104          0.00942291
        3815             1.43714             1.37106          0.00942046
        3816              1.2492             1.37103          0.00941804
        3817             1.60614             1.37109          0.00941578
        3818             1.74756             1.37119          0.00941383
        3819             1.65636             1.37127          0.00941166
        3820              1.5434             1.37131           0.0094093
        3821             1.55648             1.37136          0.00940697
        3822             1.59997             1.37142           0.0094047
        3823             1.31815              1.3714          0.00940225
        3824             1.32279             1.37139           0.0093998
        3825             1.48514             1.37142          0.00939739
        3826             1.40409             1.37143          0.00939493
        3827             1.21907             1.37139          0.00939256
        3828            0.834896             1.37125          0.00939115
        3829            0.736729             1.37108          0.00939016
        3830            0.745383             1.37092          0.00938913
        3831            0.257137             1.37063          0.00939118
        3832            0.791548             1.37048          0.00938995
        3833            0.659913             1.37029          0.00938933
        3834            0.868455             1.37016          0.00938779
        3835             1.29888             1.37014          0.00938536
        3836              1.2066              1.3701          0.00938301
        3837             1.30936             1.37009          0.00938058
        3838              1.3275             1.37007          0.00937814
        3839             1.30162             1.37006          0.00937572
        3840            0.859733             1.36992          0.00937422
        3841            0.901863              1.3698          0.00937257
        3842            0.861799             1.36967          0.00937106
        3843             1.13386             1.36961          0.00936882
        3844             1.63491             1.36968          0.00936664
        3845             1.74466             1.36978          0.00936471
        3846             1.26636             1.36975          0.00936231
        3847             1.36456             1.36975          0.00935988
        3848             1.44836             1.36977          0.00935747
        3849             1.57501             1.36982          0.00935519
        3850             1.45237             1.36984          0.00935279
        3851             1.33971             1.36983          0.00935036
        3852             1.17027             1.36978          0.00934808
        3853             1.23796             1.36975          0.00934571
        3854             1.37538             1.36975          0.00934329
        3855             1.13812             1.36969          0.00934106
        3856             1.02159              1.3696          0.00933907
        3857            0.984869              1.3695          0.00933718
        3858              1.0983             1.36943          0.00933503
        3859             1.03144             1.36934          0.00933302
        3860              1.4009             1.36935          0.00933061
        3861             1.52196             1.36939          0.00932827
        3862             1.24615             1.36936          0.00932591
        3863             1.23078             1.36932          0.00932357
        3864            0.910456              1.3692          0.00932191
        3865            0.599569               1.369          0.00932162
        3866             0.60296             1.36881          0.00932132
        3867             1.19391             1.36876          0.00931902
        3868             1.09252             1.36869          0.00931688
        3869            0.858396             1.36856          0.00931541
        3870            0.794535             1.36841          0.00931418
        3871            0.895491             1.36829          0.00931258
        3872             1.83226             1.36841          0.00931094
        3873             1.69145             1.36849          0.00930891
        3874             1.38516             1.36849          0.00930651
        3875             1.64366             1.36857          0.00930438
        3876             1.90225              1.3687            0.009303
        3877             1.42945             1.36872          0.00930061
        3878             1.84518             1.36884          0.00929902
        3879             1.77178             1.36895          0.00929721
        3880             1.37723             1.36895          0.00929481
        3881             1.46362             1.36897          0.00929245
        3882             1.30137             1.36895          0.00929007
        3883             1.80727             1.36907          0.00928836
        3884             1.45374             1.36909            0.009286
        3885             1.38891             1.36909          0.00928361
        3886             1.31005             1.36908          0.00928123
        3887             1.50999             1.36912          0.00927892
        3888             1.41429             1.36913          0.00927654
        3889              1.2934             1.36911          0.00927417
        3890             1.49493             1.36914          0.00927184
        3891              1.6199              1.3692          0.00926969
        3892             1.39854             1.36921          0.00926731
        3893             1.29806             1.36919          0.00926494
        3894             1.90307             1.36933          0.00926358
        3895             1.82736             1.36945          0.00926195
        3896             1.23205             1.36941          0.00925964
        3897             1.20388             1.36937          0.00925736
        3898             1.31603             1.36936          0.00925499
        3899             1.08739             1.36928           0.0092529
        3900             1.00626             1.36919            0.009251
        3901            0.849007             1.36906          0.00924959
        3902             1.18008             1.36901          0.00924734
        3903             1.14807             1.36895          0.00924515
        3904             1.97942             1.36911           0.0092441
        3905             1.84544             1.36923          0.00924254
        3906             1.45308             1.36925           0.0092402
        3907              1.1997             1.36921          0.00923794
        3908             1.17335             1.36916          0.00923571
        3909            0.958219             1.36905          0.00923394
        3910            0.967712             1.36895          0.00923215
        3911              1.3462             1.36895          0.00922979
        3912              1.7686             1.36905            0.009228
        3913             1.64335             1.36912          0.00922591
        3914             1.98543             1.36928          0.00922489
        3915             1.86234              1.3694           0.0092234
        3916             1.86275             1.36953           0.0092219
        3917             2.11537             1.36972          0.00922151
        3918             1.39913             1.36973          0.00921916
        3919             1.25287              1.3697          0.00921686
        3920             1.09167             1.36962          0.00921478
        3921             1.00681             1.36953          0.00921289
        3922             1.01424             1.36944          0.00921099
        3923            0.768195             1.36929          0.00920992
        3924            0.866614             1.36916          0.00920846
        3925             1.40376             1.36917          0.00920612
        3926             1.19571             1.36912          0.00920388
        3927             1.46768             1.36915          0.00920157
        3928             1.55646              1.3692          0.00919935
        3929             1.48721             1.36923          0.00919706
        3930             1.54549             1.36927          0.00919483
        3931             1.51655             1.36931          0.00919257
        3932             1.38745             1.36931          0.00919023
        3933             1.24024             1.36928          0.00918795
        3934             1.40046             1.36929          0.00918562
        3935             1.98375             1.36945          0.00918461
        3936             2.32023             1.36969          0.00918546
        3937             2.21182              1.3699          0.00918561
        3938              2.1294             1.37009           0.0091853
        3939             1.71591             1.37018          0.00918339
        3940             1.38219             1.37018          0.00918106
        3941             2.07113             1.37036          0.00918045
        3942             1.58926             1.37042          0.00917829
        3943              1.8008             1.37053          0.00917662
        3944             2.02261             1.37069          0.00917578
        3945             2.06873             1.37087          0.00917516
        3946             2.34004             1.37112          0.00917612
        3947             2.36515             1.37137          0.00917725
        3948             2.23526             1.37159          0.00917753
        3949             2.71008             1.37192          0.00918147
        3950              2.6456             1.37225           0.0091848
        3951             2.35065             1.37249          0.00918582
        3952             2.46455             1.37277          0.00918765
        3953             2.31884             1.37301          0.00918844
        3954             2.06438             1.37319          0.00918778
        3955             1.54186             1.37323          0.00918555
        3956             1.12474             1.37317          0.00918345
        3957            0.890457             1.37304          0.00918194
        3958             1.06719             1.37297          0.00917994
        3959              1.5594             1.37301          0.00917774
        3960             1.49694             1.37304          0.00917548
        3961             1.68664             1.37312           0.0091735
        3962             1.79574             1.37323          0.00917181
        3963             0.81776             1.37309          0.00917057
        3964            0.775012             1.37294          0.00916949
        3965            0.888722             1.37282          0.00916799
        3966            0.523303              1.3726          0.00916818
        3967             0.71031             1.37244          0.00916739
        3968            0.725069             1.37227          0.00916653
        3969            0.886855             1.37215          0.00916504
        3970            0.840977             1.37202          0.00916371
        3971            0.679315             1.37184          0.00916306
        3972             0.84974             1.37171           0.0091617
        3973             1.13257             1.37165          0.00915959
        3974             1.21094             1.37161          0.00915737
        3975             1.35861             1.37161          0.00915507
        3976             1.55208             1.37165          0.00915288
        3977             1.39981             1.37166          0.00915058
        3978             1.39701             1.37167          0.00914828
        3979              1.6067             1.37172          0.00914617
        3980              1.5657             1.37177          0.00914401
        3981             1.18511             1.37173          0.00914183
        3982             1.50612             1.37176           0.0091396
        3983             1.59992             1.37182          0.00913748
        3984             1.40781             1.37183          0.00913519
        3985             1.08989             1.37176          0.00913317
        3986              1.5335              1.3718          0.00913097
        3987             1.15183             1.37174          0.00912885
        3988             1.83154             1.37186          0.00912729
        3989             1.66389             1.37193          0.00912529
        3990             1.85864             1.37205          0.00912382
        3991             1.86518             1.37218          0.00912237
        3992             1.93169             1.37232          0.00912116
        3993             1.73051             1.37241          0.00911932
        3994             2.01363             1.37257          0.00911845
        3995              1.6177             1.37263          0.00911637
        3996               2.252             1.37285          0.00911675
        3997              2.1886             1.37305          0.00911675
        3998             2.03921             1.37322          0.00911599
        3999             1.88506             1.37335          0.00911461
        4000             1.89165             1.37348          0.00911326
        4001             1.83575             1.37359          0.00911171
        4002             1.86207             1.37371          0.00911025
        4003             1.97159             1.37386           0.0091092
        4004             1.79144             1.37397          0.00910752
        4005             2.09288             1.37415          0.00910702
        4006             2.10061             1.37433          0.00910655
        4007             2.16276             1.37452           0.0091064
        4008             2.19371             1.37473          0.00910642
        4009              2.1568             1.37492          0.00910624
        4010             1.73815             1.37501          0.00910442
        4011             1.55968             1.37506          0.00910227
        4012             1.47533             1.37509          0.00910003
        4013             1.55096             1.37513          0.00909787
        4014              1.7239             1.37522          0.00909602
        4015              2.3826             1.37547          0.00909721
        4016              1.7371             1.37556          0.00909539
        4017             1.51498             1.37559          0.00909319
        4018             1.43632             1.37561          0.00909094
        4019               1.794             1.37571          0.00908928
        4020             1.92934             1.37585          0.00908806
        4021              1.3336             1.37584          0.00908581
        4022             1.22337              1.3758          0.00908363
        4023             1.58575             1.37585          0.00908152
        4024             1.44153             1.37587          0.00907928
        4025             1.07878              1.3758          0.00907732
        4026             1.23393             1.37576          0.00907513
        4027             1.14292              1.3757          0.00907306
        4028                1.19             1.37566          0.00907093
        4029            0.876366             1.37553          0.00906952
        4030             0.87176             1.37541          0.00906814
        4031             1.56729             1.37545          0.00906601
        4032             1.48004             1.37548           0.0090638
        4033             1.51147             1.37551          0.00906161
        4034             1.38963             1.37552          0.00905937
        4035             1.42165             1.37553          0.00905713
        4036             1.50864             1.37556          0.00905495
        4037             1.76326             1.37566          0.00905321
        4038             1.97176             1.37581          0.00905217
        4039             2.07513             1.37598          0.00905159
        4040             1.36397             1.37598          0.00904935
        4041            0.978073             1.37588          0.00904765
        4042             1.22451             1.37584          0.00904548
        4043             1.20634              1.3758          0.00904334
        4044             1.63672             1.37586          0.00904134
        4045             1.81026             1.37597          0.00903974
        4046              2.0297             1.37613          0.00903895
        4047             1.41366             1.37614          0.00903672
        4048             1.45388             1.37616          0.00903451
        4049             1.48927             1.37619          0.00903232
        4050              1.2515             1.37616          0.00903014
        4051             1.09098             1.37609          0.00902819
        4052             1.08688             1.37602          0.00902624
        4053             1.34592             1.37601          0.00902402
        4054             1.19847             1.37596           0.0090219
        4055            0.973027             1.37586          0.00902022
        4056             1.15381             1.37581          0.00901816
        4057             1.00038             1.37572          0.00901642
        4058             1.04717             1.37564          0.00901456
        4059             1.09933             1.37557          0.00901259
        4060              1.0171             1.37548          0.00901081
        4061              1.0825             1.37541          0.00900888
        4062            0.602877             1.37522          0.00900867
        4063            0.997523             1.37512          0.00900693
        4064            0.736562             1.37497          0.00900608
        4065            0.722342             1.37481           0.0090053
        4066             1.23935             1.37477          0.00900314
        4067             1.25147             1.37474          0.00900098
        4068             1.10857             1.37468          0.00899901
        4069             1.32152             1.37467          0.00899681
        4070             1.05878             1.37459          0.00899493
        4071             1.03601              1.3745           0.0089931
        4072             1.28425             1.37448          0.00899092
        4073             1.04128              1.3744          0.00898909
        4074             1.35765              1.3744          0.00898688
        4075              1.7406             1.37449          0.00898513
        4076             1.60865             1.37454          0.00898311
        4077             1.80453             1.37465          0.00898152
        4078             1.84269             1.37476          0.00898005
        4079             1.96561             1.37491          0.00897902
        4080             1.91295             1.37504          0.00897779
        4081             1.49168             1.37507          0.00897563
        4082             1.20058             1.37503          0.00897353
        4083             1.30401             1.37501          0.00897135
        4084             1.42711             1.37502          0.00896917
        4085             1.49349             1.37505          0.00896702
        4086              1.7583             1.37514          0.00896531
        4087             1.81524             1.37525          0.00896377
        4088             1.55391              1.3753          0.00896168
        4089             1.51314             1.37533          0.00895955
        4090             2.08507              1.3755          0.00895904
        4091             2.00606             1.37566          0.00895818
        4092             1.95825              1.3758          0.00895712
        4093             1.57357             1.37585          0.00895506
        4094             1.57158              1.3759            0.008953
        4095             1.76711             1.37599          0.00895133
        4096             1.73384             1.37608          0.00894957
        4097             1.82633             1.37619          0.00894806
        4098             1.54796             1.37623          0.00894597
        4099              2.1835             1.37643          0.00894596
        4100             2.08921              1.3766          0.00894546
        4101             1.96245             1.37674          0.00894442
        4102             2.28509             1.37697          0.00894498
        4103             1.74035             1.37705          0.00894324
        4104             1.75289             1.37715          0.00894153
        4105             1.82947             1.37726          0.00894003
        4106              1.5021             1.37729          0.00893791
        4107             1.03546              1.3772          0.00893612
        4108             1.03094             1.37712          0.00893434
        4109             1.01653             1.37703           0.0089326
        4110             1.43449             1.37705          0.00893043
        4111             1.03046             1.37696          0.00892866
        4112             1.47413             1.37698          0.00892652
        4113             1.03523              1.3769          0.00892474
        4114             0.96757              1.3768          0.00892312
        4115               1.469             1.37682          0.00892098
        4116             1.22511             1.37679          0.00891889
        4117             1.23904             1.37675          0.00891679
        4118             1.38658             1.37676          0.00891462
        4119             1.19643             1.37671          0.00891256
        4120             1.21369             1.37667          0.00891049
        4121             1.70983             1.37675          0.00890869
        4122             1.42922             1.37677          0.00890654
        4123             1.27779             1.37674          0.00890441
        4124             1.06772             1.37667          0.00890257
        4125            0.880994             1.37655          0.00890122
        4126            0.985365             1.37645          0.00889957
        4127            0.951501             1.37635          0.00889801
        4128            0.939563             1.37624          0.00889648
        4129             1.38321             1.37625          0.00889433
        4130             1.48229             1.37627          0.00889221
        4131             1.54586             1.37631          0.00889015
        4132             1.61491             1.37637          0.00888819
        4133             1.52902             1.37641          0.00888612
        4134             1.36567              1.3764          0.00888397
        4135               1.317             1.37639          0.00888183
        4136             1.74867             1.37648          0.00888014
        4137             1.37613             1.37648          0.00887799
        4138             1.37582             1.37648          0.00887585
        4139             1.53776             1.37652          0.00887379
        4140             1.66384             1.37659          0.00887192
        4141             1.70908             1.37667          0.00887014
        4142              1.7795             1.37677          0.00886853
        4143             1.80636             1.37687          0.00886699
        4144             1.95934             1.37701          0.00886597
        4145             1.76813              1.3771          0.00886433
        4146             1.92966             1.37724          0.00886319
        4147              1.7988             1.37734          0.00886164
        4148             1.94171             1.37748          0.00886055
        4149             1.77112             1.37757          0.00885892
        4150             1.44191             1.37759           0.0088568
        4151             1.41334             1.37759          0.00885467
        4152             1.48108             1.37762          0.00885257
        4153             1.28746              1.3776          0.00885047
        4154             1.45732             1.37762          0.00884836
        4155             1.66655             1.37769           0.0088465
        4156             1.47052             1.37771           0.0088444
        4157             1.75328              1.3778          0.00884274
        4158             1.86303             1.37792          0.00884138
        4159              1.9158             1.37804           0.0088402
        4160             1.49749             1.37807          0.00883812
        4161             1.44546             1.37809          0.00883601
        4162             1.78747             1.37819          0.00883444
        4163             1.45113             1.37821          0.00883233
        4164              1.5051             1.37824          0.00883026
        4165             1.44089             1.37825          0.00882815
        4166              1.3516             1.37824          0.00882604
        4167             1.61432              1.3783           0.0088241
        4168             1.54588             1.37834          0.00882208
        4169             1.42794             1.37835          0.00881997
        4170             1.84939             1.37847          0.00881858
        4171             1.62715             1.37853          0.00881666
        4172             1.62115             1.37858          0.00881474
        4173             1.51237             1.37862          0.00881269
        4174            0.927275             1.37851          0.00881124
        4175             1.11178             1.37844          0.00880936
        4176             1.21796             1.37841          0.00880734
        4177            0.774581             1.37826          0.00880641
        4178             1.06759             1.37819          0.00880462
        4179             1.15681             1.37813          0.00880267
        4180            0.798172               1.378          0.00880166
        4181            0.348165             1.37775            0.008803
        4182            0.394496             1.37751          0.00880403
        4183            0.513215             1.37731          0.00880435
        4184            0.818302             1.37717          0.00880326
        4185            0.881833             1.37706          0.00880196
        4186             1.45679             1.37707          0.00879987
        4187             1.56803             1.37712          0.00879789
        4188             1.16075             1.37707          0.00879594
        4189             1.11629             1.37701          0.00879406
        4190              1.2918             1.37699          0.00879199
        4191             1.37694             1.37699          0.00878989
        4192             1.65267             1.37705          0.00878804
        4193             1.62828             1.37711          0.00878615
        4194             1.79578             1.37721          0.00878462
        4195             1.56021             1.37725          0.00878263
        4196             1.19977             1.37721          0.00878064
        4197             1.08372             1.37714          0.00877883
        4198              1.3662             1.37714          0.00877674
        4199             0.81891             1.37701          0.00877565
        4200             1.07735             1.37694          0.00877385
        4201             0.71811             1.37678          0.00877317
        4202            0.583223             1.37659          0.00877311
        4203            0.645138             1.37642          0.00877275
        4204            0.585836             1.37623          0.00877268
        4205            0.391705             1.37599          0.00877372
        4206             0.55651              1.3758          0.00877379
        4207             0.74659             1.37565          0.00877298
        4208             1.18043              1.3756          0.00877102
        4209             1.06334             1.37553          0.00876925
        4210             1.28376             1.37551          0.00876719
        4211             1.60821             1.37556          0.00876529
        4212             1.48881             1.37559          0.00876325
        4213             1.41703              1.3756          0.00876117
        4214             1.81016              1.3757           0.0087597
        4215             1.68261             1.37577          0.00875792
        4216             1.38748             1.37578          0.00875585
        4217            0.856316             1.37565          0.00875464
        4218              1.3132             1.37564          0.00875257
        4219            0.891532             1.37552          0.00875125
        4220             0.74708             1.37538          0.00875044
        4221            0.946878             1.37527          0.00874896
        4222            0.746754             1.37513          0.00874815
        4223             1.08162             1.37506          0.00874636
        4224             1.19114             1.37501           0.0087444
        4225              1.2587             1.37499          0.00874237
        4226             1.78629             1.37508          0.00874084
        4227             1.44357              1.3751          0.00873879
        4228             1.53245             1.37514           0.0087368
        4229             1.44457             1.37515          0.00873475
        4230              1.2136             1.37511          0.00873277
        4231            0.668669             1.37495           0.0087323
        4232             1.22332             1.37491          0.00873031
        4233             1.59569             1.37496          0.00872841
        4234             1.72568             1.37505          0.00872674
        4235             2.11846             1.37522          0.00872644
        4236             2.45508             1.37548          0.00872811
        4237             2.38768             1.37572          0.00872931
        4238             2.19274             1.37591          0.00872938
        4239             1.83423             1.37602          0.00872799
        4240             2.14837              1.3762          0.00872784
        4241             1.66769             1.37627          0.00872605
        4242             1.11277             1.37621          0.00872421
        4243             1.02794             1.37612          0.00872254
        4244             1.05426             1.37605          0.00872082
        4245             1.62189             1.37611          0.00871895
        4246             1.34397              1.3761           0.0087169
        4247             1.15838             1.37605            0.008715
        4248             1.36255             1.37604          0.00871295
        4249             1.41687             1.37605          0.00871091
        4250              1.2481             1.37602          0.00870891
        4251             1.21036             1.37598          0.00870695
        4252             1.24009             1.37595          0.00870496
        4253             1.23908             1.37592          0.00870297
        4254             1.40461             1.37593          0.00870093
        4255             1.44309             1.37594           0.0086989
        4256             1.27675             1.37592          0.00869688
        4257             1.78389             1.37601          0.00869537
        4258             1.33108               1.376          0.00869333
        4259             1.36445               1.376          0.00869129
        4260             1.05528             1.37593          0.00868958
        4261            0.871353             1.37581          0.00868835
        4262            0.965946             1.37571          0.00868684
        4263            0.798182             1.37558          0.00868586
        4264            0.642761              1.3754          0.00868552
        4265            0.884549             1.37529          0.00868425
        4266             1.15006             1.37524          0.00868237
        4267            0.809201              1.3751          0.00868135
        4268             1.07927             1.37503          0.00867959
        4269              1.8264             1.37514           0.0086782
        4270               2.002             1.37529          0.00867741
        4271             1.86444              1.3754          0.00867614
        4272             1.63363             1.37546          0.00867432
        4273             1.66681             1.37553          0.00867256
        4274             1.38047             1.37553          0.00867053
        4275             1.49299             1.37556          0.00866854
        4276             1.56391              1.3756          0.00866663
        4277             1.80152              1.3757          0.00866517
        4278             1.72071             1.37578          0.00866352
        4279             1.87057              1.3759          0.00866227
        4280             2.08803             1.37606          0.00866184
        4281             2.05287             1.37622          0.00866126
        4282             1.80809             1.37632          0.00865983
        4283              1.7729             1.37642           0.0086583
        4284             1.69318             1.37649          0.00865659
        4285             1.14792             1.37644          0.00865474
        4286             1.25069             1.37641          0.00865277
        4287             1.61343             1.37646          0.00865093
        4288             1.57956             1.37651          0.00864904
        4289             1.62145             1.37657          0.00864721
        4290             1.30121             1.37655          0.00864521
        4291             1.77606             1.37664           0.0086437
        4292             1.41241             1.37665          0.00864169
        4293             1.41831             1.37666          0.00863968
        4294             1.35017             1.37665          0.00863767
        4295             1.32739             1.37664          0.00863567
        4296              1.3777             1.37664          0.00863366
        4297              1.4397             1.37666          0.00863166
        4298             1.43579             1.37667          0.00862967
        4299             1.59326             1.37672          0.00862781
        4300             1.27718              1.3767          0.00862583
        4301             1.63545             1.37676          0.00862403
        4302             1.95166             1.37689          0.00862306
        4303             1.82023               1.377          0.00862168
        4304             1.60009             1.37705          0.00861983
        4305             1.74248             1.37713          0.00861824
        4306             1.83148             1.37724          0.00861689
        4307             1.66305              1.3773          0.00861514
        4308             1.47299             1.37733          0.00861317
        4309             1.78858             1.37742           0.0086117
        4310             1.52026             1.37746          0.00860977
        4311              1.7075             1.37753          0.00860811
        4312             1.79775             1.37763          0.00860667
        4313               1.563             1.37767          0.00860478
        4314             1.54662             1.37771          0.00860287
        4315             1.37942             1.37771          0.00860088
        4316             1.71781             1.37779          0.00859925
        4317             2.04979             1.37795          0.00859866
        4318             1.97777             1.37809          0.00859779
        4319              2.2996              1.3783          0.00859845
        4320               2.221             1.37849          0.00859867
        4321             1.77686             1.37859          0.00859718
        4322             1.85518              1.3787           0.0085959
        4323             1.56212             1.37874          0.00859401
        4324             1.78022             1.37883          0.00859253
        4325             2.37327             1.37906          0.00859361
        4326             2.39077              1.3793          0.00859481
        4327             2.29736             1.37951          0.00859544
        4328             2.27325             1.37971          0.00859594
        4329             2.20179              1.3799          0.00859605
        4330             1.96704             1.38004          0.00859513
        4331             2.47475             1.38029          0.00859686
        4332             2.22881             1.38049          0.00859711
        4333             2.22621             1.38068          0.00859734
        4334             2.07388             1.38084          0.00859685
        4335             1.80842             1.38094          0.00859543
        4336             2.17136             1.38112          0.00859538
        4337             1.63761             1.38118           0.0085936
        4338             2.27187             1.38139          0.00859407
        4339              1.9253             1.38151            0.008593
        4340             1.91182             1.38164          0.00859189
        4341              1.9241             1.38176          0.00859082
        4342             2.15839             1.38194          0.00859071
        4343              1.7367             1.38202          0.00858912
        4344             2.11117             1.38219          0.00858878
        4345             2.35129             1.38241           0.0085897
        4346             1.73596             1.38249          0.00858811
        4347             1.83633              1.3826          0.00858677
        4348             1.71431             1.38267          0.00858513
        4349             1.90696              1.3828            0.008584
        4350              1.9895             1.38293          0.00858316
        4351             1.92897             1.38306          0.00858211
        4352             1.51225             1.38309          0.00858019
        4353             1.42207              1.3831          0.00857822
        4354             1.22366             1.38306          0.00857633
        4355             1.29507             1.38304          0.00857438
        4356             1.71629             1.38312          0.00857275
        4357             2.27179             1.38332          0.00857321
        4358             2.39859             1.38356          0.00857441
        4359             1.97059             1.38369           0.0085735
        4360              1.7947             1.38378          0.00857205
        4361             1.59455             1.38383          0.00857022
        4362             1.56936             1.38388          0.00856836
        4363             1.60044             1.38392          0.00856654
        4364             1.08703             1.38386          0.00856485
        4365             1.40665             1.38386          0.00856289
        4366             1.34722             1.38385          0.00856093
        4367             1.27252             1.38383          0.00855901
        4368             1.65833             1.38389          0.00855728
        4369             1.50815             1.38392          0.00855537
        4370             1.10081             1.38385          0.00855366
        4371             1.34376             1.38385          0.00855171
        4372             1.35102             1.38384          0.00854975
        4373             1.42588             1.38385           0.0085478
        4374             1.41231             1.38385          0.00854585
        4375             1.35465             1.38385           0.0085439
        4376            0.746374              1.3837          0.00854319
        4377            0.695882             1.38354          0.00854268
        4378            0.888797             1.38343          0.00854148
        4379            0.772131             1.38329          0.00854067
        4380            0.695152             1.38314          0.00854017
        4381            0.329779             1.38289           0.0085416
        4382            0.570934             1.38271          0.00854166
        4383            0.902693              1.3826          0.00854041
        4384             1.44253             1.38261          0.00853848
        4385             1.46222             1.38263          0.00853655
        4386              1.3807             1.38263           0.0085346
        4387             1.41222             1.38264          0.00853266
        4388             1.08847             1.38257          0.00853098
        4389             1.11831             1.38251          0.00852925
        4390             1.08302             1.38244          0.00852758
        4391             1.02109             1.38236          0.00852603
        4392            0.902561             1.38225          0.00852479
        4393             1.22758             1.38222          0.00852292
        4394             0.73186             1.38207          0.00852227
        4395            0.624654              1.3819          0.00852207
        4396            0.187477             1.38162          0.00852446
        4397            0.849212              1.3815          0.00852338
        4398             1.10219             1.38144          0.00852168
        4399             1.51053             1.38147           0.0085198
        4400              1.0525             1.38139          0.00851819
        4401             1.02456             1.38131          0.00851664
        4402            0.791123             1.38118          0.00851576
        4403             0.61564               1.381           0.0085156
        4404            0.919021              1.3809          0.00851431
        4405             1.14134             1.38085          0.00851255
        4406             1.19703              1.3808          0.00851072
        4407             1.09126             1.38074          0.00850905
        4408            0.976429             1.38065          0.00850761
        4409            0.966215             1.38055           0.0085062
        4410             1.39439             1.38056          0.00850427
        4411             1.48906             1.38058          0.00850238
        4412              1.4744              1.3806          0.00850048
        4413             1.63982             1.38066          0.00849875
        4414             1.34955             1.38065          0.00849683
        4415             1.39285             1.38066          0.00849491
        4416             1.29993             1.38064            0.008493
        4417             1.38999             1.38064          0.00849108
        4418             1.29158             1.38062          0.00848918
        4419             1.36904             1.38062          0.00848726
        4420              1.9847             1.38075          0.00848644
        4421             1.62352             1.38081           0.0084847
        4422             1.55961             1.38085          0.00848288
        4423             1.60307              1.3809          0.00848111
        4424             1.55449             1.38094          0.00847928
        4425              1.0289             1.38086          0.00847774
        4426             1.31663             1.38084          0.00847584
        4427             1.09675             1.38078          0.00847417
        4428            0.971696             1.38069          0.00847276
        4429            0.329666             1.38045          0.00847416
        4430            0.812838             1.38032          0.00847322
        4431             1.02058             1.38024           0.0084717
        4432             1.26575             1.38022          0.00846983
        4433             1.43724             1.38023          0.00846792
        4434             1.75554             1.38031          0.00846644
        4435             1.84587             1.38042          0.00846518
        4436             1.48008             1.38044           0.0084633
        4437             1.46417             1.38046          0.00846141
        4438             1.63226             1.38052           0.0084597
        4439             1.68177             1.38058          0.00845806
        4440             1.82143             1.38068          0.00845674
        4441             1.45536              1.3807          0.00845485
        4442             1.68864             1.38077          0.00845324
        4443             1.65586             1.38083          0.00845156
        4444             1.60375             1.38088          0.00844981
        4445             1.59534             1.38093          0.00844804
        4446             1.73732             1.38101          0.00844652
        4447             2.12266             1.38118          0.00844627
        4448             2.01315             1.38132          0.00844557
        4449             1.51955             1.38135          0.00844373
        4450             1.68416             1.38142           0.0084421
        4451             1.57001             1.38146          0.00844031
        4452             1.52989             1.38149          0.00843848
        4453             2.01925             1.38164           0.0084378
        4454             1.97217             1.38177          0.00843695
        4455             2.28384             1.38197          0.00843749
        4456               2.368             1.38219          0.00843849
        4457             2.41127             1.38242          0.00843976
        4458             2.63278              1.3827          0.00844252
        4459             2.50394             1.38296          0.00844437
        4460              2.3697             1.38318          0.00844538
        4461             2.72374             1.38348          0.00844883
        4462             2.69787             1.38377          0.00845207
        4463             2.65351             1.38406          0.00845496
        4464             2.17481             1.38423          0.00845492
        4465             2.06911             1.38439          0.00845442
        4466             1.86749              1.3845          0.00845322
        4467             2.36829             1.38472           0.0084542
        4468             2.30046             1.38492          0.00845479
        4469             2.10653             1.38508          0.00845444
        4470             1.47837              1.3851          0.00845257
        4471             1.88828             1.38522          0.00845143
        4472             1.74407              1.3853          0.00844992
        4473             1.85329              1.3854          0.00844868
        4474             1.72565             1.38548          0.00844714
        4475             1.72279             1.38555          0.00844558
        4476             1.75883             1.38563          0.00844411
        4477             1.58934             1.38568          0.00844235
        4478             2.07618             1.38583          0.00844187
        4479             1.58788             1.38588           0.0084401
        4480             1.39958             1.38588          0.00843822
        4481             1.98551             1.38602           0.0084374
        4482             1.89137             1.38613          0.00843627
        4483             1.98622             1.38626          0.00843545
        4484               1.998              1.3864          0.00843467
        4485             1.57473             1.38644           0.0084329
        4486             1.25695             1.38641          0.00843107
        4487             1.50776             1.38644          0.00842923
        4488             1.43767             1.38645          0.00842736
        4489             1.14346              1.3864          0.00842566
        4490            0.822604             1.38627          0.00842471
        4491             0.57494             1.38609          0.00842478
        4492            0.329604             1.38586          0.00842618
        4493            0.733411             1.38571          0.00842556
        4494            0.855406             1.38559          0.00842451
        4495             1.30021             1.38557          0.00842266
        4496             1.55926             1.38561          0.00842087
        4497             1.45528             1.38563          0.00841901
        4498             1.78872             1.38572          0.00841762
        4499             1.64791             1.38578          0.00841595
        4500              1.7179             1.38585           0.0084144
        4501             1.48892             1.38587          0.00841256
        4502             1.98446             1.38601          0.00841175
        4503             2.00686             1.38614          0.00841101
        4504             1.44244             1.38616          0.00840915
        4505             1.82901             1.38625          0.00840786
        4506             1.92936             1.38637          0.00840686
        4507             1.70554             1.38645          0.00840529
        4508             1.73369             1.38652          0.00840378
        4509             1.72419              1.3866          0.00840225
        4510             1.36316             1.38659          0.00840039
        4511             1.31205             1.38658          0.00839854
        4512             1.36609             1.38657          0.00839668
        4513              1.5896             1.38662          0.00839494
        4514             1.61456             1.38667          0.00839323
        4515             1.68372             1.38673          0.00839163
        4516             1.71218              1.3868          0.00839008
        4517             1.87827             1.38691          0.00838893
        4518             2.18219             1.38709          0.00838892
        4519             1.98118             1.38722          0.00838809
        4520             2.02983             1.38736          0.00838744
        4521             1.51533             1.38739          0.00838564
        4522             1.87603              1.3875          0.00838448
        4523             2.15896             1.38767          0.00838436
        4524             2.06338             1.38782          0.00838384
        4525             1.80727             1.38791          0.00838249
        4526              2.3034             1.38811          0.00838308
        4527              1.9009             1.38823            0.008382
        4528             1.87058             1.38833          0.00838082
        4529             1.93214             1.38845          0.00837983
        4530              2.0906             1.38861          0.00837942
        4531             2.07216             1.38876          0.00837892
        4532             2.36931             1.38898          0.00837987
        4533             2.24266             1.38916          0.00838014
        4534             2.28403             1.38936          0.00838061
        4535             2.03122              1.3895          0.00837996
        4536             2.04997             1.38965          0.00837938
        4537             1.69067             1.38972          0.00837779
        4538              1.4935             1.38974          0.00837598
        4539             1.19741              1.3897          0.00837424
        4540             1.49842             1.38972          0.00837243
        4541             1.90802             1.38983          0.00837136
        4542             1.59561             1.38988          0.00836964
        4543             1.20801             1.38984          0.00836789
        4544             1.44547             1.38985          0.00836606
        4545             1.46232             1.38987          0.00836424
        4546             1.50414             1.38989          0.00836243
        4547             1.22868             1.38986          0.00836067
        4548             1.27106             1.38983          0.00835887
        4549             1.24161              1.3898           0.0083571
        4550             1.20093             1.38976          0.00835537
        4551             1.27624             1.38973          0.00835357
        4552             1.41766             1.38974          0.00835173
        4553             1.74134             1.38981          0.00835026
        4554             1.81895             1.38991          0.00834895
        4555             1.80505                1.39          0.00834762
        4556             1.72785             1.39007          0.00834612
        4557             1.53906             1.39011          0.00834435
        4558             1.69671             1.39017          0.00834279
        4559             1.52567              1.3902          0.00834101
        4560              1.2703             1.39018          0.00833922
        4561              1.9933             1.39031          0.00833844
        4562             1.81137              1.3904          0.00833713
        4563             1.73551             1.39048          0.00833564
        4564             1.91108             1.39059           0.0083346
        4565             2.17269             1.39076          0.00833453
        4566             1.68961             1.39083          0.00833296
        4567             1.42294             1.39084          0.00833114
        4568             1.66024             1.39089          0.00832953
        4569             1.59119             1.39094          0.00832782
        4570             1.93231             1.39106          0.00832684
        4571             1.82461             1.39115          0.00832556
        4572             1.73521             1.39123          0.00832408
        4573             1.69659             1.39129          0.00832252
        4574             1.41008              1.3913          0.00832071
        4575             1.88527             1.39141          0.00831959
        4576             1.32877             1.39139          0.00831778
        4577             1.49219             1.39141          0.00831599
        4578             1.49827             1.39144          0.00831421
        4579             1.22965              1.3914          0.00831247
        4580             1.38183              1.3914          0.00831065
        4581            0.726797             1.39126          0.00831011
        4582             0.88364             1.39114          0.00830903
        4583            0.642602             1.39098          0.00830882
        4584            0.848001             1.39086          0.00830785
        4585            0.546319             1.39068          0.00830808
        4586            0.784342             1.39055          0.00830732
        4587              1.2912             1.39052          0.00830554
        4588             1.71014             1.39059          0.00830402
        4589             1.84634             1.39069          0.00830281
        4590             1.32436             1.39068          0.00830101
        4591             1.24974             1.39065          0.00829926
        4592             1.41297             1.39065          0.00829745
        4593             1.33617             1.39064          0.00829566
        4594             1.25523             1.39061           0.0082939
        4595              1.4214             1.39062           0.0082921
        4596             1.82919             1.39071          0.00829085
        4597             1.25391             1.39068           0.0082891
        4598            0.808972             1.39056          0.00828826
        4599             1.34057             1.39055          0.00828646
        4600             1.39301             1.39055          0.00828466
        4601             1.40709             1.39055          0.00828286
        4602             1.16578              1.3905          0.00828121
        4603             0.75987             1.39037          0.00828054
        4604               1.072              1.3903          0.00827903
        4605             0.96284              1.3902          0.00827775
        4606              1.1831             1.39016          0.00827608
        4607            0.984228             1.39007          0.00827475
        4608            0.960419             1.38998          0.00827348
        4609             1.09673             1.38991          0.00827193
        4610             1.15729             1.38986          0.00827029
        4611             1.25213             1.38983          0.00826855
        4612            0.921972             1.38973          0.00826738
        4613             1.05545             1.38966           0.0082659
        4614            0.996181             1.38957          0.00826455
        4615            0.911989             1.38947          0.00826341
        4616             1.03219             1.38939          0.00826198
        4617             0.94966              1.3893          0.00826074
        4618            0.984886             1.38921          0.00825942
        4619            0.885918              1.3891          0.00825835
        4620             0.87971             1.38899           0.0082573
        4621              1.0211             1.38891          0.00825589
        4622              1.1272             1.38885           0.0082543
        4623             1.00209             1.38877          0.00825294
        4624            0.711953             1.38862          0.00825245
        4625            0.784922             1.38849           0.0082517
        4626            0.912652             1.38839          0.00825056
        4627            0.966134              1.3883          0.00824928
        4628             1.14629             1.38825          0.00824766
        4629             1.38274             1.38825          0.00824588
        4630             1.31125             1.38823          0.00824412
        4631            0.518005             1.38804          0.00824448
        4632            0.567167             1.38786           0.0082446
        4633            0.430875             1.38766          0.00824541
        4634            0.489869             1.38746          0.00824591
        4635            0.372459             1.38725          0.00824703
        4636            0.239565               1.387          0.00824897
        4637            0.376647             1.38678          0.00825007
        4638             0.39165             1.38657          0.00825108
        4639            0.497414             1.38637          0.00825153
        4640            0.477416             1.38618          0.00825207
        4641            0.718785             1.38603          0.00825155
        4642            0.734482             1.38589          0.00825096
        4643            0.687189             1.38574          0.00825056
        4644             1.03419             1.38567          0.00824913
        4645             1.59961             1.38571          0.00824748
        4646             1.61625             1.38576          0.00824586
        4647             1.28625             1.38574          0.00824411
        4648             1.25002             1.38571          0.00824239
        4649              1.3165              1.3857          0.00824063
        4650            0.968942             1.38561          0.00823934
        4651              1.1074             1.38555          0.00823779
        4652             1.49587             1.38557          0.00823605
        4653             1.35245             1.38556          0.00823429
        4654              1.5097             1.38559          0.00823256
        4655             1.82467             1.38569          0.00823133
        4656             1.77881             1.38577             0.00823
        4657             1.74557             1.38585          0.00822859
        4658             1.53815             1.38588          0.00822689
        4659             1.86508             1.38598          0.00822577
        4660             1.85983             1.38608          0.00822463
        4661             2.03399             1.38622          0.00822404
        4662             1.70873             1.38629          0.00822257
        4663             2.02453             1.38643          0.00822194
        4664             1.69481              1.3865          0.00822045
        4665             1.34023             1.38649          0.00821869
        4666            0.806737             1.38636          0.00821787
        4667             1.33244             1.38635          0.00821612
        4668             1.09655             1.38629          0.00821459
        4669             1.33892             1.38628          0.00821284
        4670             1.28244             1.38626          0.00821111
        4671             1.32385             1.38624          0.00820936
        4672             1.16551              1.3862          0.00820774
        4673             1.18168             1.38615           0.0082061
        4674             1.39654             1.38615          0.00820435
        4675             1.21819             1.38612          0.00820267
        4676             1.32825             1.38611          0.00820092
        4677             1.65462             1.38616          0.00819937
        4678             1.33483             1.38615          0.00819763
        4679             1.87633             1.38626          0.00819654
        4680             1.35887             1.38625          0.00819479
        4681             1.47789             1.38627          0.00819307
        4682              1.4738             1.38629          0.00819134
        4683             1.16099             1.38624          0.00818973
        4684             1.15106             1.38619          0.00818814
        4685             1.29325             1.38617          0.00818641
        4686             1.64229             1.38623          0.00818485
        4687             1.27246              1.3862          0.00818314
        4688             1.19377             1.38616          0.00818149
        4689             1.48809             1.38618          0.00817978
        4690             1.21633             1.38615          0.00817811
        4691              1.6686             1.38621          0.00817659
        4692             1.57429             1.38625          0.00817495
        4693             1.84555             1.38634          0.00817379
        4694             1.46695             1.38636          0.00817207
        4695             1.04976             1.38629          0.00817064
        4696               1.124             1.38623          0.00816909
        4697             1.13206             1.38618          0.00816753
        4698              1.8102             1.38627          0.00816629
        4699             2.07297             1.38642          0.00816586
        4700             1.92357             1.38653          0.00816493
        4701             2.45248             1.38676          0.00816634
        4702             1.68318             1.38682          0.00816484
        4703             2.01484             1.38695           0.0081642
        4704             1.42375             1.38696          0.00816247
        4705            0.837576             1.38684          0.00816157
        4706            0.996329             1.38676          0.00816026
        4707             1.17243             1.38672          0.00815865
        4708              1.2686             1.38669          0.00815695
        4709             1.24775             1.38666          0.00815528
        4710            0.715034             1.38652          0.00815479
        4711            0.994638             1.38644          0.00815348
        4712            0.864033             1.38632          0.00815251
        4713            0.941866             1.38623          0.00815132
        4714             1.08254             1.38617          0.00814985
        4715             1.23715             1.38613          0.00814818
        4716             1.29163             1.38611          0.00814648
        4717            0.846918               1.386          0.00814555
        4718             1.50381             1.38602          0.00814386
        4719             1.84738             1.38612          0.00814273
        4720             1.39785             1.38613            0.008141
        4721             1.36669             1.38612          0.00813928
        4722             1.46605             1.38614          0.00813757
        4723             1.31628             1.38612          0.00813586
        4724             1.38517             1.38612          0.00813414
        4725             1.33821             1.38611          0.00813242
        4726            0.887172             1.38601          0.00813139
        4727            0.943695             1.38591          0.00813021
        4728             1.25335             1.38589          0.00812854
        4729             1.41695             1.38589          0.00812682
        4730             1.73118             1.38597          0.00812543
        4731             1.75334             1.38604          0.00812408
        4732             1.18458               1.386          0.00812248
        4733             1.24997             1.38597          0.00812081
        4734             1.26604             1.38595          0.00811914
        4735             1.24158             1.38592          0.00811748
        4736            0.935003             1.38582          0.00811632
        4737             1.27069              1.3858          0.00811465
        4738             1.99448             1.38592          0.00811395
        4739             1.88612             1.38603          0.00811293
        4740             1.38765             1.38603          0.00811121
        4741             1.29846             1.38601          0.00810952
        4742            0.903618             1.38591          0.00810845
        4743             0.62363             1.38575          0.00810833
        4744            0.640159             1.38559          0.00810815
        4745            0.351186             1.38537          0.00810937
        4746            0.665538             1.38522          0.00810908
        4747            0.739785             1.38509          0.00810851
        4748            0.955055               1.385          0.00810731
        4749             1.02037             1.38492          0.00810597
        4750            0.937698             1.38483          0.00810481
        4751            0.710245             1.38468          0.00810434
        4752            0.995559              1.3846          0.00810305
        4753             1.13022             1.38455          0.00810152
        4754             1.07799             1.38448          0.00810008
        4755             1.04396             1.38441          0.00809869
        4756              1.3241              1.3844            0.008097
        4757             1.38296              1.3844          0.00809529
        4758             1.61558             1.38445          0.00809374
        4759             1.97408             1.38457          0.00809299
        4760             1.68259             1.38463          0.00809153
        4761             1.56053             1.38467          0.00808991
        4762             1.83879             1.38477          0.00808878
        4763               1.502             1.38479          0.00808712
        4764             1.47664             1.38481          0.00808544
        4765             1.71988             1.38488          0.00808405
        4766             2.33935             1.38508          0.00808483
        4767             2.24243             1.38526          0.00808514
        4768             2.29315             1.38545          0.00808568
        4769             2.23126             1.38563          0.00808593
        4770             2.35493             1.38583          0.00808679
        4771             2.47791             1.38606          0.00808834
        4772             3.03134             1.38641          0.00809399
        4773             2.39069             1.38662          0.00809502
        4774             1.75925             1.38669           0.0080937
        4775             1.66464             1.38675          0.00809222
        4776             1.84132             1.38685          0.00809108
        4777             1.85257             1.38694          0.00808998
        4778             1.57847             1.38698          0.00808838
        4779              1.9289              1.3871          0.00808749
        4780             1.51776             1.38713          0.00808584
        4781              1.5932             1.38717          0.00808426
        4782              1.5437              1.3872          0.00808264
        4783             1.77062             1.38728          0.00808135
        4784             1.97356              1.3874          0.00808059
        4785             1.71736             1.38747          0.00807919
        4786             1.62589             1.38752          0.00807766
        4787             1.85194             1.38762          0.00807655
        4788             2.02874             1.38775          0.00807598
        4789             1.52986             1.38778          0.00807434
        4790             2.16713             1.38795           0.0080743
        4791             1.85776             1.38804          0.00807321
        4792             1.86605             1.38814          0.00807214
        4793             1.78649             1.38823          0.00807088
        4794             1.63145             1.38828          0.00806936
        4795             1.73281             1.38835            0.008068
        4796             2.06895             1.38849          0.00806756
        4797             2.21769             1.38866          0.00806773
        4798             2.47933             1.38889          0.00806925
        4799             2.58014             1.38914          0.00807139
        4800             2.33109             1.38934          0.00807209
        4801             2.24036             1.38951          0.00807236
        4802             2.13839             1.38967          0.00807218
        4803              2.2877             1.38986          0.00807267
        4804             2.40416             1.39007          0.00807375
        4805             2.22611             1.39024          0.00807394
        4806             1.88864             1.39035          0.00807293
        4807             2.05302             1.39048          0.00807242
        4808              2.0588             1.39062          0.00807194
        4809             2.22805              1.3908          0.00807214
        4810             2.18921             1.39096          0.00807217
        4811             1.63802             1.39101          0.00807066
        4812              1.2691             1.39099          0.00806902
        4813              1.0989             1.39093          0.00806757
        4814             1.11694             1.39087          0.00806609
        4815            0.647733             1.39072           0.0080659
        4816             0.91479             1.39062          0.00806483
        4817             1.25998             1.39059           0.0080632
        4818             1.19159             1.39055          0.00806163
        4819            0.840157             1.39043          0.00806077
        4820            0.802475             1.39031          0.00806002
        4821            0.691975             1.39017          0.00805965
        4822            0.472044             1.38998          0.00806022
        4823            0.582623             1.38981          0.00806029
        4824            0.799426             1.38969          0.00805955
        4825             1.20998             1.38965          0.00805796
        4826             1.10071             1.38959          0.00805652
        4827              1.3142             1.38958          0.00805486
        4828            0.986531             1.38949          0.00805363
        4829             1.08096             1.38943          0.00805221
        4830             1.30664             1.38941          0.00805056
        4831             1.29432             1.38939          0.00804892
        4832             1.00159             1.38931          0.00804766
        4833              1.2233             1.38928          0.00804606
        4834             1.10842             1.38922          0.00804461
        4835              1.7898              1.3893          0.00804337
        4836             1.65042             1.38935          0.00804189
        4837             1.32406             1.38934          0.00804024
        4838             1.28228             1.38932          0.00803861
        4839              1.1768             1.38928          0.00803707
        4840             1.03547              1.3892          0.00803574
        4841             0.86543             1.38909          0.00803481
        4842            0.897741             1.38899          0.00803379
        4843             1.24629             1.38896          0.00803218
        4844             1.43572             1.38897          0.00803053
        4845            0.954939             1.38888          0.00802937
        4846             1.42323             1.38889          0.00802772
        4847             1.52688             1.38892          0.00802611
        4848             1.55134             1.38895          0.00802453
        4849             1.18513             1.38891          0.00802298
        4850             1.36272              1.3889          0.00802133
        4851             1.23201             1.38887          0.00801974
        4852             1.57389             1.38891          0.00801818
        4853             1.47917             1.38893          0.00801655
        4854             1.53389             1.38896          0.00801495
        4855             1.66713             1.38902          0.00801351
        4856             1.66615             1.38907          0.00801206
        4857             1.88732             1.38918          0.00801107
        4858              2.4604              1.3894          0.00801245
        4859              2.0494             1.38953          0.00801195
        4860             2.08118             1.38967          0.00801157
        4861               1.867             1.38977          0.00801052
        4862             1.94674             1.38989           0.0080097
        4863             2.11979             1.39004          0.00800945
        4864             2.05988             1.39018          0.00800899
        4865             1.95039             1.39029          0.00800817
        4866             1.93138              1.3904           0.0080073
        4867             1.63275             1.39045          0.00800581
        4868             1.42552             1.39046          0.00800417
        4869             1.39906             1.39046          0.00800252
        4870             1.48991             1.39048          0.00800091
        4871              1.7385             1.39055          0.00799958
        4872             1.38167             1.39055          0.00799794
        4873             1.69723             1.39061          0.00799655
        4874             1.33436              1.3906          0.00799492
        4875             1.30696             1.39058          0.00799329
        4876             1.73012             1.39065          0.00799196
        4877             1.35266             1.39065          0.00799032
        4878            0.946311             1.39056           0.0079892
        4879             1.06212             1.39049          0.00798785
        4880            0.982177              1.3904          0.00798665
        4881             1.16154             1.39036          0.00798515
        4882             1.22661             1.39032          0.00798359
        4883             1.14488             1.39027          0.00798211
        4884             1.24008             1.39024          0.00798054
        4885             1.24362             1.39021          0.00797896
        4886             1.33982              1.3902          0.00797733
        4887             1.55581             1.39024          0.00797577
        4888             1.78625             1.39032          0.00797455
        4889             1.79416              1.3904          0.00797335
        4890             2.05205             1.39054          0.00797287
        4891             2.04589             1.39067          0.00797236
        4892              1.5347              1.3907          0.00797079
        4893             1.11977             1.39064          0.00796935
        4894             1.59229             1.39068          0.00796783
        4895             1.17585             1.39064          0.00796632
        4896             1.07207             1.39058          0.00796496
        4897            0.939037             1.39048          0.00796387
        4898             1.16725             1.39044          0.00796237
        4899             0.93737             1.39035          0.00796128
        4900             1.23665             1.39031          0.00795972
        4901              1.5796             1.39035          0.00795819
        4902             1.47223             1.39037          0.00795658
        4903             1.07973             1.39031          0.00795521
        4904             1.18508             1.39026           0.0079537
        4905             1.53387             1.39029          0.00795213
        4906             1.31351             1.39028          0.00795053
        4907             1.21759             1.39024          0.00794899
        4908             1.07279             1.39018          0.00794763
        4909              1.2511             1.39015          0.00794606
        4910             1.33457             1.39014          0.00794445
        4911            0.975264             1.39005          0.00794328
        4912            0.978222             1.38997          0.00794211
        4913             1.12715             1.38992          0.00794067
        4914             1.60544             1.38996          0.00793918
        4915             1.11718              1.3899          0.00793775
        4916             1.57664             1.38994          0.00793623
        4917             1.27155             1.38992          0.00793465
        4918            0.998741             1.38984          0.00793344
        4919              1.2261             1.38981           0.0079319
        4920             1.40226             1.38981          0.00793028
        4921             1.62123             1.38986          0.00792881
        4922             1.71076             1.38992          0.00792747
        4923             1.68487             1.38998          0.00792608
        4924             1.76118             1.39006          0.00792483
        4925             2.15079             1.39021          0.00792473
        4926             1.45944             1.39022          0.00792313
        4927               1.185             1.39018          0.00792163
        4928             1.07459             1.39012          0.00792029
        4929             1.05418             1.39005          0.00791897
        4930              1.1685             1.39001          0.00791749
        4931             1.65755             1.39006          0.00791607
        4932             1.59149              1.3901          0.00791457
        4933             1.63105             1.39015          0.00791312
        4934             1.51051             1.39017          0.00791155
        4935             1.60235             1.39022          0.00791007
        4936             1.51104             1.39024           0.0079085
        4937             1.33591             1.39023          0.00790691
        4938             1.32382             1.39022          0.00790532
        4939            0.676195             1.39007          0.00790504
        4940            0.981007             1.38999          0.00790387
        4941              1.0309             1.38992          0.00790261
        4942            0.958469             1.38983          0.00790149
        4943              1.2878             1.38981          0.00789992
        4944              1.2487             1.38978          0.00789837
        4945             1.19001             1.38974          0.00789688
        4946             1.15897             1.38969          0.00789542
        4947             1.34737             1.38969          0.00789383
        4948             1.31518             1.38967          0.00789225
        4949            0.369148             1.38946          0.00789335
        4950            0.425856             1.38927          0.00789415
        4951            0.858014             1.38916          0.00789329
        4952              1.2763             1.38914          0.00789173
        4953            0.786679             1.38902          0.00789107
        4954             1.09691             1.38896           0.0078897
        4955             1.20144             1.38892           0.0078882
        4956             1.02958             1.38885          0.00788694
        4957             1.31602             1.38883          0.00788536
        4958             1.01045             1.38876          0.00788414
        4959            0.969847             1.38867            0.007883
        4960             1.41803             1.38868          0.00788142
        4961             1.43418             1.38869          0.00787983
        4962              1.3733             1.38868          0.00787824
        4963             1.45602              1.3887          0.00787667
        4964             1.20319             1.38866          0.00787517
        4965             1.33437             1.38865          0.00787359
        4966            0.968971             1.38857          0.00787246
        4967             1.31306             1.38855          0.00787089
        4968             1.23242             1.38852          0.00786937
        4969             0.98779             1.38844           0.0078682
        4970            0.737573             1.38831           0.0078677
        4971             1.02212             1.38823          0.00786647
        4972             1.23775              1.3882          0.00786494
        4973             1.37826              1.3882          0.00786336
        4974             1.32087             1.38819          0.00786179
        4975             1.20586             1.38815           0.0078603
        4976             1.05799             1.38808            0.007859
        4977             1.19098             1.38805          0.00785752
        4978             1.60931             1.38809          0.00785607
        4979             1.58751             1.38813          0.00785459
        4980             1.77195             1.38821          0.00785339
        4981             1.46692             1.38822          0.00785183
        4982             1.75733              1.3883           0.0078506
        4983             1.58219             1.38834          0.00784912
        4984             1.56812             1.38837          0.00784763
        4985              1.3766             1.38837          0.00784606
        4986             2.02141              1.3885          0.00784551
        4987             2.22593             1.38866          0.00784574
        4988             1.72883             1.38873          0.00784446
        4989             1.77946             1.38881          0.00784328
        4990             1.71134             1.38888          0.00784197
        4991             1.78865             1.38896          0.00784081
        4992             1.28312             1.38893          0.00783927
        4993             1.54833             1.38897          0.00783776
        4994             1.64136             1.38902          0.00783636
        4995             1.31347               1.389           0.0078348
        4996             1.30946             1.38899          0.00783325
        4997             1.31055             1.38897           0.0078317
        4998             1.12462             1.38892          0.00783031
        4999             1.04553             1.38885          0.00782905
        5000             1.09729             1.38879           0.0078277
