#   START CITY:        CITY 2:        CITY 3:        CITY 4:        CITY 5:        CITY 6:        CITY 7:        CITY 8:        CITY 9:       CITY 10:       CITY 11:       CITY 12:       CITY 13:       CITY 14:       CITY 15:       CITY 16:       CITY 17:       CITY 18:       CITY 19:       CITY 20:       CITY 21:       CITY 22:       CITY 23:       CITY 24:       CITY 25:       CITY 26:       CITY 27:       CITY 28:       CITY 29:       CITY 30:       CITY 31:       CITY 32:       CITY 33:       CITY 34:       CITY 35:       CITY 36:       CITY 37:       CITY 38:       CITY 39:       CITY 40:       CITY 41:       CITY 42:       CITY 43:       CITY 44:       CITY 45:       CITY 46:       CITY 47:       CITY 48:       CITY 49:       CITY 50:       CITY 51:       CITY 52:       CITY 53:       CITY 54:       CITY 55:       CITY 56:       CITY 57:       CITY 58:       CITY 59:       CITY 60:       CITY 61:       CITY 62:       CITY 63:       CITY 64:       CITY 65:       CITY 66:       CITY 67:       CITY 68:       CITY 69:       CITY 70:       CITY 71:       CITY 72:       CITY 73:       CITY 74:       CITY 75:       CITY 76:       CITY 77:       CITY 78:       CITY 79:       CITY 80:       CITY 81:       CITY 82:       CITY 83:       CITY 84:       CITY 85:       CITY 86:       CITY 87:       CITY 88:       CITY 89:       CITY 90:       CITY 91:       CITY 92:       CITY 93:       CITY 94:       CITY 95:       CITY 96:       CITY 97:       CITY 98:       CITY 99:      CITY 100:      CITY 101:      CITY 102:      CITY 103:      CITY 104:      CITY 105:      CITY 106:      CITY 107:      CITY 108:      CITY 109:      CITY 110:     LAST CITY:
              1             15             70            100             81             76             75             55             63            109             43             86             38             77             19             80             69             24             29             65             10             99             50              7              3             17             74            106              8             41             83             79             84             89             59             90            110             46            108             62             78             67             33             53             35             91             16             18            105             54             28             51             87              5             31             98             64             13             66             34             14             23             11             44             71              4             57             92             56             25             95            101            104             68             12             52             26             22             47             73             42             97             61             21             45            107              6             27             88              9             58             49             96             40             20            103             85             30             32             72              2            102             60             48             93             36             37             94             39             82              1
              1             79             66             21             22              6             96             80             84             12              4             61             78             14            110             98             72             34             97             81             71             94              2             53              5             90             57             89             52             68            106             27             47             74             70            101             49             50             29             55             73             36              8             76             91             51             28             83             62             42             77             41             15             23             30            108            102             58             19             31             86             33             16             85             40             59             87             43             20             65             99             44             56              7             93            100             95            107             39            109            105             60             67             54             82             10             26             88             92             69              9              3             18            103             17             13             48             24             37             35             63             75            104             46             25             38             45             32             11             64              1
              1             70             91             45             66             77             22             55             82             15            102             47             61             69             34             56            103             11             26             43             68             31             27             46             35             85             23             74             79             20            100             95             36             76             94              7             73              2             24             75             12             81            107             83             98             38             87              5             48             90             72             54            109             42             13             14             59             37             39            104             50             52             28              3             25             86             80             65             92              6             97              4             51            105             10             71             41              8             19             57             40             29             78             44             17             88            106             96             84             30             53             21             33              9             32             16             18             64             93             89             58             99             60             49             63            101            110            108             67             62              1
              1             56             63             59              8             90             53             81             64             43             94             72              6             30             68             67            104             29             22             70             60             98             34             17             13             46             44             40             97             51             11             19             78             12             92            101             47             21             50             74             71             85             39             95             14             79             65            100             42              3            108             89             37             18            105             31              7             57             99            103            106            107            109             93             86             45             61             28             58             82             25              4             20             62             41             77             69             26             75            110             35             88            102             80             54             76             23             96             84             55             66              5             27             16             24             15              9             48             32             87             83             10             73             52             36             33             38              2             91             49              1
              1             12             70             24              3              7             78             22             13            105             53             33            109             76            108             43             47             59             28             67             64             97             73             75             29             92            103              8             80             26             11             88             82            110             99             23             69             79             62              9             35             90            100             89             10             48             31            102             60             52             55             27             77             51             96             66             20             41             19            107             86             15             61            101             93             32             91             42             81             87             37             54             65              5             38             40             39             84             58              2             34             95             71             46             94             14            104            106             44              6              4             17             25             72             18             36             57             21             49             30             74             85             50             45             68             63             16             56             98             83              1
              1            105            107             91             24             19             11            109              8              7             63             47             76             56             42             27             17             68             29             41             51             58             57             39             88             55             72            110             26             13             97              2             92             33             93             78             54             67             87             60             52             49             94             16             82             61            108             14             90             48             74             21             69             25             22             83             34             85              6             80             45             10             50              5             36             28             65             53             95              4             18             73             99             31            104              3             37             12             23             84             15             38              9             62             35            100            103            102             44             32             89             79             75             20             30             40             46             81             71             77             43            101             98             66            106             96             86             59             64             70              1
              1             10              4            110             64             69             50             14             23             22             16             40             32             29             84             68             87             90             38             58             25              5             24             13             60             17             56             27              2             42             81             65             95             26             82            100            101            105             91             94             21             62             48             45             11              3             20             78            104             30            102            106             99             66              6              7             31             85             70             51            103             92             73             75             63            108             19             59             71             57             72             93             83             49             53             36             86             76            107             98            109             67             28             37             96             44              8             18             55             35             61             43             47             12             79             88             41             77             39             54             97              9             89             15             74             80             52             33             34             46              1
              1             42             24             85              2             84             28             31             47             22            107             89             20             60             38             44             23             52             50              5             25             15             11             12             74             14             80            101             62             51             21             37             30              7             49              9            105             96             43             58             86             56             77             29             26             79             39            102             59             73             75             72             55             98             83             18              6             88             27              4             78             54             67             63             94             19             10            110             13             95             71             66             65            108            109             46             36             61            100             99             68            104             16             92             17             64             70            103             90             76             41             48             69             81             40             35             34             82             32             45             53            106              3             33             93             97             87             91             57              8              1
              1             77             26             11             34             32             97            104             44             73             18             68             70             75             99             17             39             94            108            101             83             10             35              5             71            110             55             25             37             98             57             20            106             33             64             69             14             21             53             46             23             78             93             65              6             82             54             42             43             80             95             29             90              2              4              3            102             76             89             28              9            107            105            109             86             36             24             92             62             49             58             50             66             51             16             52             19             88             84             72             15             41             87             63             30             27             91              7             96            100             47             22            103             74             85             13             12             38             40             31              8             81             67             45             79             48             60             56             59             61              1
              1            106             90            103             43             55             79             65             36             22             39              6             84             13             40             27             33              9             59            100             88             75             92             63             77             17             14             24             26             32             56            109             18            104            110            105             94             57             42             25             23              4             99             37             10             74            107             35             28             29             11             82             91             87              2             53             71             30             78             21             68             67             52              7             54             97             62             73             61             44             86             93             15             34             41             80             64             66             83             95             38             51             16             69            102             85             46             81              8             12             50             58             49             45             19             98             76             70             48            108             89             20             96            101             60             47             72              3              5             31              1
              1             70            107             73             30             48             56             86             13             90             45             22             93            108            105             76             32             42             35             50              7             75             57             36             60            103             34             74             71              3             27             10            106             24             72             39             89              8             98             81             25             77             69             79             84              4             33            100              6             43             15             78             16             91             21              5             68              9             31            102             18             55             47             80            101             38            110             96             65             94             29             67             12             62             99             11             64             51             19             58             59             66             82            104             26             41             28              2             95             63             85             17             14             83             61             46             54             53             37             44             87             23             49             52             88             20             40             92            109             97              1
              1            105             88            109             16             70             15             32             36            107              5             68             84             67             11             82             17             58            103             12             59             27             39             18             28             19             31             26             20             74             79             63            100             30             35             25             33             62             22             81             66            104             49             53             65             94              8             56             97              4             61             98             69             86             14             83             99            110             24             55             85             90             93             48             96             64             57             77             29             23              2             43             44             78             87             95             37              7             75             60             51             50            102             34             42             46             40             52              9             92            101             41             71             10            108             72             91             54             38             80             21            106             76             73             45              3             89              6             13             47              1
              1             69             84             18             41             96             44             36             27             20             39             59             30             32             29             95             10             56              9            101             61             23             78             87             55             12             58             73             21             52             64             74             40            108              3             90             47             16             17             35             97             75             46            100             89             70             86             66             15             42             93             63             57              5             48             60            102             51             25              7             37             49            110             80             91             76             77             99             14              4             83             82             45             11            107             98             13              2             68            105            106             53             34             54             31             94             38             22             33              8             72             92             50             88              6            103             65             62             81             19             85             71             79             26             28            104             24             43             67            109              1
              1            106             60             44             14            105            101             82             19             43             38             46             73             57            108             10             40             69              4             22             56            110             49              5             39             64             75              3             50             48             78             86             30              2             80             23              9             87             62             20             41             21             63             97             53            100             74             99             88            104            103             45             16             98             66             55             26             70            107             61            102             89             13             31              7             93             36             94             85            109             32             28             72             35             77             47             29             59             95             76             18             92             83              6             11             33             34             52             67             27             37             65             12             24             51             91             81             15             96             68             84              8             90             42             71             58             54             79             25             17              1
              1             80             84             71            103             21             40             28             13             36             66             91             95             77             78             54             56             47             41             57             72             43             23             69             70             49             75             14             79             46             15             88            105             63             26             89             10             99             51            104             68             24             30             61             38             65             73              8             17             29             32             86             34             16             55             37            110             82              9             64             85             19             87             45             59             60             76            101             27              4             25             35             33            109              6            102             53             67             48              2             90            107             12             42             94             92             11             31             20             81             58             62             52             39              5              7             74             44              3             97             50             93             96             98             22             18            106            108            100             83              1
              1             87             12            109             52             25             39             67             48             19             34             14             44             46            104             96             26             71             18             64             30             92             22             31             51             55             98             89             82             17              3             54             41              8             50             68             99              2             37             84             79             38             95              7            107             23             86             36             13             10             61             58             66            105            108             77             83             56             24             29             45            100              6            106             73             78              9             91             11            103             69             35             97             15             59             76             81             65             47             28            110             93             49             72             70             60             33             43             88             94             74             53             20             75            101             85             80             32              5             40             90             16             57             62             42            102             27             21             63              4              1
              1              9              2             52             16             23             55             27             77             50             11             44             42             86             75             82             54             29             35             14             18             89             93            102             19             59             68            105             21             22             88             37             40             99            106             31              5             90             61              7             79             30             97             43            110             45             69             17             49             32              8             80             63             58             98             72             46              4             51            109             13             92             83             47             73             10             60             87             39            104             64             74             25             67             62             66             24             34            108             78             38             91             41             57              6             76             85              3             36            107             71             56             70             84             95             33             28             12             65             81            103             53             20             48             26            100            101             96             94             15              1
              1             87             45             68             60            110             65             27            108             22             91             36             62             30             18             95             41             71             94            105            103             42             31            100             33             53             61              2             64             37             50             63             25             92             12             32             39              3             55             79             97             35             17             38             40             83              8             52             84             59             11            104             90             73             21             23             58             26             54             34              5            106             56             69             49             14             81             47             16             10             28             77             96             86             88             93             46             76            101             48             85             20              4             51             13              9             99              6             74             89             78             67             24             98            107            102             29              7             19             70             75             72             66             57            109             43             44             82             80             15              1
              1             53            105             65             23             50             36              4             42            101              2             74            104              5             89             87             39             96             35             51             37             64            110             21             79             62            107             16              9             34             24             52              6             69            103            100             22             48             29             13             47              8             84             46             75             56             44             30             68             31             86             41              7             17             12             90             71             85             55             11             72             76             99             14             27             66             18             95             25              3             88             83             38             54             70             59             45             63             19            109             40             33             67             57             43             15             60             20             10             82             61             77             80             91            108             93            102             28             49             98             94            106             92             97             26             81             78             58             32             73              1
              1             76             39             25             34             87            110             89            104             65             16             44             66             59             92             86             97              8              7             30             75             43             51             63             24             79             90            103             88              9            102             58             61             73             22             47              3             95             64             52             80             21            105             41             55             70             62            106             46             93             26             99             13             12             45             85             91             35             42             33            101             32            100             57             38             56             69             15             18             28             82             67             14             11            109             54             84             60             17              6             36             10             37             68              5             19             27             96              4             71             77             98             31             29             20             23            107             74              2             49             40             83             50            108             72             94             48             78             53             81              1
              1              7             18             17             10             31             81             67             37             54             68            101             52             72             75             32             30             85             34             73             28             66             99             24             43             93             92             83             59            104             70             20             89             35             79             49             62             86             78              4             74              3            108             41             22             23             77             56              2             53            103              9             21             91             25             76              6             64              8            109             65             15             42             57             19             45              5             14             58             71             11             40            105             29            106             94             80             69             46             48             88             87             84             95             61             51             97             90            110             60             39             55             26            100             96             33             98             12             27             50            107            102             16             82             63             47             38             36             13             44              1
              1             79             43             19             34             52             38             40             51             21              4             88             68             73             46             54             90             63            107            101             91             60             23             97             55             41             36            105              8             16             15             45             24            100             96             10             70             84             13             35             53             69              5             57             86             27             32             85             26             11             50              3             98             71             74             42             22              7             81            109             56             28              6             99              9             82            110             25             58             31             95             78             80             12             17             77             49             33             64             47            103             76             72             83            106             93             75             14            108             61             87             29            104             67              2             66             20             37             94             59             18             39             30             62             92             48             65             89             44            102              1
              1             63             80             15             25             42             45            106             21             47             94             52             55             16             71             77             39             96            109             68             11             88             59             34             62             29             41            107             65             72             81             20             57             51              2              4            100             99             85             84             66             58             26             98             90             87             61             54             69             93             36             12             83             67             31             35             43            103             23             79              6             22             89             38             97            102            110             49             40             14             73             30             95             32              7             64             86              8             74             60             10            104             82             70            101            105             92             13             18             76             44             17             19             50             33             56              3             46             78             75             91              9             37              5             28             53             24             48            108             27              1
              1            105             24             41             86             74             45              5             50             33            102             55              4             43             78             92             36             67             22             58             21             82             23             49             11             30             16             32              6             61             60            100             64             84             38             93             80             12             73             94             40             59             81             27             15            109             99             10             26             62             39             66             83             65             19              3             34             48            110              8             35            104             98             97             77             68             96             29            107             89             88             85             76             37             44              7             28             46             42              2             52             72             31             54             25             91             17             56             18             70             57             53             69              9            103             47             14            101             51             90             63            108             87             20            106             79             71             75             13             95              1
              1              7             77             92             37             83             50             75             58             18             73            105              2             16             76             12             19             85             20             34             89            102             38             68             49              9             22             14             70             99             25             87             39             35             71             61              5             52             21             67             59             53             72             40             57             48             13             94             42             69             28             10             84             29             17             15             55             74             23             90            107             96             27             47             45             33            104             46             60             56             82            108             51            101             43             86            103              4             62             98             26             41             79             11             91             88             80             54             32             24             44            106             64             65             81             78             36             63             93              6             95             66             97            100              8            109            110             31              3             30              1
              1              8            110             63             81             44            104             12             72             24             14             58             10             59             30             32             85             17            109             23             37             71             35             90             79             60            101             95              7             64            108             68             75             45             25             87             54             11             74             83             66             40             53             51             56             36             49             16              9             39             41             97            105             55             86            100             21             28            103             33             96             93             82             13             91             88             20             47             67             77             31             22             46             94             57             78             62              5             50              2             27            107             65             34             69             98             84             80             70            106             89             99             42             38             15             92             43             18             26             29              3              6             76             19             73            102             61             48              4             52              1
              1            109             99             98             88             83             61             54             18             65              3             45             47            110            107             81             49             90             94             82             70             16              4             86             62             41             21              2             53              8            104             39             42             31             68             87             97             56             34             60             35            102              5             24             64             44             57             50             71             92             20             17             46             11             12             23             37             15            106             80             93             96             67             66            108             52              6             73             76             72             32             63             29              9             22             40             69             59            101             84             33             19             79              7             25             10            105             43             48             28             14             58             30             78             36             74            100             38             13             85             77             51             26             75             91             95             89            103             27             55              1
              1             53            101             47             40             90             60             45             27            108             59             57             87              7             67             69             64             19             94              9             70             38             72              2             10             13             66            103            105             25            104             43             81             28             42             23             50             11             54             74             79             30             88             36             91             83             56             16             65             49             89             92             35             82             24             52            110            100             95             71            109             76              6             46             93             34              3            102             51             33             37              5             97             29             98             62             68             31             32             99             80             55            107             39             77             84             17             78             44             22              4             15             86             12             48             21             96             58              8             41             18             26            106             75             61             14             20             63             73             85              1
              1             72              6             47             27            110             60             69              4            100             14             52             81             63             95             29             19             85             44             84             73             68             66             21            104             49            109             70             91             30            105             99            107             11             48             10             33             83             18             80             74            102             50             16             77             90             87             86             59             34             54              9             15             65              5             26             13             37             32             28             42             20             67              2             98             22             58              3             76             93             41             92             17             25             24             38             12            101             97              8            103             71             78             45             35             57             82             62             53             23             96             94             75             43             89             79             39             56             61            106             55            108             88             31              7             51             40             64             46             36              1
              1             83             11             26             91             52             81             27             19             90             77             59             48             34             82             87             28             80             17             96            103             46             36            107             71             66             22             42             16             53             23             12             56             58             50             20             89             60             99             39             94             33             31             97             37             92             24             10             64            100             68            106              2              6             73             18             86            101              8             57              9             74             32             72             38             85             29             79             65             84             13              4             41            109             93            108             45             15             44             55             70              5             69              7              3             43             75             61             14             88             30             63             54             98            105            110            102             40             25             67             62             76             51            104             47             49             35             95             21             78              1
              1             59             14             99             55             82             24             10             31             42             91             98             17             83              6             65             97             39             72             43             13            103            108             60             92             12             93             25              7             67              5             64             76            109             85             63             53             44             47             22             52             20             16             21             23             94             77              2             28            106             51            101             89             57            102             62             40             90             33             70             71            107             29             46             48             50              8             86             68            104             96             54             27             58              3            105             81             88             11             75             32             26              9             30            100             78             74             34             95             66             38             15             19             87             18             80             35             61             37              4             41             36             73             49             45             79             84             69            110             56              1
              1             76             34              9             55             57              5             15             91             38             37             77             92             42             95             40             53             73            102             90             59             75             84             72             71             62            105             26             43             81             69             97             68             33             63             88             20            101             48             19             16             28             89             46             45             61             99             30              4             74             54             23             58             22             32              3            100              8            108             80             25             65             98             94             60             24             18             83             56            110            106             85             17             11             47            109             49             70             82             87             27             50            104             29             51             36             35             78             96             52             67             12             14             21             10             64             13             93             66             39             41            107             79            103              7              6             44              2             31             86              1
              1             78             13             67             16             70             53             49             61             62             60             36             26             25             32              7             23            102            108             40              5            107            100             52            109            104             76             14            110             63             55             11             57             35            101             89             20             30             54             91             59              6             34             43             28             94             79             88             96             46             74             17             80             42             85             68             37            103            106             19             33             69             50             66             73             90             92             44             22             97             95             41             83             24             51              8             93             99             12             58             10             65             29             77            105             21             81             27             72             45             98             87             71             86             64             48              3              9             31              2             56             39             15             47             38             84             18              4             82             75              1
              1            106            105             89             10             95             99             17             20             18             28             68             51             82             91            108             55             85             27             21              2              9             29             71            109             41             72             62             31             93             58             37             40             84             59             98             32             47             39             35             11             34             22             87             53             81             83             60            103             15              7             36              8            104             88             63             70            107             92             49             66             30             64             26              3             38             45             25             12             96             24             61             97             50            100             56             73             69              4             19             16             77            102              5             48              6             67             57             65             52             33             75             78             14             79             23             86             90             76             43             13             46            110            101             94             44             80             42             74             54              1
              1             92             63             33             56             74             93             44             46             90             75             53             15             41            107             12            108             80             14             69              5             79             87            109             99             62            104             83              9             47             60             17             38             50             32              7            106             86             84             78            102             37             73            105             64              4            101             95             29             57            110             48             31             43              8             27             13             65             23             40             67             18             11             94             72             22             52             61             36             28             88             30              3             82            103             96             26             35             66             54             77             98             70             39             68             59             85             89             71             55             51              2             16             97             25             42             24             20             58             45             34             21             10             91             76             49              6             81             19            100              1
              1             42             33             85             89             87             82              8             68             38             35             72             20             95             79             64             98             75              4            104             56            102             93             86            110            106             37             50             23             45             12             61            101             17            109             18            103             96             71             11             39             10              3             41             94             57             73              7            105             14             92             59             36             25             81             48            108             49             15             66             29             69             19             43             63             80             46             67             34             13             74             78             58             76             54              2             24             27             28            100             90             53             97             52             51             88             62             55              6             21             77             22            107             44             26              5             60             31             65             32             16             30             70             83             47             40             99             91              9             84              1
              1             29             71             84             28             72             50             60             66             27             99             57             56             26            109             83             76             65            105             43             21             86             91              9             47             98             10             69             20             59             97              7             33             79            110             13             94            104             62             67             35             93              8             63             80             82             17             87             32             48             95             12             19             85             36             64             58             54            106             23             68             41             77             39              6             46             11             44            101             15             38             37             75             61            100             90              2             22             24             45             92            107             89             74             18             42             51            102             88             49              3            108             16            103             30             53             25              5              4             14             81             96             40             70             55             78             34             73             31             52              1
              1             77             81             27             74             78             33             44             97            106              3             41             94             95             25              8             60             71             43              7              9             99            107              6             40             52              4             19             91             39             63             55             14             18             67             80             11             15             89             31             53            100              2            101             20            108             54            110             58            109             66            102             84             49             38             56             32             82             57             28            103             93             90             48             76            104             10             87             45             21             92             37             30              5             64             62             85             75             22             24             26             46             72             59             50             73             65             96             83            105             17             61             88             13             47             42             70             98             86             12             35             69             16             29             68             34             36             51             79             23              1
              1            102             88             19             25             89             12             32             86             81             82             71            110             54             74            108             21             46             40             30             70             41             65             75             77              4             36             64             76             35             29             63              2              5             51             58             91             33             48             60             43             68             27            107             10            101            103             28             26             56             95             50              8             73             69             59             78              9             83             24             16             23             87             44             39             93             34              3            100             49             47             55             11              7             80             42             94             57             90             79             13             96              6             52             92             72             84            106             66             45             99             53             20             98            109             38             17             67            105             37             85             31             14             22            104             15             97             18             61             62              1
              1             42             74             34             67             79             55            100             78             57             81             63             75            104              5             70             82             98             22             17             30             54             40             56             68             64             31              6             12             35             86             19             91             20             85             23             65             28             83            103             41             71             89             76             97             60             29             33             18             38              3              4             90             88            102             13             32            107              8             43             36             72             49              9             46            110             87             58             15             69            105            101             26            106             53             16             96             66             37             61             73             21             44             59             25             77             84             48             92             99             14             11             51             24             93            108             62              2            109             80             50             52             27             47             39             94             95             45              7             10              1
              1             17             58             45             65             60             78              8             51             66             97             84            102             14             73             70             12             64             72            103             67             75             15            100            108            106             55              3             49             71             40             20              4             47             85             86             57             63             91             32             80             83             54             36             96             62             18             88            105             26             77             27             42            101             98             53             35             10             29             37             87             99             59             56             43             46             90            107             28             11             81             69             79             93             50             41            110             52             89             16             74             44             25             33             24            109             39              6             68            104              5             23              2              9             13              7             82             31             21             38             92             61             95             34             30             48             94             22             76             19              1
              1             71            101             72             76             60             58             63            107              6             81             96             27             45             41             20             40            106             54            108             32              9            100             18             42             64             33            103             89             98             51             17             91             80             29             19             30             61             13             86             11             94             75             95             85             49              8             90             28             53             65             78              3              7             24            105             88             21             87             73            109             50             22             31             12             99             74             93             38             25             77             69             34             59              4             97             47             84             39             62             36              5            104             82             46             52             16             15             26             10             44             56             48             43             70             67             83              2             37             92             55             79             66             14             23            102             35             68            110             57              1
              1            107             76             20            100             22             61             33             80            108             92             64             57             44              9             93             35             79             11             16             88             42             84             91             38             41             27             48             56             89             62             59             83             98             58             52             49             55            102            101             10             18             60             66             28             24             32             85            106             13             21              2             31             19             67             90             50            104              3             26             86             77            103             65             25             95             94             43             29             73             96             34             99             17             37             14              5             30             74             87             51            109             82             63            105             47              6             70              8             36             69             78             53             72             97             54              4             45             46             81             23             39             68             15             12              7             71             75             40            110              1
              1             83             68             58             36            108             65             56             28              8             37             14            100              5             95             17             78             80             13             66             57             10             42             55             32             84            106             86             27             60             96              6             74             64             11             23             87             61             98            105              4             24             71             43             79             41             25            104             52             26             89             21             62             73             88            102             59              2             39            101             46            107             30             63             70             77             45             94             48             51             72             75             82             22             12              9             31             67             93             19             33             16              3             90             29             97             38             50             91             44            103             53             49             47            110             81             69             18            109             76             40             35             34             85              7             54             15             20             99             92              1
              1             82            105             90             43              7             86             47             52             64             74             33             56             51             57             96             92             26             14            102             21             65              2             95             37            106             11             59             13             34             75              9             97             50             25             63            100            110              3             68             19             41             22             42             38             58              8             67             23             89             44             45             46             18             27             24             98              5             40             15             30            107             60             39             36            101             48             28             62             53             66             71             83             87             94             55             76            108             10             49            104             84             78             17             16             99             79             77             61              4             91             81             80             20             70             32             93            103             69             12             85              6             31             88            109             73             54             72             29             35              1
              1              8            105             33              3             97             82            101             98             94             60             88             29             76             32             48             37             72             91             75             58             57             84             73             18            102             20             35             44             49             21              7            107             87             70             69             28             34              6             61             68             23             95             55             54             39             46             96             30             51            100             71            110             74             47             26             25             15             79             56             66             99             86             77            104             14             81             13             17              4             90             42             63             11             43             65              5             38            106             41             78              2             16              9             59            103             24             53             92             52             22            108             64            109             31             80             67             62             19             10             27             40             83             45             12             85             50             93             36             89              1
              1             32             24             78             77             57             76            107             89             90             26             80             86             36             53             13             65              5             71             37             23             42             63             45            109             25             27             33             29             93             92             18             99             22             61              3             34              6            103            105             48             58             43              8             11             41              4             74             44             62             97             10             79              9             83             66             50             51             72             19             52             67             84             73             85             31             87             28             98             60              7             12             96             56             55             82            101             39              2             95             64             30             14            100             68             46             81             91             54             94            106             17            108             15             38             88            104             16             47             35            102             69             20             75             70            110             40             59             21             49              1
              1             35             64             52             27             20             74             56             97             31            101             43             84             37             81            106             72             33             77             45             10             88             60             14             86             48              3             70             66             42             53             17             79             36             44             87             92             61            104              2            108             73             93             39             57             12              4             82              7             83             71             55              8            105            102             68             47             24             28             30             41             76            110             16            100              6             54             50             91             46             34             95             15             21             22             11            107             85             98             96             62            103             67             51             25             99             58             40             59             89             19             63             78             90             18             13            109             38             29             94             65              9             69             49             23              5             75             80             26             32              1
              1              2             85             58             67              8             35             36             50             30             88             60              4             15             43             33             99             83             68             92             22             84             10             81              6             62             17             95             12             32             69             65             14             98             48             56            109             82             23             40             91             37             61             38             42             89             51             57             63             20             26             86             97              3             25             96             55             52             19             78             11             39             66            107             79            103             24             21             41            106             75             71             90             13             54             73             18              9            104             47             64            108             31             94            110             76             80            101            102             45             59             77             53              5             28             46             87             93             27             34             16             74             49            100             70             72             44            105             29              7              1
              1             95            101             78             81              2             52             50             38             30             72             20             96              9             62            103             91             21             23             13             77             56             71             47             49             83             89             22            104            109              8             24             63             60            107              4             33             18             84            108             45             34            110             27             42             28             39             88             99             98             25             36             59             94             31              7             16             90             74             69             93             70             86             46             35             61             37            100             82            106             53             92             44             54             67             66             19             12             15             32             65              3             87             97             17             57             14              5             68             10             55             80             64             41             48             79             75            102            105             76             29              6             40             51             85             73             43             58             11             26              1
              1             70             17              9              6             32             52             45             30            103             61             41             69             35             36             67             90            110            105            104             74             91             65             76             97             77             79             50              7             12             24             68             20             64             62             53            101             23              5             56             60             40             58             63             29              8             42             83             33              3             47              2             11             46             19             37             26             80             98             88             78             15             49            108             87             48             73             84             95             21             13             94             59             22             16             96             14             82             66             27            100             86             10             85             81            102             71             38            107             39             92             93             75              4             72             44             57            109             34             18             28             55             43             51             25             89             31             54            106             99              1
              1             47              2             11             60             67             84             19             51             76             27             99             74             85             81             72             68             73             29             24             15             78             20             25             75             36             40             64             17             44             63             54             45             41             71             89              8            109              5             28            101             14             46             52             96             13             21             55             65            110             12             87             98             93             56             83             70            106              6             35            100             10             86             23              7             49            103             42             90             77             39            107             31             95             61             37             26             53             32             82             97             57             59            108            102             91             80             30             16             48             18             58             22             66              9            105             34            104             43             88             79             69             38             92             94             62             33              3             50              4              1
              1             65             79             68             30             90             55             45             86             84             78             83             70             39             67             82             37             96             64             99             94            105            102              7            110             89             11             73             42             31              3             93             21             60             14             26             46              8             54             59             22             47             10             80             25             18             53             75             87              5             50            107             16             72             92             88             24             38             33            104             66             91             40             41             28             95             35             17             62             76             27             63             49             57             81             58            109             85             13             71             44             51            103             20             15              9             77             29             97             19            106             43             69             61             74              6             48             34             52            108             32              4            101             56              2             98             12             36             23            100              1
              1             59             15             61             86             78             54             65             84             16             58             71             36             34              3             62             96             19             87             30             12              5             32             60            103             97             82             80             47             40             92             67             37             55             98             22             53             41             70             24             81             64            105             14            108             76             56            102             25             88             85             42            107             79             74             73             90             77             23             63              2            109             48             27             66             26              6             17             29            106             18             35              4             75             52             69             21             33             45            110              7             99             39             11             57             89             95             20             83             46             13             38             93             28            104             50             72            100             91            101             43             49             68             51              8              9             31             10             44             94              1
              1             38             84             56             12             19             75             43             64             28              5             61             27             40             60             41              8             77             32             21             90             89             42              2             45              9            102             24             44             51             66             65             79             31             69             26              6             92             39             14             57             17             22             58             72             33             37            101             91             86             54             18              7             36            107            104             10             49             20             97             71             85             73             30             82             68             95             23             83             29             59             53             81             76              3             48             25             70             74             55             34             11             50             78             62             99             46             63             80             98            106            100             88             93             94             35             52             47              4            109            103            110            105             87             67             15             96            108             13             16              1
              1             52            108             33             45            100             77             62             72             36             35            101             22             99             80             61             34             19             73             29             66             57             74             15             78              3             25              9             40             30             38             85             93             96             39             13            103             49             24             21             92             37             58             32             67             94             75              4             46             20             60              2             65             86             16             69             76             28             41            107             64            102             82             14             18             90             53             88             63             84              6             59            104             43            106             56             98             31             68             17             89             83             12             81             11             44             47             87            109             91             48             70            110             54             79             55             27             42              7             26             23             50             95             51              5             10              8             97             71            105              1
              1             28             34             91             36             19            106             58             56             32             10             25             11             23             66             76              6             70             61             95             54             65             75             40             18             50              2             16             74            104             60              3            108             31             83             85             69            100             27             44             46             30             67             43             99             89             22              8             42             94             38              4            103             84             72            110             17             57             81             13             51             80             47             78             62             92             24             52             41             64             88             15            109             63              7             87             55            102            107             37             26             39             45              9             82             96             86             98             12              5             71             33             29             35             93             68             49             77             21             73             20             97            105             14             53            101             79             90             48             59              1
              1             82             66             27             32             15             91             50             46             61             79             16             44            106            104             64             90             99             72              3             14             81             25             88             13             45             40             68             28             62             59             39             55             53             57            107             41             31             94             70             92             29              8             65             67             97             86             89             71              5             34             43             37             96             84             35             11             75             24             38             26             19            100             52              2             12             47             17             74             22            105             36             10             48             42             23             49             51             60              4             76            109            108            102             77             54             63             18             20             80             78            110             33             21              9             87             69             93             83              6            101             95             58              7             73             85             98            103             56             30              1
              1             42              2             74             88             61             30             38             37             10             45             32             46             73             27            103             82             11             55             22            108            102             80             49              4             16             81             68             47             50             86             43             94             91            107            105             39             84             31             44             92             66             41             53             76             20             85            106             60              7              9             95             13              5             56             58              3             57             79             69            110             99             52             59             78             87             40             89             51             15             71             12             18             70             98             83             65             62            101             29             33            109             48             77             26             28              8             96             24             93             14            104             90            100             36             67             21             72             34             64             19             17             35             75             54             23             97             63             25              6              1
              1              3             25             57             62             52             84             99            101             42            109             56             22             60             97             92             16             33             37             86             11             94              7            102             89             51             95            106             77             48             72              5             70             63             58             65             74             81             39             88             13             69             80             19             32              6             78             43             14              2             40              4             66             64             35            104             29             49             18             87             93             46             12             30             27             24             76             96             61             59            108             15             50             23            103             20             83            110            100             38             17            105             98             53            107             45             47             26             31             68             91             85             55             41             34             79              9             54             21              8             82             28             36             90             71             73             10             44             67             75              1
              1             34             78             90            109             59             57             63            102             97             66             24              4             42             14             77             19             45             71             60             53             11             39             43             32             28             68             56             17             76             26             54             83            101             27             46             44             15            104            100            103             72             10             65             16             20             12             88              6             64             49            107              2             22             96             21             86             38             36              8             30             69             87             80             25             18             29             85            108            105             67             61              3            106             74             62             48             23             40             94              9             41             58             75             91             13             84             81             82             73             35             31             98             95             37              5             55             52              7             33             70             79             51             47             99            110             50             92             89             93              1
              1             83            110             15              3             87             57             36              2             97             89             28             29             40             69             42              4             12             48            103             22             52             71            102             21             60             32             94             45             33             19             23             75            105             93             63             91             64             17             85             76             27            100             99              5             92             11             77             16             37             84              7             61             58             98             49             30            106             20             25             65              6             51             14             88             78             68             47             96              8             67             46             24             72             35              9             41             34             80             73             10             54             82             70            109             44             62             66             95             81            108             26             86             74             59             31             50             90            101            104            107             43             18             53             13             38             56             55             39             79              1
              1             55             21             45             16            109            105            101            108             20             34             85             13             74             84             32             35             86             27             29             72             39             25              6            104              8             99             46             65             58             61             57             17             83            102             33             97             31             91             37            100            110            107             78             68             79             92             43              3             41             19             10             59             90             24             62             12             70             87            106             82             22              7             50             28             14             66             81             93              9             52             89             76             80             18             44             42              2             26             67             30             64             51             63             75             88             95             60             48             98             15             38             49              4             71             77             11             56              5             47             53             73             36            103             96             40             23             69             54             94              1
              1             78            107            108             55             97             89             37             85             40             57             75             49             29             99             80              9             95             74             48             19             30            102             36             91             45             20             58             17            109            104             41              4             60             86             35             98             81             76             34             27             13             54             11            103              3             65            110              7            100             53             84             61             59             87             44             79             24             51             63             50             77             43             32             39             38             26             15             62             70             33             72             10             28             18             46            101             90              2             47             23             52             94             88             71             22             82             31             92              6             67             69             12             66             73              8             68             83             93             21            106             14            105             25             16             64             42             56             96              5              1
              1             60             74             20            106             38              3             73             25             94              6             92             96             51             84             11             97             10             75             59             23              4             90            102             35             53             44             56             17             29            107             65             98             40             72            110             57             87             36             14             63             82            101             31            108             30             68              2             19             37             71             62              5             89             46            104             15             88             42             95            103             79             41             26             18             43             34              8             54             47             12             22             27             24             13             49             21             66             58             85             64             33             55              9             52             61             93             86             16             99            105             50             77             28             91             69            100             39             80             32             83             45             70             81             78              7             67            109             76             48              1
              1             56             63             39            101             61             10             21             38             34              5              6             60             18              2             97             86             95             12             54             51             77             83            109             73            106             66             11             80             75             67             45             81             25             92             26             41             24             87             36             89             52             62             44             50             40             90              8             94             57              7             19             91            103             79             29             82             17             53             35             78             98             68             37             15             13            104             76             32             69             72            102              9             99             20             30             46             27             55             23              4             49            107             33             22             43             71             93             58            110             31             59             96            100             84             88             16             28             64             65              3            105            108             70             85             74             47             48             42             14              1
              1             58             11             81             66             54            108            107             63            103             52             25            100              6             31              4              9              3             21             17             64             72             79             46            105             68             12             40             70              2             15            109             57             82             42            101             34             76              7             78             95             39             48             50             71             32             55             61             96             73              5             94             67             91             77             87             19             99             90             30             26             22             33             38             27             92             29             13             43             65            106             98             10             74             88             83              8             93             47             60             20             80             75             28             62             51             37             16             36             97             44             35             85            110            102             41             69             84             49             14             59             18             53             23             56             45            104             86             24             89              1
              1              3              6             86             80             39             43              2             51             64             88             54             22             32             75             46             34             12             95            104             24             97             66             68              5             18             60             67             84             38             58             26             33             10             89             20             50             99             31             17             93            110             36             52             56             90             40             37            105             47             29             61             35             27             57             92             78             76             87              9             30             19            102             41             96            106            101             79             49              4             85             63             16              8             91            108             13             28             44             65             62             73             77             53             55             81             45             48             23            107             59             15             25             94             70             21             69             11            109              7             71             42             14             74            103             72            100             82             98             83              1
              1             81             68             26             24             22            105             98             13             42             72             76             77              3            100             66              8             20             50              4             96             44             82             62             41             45            101             83             80             75             95             28             69             36             93             43             89             27             55             33             79             40             88            103             60              9             70            104             85             71             56             10            107             54             25             14             52             53             97             59             46             16             12             17             86             21             32             73             74             34              6             19             23             51             39            102            110             48             61             57              2             31             18             65             30            106             94             11             78             64             90             84             15             58             87            108             35             91              7             38             67             63             37             99            109             29             49             47             92              5              1
              1             39             26             92             44             69             45             56             36             41             78            100             82             17             79             88            109             27              3             75              2             37             19             34            108             87             77              9             30             95             14             64             89             49             66             11             43            102             65             48             20            106             50             52             57             53             74             70            101             68             55             40            103              8             25             23             63             22             35             96             98             31             99             18             73             15              5             51             21             85             16              7             12              4            107             58            105             90             60             93             81             67             42             13             97             71              6             33             62             76             54             28             80             29             86             83             46             32             91             59             61             72            110             10             94            104             84             38             24             47              1
              1             93             51             27             82            101            103             50             64             96             53             74             15             61             68             11             39             17             20             55             48             63             98             81             52             16             43             19             46             25             18             71             38              4             44             78            107              3             31             32             77             49              9             37             85             60             36              7             23             92             95             13             79             14             54             80             40             70             47             10             21             28             58             67             99            105             97              2             65             22             24            110             84            109             12             87             72             56             66             42             83             90             34             69            108            106             89             75             33             30             73              6             45             86              5             62             91            104             29             41             94             26             35            100             59             88             57             76            102              8              1
              1             18             39             95             51             80             56            108             42             10             63             85             24            109             29             30             43             79             46             14             31            104              2             58             48             89             74             15             47             21             92             53             41             67             45             49             69             20             98             77             65             59             75            107             36              3              9             54            110             70             82             38             84             99             26             34             11            105            102             76             13             96             25             23             19             83             88              5             50             12             61             94             91             55             64             66             57             71             90             44             87             16             33            106             52             93             72             60              6            103             22            101             32             28             68             78             17             81            100             73              7              8             86             62              4             97             37             35             27             40              1
              1             90             51             73             98             75             11            104             56             41             47            101             65             39             22             77             99             42             37             23             92             70             72              4             63              9             85              2             80             36            106             61             86             57             88             76            107             84             30             29             64             17             19             55              3             49             97             53             14             45            110             27              6             66             13             79             26             18             52             96             67            102             31             44             58             74             60             15             54             34             93             24             48             71             95             16             50             38              7             10             21             89            109             68             83             82             62            108             81             87            103             33             46              8             20             94             43             40              5             12             59             91            100            105             32             25             69             28             35             78              1
              1             59             16             52             73            105             51            103             92             79             10             17             11             20             88            106             18             98             72             63             74             32             84             24              5             60             37             30             22              3             54             46             71             41             87             69             68             85             21             33             56             76             38             66             80             89            100             75            110             58            108             31             45             70             67             78             91              8             36             29            109             25             50             90             49             15             23             99             83             14             12             61             55             93              6             64             95            104             77             28             53             62             43             96             94              9             81            101             57             27             86             13             40             35             42            102             19              4             48             26             34              2              7            107             97             65             39             44             47             82              1
              1             45             71             44             29             27             20             32             95            101             26             67             63             40             56             68            103             59             90             42              5             92             84             60             62             31             94              3             11             51             77            107            105             49             37             12             16             65             70             89             50             66             48             91             99             39             25             18             13             17             21             93             83              9             14             41             74             52             69             53             88              8             80              6             72             43             82             57              2            100             23             24             73             22             78              4             96            104             35             28             55             54             30             75             87            109            102             58             10             86             98             15             81            108             46             64            106             79             34             38             85             61             33             47            110              7             76             36             97             19              1
              1             92             26             54            100             68             31              4             94             81             37             88            102             80             85             70             34            110             67             86             46             69             24            108             21             45              6             17             35             93             62             55             28             98             42              9             95             38             63             66            107             50             59             16             99             96             43             83             51             60             48             20             74             91              3             40             90             39             64             65             87             19             36             25             79             44             89             56             97             58            104             32            106            101              7            105             71             49             11             23             10             12             61             41             82             52             15             73             14             30             78            103             18             29             72            109             27             77             22              2             47             75             76             53             33             84              5             13             57              8              1
              1             63             42             27             30              9            108             13              8             61             93             72             45             20             35             47             14             21             99             46             57             53             62             98            109             66             12             69             85             10             70             52             56             87             79             37             49             39             43             25             73             77             60             68              6             94             65             48             31            101             88              2            100            102             58             28             41             84              7             19             90             33            110             44              3             32             11             86             59             96             80             92             78             64             54             91             67             26             71             51            103              4             74             55             22            105             40              5             16             24             50             15             17             34             18             95             83             29            104             38             75             36             89            107             97             82             23            106             76             81              1
              1             38             23             34             19              8             81             64             91              9              5             27            102             84             75             26             99             13             62             88             56             85             92            100             29             15             87            107            103             83             42             32             50             30             41             55              2             63             22             28             43             94             57            101             46             95             53              4             96             59             90             51             73             68              6              7             12             97             70            104             39             36             31             40             47             17             71             11             58            108             66             93             37              3            106             61             80             98             16             45             20             86             79             54             76             67             10             49            109             69             82            105             78             14            110             60             44             35             74             18             24             25             33             65             48             89             77             52             72             21              1
              1             22             86             73             74             24             14              3             35             31              2              7             95             21             32            110             10             33             46             40             44             64              5             68             29             91            109            105             59             77             34             20            103             37             79             13             87             97             88            107             48             43            104            102             54             49             38              6             61             70             72             67             90             80             81             30             98             96             92             45             11             57             69             71             26             12            106             76             84             28              9             53             94              8             42             51             27             82             50             56             36             58             62             85             83             60             99            100             78             63             18             25            108             19             75             17             65             47             16             89             41             23             15             39             93             66            101             55              4             52              1
              1             59             62             70             82              5             75             98             22             64             29             90             79             17             14             21             44             85             37              6            102             33             35             38             97             43             48             76             42             89             24             80             77              4             12             27             66             55            103             95              9             28             34             68            106             31             99             39             19              3             16              8             23            104             71             63             47             54             53             61             51             84             86             72             25            105             45            108             36             50             15             20             87             69            101            110             58             73            109             13             60             52             67             96             94             18              2            100             10             46             83             91             74             81             65             41            107             88              7             11             92             78             93             30             32             40             57             56             49             26              1
              1             63             35            109            106             80             17             46             10             11             83            104              6             60             86             28             98             52              3             14             72            100             21             89             84              7             40             59             16             25              2             94             93             18             23             31             97             41             47              5             42             69             38             68             13             30             78             95              8             56             85             81            108             99             82              9             22             32             45              4             48             62             65             90             39             96             87             73             15             49             29            102             75             66            110             74             57            105             51             64             54            101             91             50             79             88             36             37             24             43             71             92             34             19             20             12             70            103             67            107             27             77             33             55             44             26             76             61             58             53              1
              1             73            109            103             31             13            110             51             66            108             28              4             49             58             10             43             40             63             84             98             24            105             19             76             56             42             21             62             20             79             35             89             72              7             17             53              5             52             34             70             71             93             81            102             80             12             16             82             91             90             97             74             30             55            106             25             94            100            101             92             23              2             46             22             37             29             39             96              8             33            107             45             47             86             67             75             26             95              3              9             88             78             54             61             14             68             65             60             69             99             77             85              6             48            104             11             18             50             57             64             83             38             27             15             59             41             32             36             87             44              1
              1             23             99             83              5             93             17             74            104             11             19            110             68             39             38             41             44             88             63             13            103            102             81             59             36            105              9             69             66             24            108             56             80              3             67             10              7             82             49             58             95             31             52             14              4             50             37             46             96            100             45             94             22             27             65             79             72             30             47             28             55             70             64             54             71             86             77             73             87             98             89              6             43             21             33             26             53             84              8             51             16             90             61             25             57             92             18             42             29             62             91             60             97             48             34             40             85             20             32              2            106             76             12             15            101             35            109             75            107             78              1
              1             84             19             66             51             77             39             85             31             49             74             82             63              4              8             81             98             11             40            106             32             96             35             15             56             55             75             24             22             76            102             87             26            103             73             79             43              6             59             60             37             94              5             44             50             41             27             64             67             58             20             78             52             29             10             71             34             17             57             28             33             42             91             61             23             13             89             62             92             45             25              9            107             48             21             46             47             80            101             88             68             18             54             69             97              3             30              7             99             16             90             95             70            100             53             12              2             83            110            104             36             86             72             14            105             93             65            108            109             38              1
              1             57             12             74             33            102             90             46             82             20             43             13             35             44             51             67             16             29             19            100             21             30             97             78             83             62             28             63             98             70              2             61             76             86             41             58              6             92             94             26             77              4             60             99             40             17            104             66             91             31             65              8             55             32             53             84             80              5            108            105             36             37             14             71             81             85            103            101              7             54             64             48             25            106             27            110             15             22             73             72             42              9            109             10             49             23             50             96             52             95             59             56             47             18            107             87             69             45             88             11             79             24             89             93             39             75             68             38              3             34              1
              1             57             24             46             39             22             28            110             25             43             64             86              2             42             82             47             55             27             61             23             66            106             37             79             45             75             99             58             50             90            108            101             95             87              3             80             69             85             38             91            104             49             70             60             72              9             68             32              7             21             20             81             96             78             15             11             36             73             94             14             67             51             18             19              5             88             71             12             74             83              4             33             48             40             59             26             84             52             54             41             30             13             17            105              8             44             56             31             62            100             93             98            107             16             76             53             89             63             77             92             97              6            109            103             35             65             29             34             10            102              1
              1            103            105             93             24             16            110              9             75             44            102             95             70             17              7             41             63             35             77             18             46             33             88             22              3             67             86              5             79             53             92             54             59             57             19             28             89            100             40             34             14             98             45             47              8             81             90             78             12             64             71             69             11             13             83             65             82             84             23              2             10             85             50             36             31             25             96             42              4            108             73             80             48             52             60             91             32             62             27            106             37             30            109             58              6             99             21             39             55             72             94             26             51            107            101             66             20             87             38            104             97             56             74             49             29             76             61             43             68             15              1
              1             13            100             49             93             57              2             67             80             55             59             40             56             41             52             76            106             61            108             75             14             97             88             92            105             68             32             25             99             19             66             51             63             34             98             47             29            110             64             82             50             20             16             62             18             60             23             24             86            107            103             87              5            109              3             10             73             89             48             28            102             43              6             54             78             84             22             81              7             31             37             27             26             69             83             77             33              4             85             17            101             15              9             72             95             58             21             65             35             38             79             30             44             53             96             94             71             42             39             70             11            104             45             74              8             36             46             91             90             12              1
              1             74             38             82             91             32             42              3             47             99              6             83             17             19             13             97             60             31             43             40             16             79            104             15             84             69             27             71            102             80             21              8             52             75             88             68              4             24             59             92              7             26              9             22             66            107            109             53             29             87             20             57             94             46             72             64             28             95             45             10             63             67            103            108             50             25             65              2             77            105             81              5             30            100             78             12             44             62             18             56             14             61             54             58             34             93             98             48             49            106             89             55             86             70             23             51             37             85             36             96            101             41             90             35             11             39             73            110             33             76              1
              1             90             75            109             44             64             24             98             58             83             77              4             14             53             20             59             31             86             76              2             15             72             17            104             73             97             26            103            100             46             81             96             60             45              6             63             48             22              5             16             78            102             94             21             13             62             66             50            105             35             65            110             85             28             69             25             54             47             74             61             43             56             89             92             91              8             88             70             87             38             93             19             42             67             95             40             39             34             29             10             12             32            101             57             27             84             23             49             99              9            106             33             51             11              7             80              3             55             82            107             71             30             52             68             79            108             36             41             37             18              1
              1            107             61             82             85             23             81              3            108             36             38             50             35             37             51             31             91             59             42             44             69             73             17             21            106             26             97             83             88             45            110             75             54             68            101              5             62             40             99             96             84             10             18             11             89             94             60             46             43             25             33             20             16             74             48             39             67             70             52             41             58              7             79             19             28             90             55            104             66             95             12             34            102              2             93              6              9             64             92              8            103             57            100             78             65             14             15             86             76             71             22             72            109            105             27             32             87              4             29             63             49             98             24             56             53             30             77             47             80             13              1
              1             60             19             98             79              9             23            109             51             18             90             15             47            104              7             81            110             83             32             10             44             70             13             94             43             48             34             38             57             40             42             84             28             26             52             91             20             46             64            100             29             39             11             92             75             55             74             71             33             85             88             93             21             54            103             63             22             16             49             35             36              2             37              5             95             80             24              4            106             67             12             86             14             50             73            107              3             25            108             89             17             77             31             68             41             61             59             97             66             82             69             96             62             53             45             87             30             99             78             76              8             72            105            101             56             27            102             65             58              6              1
              1             20             16             13              8              6             53             70            101             63             72             41             60             51             15             81             58             97             37             10             90             21             88             89             98             74             59             87            110             62             46             45             57             65             86             92            103             94             54             61             96             95             48             43             52             85             91             99             75             28             30             12              7            104             79             49             33             80             23             22             42             31              4             44              9             77             32             26             14            109             11              3             66             55             71             27             56             39             17             25              5             83             50             24              2             93             35             64             18             47             40             82            108            107             76             38            100            105             19             84             69             68             34            102            106             78             29             73             36             67              1
              1             80             52            105             11             76             81             95             13             49             25             63             70            103             43              4            107             98             38             51              5             86             66             22             36            110             67             59             42            102             28             34             94             90             87              7             40             77             58             72             61              9             23             14             99            104             54             37             21             62             18            108             92              2             75             64             93             15             33             91             39             20             44             30             50             85            100             32             31             47             82             60             26             96             10             16             74             53             12            109              6            106             71             68             89             27            101             65             55             69             88              3             24             56             29             17             84             73              8             97             41             78             48             35             19             79             45             57             83             46              1
              1             79             29             85              8             47             94             55             88             82             69             48             37            102            109             45             75             81             65             36             17             50              4              7             42             31             93             67             24             71             21             53              3             95            108             25             20             44             32             57              5             27             77            107             63             49             76             60             52             26              6             38             15             98             64             80             23             35             11             51             74            101             90            103             13            106             70             97             91             33             96             22             86             68             30             73             10             58             92             56            104             41             16             99             43            110             72             87             54             61             59             78             18             89            105              9            100             28             34              2             40             46             66             12             19             14             39             84             83             62              1
              1             56             16             35             75             41             39             20            109             85             76             13             27             69             21             99             25             97             10             77            102             81             59             26             78            105             38             29              7             74             48             90             57             45            101            104             46             92             17            100             72             36              4             60             47             12             66             55              2             11             40             62            108             28             70             79             23             96             53             63             18             33              9             71             94             61             67             37              6             80              3             84            110             91             15             73             44            103             82             22             98             64             52            107             30             24             19             54             68             43              5             14             87             32              8             58             34             42             83             65             86             31             88            106             50             93             89             51             95             49              1
              1            102              7             57             37             81            110             36              3             17             18             35             47             79            106            108             53             86            105             96             34             49             97            103             62             55             71             27              4             32             21             89             94             52             15             30             19             43             10              5             50             66             61             69            104              6             29             73             76             83            100            109             67             51             70             54             65              2             59             48             88             91             38             98             80             16             56             68             95             75             82             60             93             44             46             26             22             31             87            107             12             84             20             58             90              9             23             99             33             77             72             39             92             24             40             85             78             28             14             42             64             13            101              8             41             63             74             11             25             45              1
              1             76             32             19             99             20             45            101             17             37             22             62             64            103             23             59            106             29             96             88             60             91             46             51             82             61             44             66             98             63             87             36             39             79             30             18             97             21             72              6             92            104             34             56             86             33              3             12             52             13             83             85             58             74             54            105             68            109              5             48             47              9             93            110             71             67              4             42             24             65            102            108             75             73             80              2             27             41             14             35             78             81             11            100             53             38             43              7             31             15            107             10             40             70             69             26             49             28             95             55             90             16             89             57             94              8             50             25             77             84              1
              1             30             65             79             66             34             99            105             12             22             64             89              2            109            108             70            103             68             67            102             46              6             31            104             24             82              8             83             35             74            106             27             54              4             61             39             80             72             69             75             60             73             18             40             91              9              3             13             48              7             97             33              5             62             38             29            107             98             37             43             57             96             42             11             58             56             21             19             15             16             87             76             51             44             77             90            100             49             95             81             17             59             14             47             28             88             50             55             26             32             36             52             23             25             41             71             20             45             84            101             86             93             94            110             53             63             10             92             78             85              1
              1             27             82             24             30             77              6             46             89            103            101             60             98             38              2             93             54             19             16             85            107             13             25             32             10             11             57             81             87              5             44             90             62             96             51             83             64             34             79             41            110             52             18             99              3             68             47             42            109             92             91             49             36             20             15             48             37             72             65              9             39             59             45             33             94             14             29             86             53             22            106             70             73             88             56             69             12             40             76             97            108            105             78             31             26             66             55              4             67             75             17             43             61             35             58             50            100             28             21             84             23             80              7             63             71              8            104             74             95            102              1
              1             85             48            107             77             14             40            105             71             15             61             99              7             72             80             82             96              3             86             22             12             89             87             94             98             25             23            106             18             59             24             66             44             93             30             90            104             64             39              4            110             60             54             11             32             81             13             51             70             50            109              2             92             26             37             34             74             55             83             63             29             17            102             38             57             67            100             88             58             42             28             76             43              5             69              6             56            103             78             19             36             65             97             46             16             33             10             73             49             68             52             27             47            108              9             35             79            101             75             62             20             21              8             91             84             41             31             95             53             45              1
              1             52             11             49            106             67             64             45             92             51            104             63             54             30             75             40             72              6              3             35             65             61             83             68             53             37             62             91             46            103             73             78             18             74             48            101             85             55             89             22              7             88             59             23              9              8             76             41             50             60             10             24             13             15             80             71             16              2             27             79             32            102             81             90             86             96            107             29             58             34             97             33             21             57             66             94            109             93            100             42             12             95             31             56            110              4             99             38             28             69             26             39             70             36              5             87            108             25             14             20             98             43             17             82             19             77             47             44             84            105              1
              1             79             59            100             56             89             21             19             49             67             70             11             32              8              3            104             51             94            110             62             30             91             48             61             38             41             86             16             39             14             66             63             87             54             29             97             42             35            102             15             23             47             81              5            108              2             20             57             26             40             72             37             73              9             18             43             78             98             92             31            105              7              4             10             25             88              6             34             74             17             27            101             69             90             83             12             44             76             96             80             46             50            103             75             55             36             58             52             99             53             95             85             45             82            109             28             13             60            106             22             84             33             71             77             68             93             65             24             64            107              1
              1             73            104             97            103            105             42             60             85              7             84            102             83             17              6             38             33             58             64             55             52             46             35              2             80             20             81             67             22             53             34             37             43             93             41             96             71             45             59             77             92             49             47             70             62             76             78              8            101            109             19             91             12             30             86             29             61             11             23              4             54             82             63             98             94             31             13             56             25             39            108            110              9             69              5             44             27             21            106             51             68              3             26             65             18             79             72             99             75             14             90             16             89             28             87             15             74            100             88             32             24            107             36             50             10             40             57             48             66             95              1
              1             54             92             65             45             72             17            103            107             53              3             43             60             78             76            109             83             40             86             56             95             22             20             38             85             34             88             32             49             25             39             59             68             47             58             23             97             51             77             50             36              7              6             42             62             14             37             35             30             66            100             46            105             13             69            102             11              5             61             99              2             71             10             15             75             91             16             19             55             57             87             21             24             44             82              4              8             70             98            106             79             73             90            104             12             26            101             52            110             80             33             29             41             96             27             93             89            108             31             18             63              9             48             81             64             67             28             94             74             84              1
              1             17             25              8              3             70             41            103             15             40              4             77             80             31             99             75            107             51             73             69            104             90            106             28             14              6             71             57             20             21             59             16             34             36             29             98             24             86            102             63             13             38             52             67             91             97             79            101             35             44             46             47             37             61             54             84             83            105            109             10              5             72             30             22             53             66             42             12              9            100             33             89             85             55             32             56             18             39             58             81             27             11             82            108            110             19             48             68             65             93             49             94             96             92             64             43              2             76             45             26             88             62             78             74             60             23             87             50             95              7              1
              1             53             54              8             67             39             66             17              7             44            103             75             90             76             48            105            107             18             80             81             78             20            108             59             74            106             65             61              3             13              2            100             11             63             58             30             93             21             52             33             57             24             49             91             87            109             37             25              9             55             38             50            102             22             72             95            104             31             94             60             23             47             15             35             71             19             28             99              4            101             83             84             26              5             56             12             42             92             64              6             62             97             96             85             29             70             89             69             16             68             41             34             73             43             10             32             79             46             98             51             14             86             88             77            110             45             40             82             27             36              1
              1             20            104             78            103             88              4            110             83             56             26             34            102             97             55            107             75             19             44             72             98             82             36             96             61             86             64             59             92             35             71              5             21             65             60             42             94             40            105            101             87              3             52             43             50             10             69              9             37             80             33             22            109             57             15             54             74             99             76             16             45             67             70              6             28            108             13             25             14             32             39             90             85             51             12             11             79             18             17             38             48             24             31             68             41              8             91             29             66             81             89            106             95             84             47             58             53             49              7             23             46            100             27              2             62             73             77             93             63             30              1
              1             88             61             34             12              6             78              5             39             92             52             64             80             49             72             38             66             54             95            101             74            110             81             56             29             28             19             35             55             96             13             42             71             68             44             36             53             70             47            109             73            100              7             50             91             76             97            106             46             83             45              2             30             27            107            104             40              3             23             48             37             32             31             67             33             84             77             62             26              8             89             79             98             75            108            103            105             15             87             93             58              9             14             85             41             16            102              4             94             22             86             24             99             21             90             18             59             65             43             57             17             63             69             82             10             25             20             60             51             11              1
              1             21             99             85             45             12            109             48             27             39             86             97             77             69             94              6              3             57             49             92             31             25             20             53              8            104             96             11             79             28             41            107             14             38             60            100             35             55             54             83            102             16             70             18             75             32             71             52             98             58             17             56             50             80             30             47             15             93             63              4             84             88              7             66              5             33            106             23             91             59             13              2             36             87             72            105             10             46             24              9            103             62             61             37             65             74             22             64             95            101             26             76             68             19            108             40             81            110             67             89             34             43             73             78             82             44             51             42             90             29              1
              1             30             90              8             77             38             23             34              4            106             24              2             41             28             22             43             46             87             65            109             14             92            100             99             27              5            107             94            105             96             91             52             67             54              7             48             64             57             25             83             35             62             74             98             55             72             93             21             78             19             84             82             59             16             20             11             18             80             44             13             68             51              3            103             47             36             58             26            110             31             60             42             86             45            102            104             39             75             32             49              6             73             61             81             79             12             95             29             53             76             85             17             89             50             88             97             70             10             40             56             66            108             69             71             33             15             63             37              9            101              1
              1             70            106             13              9            101             23             28             50             89             57             87            104             63             29             41             56             43             45             82             44            105             98              7             36              6             91             48            110             25             92             11              3             35             79             69             30             97             80             27             53             58             81             47             12             86             52             51             93             90             83             60             94             62              5            103             24             54             21             32             38             66             15             34              2              4             42             14             37             78             84            109             40             46             99             39             67             55             17             71             20             72            102            107             74              8             64             31             26             95             77             61             73             49             10             33             22             68             18            100             88            108             59             16             85             75             76             96             19             65              1
              1             44             20             59             30             36             53              3            103             93             35             21             22            104             82             70            109             40            110             73             14             90             63             55             62             97              6             77             99            107             26            100             45             67             17            108             95             32             98              7             23             79             56             46             38             64             96            102             13             49             61             51             28            106             37             57              2             24             48             76             94             12             52             60             15              5             83             27             86             10             80             50             33             34             92            105             41             88             85            101             89             68             47             66              4             81             25             75             39             74             43             16             42             54             72             11             69             18             31              9              8             71             87             29             91             65             58             84             78             19              1
              1             65             26             33             96             78             47             51            105             92             43             12             99             13             56            104            108             91             94             72             93             16             68             75             20             74             44             21             45             67             70             50             69             30             14             28            109             36             80             34             61             76             95             81            102             52             57             66             88             55            101             62             63             19             71             86            106             23              3             87             41             37             58             98             17              9             85             27             84             24             38             31             64             10             53             46             39              7             59             73             18             77             48             60             90             89             22            107             15             82             35              2              4             83            100            103            110             97             11             25             29              8             32              6             54             42              5             40             49             79              1
              1             18             38              5             69             85             46             98             61             55             16             90             32             42             59            107            102             79             45             48             56             83              6              3             99             11             44              2             31             94             78              8             74             89             95             26            109             67             33             15             51             14             30             53             84             41             12             43             77             10              4             21             28             34            106            104             49             54             24             72            101             65             29            100             76             60             25             66             62             50             71             88             73             22             13             20             40             87             52             80             36            108            105             75              9             58             39             37             92             35            103             27             68             57             86             70             64             47             63             97             96             17             93             82             23              7             91             19             81            110              1
              1             59             40             30             97             86             27             93             89             52             76             26             95             73             81              8              4            103             29             98             74             39             79              6            107             19             66            101             94             56             11             75             69             13             68            109             16            102             72            100              2             54             83            105             78             42            110             21             92             46             96              3             55             25             43             57             32              9             51             37             85             49             99             31             18             70             35             10              5             36             90             17             34             41             63             45             48             14             91             22             62             67             53             82             15              7             33             50             20             12             64             28             60             71             58             77             23             44             84            104             61             88             38             47             80             87             24            108             65            106              1
              1             66             53             87             48             23             74             65             30             97            105             80             12             68             73            100             27             94             26             89              7             16             71             36             39             45             63             69             29             19             92             59             57            103             98             13             75             56              3             79              5             22            107             33             35             25             85            108             70              6             37             91            106             61             81             78             93             76             32             28             96             67             95             83             24             99             55            104            110             60            101              4             31             49            102             18             41             14              8             52             17             90             46             54             20            109             11             21             62             40             44             84             88             64             82             72             43             42             51             77              2             58             15             38             47             34             50              9             10             86              1
              1            100             45             58             42             37             70             24             67             27              9             26             84              3             34            102             35             19             17             23             78             73             97             85             69             98              8             57             83             91             39             18             96              6             46             47             79             80            104             15             59             32             49             87            101              4             63             36            108            109             86              2             30             51             75             25            103              7             43             90             14             50             13             74             56             12             89             40             61             54             76             41             88             44             16             53             38            106             28             10            110             81             22             31             65             99             94             52             95            107             72            105             11             66             48             62             20             71             93             77             68             29             92             21             60              5             55             82             33             64              1
              1             94             75              9             97              6             90             30            100             23             81             44             48              7             28             56             27             70             63            101             16             74             88            110             77            104             76             19             60             24             93             72             79             86             71             59             51             91             66            108             57             80             42             49             69              5             82             31             50             33             85             73             54             58             78             41             13             14             21             43            105             45             40             20            107             17             55             39             92             32            102             22              3             29            106             87             38             18             64             89             65             61             46             68             84             83             34            103             98             26              4             53             12             10              8            109             25             11             67             36             96             95             37             99             47             15             62              2             35             52              1
              1             70             55             38             18             99             22             37             34             62             30             49             94             69             61             16             80             27             44             66             36             97             90             84             81             82             14             77             23             91             28             95             63             51              8            104             83             17             46             67              2            106             33             96             19             92             52             58             21             11            103            100             60              5             65            102             98             64             15             57             79            107             12             25             31              7              9             74             40             56             54             10             87             41             20             26             53             47             68             13             32              3             88             72            109             35             89             59             48             50             43             24            110             71             78              4             75             86            101             76              6            105             42             93             73             85             29            108             45             39              1
              1            100             46             93             45             39             87             98             64             33              5             84            103             15            107             53             50             13              9              8            102             92             56            110             35             48             85            105             68             34             96             88             31            108             90             26             38            109             61             75             44             18             77              4             20              6             37             63             95             82             24             47              3             97             43             71             72             27             73             69             19             55             67             41             32             11             99             80             42             21             28             40             74            106             30             94             57             62             29             52             83             60             14             91             58              2             49              7             51             17             36            101             16             66             76            104             89             86             22             54             65             10             12             23             25             78             79             70             81             59              1
              1             35             39              6             37             17             76              5             46             75             67             55             47             19             65             31             44             85             10             27             80             34             70             54             90             84            106             72            108             89             81             15             92              4             66             20            109             53             24             32             43             12            103             33             78             28             36             40             69            102            101             98             30             21             77             91             56             73              3             58             11              9             79            107             16             49              7            110             45             48             62             52             26             13             50             99              8             87             63             14             42            100             83             60             64             95            104             57             93             29             23             82             51            105             68             22             94             74             86             61             38             25             96             88              2             71             59             41             97             18              1
              1             18            109            100             59             96             47            103             49             45             87             78             66            101             55            102              9             20             43             36             60             50             98             10             81              4             63             14             23             67             42             31             74             58             70             82             19             28             68             40             29              7             73             88             79             61             27             44             35             64             72             48             85             69             93             15            110             75             80            105              8             99             83             12             53             65             30            106             16             97             21             77             57             92             25             89             71             51             91             52            108             90             37             39             84             26             94             32              6             24             41             22             13             11             33            104             95             62              5             46             34            107              3             56             54              2             17             86             76             38              1
              1              8             54             63             53             31             40             21             96             44             32             10             56             24             50             57             83            105             36             98             77             11             75             89             93             88             58             52             90             47             67              4             78             16              3            107             99             13             49             46             19             35             80             79             51             30             59             66             61             82              7             64            102             97            101             39              6             69             23             76             42             41             91             26             81             29             34              5             38             86             25             14             37             48             28             72             84             45             92             70             95            104            108             65             68             87              9            110             27             17            103             62             15             55             20             60             22            106             73             12             43             33            109             71             85              2             94             18             74            100              1
              1             31             43             50             75              8             87             56             88             90            110             32             57             71             58              7             74             73             38             15             69             11             34             59             33            108            105             65             66             49             79            107             89             63            101             12             13             26             19             93             82             70             94             72             48             44             24             78            109             61              3             84             29             68             98             17            103             21             36             97             51             23             96             52             27             37             35            104              5             16             81             77             83              6             91            102             40             55             14             22            100             54             92             20             60             53             39             25             41             64             62             47             30             95            106             18             42             80             76             10             46             67              4             86             45             99             28             85              2              9              1
              1             40             52             69             80             73             68             22              6             84            102             91             12             58              8             18             30             64             14             43             25             32            110             93             38             29             46             59             98             21            105             67            109             28             33             13            101             60             79             51             41             35             83            106             57             42              9             71             48             54             39             72             65             74             34             86            100             55             16              5            104             11             78              3             90             36             82             50             24             62             75            103             31             87             19             10             77             76            107             49             61             47             81             23             88             66             99             70             97             37             92             20             56             17              4             96            108             53             63             94             95             15             89             44             45              7             27             26             85              2              1
              1             29             73             96            108             45             69             44             48             51             64            107             85             10             50             71              8             32              4             36             65             20             41             77             47            101             26             11             59             78             28             30             12             18              5             53             27             91             57             16             23             75             42             84             93             97              7             55            100             34             87             62             82             74             24             67             94             40             83             49             68             46              3             22             43             21             60             31             56             37              6             72             70             54             58             33             19             80             95             52             17             81             92             63            110              9            105             13             90            106             35             89             79            104              2             38             99             66             39            103            109             14             61            102             98             86             76             15             88             25              1
              1             31             34             49             46             59             17             57             44             76              3             63             48             55             97             35             40             10             65             28             38             16             37             83             86              2             11              9             15             72             27            106             99             54             67              8             64             13            104             20             47             43             36             22             12              7             21             33             93              4            110             96             98             23             14             26            107             70             60             29             94             32            109             85             39            102             66             91             92              6             80             95             84             69             77             19            103             50             24             62             42              5             73             88             52             71             61             58             75             82             53             78            105             45             18             87             25             74            101            108             68             30             79             89             90             56             51             41            100             81              1
              1              2            107             16             58             51             65             34             44             46             62             99             71             70             72            102             88             97             47              3             26             24             73             50             78            101             21            108             92             23             33             61              8             56             79             39             69             85             64            103             37             84             57             95             54             66             98             40             28             91             12             76             43             13             35             74             48              6             49             82             87             25            105             89            100             52             63             18             36             55             14             42              9             20             41             27              4             29            110             19             38             30             31             68            109             94             81             77            106             22             10             93             15              7             90             86             59             17             60             11             83             45             53             75              5             67             80             96            104             32              1
              1             35             39             87             60             68             34             98             41             93             26              3             19             63             13             56             90             76             14             59              5             32             62              2             36             52             61             79             95             25             40             16             18             29             85             78             49             71            107            106             17             50             86             75             82            104             57             28             54            109             21             24            103             77             22             97            102             72             44             33            101             66             53            100            110             23             81              8              4             67             65             38             69             48             30             70             84             92             88             43             45             64             83              6             31             91            108             55             46             99             94             96             89             58             15             12             27             51             11             74             42             80            105             10              7             20             73              9             37             47              1
              1             15             76             38             44             12             92             43             87             78             41            101             11             63             65             58              6             30             56             51             93             84             37              3             18             45             34             16             99             46             19             13             80             86             97             64             36            108             25             27             69             90             62             91             53              2             60            104            105             54             21            110             28             89             73             40             17            103             14             10             59             75             22              4              8            107             96            100             95             33             31             39             72             88             52             74             42             47             98             26             70             32             24             83             66             81             61             35             71              9              7             48             77            109            106             85             50             79            102             94              5             49             29             67             23             82             68             20             57             55              1
              1              7             38             20             99             72             74             46             63             75             18             25             65             81             98            103             54             31             97             27             35             55             73             14             53             59             51             40            101             56             29             26             36             41            107             17             21             83             39             19              6            109             45              4             89             15             48              8            104             67            105             34             91             22             44             69             47             16             60              2             78             49             85             70             95             50              3             93             77             23             71             68             52             10             13            110             42             28              5              9             82             12             30             57             33             84             79             80             11             86             58             64            100             90             43            106             94            108             61             76            102             62             92             87             37             32             96             88             24             66              1
              1              6            110             72            100             58             42             93             92             47             29             23             98             30            102              4             87             94              5            106             60             64             70             79             59             35             89             82             55             62             67             65             63             19             14             51             11            105             31             24             80            103             73             45             36             17              2             34             44             78             74             26             10             88             71             33             46             43             12             16              7             68             99             76             90             97             48             91             52              3             40             49             81             95             15            101            109             53            108             83             54            104             84             22             38             66             32             20             39             56             61             27             77             25              9             69             86             18             85             96             13             37             75             57             41             28             50            107              8             21              1
              1            109             35             11             87             31              7             82             79             16             64             41             76             27              9             69             97            107            106              6             49              8             56             43             98             47             21             15              2             73             91              3             30            104             57             63             13              4             44             62             45             18            103             19            100             37             88             80             90             23             46             66             53             42             86             96             85             25             67             99             28            110             38             29             60             77             24             59             51            102             93             32             55             22             72             33             81             94             75             95             48             39             84             26             54             34             83             14             92            105             70            101             12              5             74             65             78             36             40             71             20             68             58             52             17             89            108             61             50             10              1
              1             35             68             54             88             49            104            101             33             97             82             37             50             63             69             89             43            108             31             94             59             11             39             46             24              8             57             38             93             34             25             26             44             79             15             86             92             51             72             67             56              2             47             53             64             90             83             13             12             99             62             40             21             70             80             32             20            100            102             22             52             85             71             76             87             75            110            106             58             19            107             77             96             73             74              5             91              6             42              4             65             16             98             45             61             28              3              7             48             66             78            109             30             41            103             29             81             36             55             84             10             60             95             23             14             17             18             27            105              9              1
              1             49             51             22            108             19            101             27             38             14             83             94             54             17             42             60             58              3              6             71             75             64             50             95             82            106              5             25             44             40             59             18             35              8             32            107             30             78             84             99             88             89             41             69             28             53             10             63             86             55             39             45             81             70              7             77             97             43             21             73             20             11             93             67            102             74             16             37             23             90            105            100             96              2             34             66             85              4             61             24             92             62             13             57            104             52             91            110             29             98             56             12             47             33             26             79             68            103             46             15             36             87             80             72             76             65              9             31             48            109              1
              1             77             32             91             22             50              2             58             83             54             67             88             78              7            101             26             94             90             74             63             37             64             16            108             27             93             12             35             43             36             98            106             29             55             60             48             10            107             87             62            110              8             84             68             95             46             20             17             44             57             75             92            100             33              6             53             19             71            104             72            109             52             31             51             18             24             73             79              4             23             61             14             40             11             97             21             70             89             45             41            102              5             13             80             28             81            103             82              3             15             49             34            105             30             69             25             65             66              9             39             38             85             86             47             42             76             96             56             99             59              1
              1             73             79             50             63            101            106             76             97             83             55             47             88             14             61             64             18             53             12             71             70             89             44             54             82             16             58             84             94             39            110            109             21             26             92             72            102            105             90             13             49             46             10            108             98              4              7             19             40              2             42             99             60             66             36             31             29             75             23             67             85            103             62             59             80             34             28            107             56             20             17             45             15             68              6             33             51            100              3             78             35             81             57             65             27             91             43             52              9             77             69             25              5             96             22             38             86             93             48             95             37             87             41            104             30             24              8             32             11             74              1
              1             97             66             52              7             88             94             59             69              4             64             99             23             89             37             79             30             87             19             29             73             27             12             81             42             46             84             63            109             25             50            100             39             54             56             36             16             43             65             34             71              2             68             21             13            101            107            108             18             47            106             96             61             93             41             83             17              3             49              6             20             70             78             33             40             91             32             67             76             86             58             72            103             55             31             10             26             74              8             11             92             85             15             98             51             35             53            105             38             77              9             22            102             80            104             14             60            110             45             24             90             82             48             44             62             95             75             57             28              5              1
              1             39             30             81             71             97             16             85             47             79             24             68             74             33             83             26             87             52             84             42             62              8             58             46            102            108             92             50             56             98             78             15             43             19            105             31             94             65             77             96             54             76             32              7             34             73             40             70             66            103             45             72             90            107             86              5             10            101              6              3             59             12             11             49             99             20             60             36              2              9             93             23             17             82             22             61            106             48             18             29             44             41             53             80             27             88             91             37             28             51              4            110             64             75             21             13            104             63             25            109             55             69             35             95            100             14             57             38             89             67              1
              1             12             31            106             60             73              8             64              2             58             32             45            109             83             71             52             62             72             37             39             30            103             80             34              4             15             74             11            110             48            105             61             38             78             51              5             99             36             47             56             46              7             87             50             18             79             14             17             33             55             77             29             49             28            107             93              6             97             95              9             24            108             40             59             76             90             26             25             41             86             88             98             81             92             21             84             35             89             42             94             63             65             69             27             22             54             75            100             43             16            101             66             68             57             44             91             96             70             67             53             23             82             13             20            104             10              3            102             19             85              1
              1             16             79             62             75             66             21             60             34             61             50             59             97             67             58             98            101             92             49             11             41             14              4             74             47             78             10             55             45             84             30             88             48             53            104             82            106             72             91             33             63            110            105             46             93             17             57             51             24             87             81             26             23             36             42             20             77              2             37             18             70             54             52             56             85             29            102             76             31             68             22             38             40             71             86             73              9             19             12             28             99             83            103             95              8             94             89            109             13             43             15             35             69             32              5            107             27             80              3             65              7            108             39              6            100             96             90             44             25             64              1
              1             34             51             26             29             25             46             10             96             16             91             86             13             66              6              8             33             43             54             50             63              9             53             72             55            100             84             89             41             69             28             79             58              3             30             52             42             17              5             14             64            105            104             56             70             92             93             36              2             59             38            106             18            110             87             94             98              4            107             75             80             61             27             45             88             74             21             32            102             19             47             76              7             37             60             22             62             78             31             57            101             65             97             77             49             85             12             68             23            108             15             39             81             24             35             90             99             71             82            109             44             20             48             83             40             11             67             95            103             73              1
              1             59             94            107             53             17             26             66             23             28             79            100             52             71             86             90             67             99             34             70              8             22             64            104             32             75             76             46             18             87             77            108             85              4             29             41             88             96             20             39             30             80             43             31             54             35              7            101            106             57            110             11             81             56              3            105             50             25             62             38             51              9             68             10             13             19             72             27             83             78             47             36             12            109              6             21             97             45              5              2             15             16             33             93             98             61             92             37            103             55             82             60             42             84             44             58             49             40             74            102             89             24             65             63             48             69             14             95             91             73              1
              1              3            100             52            110              4             94             66              5             20             54             61            106             53            104              6             37            108             62             44             83             96             49             74             60             24             13             17             14             50             57             92             71             34             45             31             39             89             86             82             87            109            105             64             77             36              8             99             48             88             90             38             78            102             72             32             30             29             10             84             69             51             27             91             95             65             73             56             43             18             76             93             98             68             25            107             15             28            101             42             46             80              7             70             16             79            103             11             33             59             81             23             22             85             19             40             35             75             26             97             41             12             55             67             21              2             47              9             58             63              1
              1            109             77             24             41             44             31             61              2             85             45             78             71             94             72             86             35             36             33             39             49              5             91             43             26             12             34             65             40              7             59             69             68             11              9            107              4             83             17             99             95             14            110             25             79             87             52             29            100             20             18             42             32             93             80             76             27             73             89            103             70             66             38             81             15             75             98             23             92            106             46             54             64             74            104            102             56             55              6             84            108             22              8             16             47             60             19             13             37             48             10            101             97             63             58             21             50            105             67             28             51             90             82             30             57             88             62             96              3             53              1
              1            101            102             52             39             84              7             68             91             86             45             93             57             18             23             11              6             34             92            106             37              2             62             56             80             17             88             70             75             53              5            105             73             47             10             49             59             13             60             85             29             12             43              9             21             76            110             22             32             48             14             33             69             79             51             99             83              4             38             87             96             50             64             41            107             67            103             27             20             65             72             31             25            100              8             46             77            109             81             26             19             40             74             82             95             66             28             98             15             55             61             89             24             42             90             63             35             30             78            108             94             71             44              3             58             36            104             16             54             97              1
              1             19             22             91             95             40             42             52             73             85             72             69             41             27              5             55             45             25             18             32             80            109             50             84              9             47             15            106             74             76             65             81             29             60             63              4             57             30            102             97             11             75             54             96             46             77             24             61             86             36             62             93             87             78             90            100             88             83             82             94              3             53            110             39              2             49             43             66             23             99             56            107             79             31             14             58            105            104             33             68             59              7             92             10             12             16            108             44             13             70             35            101             34             38              6             71             98             26             17             89             20              8            103             64             28             21             51             48             37             67              1
              1             19             36             35             54             63             48             52             53             21             31             94             91             66             44             67             99             29             13             20             15             57             95             32             60             24             49             50             17             71             61             59             58             56             84            101            109             16             78             81             39             68             70            100            108            106             27            104             90            110             74             88             83             42            105             77            103             25             72             85             34             80             28             55             26             89             69             11             79             23             64             87             73              5             98             18             97             96              4             41             43              7             76              8             45              9             22             92             65              3             47            102             62             12             82             10             75             51             93              2            107             14             46             37             38             33             40             30             86              6              1
              1            104             19             61             43             84             70              2             46             54             14             98             88             53             33             38             71             60             15             49              4             35             72             45             90             44             16             20             97             65            102             17             37             52             51             85             29             41             89             87            109             82            107             39             75             76            101             50             26             77             30              7             67            103             83             80             73              8            100             22             21             23            105             74             95             34             66             96             79             68             78             36             55             47             81             18             27             99             94             24             93             32              9             57             42             28             63             10             59              6            108             56             12             64             62             31             13            106             11             86             69              3             25              5             58            110             91             48             40             92              1
              1             33            107             57             73             47             59             54             96             99            101             21              5             24             81             70              9             58             83             25             80             64              4             46             13              2             18             29             39             53             77             26             35             60             84             65             48             14            104            110             10             16             90             23             71             66             67             95             72             11             31             97             15             50              8             41             78             19             22             69            102            108             68             38             34             49            106             85             91             82             88             98             20              7             92             28             45             61             87            109             51             40             43             74            100             30             94             32             17              3             76             86             37             27             36             56            103             12             42             44             79             63            105             55             89             52             93             62              6             75              1
              1             39             56             16             81             51             87             40            104             17             25            101             89              8             30             58             45             31             26             46            100             47             57             43             12             52             76             79             33             70             71             37             11             60             19             95             38             63             42             77             86             82             94             54             72             62             22             34             27             91             28             68             24              3             23             83             32             75              4             74             98             84             93             99             20             41             53              6              9             59            103             97             21             85            105             10             64             18             49             15             35             36              2             61             50            102            106            110              5             80            107            109             44            108             92             69             88              7             48             73             67             66             29             14             90             78             13             65             55             96              1
              1             27             30             60             10             74             24             33             83            102             87             45             96            110             42             22             50             63            103             23             32             61             58             99             67              2             70             81            107             95             52             25             20             65             75             34             17              8             26             59             29             94             35             21             90             18             15             39             66              3              4             11            105             53             82             51             41             92              6             46             97             37             79             91             85             40             47             71             84             69             36             76             49              7             19             73            106             98             38            101             62             54             55            104             78             89             16             56             14            100             48             72             64             13             77             43             57             28             12             88             93             80            109             44             68              9              5             86            108             31              1
              1            107             33             23             56             19             43             47             91             17             97             31            110              8             16             66             25             70             67            100             38              7             53             80             52             18             34             78             73             30             76             36             35             98            109            104             65             84             99             62             63             51             72             64             75             55             83             21             40            103             32             37             11             71             93            105             74            106             90             79             42             96             46            101             45            108             92             68             61             20             22             58             87             24             10             94             29             41             81             12              3              6             95              2              4             28             49             13             77             89             14             88             44             54             27             59             50             85             86              5             26             57             69            102             60             15             39             82             48              9              1
              1             66             16             49             12             26             69             83             51             32             36             41             42             31             43             15             78             87              6            107             67             68             19             75            100              4             38             21             99             63             37             48              7             95            106             25             89             80             94             55             93             60             50            110             71             23             92            101             96             40             13             29             72             22             24             86             70             84             62             20             88             77             57             11              3             44             58             79             56             64             91             45            108             61             14              2              8             52             65             34             59             35             73            103              5             39             30             33             76             46            105             81             28             10             90             98            104             18             53             97             85             27             82             47             54              9             17            109            102             74              1
              1             58             33             95             92             15             87             71             59             69             27              9             88             44              4             86              2             64             91             21             62             68             52             73             98             37            104             45             16             83             48              7             35             80            102             78             63             49             82             50             23             10             46             47              6             12             39             22             97             43             29             90             28             18             31             19              3            100             81             76             61             20            108             57             51             30             41             93            107             13             79             89             32             11             72             34             55             53             99             56             36             60              8             70             54             96            101             77             38             24             14            110             26             94            109            103            106             75             85             84             17             65             42             40             74              5             25             67             66            105              1
              1            108             64             77             85            109             87             79             70             82             25            102             19              8             57             91             35             54             67             76             42             11             63             10            100             37             13              9             39            103             32             18             89              5             17             33             36             23             21             24              7             14             74             46             97             73            106             56             28             84             51             96             15             81             38             55             40             80             88             98             48             16             45              3             53             60             69             62             78              2            107             61             99             94             71             75             83             29             66             34            105             93             68             44             50              6             65             22             47             58             27             41             43             12            104             92             31             26             90            101             86             95             52            110             59             72             20             30              4             49              1
              1             88             53             99             83             94            108             14             13             59              6             91             16             49             84            109             86             11            106             98             26             57             92             39              2             60             29             81             69             47             37             43             44             93             22             31             80             74             79            110             89             19             32             56             55             50             18             41             76             63            105             21             42             58             15             25             61              5             54             46             17             20              3             87             85             35             96             70             27             24             90             10             66             97             82             45             40              8              4             52             67             33             28             38             30             64             34             62             68            101            103             36             78             72             71             48            107              9             12            102            100             75             51            104             23             95              7             73             77             65              1
              1             89             36             85            109             55             10             26             63             69             48             45             79             50             94             80             14             30             78             13             66             68             49             52            110             37             33              9             38             24             98             99             86            101             51             12             58            100             41             90             11             67            106             39             35             70             56              3             34            104             74             62             64              4             28             16             15              8             47            103             32             19             73             46             27            108             93             77             91              7             65             57             83             71             17             18              6             22             20             54             97             84             75             92             43            105             87             59             44             61             40             95             76            107             25             81             96             88            102             53             82              5             29             21             23              2             42             72             60             31              1
              1             11             13            104             94              4              6            107             50             49             20             99             38             91             71             25             97             82             19             16              2             64             90             88             66             98             22             75             23             34             55             21             30            103             96             53             45             63              8             85              5             87             76             72              9             18             80             31             95             47             79             41             33             32             17             51             44             52             35             14             42             37             77             70             89             39            102             40             57             29             54            108             61             12            100             59             60             48             83             58            106             62             15             56             36             67            101             78             93             65            110             43             74              3             28             92             26             73            105             68             81             46             24             86            109             69             10             84              7             27              1
              1              9             76             54             38             86             52             58             30             62              7             25             28             23             12             63             44             39             85             40            102             78            105            103             73             56             64             13             49             68              6             55             34             27             95             50             89             20            107             42             69            109              4             92             67             46             82             80             87             37             15             94             83             66             91             84             18             90             21             60             61             10            110             29             36             31             57             22             11             74             35             17             70            108             65             51             45             43             24             88             81             14              2             96            106             32              8             77              5             75             48             19             72             99            104             71             59            100             47             41             97             93             33             53              3             16             98             79            101             26              1
              1             16             62            110             61             59             49             37             71             82             65            105            106             53             41             29            108             23             39             97             42              5             93            107             22             45             98             32             14             52             51             20             86             70             55             96             54             64            103             48             84            104             73            102             77              9             40             69             19             33             12              2             83             81             85             72             34             28             56             38             91             76             60              3              8             36             17             75             43             15             63             87             67             89             27             92             66             24             50             11             99              4             68             57             95             25             78             31             90             10             47            109             46              6             13            101             26             58            100             30             35             88             74             80             79             21             94             18             44              7              1
              1              2             14             72             13             41             84             36             58             25             35             29             69             76             66             82            106             47             57             83            101             77             92             32             27             23             37              5             81            104             78             42             24             43             50              9             99             22             45              4            108             95            110             97             59              6             89             62             12             63             87             67              3             11             60             73             93             91             53             26             49             98             64             17             96             28             46            103             19             40             85             31             44             56             48             39             80             34             61             71             70              8              7             55             94             30            105             74             18             52             90            107             51             16             15             54             21             86             75             65            102            100             68            109             20             79             88             33             38             10              1
              1              7             75             47            102             44             53             24            100             35             37            109             84             32             30             33             83             99             14             39             77            106             82             21             81             10             43             65             54             73             91             22             79             72             38             71             60             11              2              4             87             66              9            110             68             70             63              3             80            107             19             41             46             23             95             76             88             92              5             16             50             45             36             18             97             89             34             98              8             12             67             93             49             42             25             31             69             51             62             86             28             48             61             27             96             56            103            108             90             40             59             74              6             57             55             85            105             17             52             20             26            101             78             58             29             13             15             94             64            104              1
              1             44             50             51             74             16             22             53             99            108              4             60             32             36             49             57             35             69             11             47            102             14             90             37             54             89             25             81             96             86             30             97              2             18            107             43             58             91             56             38             31             67              8            106              3             71              9             24             95            100             76             46             21             40             94             27             66             85             42             83             64             93              5             72             59             52             98             73             65             61             84             79             92            103             78             70            109             62             77            101              6             29             23             39             17            104            110             26             33             82             15             63             55             88             10             34             75             12             41             48             19            105              7             13             45             20             87             80             28             68              1
              1             73             48            100             19             18            101             69             51             23            106             12              5             92              7            110             84             77             36             38             31             22             83              6             78             68             91             47             95             35             42             53            105             65            103             25             85             97             44             15             90             20             71            108             76             16             33             62             11             64             98             43             24             74             39             79            107             30             81             21             17            104             50             89             32             75             34              2             88             70             29              3             94             45             80             87             67             60             13             57             63             99             93             46             66             37             14             40             54              9             10             41             96             72             61             56              4             86            102             28             59            109              8             58             49             82             52             26             55             27              1
              1             27             76              6             26             79             39              9             80             57             25             15             60            105             68             23             63              4             41             16             45             94             48             82             33             21             20             75             37             13             14              2            108             46            101            107             89             52             77             83              3             98             19             22             35             66             95             51             40             91             24             32             30             87             54             72             28             96             38             84             59             44             86             12             69             47             64             36             29             42             93            109              5             92             56             70             10             65             43            106            103            104             73            100             31             61             11             81             85             99             88             78             67             53             74             34             62             97              7             17            102             18             55             71             90             58            110             50             49              8              1
              1              7              6             22             85             36             91             47             42             10             72             23             35             84             18            110             59             32             83             34             82             37             51             45             26             73             25             12            105             52             87             95             68            102             81             31             14             93             62              5             21             61             69            103             20             39            107             77             55             98             44             13             65             70             89             24             92            108             46             54            104            106             40             29              8             19             33             48             96             66              4              9            101             80             78             41             74             60            109             88             57             97             63             11              3             53             16             67             76             17             56             30             64             99             94             50             86             28              2             79             71             43            100             75             38             49             27             58             90             15              1
              1             78             39             76             43              2              6             12             61              9             89             11             69             25             30             77             35             16             21             68             80            105             45             90             19             59             65            109             92             13             20             83             15            108            110             18             27             26             38              8             72             28             46             50             56             71              7            101             40             60            106             47             22             98             63             34             73             52             55             64             23             42             93            100             36             85             29            102             82            103             91              5             54             87             79             99             48              4             49             70             53             81             86             84             62             24            104             37             88             94             97             14             17             66            107             67             58             95             74             57             96             31             51             44              3             32             10             41             75             33              1
              1             50              9             41             60             81            102              5             14             56             31             62             13             84              8             19             69             25             98             28             17             32             99             16             47             23              4             40             97             65             43             53             77             94              3            106             18             74             34             70             91             95            110             36             30             87             89             86             83             67             58             88             22            101            109             33             44              6             52             85             39             12              7             75            107            108             71             11             42             21             37             82            103             80             49             20             48             96             79             26             68             63            105             66              2             38             59             90             27            104             45             78             55             57             35             51             10             15             93             92             61             72             73             64             29             76             54             24             46            100              1
              1             43             69            110             59             67             56             31             58             63             18             26              3             52             15             32             85              8             19              4            101             79             99             57             76             93             95             53             39             92             94             17             96             12             42             36             74             78             98             66             44             73              2             27             82             30             22             48             10             81             97             60            107             14            106             50            109             45             72             25             51            100             80             20              6             62             65             49            104             23             24             83             86             89             68             46             91             47             64             33             16             84              5             40             54             77             55              7             71             35            105            103             13             70             90             34             61             29             21             41             11             88             37             87             38             75              9            108             28            102              1
              1             21             14             79             54             85              4             75             60            108             50             86             22             47              5             67              9             83             63             98             57             66             62            104              2             69             10             91             82             43             17              3             28             70             65             80             55             74             12             11             48             61             18             16             71             39             29            110             20             72             42             19             77             49             31             30             44             93             58             59            100             87             37             27             24             32             40             92             26            105             41             99             36              7             97             73             35             23             88             76             51              8             33              6             84            101             90             52             95            102             15             13             68            106             25            103             56             46             81             89             94             78            107             45            109             64             34             53             96             38              1
              1             19            102             11            100             24             78             42             52             31             76            110             74              8             39             20             83             86            107             50             35             97             13             38             25             32             16             87             14             81             70             34             18             40             51             89             88             58             75              4             30             54             12             63              2             92             56             41             96             77             82            108              7             93             33             46              9              3             94             48            106             44            101             28             17             43             84             59            109             22             15             91             72             47             66             26             53             61            104             67             98             99            105             79             23             64             29             95             45              5             69              6             21             27             60            103             90             85             10             65             80             55             49             73             62             71             36             57             68             37              1
              1             73             18             64             46            100             94             99             14             21             92             83             74             32             86             58             62             41             39            107             85             47             13            103            106             67             63            109             50              5             81             97             76            102             48              9              6             61             43             29             82             75             98             96             38             52             57             34             90            110             23             65             30             49             91             44             16             19             17             31             72              7             89            104             28             36             66             55             27             25             93             53             42              8             70             37             24             78             33            108             54             20             95             35             40             80             88              3             56             22             15             69             60             10             79            101            105              4             26             45             51             71             11             77             12              2             68             59             87             84              1
              1              3            107             23             89             92             86             18            104             33             27             79             69             77             64             90             39              7             19             25             40             52             30             53             37              8             59              4             91            103             66             24             31            102             54             73             81             62             38             41             88             35             55             82             13            106             93             46             84             74             17            110             78             61              6            109             83             29             12              2             94             68             44              5             16             72             11             76             36             51             22             28             45             60             34             71             70             10             95             20             32             97             57             43             99             63             42             87            108             15            105             48             58             49             47              9             21             56             75             98            100            101             80             26             50             65             14             85             67             96              1
              1              9             34             25            109             36             13             41            100             11             68             81             15             28             98             79             72             95             67             45             30             16             65             32             43             57             76             20             87            110             49            101             61             62             17             14             84             86             97             70             40             88              4             59            107             50              7             53             66             82             37             42             85             24             33             10             77             39             35             29             55            103              3             58             89             48             54             38             46             73              2            102              6              5             60             56            105             51             75             19             44            108             12             92             74             64             99             93             63             21             23             47             91             31             71            104             80             27             69             22             52             18             90             83              8            106             78             94             26             96              1
              1             30             54             31             90             88             47             25             77             84             89             80             83             65             67             36            107             59            109             79             50              4            110             53             56             81             43             82             78             91             72             42             61             14             41             68             22             27             33              6             26             85             73             18            100             12            101             94             92             60             55             15             97             63             75             19             49             23             21             34             28             62             69             24             13             32             52             39              5              8             99             17             71             38             40             45             66             95             46             98              7             64            103             86             35            106             29             37             93             16             57              2             51             11             10            104            105            108              3             20             87             70             96             74             48             58            102              9             76             44              1
              1             62            104             73             68             22             87             56             39             74             88             96             15            101             38             84            103             44             65             97             70              7             21              5            110             16             36             54             11             40             24             99             27             60             55             66             77            107             83             20             85            109             29             53             48             64             80             71             93             46              4            108             33            102             25             91             76             94             13             18             79             63             35             47             95             82            105             12            106             57             23             34             50             30             72             89              9             10             42             61             67             31             41            100             43             90             78             26             14              8             81             98             69             49             51              2             59             17             92             86             32              6              3             28             52             58             37             45             75             19              1
              1             18             58             79             36            107             62             51             91             93             20             94             70             24             21             27             40             84             69             31             42             63             52             71             92             60              6             61             97             76             33             44             34             46             48             35             81             57              4            103             39            108             95             54             19            105             68            101             72             45             96             99             43             29            100             17             47             13             16             78              9             86             87            102             82             32             85              2             80             83              3            110             37             67             38             10              5             74             22              7             65             26             11             59             23             53             15             30              8             73             14             28            106             64             75             25             90             55             66             89             49             88             98            104             41             56            109             50             12             77              1
              1             13             64             84             72             22             18             50             21             29             16             88             78             96             93             81              8            102             87              2             89            110             43             23            108             86            105             71             82             54             95             45             62            109             63             99             69             73            101             98             32            103             39             51             97             57             66             14            106             79             75              9             31              6             67             52             24              4             11             85             44             42             20             25             61             37             49            100            104             47             76             36             33             77            107             56             83              3             60             74             28             12             38             59             70             41             30             40             80             17             35             46             92             26             48             90             34              7             58             91             53             27             19              5             15             55             68             94             65             10              1
              1             33             88             47             12             15             29             37             38              6             30             35              7             49             11             31             42            106             91              8             80            109             62             45             32             99             74            108             34             94              2              4             82            101             77             59             14             56             28            103             79             48             18             23             63             52             22             97             95             98             78             26             86             13             43              9             81              3             46             39              5             90             76             20             66             93             36             19             16             55            102             87            104             60             58             68             73             64             65             85             44             70             41             54             72             96             21             92             61             17             67             24             27             83             71             53             25            110             57            100             50             84             40            105             10             69             89             51            107             75              1
              1             73             40             86             51             92             77             79             95             20             66             27             55             64              9            110             88             80             32             87             10             49             67             98            105             53             47            101             24             19             44              3             91             16             93             23             52             18             76             29             33             57            102             14             81             46             75             56              6            100             21            106            107             48             83             90             11            108             37             35            104             94             60             45             28             12             82             70             59             36             54             89             63             97             26             85              5             68             71             96              7             43             38             41            103            109             78             42             17             69             15             84             25             74             65             72              8             99              4             34             22             58             39             13              2             50             31             62             61             30              1
              1             41             20             58             54             96             84             61            107             95             53             94             25             28             57             77             55            104             62             30             66             38            103             67             88             40             49              9             44             17             31             39              4             97             64             85             75              6             65             32              2             14             47            100             68             79             52              5             72             36             99             89             42             51             91             16            102            110             71             24             63             18             11             86             78             33             29             10             15              7             37             82             19             48            106              3             73             76             13             45             90              8             46             59             12            108             70             43             98             26             83             56             23             80             92             60             69             87            109             50             22             81             27             74             34            105             93             35             21            101              1
              1             55             45             37            109             72             52             91              9             84             64             87             80             62             29             15             17            103            108             33              7             58             20             93             51             77             90              5             11             69            110             46             56             19             41             44             63              4             36            101            106              3             14             48             26             47             10             27             78             74             39              6             32             65             18             76             82             60              2             25             21             49             31             75             86             70             24             81             54             34             68             40             88             85             71             92             97             98             95            104             66             38             12             79             57             73             94             30             42            102             22            100             23             83             16             50             28             59            107             67             35              8             53             43             96             99             13             89             61            105              1
              1             43             57             69             70             82             66             44             18              2            106             54            110              8             22             13             80             33             45             35             26             68             85             61             36             83             86             58            104             17             24             41            100             89             21             62             92            108             71             42             73             90             65              6             93             23             31             97             39             79             91              5             47             74             14             50             87             60             94             11             96             34              9             63             52             53             99             16              4             77             95            109             56             19             49             12             48             27             72             88            102             78             28             20             64            103             25              3             51             46            105             10             37             30             76              7             67             40             38             55             98             15             59             84             81            101            107             32             75             29              1
              1             56             44            101             70              8             59             65             28             36             98             83             77             90             78             76             50             33             74             40             85            106             92             73             35             68             91              9             51             67             60             95             97             42             38             63             87             15             21             47            104              4             75             62             64             58             81             86             41             11             22             25            102            100             16             12             29             71             99             57            103             37             32             84             55            108             52             13             24             23             19             45             48             49             31             69             80             96             54             34             27             18             93             66             82             72             39             89             26             17            109              6             79              3             61             53              7              2            105             94             43             88             46            107             20             10            110             30             14              5              1
              1             18              5             41             69             81            110             80             33             15             76             17             23             34             52             61             21             49             85             42             36             91             44             51             66            108             65              2             88             64             28             43             32             58             74            100             95             39             79             67            103             50             26             20              6             56             35             84             59             77             73             31             60             29             82             62             53            109             11             46             30             57             22            107             94             54             68             25             38            101             83             47             97             27             92             71              8             55             96             90             87             13             98              7              3             75             99            106             78             48            102            105             37             63             45             40             24             10             93             72             89              4              9             14             12             16             19            104             86             70              1
              1             32             52             55             19             18             39             54             99             78             36            109             13             85             17             21             34             79            110             62             61             65             42            108             12             68             46             31             91             56             60              8             59             97             58             15             27             93            107             47             80             70             89             50              6             66             16             10            105             98             45             38            103              5             75             77             24             87             35             69             49             73              9             25             67             28             72             63              3              4             76             41             20             81              2             44             96             37             51            104             86             64             22             33            106             88             57             83             48             53             26             11             23             82             92             94             71             84             29              7             43             74             40             90             95             30            101             14            102            100              1
              1             25             56              4             60             84             20             96             99             35             88             64             43            106             77             89             41             57             52             63            104             86            103              2             78             55             31             26             14            110             10             18            105             94             38             33             44             46             83             61             70             36             32             71             53             21             95             98             24             42             87             69              3             91             97             72             19             30              5            109             62            102             12             40             73             15            100             93             22              7             29             34             17             80              8             81             75             50              6             85             82             51             90             13             74            101             65             66             28             23             48             16             45             39             59             27            107             47             79            108              9             58             92             11             68             49             76             67             37             54              1
              1             59             65             77             62             41             98             96             91             10             82             72             17             95             78             19             55             11            101             52             53             40             16             84             12             26             48             57              3              6             47            100             61            106             75             28              4             50            110              8             13             36             24             45             90             73             51              2             44             20             94             81             76             14             89            109             88             86             21             92             74             32              5             54            103            104             99             60             70             64            107             97             93             27             39             79             63             37             31             35             56             80             69             68             58             42             33             38            105            108             66             25             29             85             15             83            102             34             23             18             67             87             49             71             43             46              7             22              9             30              1
              1             56             43             64             46             74             60              5             47            108             50             36             70             45             81             34            101              2             91             78             96             75              3             69             76             11             16            104              8             37             72             29             97             25             82             40             48             59             24             20             92             19             89             38             55             13             98             49             15            106             53             14             80             22             71             41             39             21              9             52             28             35             26             95             57             67             58             87             68             54             90            100             30              4            109            107             94             93             10             86             85             33             51             79             88             27              7             77             18            103             61            105            102             42             84             99             31             83             73             17            110             12             66              6             63             62             44             65             23             32              1
              1             95             50             98             10             25             99             47            107             20             26             40             49             94             59             90             70             24             39             12             48              4             76             35             13            109             72             28             44             18             11             41              9            105             56             54             57            102             51             97             53              8             36             77             27             82             89             74             60             55             81              5             15             22             45             93             78             88              6             34             17              3             69             32             29             86             75             73             66             31             42             92             84             52             21             83             43             79              2             14            101            100             63             62             16             30             23             65             64            106             71            104             91             87             33              7             37             80             58             67             19             46            108             96             85             61             68             38            110            103              1
              1             54            109             82             80              6            102            108             50             40             37             15             33            104              4             16             73             61             68              5             55             28             10            100             76             11             92             67             97             21             44             57             98             63             14             32             93             72             13             18             58             81             79             85              2             91             74             95             96             12             52             20             90            106             48             86            107             62             71            103             25             64             30              8             78             45             43             60             22             38             77             75             66             51              7             89             29            110             42             84             39             99             41             31             36             94             27             87             23             56             17             83             88            101             70             19             26              9             46             69             47             49            105             24             53             34             35             65             59              3              1
              1            102             51             55             91             52              4             33             93             60             27             31              6             21             67             22             26             72             10            106              9             90            103             82             95             41             58             75             42             34             37             97            100             40             86             73             68             80             79             36             96             57             92             20             49             39             44            107             83             54             69             88             74             28             99             43             84             46            108            104             59             35             17            109             62             50             19             47            105             14             25             38             98              2             71             15             89             94             53            110             85             32             13             77              5             87             65             30             61             11            101             70             29             64              7             12             48             18             81              8             78              3             45             23             16             56             76             24             63             66              1
              1             15             84            102             49            105              8              6             14             62             13             93             43             97             51             89             31             83             36             24             98             18            100             11             44             71             79             87             25             45             41             42             66              4            110             76             54             29             30             77             39             86             60             32             56             48            103             40             85            106             94             82             50            109             19             75             59             26             47            101             96             80             78             90             53             61              2             65             27             55             33             21             92             20             70             37             16             63              3             57             74             69             68             72            104             67             46             34             12             52              7             88              5            107             58             22             81             64             10             17             35              9             91             73            108             23             95             99             38             28              1
              1             60             56            109             85             57             35             12             29             44             58             88             11             30             64             19             71             92              7             80             70             82             43             10             61             54             31             46             95             91             72             94             65              2             28             75             33            108              5             77             63             79             27             40            103             68             53             83             66             15             48              4             14             93             87             37            107              6             47             32             73            104              8             39             62             20             97             78             86             76             50             51             52             13            101             41             49             36              3             59             74            106             26             96             89             67             18             90            102             84             98             21              9             22             69             16             81             45             42             55             38             99             17             34             24             23            105             25            100            110              1
              1             71             67             16              6             66              7            102            105             61             62            107             36             29             21             60             38             31             48             98             56             87             35            104              4             93             11             52             99             95            101              8             22            110             49            109             30             12             86             53              2             42            108             45             94             69             28             74             88             27             18             72             41             20             73             78             84             40             96             39             46             59             65             83             55              9             75             77             97             26             19             17             15             47             70             14             91            106             34             24             79             37             51            100             64              3            103             90             50             44             58             80             23              5             68             85             25             33             54             92             76             89             82             63             43             13             10             81             57             32              1
              1              4            109             45             23             55             51             60             65            103              9             58              3             15             94             32             90             17             48             14             43             37             61            107             69             16             75             38             46             21             13             18             50             62             39             82             92             64             87             10             56            104             25             20             99             12             42             88             83              8             86             80             89             53              5             11             28             47             36             33              7            108             85             49            106             59             22             84             34             26             44             91            100             79            110             66             31             30             98              2             63            105             52             77             76             19             35             68             74             54             24            102             57             41             29             40             67             27             96              6             71             81             95             73             97            101             72             93             70             78              1
              1             72              9             59             41             23             96            110             66             84             94             37             28             98             33            106            101             32             61             31             54            105             18             40             16             51             20             12             75             13            107             99              8             34             25             95             17             79             42             77             27             36             19             89             21             30             10             35              5             85            104             73              7             48             86             57             46             80             92             50            100             76             64              4             24             91             11             56             55             44             62              6             69             53             22              3             52              2            109             71             78             74             26             93             82             39             83             87             70             67             49             15             14            102             90             29             43             68             88             47             58             65             81             63             97             60             45            103            108             38              1
              1             18             53             12             95             96             78            105             60             58             20             19             98             22             55             28            108             45             69             41            103             56            106             17             32              5             23             67             77             15            101             50             93             66             89              2             11             92             48             38             91             83             97             94             64             31             59            109             26            100             40             29              3             43            107            104             13             63             99             25              8             82             73             86             70            110             65              9             34             80             72             21             16             81             37              6             51             44             71             42             54              4             49             47             27             68             79              7             35             74             62             75             36             57             87             14             30             76             46             61             88             52            102             10             33             84             90             24             85             39              1
