#   START CITY:        CITY 2:        CITY 3:        CITY 4:        CITY 5:        CITY 6:        CITY 7:        CITY 8:        CITY 9:       CITY 10:       CITY 11:       CITY 12:       CITY 13:       CITY 14:       CITY 15:       CITY 16:       CITY 17:       CITY 18:       CITY 19:       CITY 20:       CITY 21:       CITY 22:       CITY 23:       CITY 24:       CITY 25:       CITY 26:       CITY 27:       CITY 28:       CITY 29:       CITY 30:       CITY 31:       CITY 32:       CITY 33:       CITY 34:       CITY 35:       CITY 36:       CITY 37:       CITY 38:       CITY 39:       CITY 40:       CITY 41:       CITY 42:       CITY 43:       CITY 44:       CITY 45:       CITY 46:       CITY 47:       CITY 48:       CITY 49:       CITY 50:       CITY 51:       CITY 52:       CITY 53:       CITY 54:       CITY 55:       CITY 56:       CITY 57:       CITY 58:       CITY 59:       CITY 60:       CITY 61:       CITY 62:       CITY 63:       CITY 64:       CITY 65:       CITY 66:       CITY 67:       CITY 68:       CITY 69:       CITY 70:       CITY 71:       CITY 72:       CITY 73:       CITY 74:       CITY 75:       CITY 76:       CITY 77:       CITY 78:       CITY 79:       CITY 80:       CITY 81:       CITY 82:       CITY 83:       CITY 84:       CITY 85:       CITY 86:       CITY 87:       CITY 88:       CITY 89:       CITY 90:       CITY 91:       CITY 92:       CITY 93:       CITY 94:       CITY 95:       CITY 96:       CITY 97:       CITY 98:       CITY 99:      CITY 100:      CITY 101:      CITY 102:      CITY 103:      CITY 104:      CITY 105:      CITY 106:      CITY 107:      CITY 108:      CITY 109:      CITY 110:     LAST CITY:
              1             15             98             31             33             89             53             64             10             37             48             52             30             74             25             21              9             26             36             72             34              5             49             17             51             80             88             16            101             12             90             60             62             41             63             58              2             50             40             79             92             43            107             39             22             76             56             29            106             66             59             77             27             44             85             86            102             97             75             96             38             20             61             81             94             23             18             46             35             91             65             95             57             82             93             67              3              6            103            105             47             13             42             84            109             78            110             24             87             11             14             68              8             69              7              4             54             71             19            100             99            108             55             73             28             32             70            104             83             45              1
              1             11             55             22             43             95              5             61            106             10             79             70             30             63             44             29              2             49             58             82             34             99             89             13             32             94              4             17             69             88             25              6             23             26              8              3             87             46             96             68             71            110             14             65             12             51             16             56             64             40              7             15             85            107             91             77            105             80            100             73            108             21             66             35             62             75             42             76             36             60             92             86             28             45             93             18             54            102             31             37             84             90             39             53             74            101            103             19             48              9             83             24             59             27            104            109             81             98             97             52             38             41             57             20             72             78             67             50             47             33              1
              1             98             13              7             15             16             75             90             77              6             70             93             58              8            110             99             66             10             14             94             62             82             42             47             20             76             54             69             56             25             23             36            109            108            105              9            102             83             95            101             84              4             24             37             81             19             92             89             86             67            104            100             22             60             61             55             48            106             33             40             68             21             64             45             88             53             72             73              5             71             43             79             49             38             27             41             12             87             39             35             51             28             30             63             57             50             65             96             11             26             80             18              2             59             31              3             46             74             44             78             85             97             32            107             52             29             34             17             91            103              1
              1             25             82             52            107             16             57            103             53             37             32             88             40             17             55             72             54             85             48             89             33              9             73             60            101             78             47             26             24             81             49             14             13             90             39            100             28            109             45             67             65             74            105             46              8              4             83             36             64             86             61              6              3             92            110             95             69             96             29             80             59              5              7             76            102             10             35             15             97             41             84            106             30             62             11             63             87            104             70             91             42             71             31             22             43             79             58             18             99             19             75            108             20             93             12             68             51             98             50             77             44             27             94             34             66             21             38             56             23              2              1
              1             31             17             87             85             34              2            109             93             98             20              3             84             50             27             90             38             82             12             16             23             62             32            101            106             45             36             86             69             43              8            105             53             71             29              4             75            110             24             66             37             91             88             26             60             59             96             56             97             89             25              7             99              5             51             70             83             15             11            103             28             19            104             55             68              9            107             42             30             67             63             77             72             46             48              6             73             41             65             61             80             14             64             58             54             40             39             22             33             52             81            100             74             47             44             92             21             79             95             13             94            108             35             57             18             49             76            102             10             78              1
              1            104            106            110              5             87             71             58             92             55             56             47             73             85             10             28             20             33             34             42             54             50             84            103             98              4            102             65             51             68             74             95             39             82             14             61             18            108             91             60             48             29             35             17             59             52              8             53             45             70             88             80             32             89             37             76             69             63             78              2              6             21             99             43             75             81              3             72             57             41             64             16             94             66             83             30             24             96             38             86             90             13              9             12             27            107            100             26             40            109             36             77             46             25             62             97             15             31             93             79            105             44            101             23             49              7             19             11             22             67              1
              1             71             41              2             18             63             86             80             73            110            105            100             24             68             47             22             11             39            107             13             31             77             10             62             92             36             55             88             53            109             37             15             58             48            104              4              9             96             46             70             74             29             17            102             82             67             42             27             35             30             33             49             57             51             38             91             87             89             28             90             59             12             72             19             61             23              6            106             78             79             43             83             60              5             95             26             21             56             69            103              3             75             93             45             64             97             34              7             85            108             66             44             40              8             94             14             99             20             76             54             50             98             52             81             32             25            101             16             84             65              1
              1             56            100             61             67             60             47             88             34            110             49             39             87             84             22             24             51             55             81             12             98            106             90             18             65             28              5             16             52             36             37            104             78             94             13             66             68             35             15             64            109             86             59             31             97             53              7             43             14             80             19             77             30             93             72             48             11             38             42             75             23             71             10             89              9             63             85             32             40              4             73             50              3             83            107             41             79             45             69              8              6             27             99             25             92             57            103             62             74              2             21             44            105             26             46             33             76             29            101             20             95             96             58            108             82             70            102             54             91             17              1
              1             48             85             13             65             96             12             40             62             25             24             71             89             88             47             93            104             45             66             30             69             17             15             63             46             51             43             28             54             82             41              9             77             38              5            110              4             36             39            106             19             59            108              3             35             73             70            105             95             26             72             10             75             80             31             16              6             94             68             18             87             79              2             49             50             57             29            102             20             64             98             81             76            100             34             27             61             84             22             67             60             14             55              8             37             91             92             23            101             11            109             53             74             32             44             33              7             42             56             99            107             86             83             78             90             21             52             97            103             58              1
              1              7              5             64             45             37            107             11             72             60            105             80             88             87             75             81             16             14             59             30             97             27             41             48             63             57             51             93             43             89             52             67             17             76             49             85            108             26             74             92             78             18             28             46             68             38             77             58             95             66             23            110             33              2             56              8             12             36            102             73             96            100              6             39             65            109             53             31             91             99             61             20             10             29             62             47             42             82             70             71             84             35             13            104             21             50              3             83              9             25            106             44             34             24             90              4            103             15             32            101             94             55             69             19             22             79             86             54             40             98              1
              1             78             50             27             25             59             63             48             23             77             73             90             72             44             71              7             16             31             65             81             37             68             87             51            102             42             13             75             46             58             83             70              4             38             60             86             64             96             12             34             14             84             24            103             89             82            109             32             53             98             18             55             66             93             99             74             54             22            104            107            108             36              2             80             92             41             91            100             88             67             45            106              8             17             28              3             19             40              9             10             49             57             62             97             69             52             29             94             47             35             21             33            110             15            101             20             11             39            105              5             30             95              6             56             26             76             61             43             85             79              1
              1             87             66             52             41             36             80             88             57             72             92             22             99             38             56             16             10             54             89             19             98             75              2             45             70             17             33             30             50             18            100             51             71             13             37             20             34             76             85             68             73             14              8             83             59              7             61              5             65             78            110             77             32              9             74             84             95             58             44             21             48              4             86             46             11            104             47             27             29            108             28              3             62             43            107             12            102             82             69             81             63             96             39             23            106            103             67              6            105             15             25             35             53            101            109             93             64             91             31             94             24             40             97             60             90             26             79             55             49             42              1
              1             77             32             89             51             84            104              8             15             61             88             86             80             19            108              2             40              6             75             85             44             55             74             98             46             42             94             53              4             49            107             41             64             60             13            103             20             62             83             27              5             28              3             69             10             79             72             18             12            105             78            101             63             73             33             50             16             29             81             91             97             92             24            106             36             70             99             23             22             45             37            109             71             31             59             21             82             95             67             17            100             26             65            110             56             52             68              7             34             39             54             96            102             30             57             35             87             90             38             66             48             76             25             93             43             11             58             47              9             14              1
              1             61             63             18             15             68             84             92             23             56             13             49             83            110             45             79             34             38             88             97             70             11             54             86             12             72             48             33             57             43             32             65              8             76            109            100             94             98             95             21             62            106             82             75              5             27             35             20             40             81             29             99              4             44             74             28             42             80             50             93             19             67             87             30             10             31             90             78              3             22             89             17              6              2            105            108             53             51             26             71             59            103             37            102             77             24             16             64             25            104             60             39             91             36              7              9             46             66             58             14             73             85             52             55             69             96             47             41            101            107              1
              1             34             23             57             95              4              9              8             15             72             65             17             38             43             50             33             42             53             44             28             40             54             85             26             70             12            106             56             18             98             97             58             55             80             73             69             22             31             86             66            101             62             32             39             47             89             51             46            107             10             19             63             90              5             41             30             75             94             29             35            105             20            103             76            104             37             92             83             64             49             78             52             67             82             87             77             16             11            100             93             81             24             96             99              2             48             27             61             13            110             79             91             71            102             45            109             68             21             88             59              6             36             25             74             14            108             84              7             60              3              1
              1             46             54             81             60             23             68             95             75             35             80             78             97             73             98             45             85            100             61             48             29            102             14             71             24             76             58             65            108             88             67             82             11             12             47             74             34            101            104             91             25             36             96              4             89             44            106             52             13             10             16             59              9             86             40            107             53             57             83             99            109             94             55            103             62            110             31             17             19             79             56             70             32             41             64              8             63             69             22             28             50              2             90              7             51              5             37             42              3             33            105             43             87             27             30             26              6             38             15             93             18             21             49             39             84             72             20             92             77             66              1
              1             29             66             34             84             86             21             92             27             55              3             39              9            104             60            108             54             45             53             18             31             93             94             99              7             72             16            110             81             38             19             67             90              6             22             35              2            103             91             95             58             76             61             47            100             46             37             69             52             88            107            109             20             42             49             97             82             10             15             11              5              8             12             78             36             83            106             68             62             13             71             74             96             79             32             41             75             24             85             87             30             73             48             26             28             89             33             14             65             51             64            102             70             59             63            101             80             98             43              4             25             44            105             40             56             57             17             77             23             50              1
              1            105             71             23            106             69             36             82             30             95             85             92             33             42             97             54             58             90             19             45             79            108              6             96             53             98              5              2             74             28             44             38             51             75             35             48            104             64             56             91             13             49              3            102             29             27            100              7             59             50             12             25             93             86            107            110             94            103              9             81              4              8             24             55             47             57             26             77             34             76             39             87             52             43             17             73             37             46             21             67            109             65             11             70             31             63             68             83             72             60             66             84             99             40             32             16             14             10             62             18             22             78             61             89             20             15             80             41             88            101              1
              1             93             28             77             95            105             64             21             59              8              4             36             75             73             44             12             85             56            103             18             84             80              9            110             15            107             97             49              6             31             72             52            106             47             30             82             60             40             79             16             99             39             94            109             23             27             86             42             51             66             24             29             57             87             13             68            100             32             26             63            104             45             89             46             17             34             69             54             78             62             25             33             81             92             98             55             90             96              3             48             11             38            101             70             74             19             71             35             76            102             10             53             37              2             91             22             43             41              5            108             50             58             20             61             65             83             88             14             67              7              1
              1             72            101              8             81             17             16             25              2              4            108            103             27             91             85            105             67            109            107             35             57             99             52             13             47             10             61             19             58             82             84             36             62             86             97             71             73             79             69             11             93             74             94             26             15             78             54             75             59             28             45             48              6              3             18             68            110             20              5             14             89             55             43             64             29             49             51             60             70            102            100             46             95             34             22             41             44             42             83             80            104             30             98              7              9             66             77             33             63             21             56             92             87             38             40             88             24             65             39            106             32             23             53             50             37             31             12             76             96             90              1
              1              6             36             10             18             91             92             14             25             50             93             24             52             99            101             12             22             66             83            107             17             80            110             74             28            105             65             30             58              7              5             32            104             79             70             40             61             90             31             45             68             42             55             73             11             86             72             85            106             46             97             98             43             63             33             77             84             78             51             75             71              3            102             13             49             94             20            108             53             34             59             35             41             81             54             26             48              9              2             15             57             69             16            100             23             21             37             95              8             39             64             96             19             87             89             82             44             76             56             88             29             38            109            103             67             47             62             60             27              4              1
              1             31             12             52             64            107             20             38             58             97             41             80             67             53              4             18             76            106              9             17             43             16             22             77             24            100            110             86             10             13             19             33            104              5             55             32            101             50             90             99             79             39             59            102              3             70             30             72             56             15             69             14             62             26             51             34             95             25             74             35            109             48             66             36             68             92             82              8             57             11             78            105              6             75             61             23             93             73             81             47             40             45             37             46             27             21             44            108             88             85             84             63              2             83             91             28             65             94             98            103             60             54             89             29             96             49              7             42             71             87              1
              1             32             85             76              9             38             65             81             82             12             21             77             47             62            101             79             45             44             64             59             43             72             84             96             97             67            104             92             14            103             52            109            102             25             80             13             39             73            107             15             89             42             16             54             71             24             28             57            100             34             31             20             70             66             87             90             33             48            105             86             40             61             50             60              8             98             46             23             83             91             36              7              3             37             63             26            108              4             74             78             95             35             75             53              6             30             49             11             55             27             41             88             69             18             68             10             19             56             99            110              2             58             29             17             22            106             93             51              5             94              1
              1             46             67            102              3             42             99            103             58            104             38             13            108             22             39             78             79             60             16            101            106             90             50             72             36             74             97             47             82             98             35             41            110             25             88              4             61             37             33             75             43              9             11             65             40             49             48             20             94             87             69             30             28             18              6             56             32             76             64              2             12             68             27             71             57            105             66             55             80             51             19             83             15             81             73             53            109             14             95             84            100             77             31              7             85             44            107             59             45             29             54             91             96             63             34             26             93              5             89             17             86             62              8             92             21             23             10             24             52             70              1
              1             20              9             45             42            105             43             53             59             69             64             97             13              8             48             27             33             39             80             76             83            110             68             77             90             23             81              4             96            102             91             63             49             85             84             88             70             71             99             82            106             11             22             25             86             24             15             46             58            107             17             65             35             89             93             67            108             98            103             34             73              2             44             30             87             40             29             19             26             12             60              6             14             28             50             10              3             75             54             21             38             18             92             79             74             32             62              7             51             57             47            101             94            109             36             61             56             16             78             31            100             52             66             55             95             72             37              5            104             41              1
              1             51             91             76             52            110             94              9             74             17             58             56             14             61             35             82             47              2             60             18             39             28             32             84            104             98            102             89             99             86             11             41             20             65             23             70             27             68             29            108             78              8              3            105             57             81             77             80              5             97             31             54             15             85             66             64             44            106             40             75             48             88             19             67             37             53             21             46             95             50              7             92             38             24             45            100             96             79             34             22             62             33             10             13             71             87             72             69             12             93              6            101             90            107             42             25            103             36             30             73             59             49              4             16             43             55            109             83             26             63              1
              1              9            101             23            109             64             19             34             96             99             76             74             98             70             11             80             38              2             86             77             83             60              5            108             50             36             54             32             61             89             24             65              3             71             26             40             20             53             35             87            110             13             14             52             57             21             47             22             59             67             27             97             81             28             29             75             15             39            100             72             90            103             48             69             95             10              6             84             18              8             94              4            102             30             42             68             56             25             92             79             46              7             66             41            105             44             17             51             43             91             78             63             45             88             31             37            104            107             16             55             12             33             58             73             82             93            106             62             49             85              1
              1            107             96             89            103             56             87             92             68             71             67             85             44             12             38              8             26            102             86             99            109            100             41             46              3             82             98             76             42             48             51             33             19             64             54             43             10             61             63             94             53             27              5             18             83             84             50             77             91             25            106            104             70             20             14             59             28             16            101            105             58             36            108             15             23             47             65             72             57             22             74             39             40             75             34             35             11              9             31             30             62             80             21             60             81             66             73             55             24             88              6             78             95             32             13             90             97             79             17             37              4             49              7             69             29              2             45            110             52             93              1
              1             94             48             70             16             44             86            107             20             95              2            105             98             31             45             43             39            100            103             15             74             52             49             11             85             14             59             76             84              6             73             65             41            101             71             18             19             87             78             91             47              5             22             67             27             92             55             46             80             57              4             32             79             33             88             64             82             17             72             40             13             12              3             51             26             35             99             34             63             36             96             38             68             89             50             69             42             66            109            108             24             21             29             90             61             93              7             30            104             77             62            102            106             83            110             97             25             28             10             53             23             54              8             81             58             37             60              9             56             75              1
              1             65             79             68             57             59             75             24             82              4             15             71             54             39             45             14             80              6             11             44             67             52            110             81             78             18             83             32             90             38             86             74             46            101            108              7              8             84             26             49            107            103             20             94             55             87            105             98             66             70             93             96             58             17             13             10             92            100             56             95              5             99             53             91             34             35             97             30             27             23             72             41             22             62              2             89             42             25             33             28             48              9             85             51             19             43            106             36             69             60             61            102            109             21             88             37             12             50             63             64             31             29             77             47             73             16             40              3            104             76              1
              1             88             77             37            110              8             12             66            109             93             26             62             46             84             40             53            100             34             41             80             28             74             22             16             50             82             23             49             73             89             72             44             99             75             95             10             87             94             30             21             45             48             98             59              5             39             25             31             71             51             91             60             18            104             17             90             69              6            108             64            102            101             63             13             11             97             81             33             29             79             96             19             56             14              7             27             76             68             42             32             20             43            107             61              4            105             38             52             78             86             67             65             70             85             36             24              3             54              9             55            106            103             15             47             58             92             83             35             57              2              1
              1            109             85             96             12             33             77             26             97            108            103              6             67             55             94              7             47            100             28             49            106             74             24             90             31             78             54            110             10             60             38             21             58             70             34             11             19             53             59             15             89             30             61             42             18             87             40             51             81             66             71             23             75             93            105             25            107             35             69             73              2            104             95             72             22             84             48             27            101             32             45             92             63             88             76             16              9             37             46             68             52             13             99            102             65              8             14             39             20              4             80             29             44             36             41             57             98             83             62             64             43             50             82             17             56             91             86              5              3             79              1
              1             73             69             28             65             75             16             89             56             96             17             97             22             30             12            103              8             94             76             51             26             71             61             34             93             99             36             21             47             50             45             44             90             83             59             74              4            107             11             27             64             53             57             43             41             58             62            105            102             35             54            104             18             95            101             23             85             84             78              2             39             20              3             86             72             14             67             40             70             77              9             29             66             46             98              7            110             55             80             19             60             49             63             13             81             68             82            109             52             31             33             24              6             32             42             15             87              5            106             38             79            100             92             10             48            108             88             91             25             37              1
              1             30            109             15             47            101             38             60             57             34             12             63             61             24             26             59             83             66             64             78             18             37             33             48             98             54             40             74             22             89             70              3             76            102             90             67             77             46             51             25             96             50             85             41             68             97             44              9              6             52             27            103             79             80             92             19             84              5             36             87             95            108             16            104             23             43             72             56             86              8             81             91             31             42             13              2              7             20             75            105             17             28            106             11             69            100             71             29            110             55             49             35             53             93             58            107             65             10             45             14              4             21             73             39             62             99             88             94             82             32              1
              1             47             70              9             33             31            105             50             71             86             51             29             64              2              8             68             94             67             77            106             13              4             21             24              5             90             66             36             53             73             44             48             58             42             55             84             59             63             61             30             62             35             56            108             27             46             76             11             83             98             57            110             23             78             26             16             32             15              7             95             10             79             91             80             52              6             81             97             12            102             37            101             22             43             54             75             18            100             41             25             88            107             92            103             45             87             28             72            104             49             34             40             38             85             39             93             82             89             60              3             65             19            109             96             14             74             99             20             17             69              1
              1            100             28             31             35             62            107             66             47             36            103              5            110             58             96             49            109             84             32             52             33            108             46             41             59             82             77             39             95             99             19             29             85            104              3             87             26             21             91             76             14             13             86             98              8             45             27             69             57             40             94             37             51             10             12             78             68             90             67             18            101              4            105              6             81             24             43              7            102             80             89             75             92              9             16             25             56             72             38             65             70             22             97             54             73             61             93             23             50             48             83             15             60              2             88             79             74             30             71             11             63             17             53             55             64             34             20             44             42            106              1
              1             41             40             49             48             65            102             34             38             54             18             82             52             46             56             30             35             86             81             23             14             64              7              4              3             57             94             27             92            105             90             70             75             13             97            107             16             50             62             22             44             51             17             96             31             19            108             66             67             85             63             74             99            101             28             77             24             93             33             59             37            100             84             53             98             21             42             83             29            103             55              9             78            104             72             87             47             79             91             95             76             15              5             43              6             69             80             61             39             12             32             36             88             10             20             89             71            110            106             45             25            109             68             11              2             26             73             58             60              8              1
              1             36             28             74             87             13            103              7             93             96             72             24             61             18             17             64             80             92             63             22             84             11             98             31             76             43             65             10             60             53              6             50             39              3             67             14             35             52            107             30             99             95             55             40             90             33             85             12              9              2             15            110             94            100             91             42             20             21             47             73             41             49            104             71             77             34             89             66             29             62             54              8             88             57             68             97            105             48             56             51             78            101             79             25             70             44             38             32            109             86              5             45              4             83             37             75             26             27            102             16            106            108             23             19             69             82             59             46             81             58              1
              1             82             17             27             81            101             26             45             86             69             39            102             68             56            105             28             43             46            109             98             85             48              7             19             11             67             75             33             62             23             44             58              6            106             13            108             80             95             79             49            107             97             14             20            100             64             63              2             37             93              8             66             21             89             84             96             57              5            110             92             73             54             16             30             52             25             60             71             91              4             61             74             55             90            104              9             94             87             15             76             65             77             78              3             42             32             10             53             18             83             35             40             72             88             24             34             70             47             41             29             31             59            103             12             36             50             99             51             38             22              1
              1             14             79             38             99             87             22             61             95             43             91             86            105             93             98             35             12             75             34             50             40             77             65            100             59             89             64             84              7             30            110             76             82             21             78             39             66             96             11             17             44             24             46             25             68             81             73            104             70            109              2             31             85             36             29             47             58             52            103            106             94             57             18             27              9              3             48              6             45             71            102              4             97             88             15             63             49             72             80             56              8             69             42             60            108             37             55             74             62             10             32            101             83            107             16             19             51             53             28             92             90             41             13             67             23             26             54             20             33              5              1
              1             20              4             36             14             87             47             30            101            102             33             68             94             46             79             74             84              8             24            104             52             97             67            106             83             55             99            108             88             34             10             92             44             18             69             50             12             53              9             39             89             56             22             96             98             32             81             65             75            100             35             13             91            105            110             31             49             90             19             41             17             43             40             58             26             27             45             25             76             73            103             62              2             61             42             95             48             82             85             21             54             60             29             28             72             80             77             15            109            107             78              5             59             16             11              7             23             57             71             51             93             37             70             63             66              3             38             64              6             86              1
              1             10             84             37             98             75             63             67              5             64             92             88             59             99             62             42             38             54             55             85             11             86             34             56             80             16             52             12             81             74              8             94             22              9             49             68             58             57             27             83             36             48            103             69             18            104             25             72             23             77             93             20             87             19              7             33             43             82             21             50             17             95             40             89             24             70            108             15              2             73            101             91             90            100              6             45            102              4             39            109            106             31             41             61             14             46             53             71             79             51             32            107             29             97             78              3             13            105             44             60             65             66             76             28             47            110             26             96             35             30              1
              1             80            102            109            100             94             42             76              6             91             19             50             54            110             87            101             33             56             81             12             96              9             18             66             74             36             63             51             26            103             27             57             52             89             13             61             32             28             68             48              2             92             93             77             20              4             83             41             38             70             97            107             75             58             34             64             72             22             88             17             67             71             40             44             99             95             29             16             45             78             98             23              7             73             25             39             37             53             30             31            108             55             46             11             59             15             24             84             47             60             69             10             43            104            105             62            106             86             65              3              5             82             35             85             90             21             79             49             14              8              1
              1             12              6             55             82             76            108             11             70             77            103             65            107             96             44             36             14             19              7             49             46             72             47             24             10             87             15             59             68             21             81             16             39              9             33             89             35            110             48             51              8             73             98             26             45             71             79              4             53             99             58             18             85             95             30             32             20            104             17             60              2             41             84             56             91             88            101             69             38             23             74             75            100            102              5             90             57             29              3             50             92             54             62             67             28             63             34             86             83             64            105             97             40             94             22             66             25             61             43             80            106            109             93             37             13             52             42             27             31             78              1
              1             76             27             80             94             90             53            102            109             25             60             42             68             22             26             72             92              8             48             17             65             85             44             63            104             24             61             86             98             59             67             71             50             81             41             75            106             95             55             46              7             58             64             69            105             54             89             23              3             36             30             91             15             74             49             45            107             82             18             96             99             66              9              6             88             35             12            110            108             29             56             11              4             19             14             84             28             43              5             20             62             37             97             87             79             57             77             32             51             40             52             34             16             10             78             47             93             38             83            101            103             31             33              2            100             70             39             73             13             21              1
              1            103              9             79             56             24             64            107             21             91             58             96            109             32             39             23             45             46              8             71             41            100             84             52             18            106             78             95              2            110             36             50             68             59             14            104             57             81             22             49            108              4             43            101             54             25             12             98             26             76              7             53             86             92             31             30             47             60              3             15             80             38             77             74             29             70             42             35             16             66              5             48             20             83             62             87             82            102             27            105             88             10             63             73             97              6             75             44             67             99             94             40             69             85             55             19             17             34             51             11             33             37             61             90             93             28             89             13             65             72              1
              1             99            106              5             32             36             95            105             92             63             28             64             82              4             55             11             88             25             77             74             91             80             43             69             14             18             83             39             81             46             57             19             90            101             12             15             51             24             97             41            102             87             61            109              9             52             84            100             16             33             13             29             22              7             72             26             86             71             68             31             34             40             44              8            108             20             65             62             53              3             35             76             50             79            110             75            107             49             23             58             60             59            103             54              6             27             85             10             48             70             42             30            104             94             66             73             67             37             96             17             89             45             78             21              2             98             47             38             93             56              1
              1             14              3             39            109             76             43            101            105             61             63             23             10             28            103             62             48             93             90             41             84             89             20             35             64             19            100             99             70             38             15             95              9             94             66             42             49              4             81             91              2              8             69             37             60             55             67             78             71             85             83             50             47             82             45             57             13            107             18             33             27             32             92             17             30            102            108             87             73             98             88             68             24             40            106             58             36             11             25            110             12             80             21             31             44             34             77              7             86             97             54             22             16             96             53             65             59              6             51             79             29             72             52              5             74             26             46             56             75            104              1
              1              8             33             80             66             27             31             56             28             17             24             49             40            103             21             91             42            108            104             65             15             41             87             68             55             77            100             10             30             95             96             60             88             70             26             90             16            106             54             99             22             47             52              6             73             37              7             38             32             11             94             43             83             25             82             76             84             36             46            109             64              3             19             93             13             61             39             57              4              9             29             51             48             72             59             44             97             92             50             98             14            105             74             85             18              2             69             67             34             45             62             89             63             12             58             20             75             71             86             78            101             23            102             35             79             81             53            110            107              5              1
              1             31             74             75             77             26             47             16              6            101             82             76             94             13             92             70             32            107             69             81             30              3             12             27             61             15             42             57             96             46             87             24             45             60             44             33             99             65             18             95             43             39            103             49            102             41             83             85             86             36             55             84             48             62             67             50             38             17             52             19             56            105             88             58             22              4             40             78             93             29            100             72             64            109             53             23             98             20              5             35             14             89              9             90              2             97             11             10             59            108             51             63             68             91             28            104             37             54             73             80              8             66             21            106            110             71              7             25             34             79              1
              1             28             89             52             92             46              6             95             38              9              4            107             94             73             77             68             74             50             90             57            109             48             61             64             32             76             91             45             47             26            110             16             22             53             33             18             72             10              7             85             65            106             69             71             24             25             87             42             70             43             96             35             86             36             17             78              5             62             59             67            104             20             14             19             88            101            105             23            108              3             13             97             83             63             79             37             54             55             56             15             84             40             11             31             75              2              8             29             98             81            100             44             21             39            103             58             51             93             49             80             34             41             99             66            102             82             27             60             12             30              1
              1             73             81             18             52             97             30             16             58             13             92            107            100              8             22              3             78             24             54             74             17             59             89            102             60             10             20             85             40             53             37             69             44             99              6             48             96            109             72             45             36             70             33             55            105            104             43             23             67             32             14             83              5             28              4             95             49             76             38             87              7             93             71             91             19             86             41            108             15             62             56             25             79             42             51             11             68             66             65             82             29             35             27             46             77            110             80              2             31             64            101            103             94             63             47             12             39             84             90             61             57             98             88              9             34             26            106             21             50             75              1
              1             90             81             18            105             94             42             72             28             41             86             56             92              5             75             37             32             84             50             49             99             97             85            102              2             30             21             47             25             57             45             59             19             73             29             91            106             96             43             98             10             13            109              9             27             23             17             55             60              6            101             20              8             51             79             95            100             39             87             68             54            103             93             35             62             70            108             61              7             52             67             89             44             22             71             78             36             66             31             46             77             12             83             64             76             80             58             14             38             69             82             88              3            110              4            107             16             24             26             15             33             74             53             63             11             48            104             65             34             40              1
              1             72             39             30            110             76             63             29             35             67             37             45              5             68             78             54             23             92              2             17             79             43            101             10             87             18            100             71             94             21             77             42             86             56             69             97             31             34             83             66             73             51             13             75             25             16             95             27             70             26             50              4             61             46             58             32            103             49             80             91              3             40            108             99             96              6             65             74             53             44            106             89             20             88             85            107             14             12              9             36            105             84             22             62             52             28            104             60             11            109              8             90             47             98             41              7             19             24             81             15             57             48             64             55            102             59             33             82             93             38              1
              1            110             78            101             43             36             56              4             10             21             94             99             77             58             81             26             69             86             27              3             37             88             44             72             29             65             93            100             48              5             12             97             64             92             47             55             89             90             17             87             96             61            108             35             32             30             82             76              7             63              6             20             14             16             22             60             45             42             95             91             98            106             52             18             79             67             28             75             15             84             73             34              8             50             57             31             25              2             49            104             71             13             70            107             51             66             40             80            109             59             19             33             23            105            103             85             39             53             74             54             62             24             46             68             83             11            102             38              9             41              1
              1             21             14             67              8             54             64            110             62            100             16             52             92             95             44             71             23             30             29             97             53             75             34             24             86             47             79             49             74              5             18             10            107             38             11             51             84             63             66            109             68            106             39             90            108              7              2             36             25             42             82             46             43            101             27             70             28             35             56             98             57             99             45             13            104             26             15             91             12             50             61             32             33             58             76             60             83             93             80             89             22             20             65             48              3             40             96             77             41             87            103              6             78             88             69             73              4             19             55             81             31            105            102             72             85              9             94             17             59             37              1
              1             88             30              7             22             57             84             81            109            104              9              8             43             14             49             85             42             83             33             75            101             74             59             32             54              6             86             63             40              2            110             50             72             16             46            107             99             44             96             18             21             66             52            105             67             17             28             68             11              5             69             13             36            103            108             19             97             27             12             58             61             79             73             64              4             91             65             39             53             10             55             25            102             94             78             51             95             38             41             82             77             76            106             34             62             71             45            100             90              3             20             29             98             47             92             35             26             24             15             93             80             60             56             37             48             70             23             89             87             31              1
              1            105             45             69             24             19             88             10             71             76            109             27            106             33             90            108             52              4             42             70            103              6             44             11             75             94             46             49             62             81            102             31             95             47             98             22             43             73             80             23             96             59             97             67             93            101             13             89             66             60            110             54             15             30             29             21            100             34             35             36             20             61             78             38             86             79             64             82             26              9            107            104             92             99             17             39             32             56             48             63             50             72             91              3             41             12             65             37             53             85              8             84             40             14             55             68             18             83             51             58              7             87             57             74             77             16             28             25              5              2              1
              1             16             24             65             44             26              3             56             40             52             99            102              5             70             27             73             47            108             21             66             17            104             13             38             85             41             15             59             61             28             55             33            107             54              4             90            101             20             60              9             12             10             53             18             51             82             94             68             31            109             37             88             32             67            106             35             43              7             95             19             22            100             62             14             11             39             69             89            110             81             76             86             25             71             58             83             34             87              6             93             92              8             77             50             29             97             64             42             23             79             80             75             63             57             45             78            103             74             48             96             46             91             84             49              2             30             36             98             72            105              1
              1             58             81             18             91             75             52             15             44             73             99              9             22             88            110             25             85             10             23            101             36             51             11            105              4             30              7             20            103             62             50             97             89             40             17             47             46             33             94             68             39             84             56             90             61             93              2             71             28             86             53             78             45             96              5             64             74             24            100             29             72             31             70            104             26             34             87             16             57             21             55             12             38             79            102             32              8             35             77             66             59            107             67             27             19             60             41              6             37            108             92             69             49             42             76             13             14            109             80             95             82            106             54             48             65             98             63             43             83              3              1
              1             35             54             76            101             21             81             73             87             25             22            104             85              5             51            103             71             60             58              7             59             64              6             20             29             43             44             57             95             12              2             70             61             34              4             55             69             33             14             63            108             13             82             46             18             16            100             94             49             92             45             38            107             90             17             24             84             37             30             32             68             39            109             86            110             75             27             50             67             97             40             19             89             88             10             72            106             99            102              8             65             96             26             80             91             77             93             15             56             83             53             79             62            105             11             78              9             23             66             31             98             47             36             48             52             42             28              3             74             41              1
              1             47             99             64             88            106             20             38             22             79              4             28             39             67            100             17             32             44             33             73             48             14             56             16             19              5             36             10             76             40            104            105             13             85             59             51            108             15             35              2             34             23             66             98             71             97             24             87             82             30             29            103             45             92             86             75             37             25             69             90            110             11             58              6             94             68             81             18             91             72             89            101             49             52             78             53            109             26             84             65             70             42             80             60             61             43              8             27             95             93             77             62             21             54             41             12            102             83              9             63             31             74             46            107              3             96             55             57              7             50              1
              1             53             73             68            105             86             90             77             39            103            107              9             64             10             41             56             87             31             72             95             42             25             99             51            108             35              8            106             13             17            101             27             65             23             59             48             62             84             14             78             44             71             70             80             16             40             57              2            110             43             12              6             46             30             88            102             97             18              3             79              4             76             49             91             36             81             24             21             63             50             98             82             11             55             29             19             93             37             92             94             61             85             28             96              7             32            109             66              5             26             67             83             45             15             20             58             69             54             60             34            104             74             52             22             89             38             47             33             75            100              1
              1             98             58            109            100             27             92            107              4             76             43             16             47             91             67             89             42             70             61              3             88             52             56             15             33              6             38             44             40            101             71             32            110             78             86             62             34             77             14             21             45             84             80             53             65             63             35            106             26             93             59             97             23             73             83             81             82             75             85             36             20             19             60             29             25             41            104             64            105              2             79             69             55             95             48             96             72             54            103             99             24             49             18             13             31              9             57             87             74             10             66              8             30             90            102             51             12             39             46             68              7              5             28             37             50             11             17             94             22            108              1
              1             87             18             23             19             43             66             75            101             54             48             41             42             90             82             94             37             98             86             36             32              9             40             93             27             65             53             20             89             52             67             60            106             14             74             79             73             77             30            104             28             58             15            108             80             34             61             88             21             29             83             47             25            100              6             44             16             95             12              4            107            109             17             35             81             69             51             91            105             11             85             38             31             96              3             70              8             13             84             24             64             45             22             55             97            110             99             10             50              2             26             62              7             92             46             59            103             56             49             72             39             33             71             57             78             68             76            102              5             63              1
              1            104             94             29              9              3             43             41             65             15             50             69             59             12              2              6              7             67             52             46             90            108             36             14             24             19             80             63             20             10             87              5            109             28             61             89             64             62             66             22            101             71             86             47            100             85            102            106             54             30             51             58             13             57             32             92             93              8             84             31             79              4            110             21             45             83             53             91             68            103             97             75             18             25             17             34             35             74             44             40             48             78             99             98             27             23             16             76             82             37            107             38             73             72             77             39             81             49             33             60             56             11            105             95             96             42             88             70             55             26              1
              1             30             28             68            101             31              4             87             22             42             37             80             78             52             32             89              6             21              9             10             33             83            103             85             76             18            100             51             14             20             98             81            104             69             29             77             84              8             60             65             92             43             95              2             23             64             36             54             53             39             79            106             63             58            108             59             72             62             99             93              5             46             57              3             25             86             11             71             67             35             74             55             38            102             49             90             82             41             50             94             48             24             61             12             56             47            105             88            110             16             73            109             34             19             45             97             26             96             75            107             66             91             40             27             15              7             17             13             70             44              1
              1             32             89             19             55             73             98             27             68             34              4             70            101             22            109             66             13             46             54             91             75             52             37              6              8             60             33             69              7             48             58             67             97             99              5             42            103             86             31             18             20             47             14             16             24             72             95            107             80             74              3            106             23             57            108            102             71             59             56             85             96             17             83             36            100            105             76              9             92             49             29             77             11              2             15             25             62             45            110             35             50             51             81             41             61             78             64             38             30             43             90             39             87             63             44             84             40             53             79             94             10             88             12             28            104             93             26             65             21             82              1
              1             69            102            100             97             49            109             25             40             22             12             80              7             63             24             67             81             57             86             84             39             16             38             23             19             34             66             14             42             96              9            101             55             48             33             36             45             56             94             53             11             72             32             13              6              4              3             74             28              2             70             41             93             15              5             88             89             77             65             54             76             64             52              8             30             85            104             91             37             47             43             27             17             78             59            103             83             79             73             26             31             60            110             68             61             21             46             99             35             20            105             29            106             18             87            108             90             98            107             10             58             92             71             82             44             75             95             51             50             62              1
              1             41             96            106             13             91            102             11             86            101             84              5             51             40             82             74             43             50             54             25            103             52             88             49             27             64              2             92             14             45             17             21             37             19             59             44              6             53             85             26             76             23             10            105             72             95             75             68             89             90             83             99             56            100             47             30              9             57             32             66             60             38              7            107             97             93             67            110             79              3             39             18             15             24             71            104             70             48             65             69             16             94              8             98             29             61             42             81             77             34             28             62             63             20             55             36             33            108             35             80             31             22             46             58             87             12              4             78            109             73              1
              1             30              2             95             27             57             91            105             98            103             36             58             31             34             16             67             14             78             88             70             59             96             25            100             56             63             53             19            107              5             26             24             55              3             22             69             73             83             99            108              7             47             13             20             93             61            106             66             10             51             43             81             11            109            104             76             18             85             44             23             54             40             38             39             35             32             84            102             77             71             29              8             68             48             49             37             80             64             72             92             52             75              6             50             94             42            101             87            110             79             82              9             60             65             89             33             74             86             46             97             28             15             17             45             62             90              4             41             21             12              1
              1             18             84             89             25             58             41             91            109             23             72             81             33             26              3             49             39             86             52             56             57             79              9             92              4             12             83              5             28             96             47             63             16             55             17             64             46            100             15             43              7             99            105             65            106             60             13             78             19             93             34             21             44             50             90              8            101             38             36             32             87             37             80             95             82             31             97             61             45             14             22             68             30              6            110             35             11             51             53             66             10            102             70             54             74              2             48             77             67            104             85             71             73             75             76             27             24             94             62             98             69            108            103             42             59             88             40             20             29            107              1
              1            103             83             50             27             74              8             28             26             17             43             21             36             15             29              6            109             52             79             47              2             57             59             22             71             40             55             53              3             64             76             13             34            101             12              5            104             30             91             14             86             45             42             24             85             38            108            110             99             19             62             95              7            105             63             35              9             11             60            107             70             81             33             80             73             23             18              4             39            100             54             72             58             48             10             41             77             32             93             25             94             66             16             98             20             78             75             61             92            102             44             49             31             46             96             97             37            106             87             88             56             82             51             65             67             84             90             89             69             68              1
              1             18            103            102             78              7             34             46             76             40             16             64             24             66             23             93            110              3             69             55              8             58             31             48             15             92             88             49             73            107             36             87             51             98             82             33             81             77              9             70             53             65              6             43             99             11             79             22             42             74            106             44             62            101             67             59             85             60             32             29             28             41             35             95             21             72             30              2             57             68             38             25             90             39              5             27            109             84             56             10             37              4             17             13             63             71             47             83             45             86             20             50            108             75             14             61            105            100             97             12             19             52             91             54             80             26            104             96             94             89              1
              1             59             18              9             83             72             33             97             29             76              7             90             96             77             41            102             46             65             88             48              5             99             23             81            105             42             44             38             80             56             57              4             45             25              6             92             47             13            108             50             53             82             89            103             31             43             64             15             94             49              3            110             84             26            104              2              8             54             75             14             28             93             63             22             87             51            107             40             86             61             24             10             85             95             73             19            101             52             20             21             74             37             66             58             36            109            100             98             34             55            106             62             91             69             12             60             11             30             17             78             71             32             68             79             27             39             70             16             67             35              1
              1            100            108             59             10             14             66             82             39             61             12             44             15             40             98             11             22             95             62             52             27             47             55             58             46             56             38             71            107             16             84             36             72             35             18             89             26            104             63            102             92             37             48             77             86            110             50             24            109             73             80             49             70             79             85             68             31             51              3             30             78              8             96             13              2             97             53            101              7             29             28             64             19             25              9             65             57            106             34             67             74             81              4            105             54             90             88             75             60             93             21             41             45            103             87             17             23             32             91             69             42             83              6             76             20             99             43             33             94              5              1
              1            109             27             89             32             61             69             99             47            108             86             57             85             94             15             80            105             43             20             25             29             60              7             30             78             52             96             76             39             97             95            102             64             49             73             83             81             62             92             53             37             36              2             98             45             13             16              4            107             40             24              5              6            100             10             87            104             26             34             22             66             54             68             56             41             18             93             17             14             19             74              3             71             50             72             79             23             28             59            106             33             77             91             42             44              9            101             58             90             12            103             35             75             88             21             70             31             48              8             11            110             51             63             84             46             67             65             82             55             38              1
              1             73             56             28            110             29             21             14             38              8              3              4             44             55            109             15             98             85             30             87             82             31             64            103             60             45             61             67             68             10             47             40             74             89             72            102             66             57             96            100             83             90             42             70             19             78             59             69              2             17            106             63             12              6             79             77             22             84             94             41             93            104             26             58             46            105              7             16             25             86             20             76             18             51             50              5             97             92             27             49              9             33             43             39             53             99             62             54            108             13             52            101             75             65             32             71             88             36             24             11             80             35             91             81             23             95             37             34             48            107              1
              1             28             25             89             69             62            107            106             42             11             79             14             39            109            104             57             18             33             38             41             13             32             83             20             46             91             35              3             73             22             87             92             61             98             29             75             85             26             95             77            108             60             49             93             43             72            103             68             94             51             63             56              2             65             74             81             45             84             19             55              8             70             76             54             96            105             66             58             47             52             31            100            101             88             21             99             67             23             15              7              6             80             53             27             71             90             78             30             86             64             97             12            110              5             34             24             82             36             40             50              9             17             44              4             59             37             16            102             48             10              1
              1              4             90            105             33             84             58            106             62             68            102             89             77             41              2             36             99             10             80             14             73             60             87             61             37              7             54             57             78             69             51             11             27             72             96            100             91             82             42             45            109            110             15             20            103             59              6             70            108            107             86             12             85             97             52              9             23             34             40             67             65             28             24             31             21             75             47             63             19             25              8             46             79             56             17             13             50             32             30             22             49             18             29             83             16            101             81             74             48             44             64             43             39            104             66             38             94             26              5             98             95             88             93             71             76             92              3             55             35             53              1
              1             67             44             18             54             59             93             21             64             39             32            105             15            106             46             12             94             26             60             77             57             37             51             58            109             69            108             92             95             61             13             55             63             47             34              5             96            100            101             74             83            107             19             88             86             52             30             40             17             28             10             24            104            103             33             27             89             25             85             11             76             43             41             35            102             56             79              3             22             38              4             53             98             45              9             50              6             36             31             81             16             90             99             87             75             80             65             70              8             97             73             29             49             66             48              7             72             71             68            110             42             62             82             14             91             23             84              2             20             78              1
              1             84             73             81             65              5             89            104             56             20             93             21              3             54             67             36             33             53             78             16             76             12             90             86             64             57             77             27             74             49             30             88            101             69             82             62             72             23             51             18             83             10             59             97             46             75            107             63             11             41              6             96            110             28            102             26              8             44             71             91             79             48             80             52            100             87             85             34             55             32             66             38             42             43             58             68            105             37             39             94             50              9             22             29            103              7             19             47              4             61            108            109             15              2             24             95            106             92             35             70             98             40             25             17             14             60             31             45             99             13              1
              1             89             39             49             85             21             58             55             72             68             62             32            106             18              9             71             45             53              5            108             75             23             10             46             17             97             73             35             80             52             77            105             56            104             20             12             24             61             86             51             41             31             78             43             92             37             28             26             60             67             74             34             48              6             84             22             25             40            102              3             94              7              8             83             13            100             79            110            101             16             54             33             65             38             90             76             64             59             69              4              2             63             27             30             87             50             93             29             57             91             47            107             98             96             42             36            109             88             11             95             66            103             99             15             14             81             44             19             82             70              1
              1             71             96             87             57             27             61             85             28             83             47             43             21             82             56             30            104             84             65             14             80             95             94             15             64             67             97              9             13             32            107             58             81             88             62             59             60             93            108            101             46            109             90             91             89             53             98             48             12            103             29             24             49             33              2             54             74             63             73             86              6             41             51             78             23             19             34             25             66             22            102            100             92            110              4             75            106             50             10             69             16             45             70             35             38             26             31             18             20            105              7              3             44             42             11             77             72             79              5             76              8             36             17             68             52             37             99             39             40             55              1
              1            110             34             88             28             68             77             56             62             63             65             81             41             54             91             87            105             33             89             53             52             37             97            104             15             14             93             99             84             42            101              3             39              8            109             50             31             74             38             27             70              9             78             23              2             21             18             92             82             75              5              4             32              6             36             43            103             46             29             44             96            100            102             58             59             60             16             64             94             11             69             80             17             79             55            107             47             40             98             48             57             19             71             26             67             72             30             83             73             90            106             76             24              7            108             61             20             12             95             51             45             85             35             22             10             49             13             66             25             86              1
              1             65             42             31            108             14             17             48             91             67             13            101             56             68             28              2             33             49             21             15             92              5             26             84             76             52            104             25             71             83              6             75             23             12             30             22              8             96             51            103            105             61             53            107             97            110             60             41             44             62              3             37            102             36             82             81             46             69             43             77             34             40             95             19             99             35             39             20              9             89             29             72             94             10             86             74             64             87             55             59            109             98             32             18             66             78             50             45             88             90             63             24             80             11             47             73             79             16             57             85             58             38             93             54              4             27             70              7            100            106              1
              1             11             43              8             63            110             67             42             54             65             86             96             72             59             47             41             31             20             37             53             32             79             38             10             95             99             62             40             28             24            103              2             80             81            108              7             84             15             25             39             76             13             29              6             71             82             88             94             18             57             44              9             49             74             73             14             12             55            105             60             35              3            101             52             22             50             87            106             93             51             90             46             45             19             68              5             89             23            104             91             98              4             85             66             48             27             75            109             77             92             56            107             30             21             33             26             34             61            100             17             97             58             69             83             70             36             16             64             78            102              1
              1             88             38             80             57             44             84            108             74             81             18             20            107              7             53             42             28             95             78             45             67             56             23            109             29             26             25             12            110             40             82             17             47             10             61             60             64             15             65              5             36             55             90             52             76             41             46             19             16             51             14            102             54            104             59             68              2             39             71             97             99              6             75             92             85             94             98             77             43             86            105            100              8              3             73             32              9             33            101             50             89             91             21             48             58             93             30             11             35             63            103             87             69              4             34             70             13             62             31             72             79             96             22             37             24             49             66             27            106             83              1
              1             12             62             79            110             46             51             31             36             54             66             85             33            101            109             90             39             56            108             32             18             15             77             29             86             71             68              7              8             49            104             75             72              2             52             92             78             40              9             53             97             21             61             91             73              4             70            107             16             98             83             43            105             63             69            102             76             17            100             99             81             82             94             42             55             87              5             44             96             64             13             95              6             93             14             22             23            103             50             20             37             58             27             89             74             24             34             67            106             65             28             60             19             88             11             25             38             41             45             59             30             47             80             57             35             10             48             84              3             26              1
              1             14             71             76             57             29             74             65             34             94              9             63             17             73              7             98             18             88             60             13             47             50             40              2             61             15             89             27             46            109             53             84             51             32             80             33             20            110             26            108             44             43             58             39             93              4             79             82             48             42             37             64            107              3             36             35             38             81            103             25             72            100             68              5             59             52             54             95             66             49              8             70             96             24             62              6             97             87            101             90             83             10             45             69             21             78             56             41             16             31             86             75             55             23            105             91             92            102             28             22             19             12             67            106             85             99             11            104             30             77              1
              1             23              4             20             76             12             24             87             32             42             68             66             57             70             19             89             83             99             84             13             82             63             52             78             27             29             17             51             31             86             15             93             47              7             45             94             21             16             59             96             69             65             25            103             79             73             10            108             90            102             62             48             30             28             50            100             88             26              6             18             38             91             40             49              9             64             14             97              3              8             43             80             37             61             56            105             34             35            109             41             58            101             11              2             74             72            104             85            110             54             75            107             95             60              5             44             36             81             33             39             22             67             46             98             53            106             92             71             77             55              1
              1             63             70             69             54             29             98             79             82             62             90             36             42             71             28             99             88             14             49             20             48             51            100             46              9              5             76            104             53             17             97             12             73             50             15              3             77             66            103            106             96             27             25             31             84             13             72             24              4             93             32             21             18             33             64             75             44             58             16             38             40             23             59             39             89             68             11             87             60             80             67             86             95            109             61             78             10             35             92             57             47             43             56              7             74             45             81              2             85             26             37             91             55            105            107            110              8            102             41             83             30             34              6            101             19             65             22             94             52            108              1
              1            106             77             30            100            109             65             63              2             32              4             28             31              3             73             75            104             64             90             87             67             46             25             99             86             19             15             13             68             94             37             34             51             54            103             79            110            107             40             50             41             60             29             45             93              6            102             42             14             11             56             84             91             27            108            105             38             95              7             81             58             96             61             70             21             57             47             10            101             52             20             53             66             80             18             17             59             48             92             69             33              8             89             83             16             23             24             26             44             72              9             97             71             82             22             39             74             12             55             43             88             76             35              5             36             98             49             85             78             62              1
              1             35             47             10             64             17             36             51             59              4             81             87             63             33             12             48            101             32             94             56              6             86             70             67             13             41             40             45            108             20              8            105             96             52            106            103             19             93             54             97              5             88             75             31             78             23             73             62             99             11             43             24             65             49             44             57             84             71             79             55             85             72              7            100             28             89             26            107             25            104             92             16             22             98             80             34             61             90              3             46             53             42             77            102             91             27             68             82             58             95             30             21             14             69             18             39             74             37             60             50             76            109             15              9            110             29             66              2             83             38              1
              1             77             89              2             39             30            107             90            100             49             26             68             74              8             78            109            103             27             93             79             61             58             82             54              6             62             25             65             84             56             72             83             99             28             13             31              5             29             47             14             59             67            102              4             10             95             55             17             42             45              3            106             60             87             57             11             48             21             53             46             35             70            110             80             52             88              9             40             43             33             15             36             20             12             18             64             81             96             50             38            101             71             75             92             19             32             51            105             85             66             63             22             37             94             91             76             23            104             73             86             34             97             41             44             16             98             24            108              7             69              1
              1             81             14             50             23             41             38             56             16             45             86             21            106             22             11              5             19             94            107             49            100             52             87             34             61             28             80             65            102             63             68             90             54             66             85             17             70             74             24             32             95             12             48             75              2             51             69             89             13            110             18             97             40             57             83             64            101             26              4             43             27             78             79             30             76             82              3             91              9             73             20             33            103             44             36            105             71             47             77             35             72             37             60             99             96             25             29             39             58             93             46             88             53             84            104              7             67             42             98            109             62             92            108             15              6             31             59              8             55             10              1
              1              2             57             14             88             45             26             70             28             89             90             46             53             11             18             96             39             44             58              6             81             20             68             10             65             54             59             93             95             69             37              7             13             67             83             87              9             64             23             91            102             35             56             60             15             19             75             98            109             74             97             47            106             82              3            101             61             63             27             92             29             73              5             77             36              4            104             32             99             40             66             76            103             41             72             94             78            110             85             79             31             86             52             80             17             50             84             51             33             42             25             48              8             22             49             21             34             12             43            107             71             38             55             16            105            108             30             24             62            100              1
              1             82             67             36             18              8             13             74             97             81             75             57             77             78            107             62            108             24             72             40             64            106             76             43             25            110             73             91             90             44             19             46             20             21             10             54             15              4             35             63              7             55             42             60             52             49             68             32             59             33             96             88             86             30              2            103             16             26             83            105             66             38             34              9              6             22             98            109             61             70             95             39            104             41             56              5             28             80             50             84             51             92             48             53             65             37              3             93             79             12            100             17             27             71             99            101             87             14             29             11             47             94             69            102             89             23             58             85             45             31              1
              1             50            107            110             97             85             76             71             84             91             67             14             21             22             52              8             44             56            109            108             55             74             37             23             36             68             79             42             29             45             82             89              9             64             99             73              7             75             53              2             93             43             32             65             90             34             38             98             69              5             19             63             80             77             12             46             48             72            106             30             26             86            102             87             61             78             57             33             17             54             62             96             24             16              4             13             60             11             94             92             51             49             40             81             39             28             18            101              6             41             27             66              3             35            100             31             95            103             88             47             58            104             59             15             20             83             25             10             70            105              1
              1             24             55             40              4             91              5             86             64             68             46             28             37            104             23             80             21             26             48             89             41             67            103             59             72             58             56             65            109             74            107             81             69             92             51             73             43             20             75             29             88             15             99              6             38             98            106             60             85             70              9             16             66            101             44             19             90             79             94             22             31            102             63             71             45              8             42              3             32            110             83              7             35            100             13             54             27             96             34             14             87             39             93             12             52             82             76             77             11             95             33             49             10             50             84             57             30             97             53             61              2             17             62             47            108             25             36             78             18            105              1
              1             92             43             36             44             45            106             21             49             72              5             83             42             84            104             51             61              8             78            110             63              2             73             93             27             75             80              6             50             19             26             58              7             38             40             67             68              9             89              3            105             71             14             12             41             97             29              4             11             76             28             91             34             82             48             59             77             57             87             86             25             55            103             95            101             15             88             23             39             85            107             66             16             99             17             79             18             62             94             24             33             35             81             52             53             74             70             47             60            100             69             32             46             10             13             22             65             98            108             20             56             96             30             31             54             37             90             64            109            102              1
              1             22             90             64             71             75             34             78             30             16             83             66             99             70             15            101             38             57             41             54             91             85             60             49             50             48             56             94              9             32             43             82              2             47             25             24             52             58             92             86             44             89             84            106             14              3             65             53             80            108             18             69             17             26             62             40             93             33              5            102             46              6             42             37             76             10             97            110             79             12             35             67              8             27             13            104             98             45            103            107             77            105             68            109             51             72             39             96             81             29              4             74             19             63             88             55             87             20             36             95             31             61             59              7            100             28             73             23             11             21              1
              1              6             55             14             83             87             41            106             46             61             84             22             18             58             52             34             62             15             12             25             92             65              8             74             71             53             26             50             49             72            110            108             64            104             95             89             45             66            102             36             88             99             57             54             70             44             81            101             35              5             33              9            109             69             40            100             24             96             42             60             29             10             32             86             13             90              4             59             11            103             82             79             21             80             19             43             97             63             91             76            105             77              7             68             67             31             38             94             48             75             39             20             78             51             73             85             16              2             93             37             30             28             98             27              3             56             23             17            107             47              1
              1             31             26              3            107             25             95             28             45            105             12             51             20             77             49             98             84            104             37             66              7             50            102             29             48             91             10             96             83             70             22             17              4             16             19             89             55             81             92             27             57             97             67             43             62             32            109             90             34             93             54              9             80             73            100             79             14             18             63              2             87            103             69             53             23             33             86              5             88            106             75             44             58             11             41             39             46             56             74             59            101             71              6             47             99             94             76             21             82             35             68             36             78             13             15             30             38             85             24            110             72             60              8             52             61             40             64            108             42             65              1
              1             59             83            104             89             33             78             13            109              2             21             97             14             50             72              6             31             34             85             88             71             38             61             28             91             64             86              5            110             40             10             37             23             58             60            108             53             46             48             87             98            100             22             42             67             56             62             55             29             12             26             43             99             15             66            106             81             94             16             49             18             51             79             36             77             57             25             93             19             68             65             75             95             27             11              7             41             20              9             44             92             69              8            107             74             35             24             76            103             84             54            105              4            102             30             70             63            101             73             82             90             80             47             17              3             52             32             96             39             45              1
              1             19             93             35             48             45             71             57              6             18             65             82             30             38             62             26             23             63             17             39            106             83             51             76             85             96              3             75             87             91            107             27             74             68             47             24              9             46            104             92              4             64            100              2             12             89             97            103             81             80             49             34             37             60             84            101             61             73             32             95             55             90              8             20             25             94             58             66            110             52             40             43             14             70             54             22            109             78            105             10             50             79             53             56             67             33             99             21             41             11              7             44             16            102             13             36             72             69             59             98             42            108             28             31             88             15             77             29              5             86              1
              1             24             10             95            102             97             62             55             83             47             25             91             27             40              6             65             63             66             36              9             57             54             60              8             12             93             94             78             21             35             45             90             81             56             80             43             67             99            101             88             38             82             70            110            109             50             64             31             18             28             53             15             89             52             37             61              5             51             23             85             77              3             17            103            107             16            108             34            105             41             84             20             68             48             87             29              7             33             59             98             39             86             14            106              4             73             22              2             46             96             49             74             30             71             72            104             92             76            100             11             26             69             44             32             58             13             79             75             19             42              1
              1             71              3             41              9            103             69             94             82             85             39             70             80             65             67             17             46            109             40             64             11             72             20             83             87             13              2             78            102             95            106             96             66             24             79             37             56             76             31             50             75             18             89             22             45             30             62             52             32             16             34             53             58            110             51              4             35             68             99            105             60             98            108             74             97             33             48             42             61             47             57            100             36             44            107             10             84             12              5             26             49             27             21              8            104             77             81             93             25             15              6             43             63             90             54             14             86             28             88             38             73             92             59             55              7             23             91             19             29            101              1
              1             20              3             91             38             95             94            105              5              8             21             75             55             49             73             30             80             50             82             46             90             58             59             19             15             40             16             24             57            106            109             17             89             43             66            104             70             12             47             27            107             51             33             35             74             87             92             13             23             52             98             39             34             26              4             63             93             36             29             65             14            100             79             86             71            108            101             72             96             85              6            102             88             67             84             61              7             76             81             56             31             78            110            103              9             53             41             83             64             97             68             45             77             22             44             37             18             60             99             42             11             32             48             69             54             25              2             28             62             10              1
              1             50             48             54             56             87             60             58             99             41             25             62             79             75             98             40             21             84            109             32             26             82             47              7             34             35             51             61             22             95            100             71             30            108             78            104             53             72             64             19              6             20             49             81             86             55             76             69             10             73             14              2            103             65             92             88            107             15             66            102             94             11             16             43             28             33             77              5             18             74              8              4             29             23             44             38             17             27             96            105             67            110             85             93             83              3             13             46             37             70             91             80             31             57             59             52             12             97              9             42             36             90            101             45             68             24            106             89             63             39              1
              1             58             61             11             40             14             92             52             83             25            109             29             66             91             89              7             50              8            110             36             35            102             21             90             82             94             88             79             20             37             10             28             43              5            103             77             70             26             62             16             71             60             54              3             33             13             55             87             96             85             27            105             51             68             75             18             45             47             67              9             93             98            101            100             53             69             31             74             63             81              2             56             41             48             12             24             42             72              4             86             30             46             64             23             80            104             78             32             19            106             34             84             97             49             15             44             65             38             59            108             22             57             39              6             95            107             76             73             99             17              1
              1            107             72             89             50            110             14             57             82            109             46             48             44             64             97             26            101             45             49             92             71             61             56            105              6             62             98            103              9             36            102             10             91             99             95             28             22             31             32              5             54             18             79              8             43             76             34             25            106             19             58             39             96             47             80             77             75             73             86             87             11             17             85             12             29             74              2              3             88             13             83             23             51             21              7             35             66             15             33             52             84             42             38             65             81             93            104             41              4             68             24             16            100             78            108             30             59             40             69             53             27             60             94             20             37             67             90             55             63             70              1
              1             45              4            108             35             39             98              7              8              6             15             96             31             94             91             44             62             16             53             36             68             38              9             21             19             78             13            101            105             61             24             86             33             17             66             14             97            102             25             28             75             20             85            103             67             12             43             18             64            106             76             27            109             99             41             60             32             23             79             92             55             70             48             73             69             74             46             29              3             37             52             88             93             51             80             40             22             77            100             83             84             42             49             95            104             57             30             50             65             34             87            110             59             82              5             10             26             81             56             11              2             47             71             90             54             89            107             72             58             63              1
              1             93             58             51             37             97             60             14            104             47             83             25              8             15             46             49             36             23             74             75             26             33             11              5             41             40             71             34             20             87             55             35             64             57             21             86              7             72            109             73             50            108             67              9             85             42             90             22             63             32             62             52             88             29             76             59             56             69             96             91             19             54             17             28             79             45            101            105            102             27             61             89              6              3            106             80             30             78             98             77             99             31             13             82             10             81             84             48             70             39             66             53             68            107             16             92             12              4             65             44             95            100            110             18             24             43              2            103             94             38              1
              1            106            100              2             81             96            107            104              3              4             23             56             52             78             34             12              7             42            110             11             71             94              6             17             26             76             59             69             30             18             87             20             73             44             15             47             19             86            105             66             92             67             58             14             25             72             13            109             74             93             97             82             40             77             85             60             63             24             33             46             49             65             57             62             37             55             22             51            103             79             39             32             54             90             29             38            101             68              5             43             61            102             28             10             36             75             48              9             80             41             99             16             84             88              8             89             27             21             31             98             50            108             45             91             70             95             83             35             53             64              1
              1             92             77             55             97             73              6            101             13             84             53            104             81             76             87            102             34             95            110             63              9             30             98             45             96             56             26             49             57             38             25             50            107             58             16             46             71             29             54             48             62             68             75             90             40             72             22             44             89             18             42             91             64             47             35             28            106             70             86             19             93             99            109             10             79             39             43             85             51             41             74             31              7              2             12             88             65             82             33             66              8             67             20             80             23             52             36             27             83             69             78            103              3            105             94              5             61             60             32             37            100             15             17             59            108             24             14             11             21              4              1
              1             59            109            103             32             12             78            105             56             74             66            108             81             67              8             37             79             89             10             58             52             50             15             82              2             88             62             92             36            100             11             23             71             27             39             64             99             34            104             65             44             41             28             86             38             73             85             77             26             55             80             72             31             95             90             69             18             75             96            106             68             60            110             45             16             93             48            107              3             24             20             25             63             21            102             17             61             14             76             35             13             46              6             42             83             43             47             22             54             40              4              7             51            101              9             19             70             84             98             49             97             87             53             57             30              5             33             29             91             94              1
              1             82             51             97             66             17             72             79             87             26             84             81             28              5             85            100             21             52             43             44             23             25             94             62             38             68             56             48             92            108            107            104              4             78             13             40             67             83             75             30             69             90             70             89             47             37             19             95             80             91              7              3             61             57             35            110             10             16             41             88             46             59             65            106              8             77             18             64             63             50             34             20            109             58             33             11             73             27              6             93            103             55             96             74             32             86             99              9             14             31             15             54             76             29             71             45             53             60            105             24             12             36             42              2             49            102            101             22             98             39              1
              1             54             70             22              6             81             92            108             85             48             31             46            100             42              7             75             83             80             66             99             72             68              4             90             10             17             23             82             71             86             35             89             76            101             50             62             15            103            106             52             25              5             43             61             24            109             59             27            105             34             94             95             78             16             20              9             28             49            104              8             36             58             57             93             21             51             41             12              3             56             29             88             39             11             65             96             37             60             69             63             53              2             14             47            102             13             44             26             87             97             77             74             91             79            110            107             45             32             40             30             98             33             38             84             73             64             55             67             18             19              1
              1             10             98            110             88             35             68              7             19            108             54             77             48             99             79             96             21             52              2             61             58             91             31             95             23             80             50             57             25             69             16             33             93             76             53             74             30              3             32            109             71             92             72            105            100             84             86            103             83             18             70             67              9             15             89             43             13             34             65              4             73             56             81             44             87             14             90             42             97             11            106              6             24             78             66              5             60             37              8             45             29            104             75             64             38             82             28             26             12             94             63            102             51             39             17             49             22             59             62             27             47             40             41             55             85             20             36             46            107            101              1
              1             54              5             80             25             11             57             45             47             17             97             46             87             29             68             96             93             61            102             88             92             30            110             60             74             90             89             40             58             67             83             99             37             98             12            107              2             43              3             27             78             28             55             34             33             71             82            101             31             86             42             18             94             26             36             75             23             51             14             72             22             66             69            108            109              8            106             63             41             19             52             73             21            103             48             77             59             10             15             32            105             79             38             49             56             70              6             76             85             24             81             62              7            104             65             95              4             53             64             13            100             35             39             91              9             50             84             16             44             20              1
              1             68             67             10            110             99             43             25             19             61             85             37             14             13             59             93             71              2             56             47            108             18             82             77             76             11             16             29             86             64             51             39             87             84              7             40              4            106             46             44             32             62             81             83             30             53             66              6             17             72             52             75             69             31             54             22              9             98             65             58             21             27            109             38             41             92             73             89             74            101             42            105             50             12             24             35              5             15            104             60             90            107             79             23             78             28             55             96             33             57             80             20             63             48            102             70             95             36             34             94             97             26              3             88             45            100            103             49             91              8              1
              1             44            109             80             30              4             78             40             52             36             56             60             18             61              3             47              7             99             97             26            105             88             87             75             20             19             17             39             55             13             85             23             34             11            104              6             24             65             46            100             69             90             67            102              8             12             51             82             83              5            107             16             14             81             74             96             79             37             98             57             86             64             95             63             31            108             22            110             50             66             70             89             27             38             93             35             92             76             62              9             84             94             28             71             73            101             32             15             49             10             45             42             29            106             72             91             68             48             25             59             43             21             53             77             54            103              2             58             33             41              1
              1            105             83             58              3             18             32             69             11             84             72             71             38             10             22             59             86            106            103             87             64             56             45             73             36             68             77             75              6             78              5             46             40             49             29             65              9            108             53             42              8             44             79             96             94             74             35             27             54            110             37             70             47             97             17             98             34             15             50             99             14             33             89             23             67             31             81              4             95             62             43             48             60             51             52            104             55             24            107             21             85            102             63             92              7            100             19             20             57             13              2             41             66             80             28            101             90             12             91             39             30             16             93             88             26             76            109             25             61             82              1
              1             80            107             43             35             55             88            104             23            101             33             82             67             76             97             75             95            103             30             78             69             31             18             71              3             51            108             89             25             29              8             60             17             86             21             84             54             19             58             49             83             98              6              5             96             13             12             79             62              7             38             56             66             64             92             72             87             99             57             22             94             47             34             16             40             37             26             39             24             36             53             20             74             73              9            106             50             68              2              4             85             42             11             65             10             63             90             91            110             52             28             32             27             14            100             45            105             70             44             81             15             46             93             59             41            109            102             77             48             61              1
              1             66             87             19            100             26             58             79            103             60             31             75            104             54            109             77             85             10             74             51             91             44             59             21              8             33             47             71             94             48             27             41             52              9             89             22             72            106             40              5              6             50             39             99             69             81             15             23             83              2             17            105             20             68             36             63             32             53             16             73             96             56             35             25             14             98             95             28             37             12             80              3             92             93            110            102              7            107             76              4             30             43             13             34             67             97             24             46             65             42             61             38             64             86             29             88             78            108             82             62             11             18             45             57             90             84             49            101             55             70              1
              1             46             25             69             61             11             96             22             15             10             39            105             50             99             70             62             75              7             82             54            103             14            109             59            107             13              5             27             98             77             28             49             37            102             31            100             17             52             16             97             74             29             47             30            106             40             81            101             60            104             94             51             58             76             92             63             23             71             45             67             56             32             89             73             95            108             42             68              6             44             48            110             66             90             64              2             34             36             88              9             12             87             86             55             84             38             26             35             72             85             19             53             80             24             93             78             91             43             33             18             21             41              4              3             79             57             83              8             65             20              1
              1             84             94             62            110            105              9              7             23             92             38             26             35             88             89             68             72              8             31             95             73            107             69             96             41             57             25             16             29             32             66             33             79             98             76             11             61             53             48             64             97             70              3             65             39             45             93             55             85             37             75             28             77             18             44             51            104            109             49             20             54             59            106             14            108             78             83             36             50            102             52             15             63             34             56              5             91             99             80             12             10             19             71            103             42             67             58             60             87             86              4             43             22             30             24              2             74             27              6             90             17            101            100             13             40             81             46             82             47             21              1
              1             22             89             35             49             14             79             53            101             46             54              8             73             72             40             98            100            103             20             82             36            109              9            102             67             34             44             88             64             50             32             62             42             26             60             76            110             33             74            105             45             86             27             18             93             83             48            106             30            104             66              4             58             94             84             12             97             61             15              2             10             11             43             78             37             95             39             70             17             96             87             63             31             38              6             23             47             59             69             91             85             19             52             80             92             29             71             57             77             56            108             13             51             16              5             90            107             41              3              7             24             99             68             65             25             28             81             21             75             55              1
              1             32             14             87             63             64             54             27             80             52             85             65             96             42             50             89             46             39            107              5              3             92            104             74            105             30             72             35             40              2             20              9             37            108             41             29             38             70             99             33             12             36             10             78             91             48             51             86             16             67             88             76             22             95             24              6             68             83             66             34            110             73             28            106             98             84             49            109             43             26             47             56              7             25             23             71              8             15             81             58             82             93             31             45             59             79             13             11            100             17             75             53             60             90            101             18            103             77             69             97            102             94             55             44             57             19             62             61             21              4              1
              1             38             66             28            104             36             78             69             45             21             42             80             32             49             22              3              8            100             58             62             20             87             37             83             79             89             75             30             57             41             72            110             51             24             60              7             25             48             14             67             55             13             98              6             27             93             77             73             82             63             97             86            108             50              9             44             31             18             59             99             19             92             64             40             10            102             34             90            105             53             81             74             70             35             26             52             17             11              2            103             61             84             46             12             95            109             85              5             23             47             76            101             33             16             65             56             15             43            107             54             94              4             96             29             88             71             91            106             39             68              1
              1             21            102             50             76             54             93             33             36             89             66              6            107             74             11             46             75             67             69             58            104             38             65             84             27             62             98             25            100             15             94             17             16             34             92             78             68              2             71             20             28             79             99             42             29             40             37             39             77             23             96             60            103             73             70             18             85            101            106             32             10             97             56            105             13             35             49             80              8             48             22             30            110             86             64             59             52              5             63             95             61             88             44             57              9             91             82             51             43             90             72            109             87             14             83             31              3             41              4             47             45             81             24             53            108             26             19             12              7             55              1
              1             24             17             13             88              5             79              3             10             36             67             66             11              9             25             45              4             95             47             64             82             37             35             86             41             89             32             93             18             60             51             81             52             40             73            106             15             76             39             96             98            105             69             31             57             48            104             26            103             91             99             74             80              2             21             23             70             28             43            101             53             58             27             59             62             20             78             14             90             87              7             68             61             29             92             50            100             19             46             56             49             34             16             85             44             71             42            108             30             55             94            107             54             83            102              6             72            109             63             12             77             75             97             84             22            110             33             65             38              8              1
              1             69             59            108              3             54             80             27             53             29             32             16             26              8             45             46             91              5             41             17             18             51             96             15             42             63             89             11            106             94             99             39             76             47             73            107             86             33             56             13             35             38            110             84             12             30             71             67            102             79             83             48             14             81            103            105             58              4             55             36             95            100             64             61             78             62             74            104             57             34            109             22             20             52             21             19              6             25             40             88             70             87             66             93              9             23             75             98             43             60              2             85             44             72             10             31             50             65             90             68             92             28             82              7             97             37            101             49             24             77              1
              1             96              2             15             23            106             60             39            105             54              9             77             48             22             42             38             25             93              6             91             18             43             80            110             55              5             24             72            104             89             34             75             45             11             52             65             47             14             81             61             17            100             28             21             84             13             49             35             20             99             58             69             16              7             82             83             51             30              8             56             53             29             46             44              4             71             36             79             10            103             12             67             70             27             19             41             66             95             57             59            109             94             32             86             63             73             68            107             62             33            101             92             31             26            108             98             76              3             90             50             64             37             88             97             85             87             78            102             40             74              1
              1             72             11             14             63             10             44             80             35              9             20             21             94             60             40            100             36            107             55             16             61              4             37             75             29            109             58             28             65             59             18             67             98             47             64             62             24             33             81             71             91              8             85              7             46             78            106             70            101             31             95             48             15             68             84             52             51             96             17             38             77            102              5             87             90             25             97             53              2              6             19             93             26             42             82              3             83             69             13             49             66             92             43            110             56             39            105             34             99             50             76             22             89             30             88             79             23             45             74             41            103            104             86             27             73            108             12             57             32             54              1
              1             40              6             83             99            102             12             47             28             85             62             60             45             71             74             76             50            106             48             11             75             66             82             58              7             69            109             34             26             94            108             57             88             14             27             51             79             13             63             93              3             33             17             61             95             87              9             49             39             35             29             86             90            103             78             43             10             36             84             44             98            101              4             31             25             18            105             67              2             70             21             96            110             64             46             41             42             19             52            100             20             65             24             92             72             53             73            107             30             56             97              8             91            104             80             32              5             15             68             81             16             77             38             37             22             54             59             89             23             55              1
              1             49             35             46             10             37             91             24             40              3             47             38             88             16             89             34             80             73             33              9             90             58             56             27             72            108             65             41             12             19            100            105             87            106             26             76             21             11             81             79            102             59             57             50             92             36             52             82             29             18             42             51             78            103             69              5             43             20             25             68             62              7              8             15             99             96             84             22            107            104             74             71             67             75             60            109             45             95             85             13             55             53             61              2             32             28             39             54             23             31             86             77             48              4             98            110             44             93             17            101             70             97             30             64              6             83             66             14             94             63              1
              1             48             52             53             40            105              4             90             95            102             42             58             21             77             15             74             78             20             41              8             69             45             67             68             25             23             64              3             51             44             39             91             59            103             61             34             66             83             50             80             26             76             81             62             30             99            107              9             19             72             37             97             89             75             12             11            101             70             94             13             43             46            109              2             33             56             57              5             79             28             10             54             86             18              6             27             29             24             60             85             98             32            100             22             93             87             35             31             84             49             71             73            108             88             38             55             92             14            104              7             47             65             16             96             63             82             17             36            106            110              1
              1             80             11            104             48             96             34            102             97             16             77             99             95             49             85             61            107             60             29             10             93             82             81             22              9             40             68             64             76             89             45             94             69             72             23             63             92             70             28             43             32             66             44             25             31              5             86             46             17             74             30             73            103             37             67              8             58             55             62             12             75             18             38            109              7             42             83             14            106              2            110             50            101             65             21              3             91             36             56             90             71            108             13             59             54            105             19             20             98             53             78              4             39             26             52             47             15             24             35              6             79            100             88             57             51             87             27             84             33             41              1
              1            103             56             20             79             40             31             34             18             75            110             49             59             39             97             30             86             23             55             37             14             42             51             48             11              6             36             78             67             47            107            102             73             26            109             45             72             92             71             24             54             88             84             50            108             12             74              2             77             44             61             91             21             43             98             65              8            101             87             60             32             89             83             85             17             69             96             58            104             22             38              5              4            100             76             28             80             63             33             70            106             19             10              7             57             68              3             53             27             25             90             52            105             13             64             15             81             46             16             95             29              9             82             94             66             93             35             41             62             99              1
              1             53             61             71            107              7             46             28             32             15             52              9             56             83             55             51             35             14             94             59             40            110             17             49             86             22             68             24            105             50              2             99             13             43             92             54             96             74             45              8             37             70             38             29              5             48            103             89             47             25             27             97             77             64             18             39             73             34             16             88             90             58             30            100             60            104             11              4             20             91             87             95             85            108             98             82             67              3             65             23             19             93             69             42             80              6             78             75             57             33             10             36             26             63             12             66             41             44             81             79             62             76             84             72             31             21            101            106            109            102              1
              1             91             65             81             20             16             17             77             82             40             66             15            104             61             32             50             27            106             51              5            110             11             93             33             29             92             22             69             89             12            101            108             95             54             75             28             74             58             57             34             24             44             72             14              3             43            102             84             98             23             55             52            105             62              2             41              9             87              4             36             86            103             45             71             37             80             26             10             46             85             56             83             64             88             13             42             90             94             68             96             21             39            109             49             18             97            107             67             63             30             60             70             78            100             38              6             48             59             35             53             99             76             31             47              7             73              8             79             25             19              1
              1              6             43            103             82             79             92              4             27             35             62             68             55             26             20              8             23             50             61             95             89             80            106             39             13             34             86              2             67             60             47             36             45             84             11             12             17             75             19             69             14             77             53             46             74              9             28             54             29             91             37             52             40             48             83            110             58             38             41             70             32             49             44            101             16             24             94             25             10             88              5             42             51            108             85            105             56             96             87             33            109              7             64             22             81            102             93             31             76             57             66             18             15             97            107             63              3             78             30             21            100             71             90             59             73             72             99             98            104             65              1
              1             10             25             52             96             59             18              5             31             49             23             77             83             91             43              2             47             44              9             12             88             28             66             99             24             53             27             35            108             79            109             33            103             54             76             29             22              4             55            104             36             67             95            106             60             72             46             57             68             98             92             89            101             82             62             30             65             70             61             73             20             80             11             26             85            102             40             81             51             38             94             58             71             21             39             63             87             42             32             45             13             84             78              7             74             75             16             86             69            105             93             97             17             64             37             48             14             90             19            110              8             15             56             41             50            100              6             34              3            107              1
              1             10             95            103             30             23             83             77             36             45             12             66             38             40             86             99             94             47             52             53             37             42             28             91             21             51              8              7            110             92             11             26             73             31             20             35             61              6             19             13            101             27             29             97             44             22            109             16              2             80             93             33             96             18            106             32              9             88             64             76             78             54             60            102             24            104             48             57            105            107             79             75             84             81             62            100              4             14             89             98             85             74             25             72              5             65             90             70             69             46             71             55             43             63             67             15             50             56             59             41             58             82             17             68             49             34            108             39             87              3              1
              1             18             51             25             62              4             75             64             29              3             34             35             52              8             48             21            103             41             45             99             61             80            100             73             14             16             49             78             50             22             60             36             32             17             97            106              5             90              7             38             20             46             44             47             40             81             13             55             93             76              6             12             15             87             23             30             27             84             92             95              2             83             85             86             10             82             53            108             43             74            107             59             65             69             58            104             79             33             11             39             70            101             88             67             91             89            102             63             96            109            110             94             42             31             28            105             66             72             37             68             24             71             26             57              9             19             77             98             56             54              1
              1             42             90             47             20             48             22             98             63              3             46             27             95              8             60            102             74             99             45             49             89             33             19             28             75             16             55             97             82             79             25             36             32             34             86             93             88              5             87             39             92             69             26             71             13             66             61             68              6             44             11            100             29             35             43             65             67             83             59             72             57             50             76             40             73              2             54            108             21             84             81            104             31             94            106             41             91             85             56            101             12             24              9              7             18            107             37              4            105             15             53            103             52             78             62             64             17            109             10             96            110             51             30             38             23             77             70             58             80             14              1
              1             32             25             36             92             17             20            102              9            105             81             83              2             49             23             91             88             10             16            106             12             71             55             65             87             94             54             75             41             31             40             64             76             24             61            109             58             14             62            108              6             98              5             84            103             44            101             99             39             59              8             70             47             56             79             37             42              4             74              3             33             45             80             52             57             73             29             27             43             89            104             35             78             38             53             72             77             97             51             26            107             50             48             90             95             46             69             18             15             13             82             96             68             86             34            110             11             63             60             22             19             66            100              7             28             67             85             30             93             21              1
              1             59             17             77             12             75             65             14             35             94             52             93             15             40             62            107             30             97             26             44             53             34              9             50              3              8             22             99             27             72             92            102             86            109            106             19             20             39             74            101             37             43             81             36             38             29              6             42            110              4             13             69             90             83             68             60             79             95             23             28            103             54             87             25             10              7             56             21             58             73             33             57             96             67             47             66             85             45             24             98             80              2             49             76             51             88             78              5             31             91             11             41             61            108             84             63             71             64             89            100             48            104             82             16             18             46            105             70             32             55              1
              1             32             80             10             75             72             92             27             57             48             18             63             29             77             21             36             12             65             66             13             71             41             43              7             17             61              2             84             53             51             97             81             60             79             26             46             68             34             28              9             85              8             73            101             11             90             50             87            102             69             67             56            110             44             14             83             24             93             58             98             82             37             94             49             30              4             19             76             40            107             47             35             31             45             74            108             52             15             59             78             33             25            106             70             16            105              6              3             91             54             38            104            109             22             95              5            103             62             42             88             55             64             89             20             23             86             99             39             96            100              1
              1             38             43             73             20            108             77            107              9             69             61            110             83             54             91             32             10             18              2             56             16              3             22             93            109             90             21             26             12             87             44             30            103             57             33              4             66             47             40            105             39             53             78             52             96             23            102             74             60             13             17             64             34             14             71             84             11             89             51             79             29             42             28              5             97             45             95             55             88             94             48             50             35             36             41             31             59             85             46             80            101            100             68             27             24             65             75             98             62             15             58             63            104            106              6             86             70             76              7             37             49              8             67             19             99             72             92             82             81             25              1
              1              4             92             84             34              8              5             71             33             72             43             37             42             22             31             54             20             95            105             10              7             14             74            100             65             28             15             99             89             40             86              6             13             58             27            110             38             80            103             75             12             19             52             88            108             67             46             21             18             35             81             62             55             98             29            101             77             76             60            106             23             30            104              9             49              2             90             11             82             59             41             47            107             79             51             69             73             87             53             96             17             24             26             70             16             64             68             36             97             50             63             91             66            102             25             56             83             39             61             57             32             48             44             45              3             85             78             93             94            109              1
              1             86             53             51             66              2            105             91             87             46            101             31             62             93              9             99             45             61             58             27             89             64             90             41             42             83             54             38             56             52             84             81             12             97             94             59             28             34             63             57             32             22              6             77             76             40             65             43             33            106             26            110             16             67             92             18             29            108             50             72            104              5             20            102             80             55             37             47             24             98             75             88             70             48             78             74             15             49             44              3             13             17            100             68             23              7             95             25             96             14             85            109              8             79             71             82             39             11             73             69             21             36            107            103             19             30              4             10             35             60              1
              1              4             16             29            110             63             74             60             95             83             51             72             26             32             36             93             89             75             23             31             46             82             14             40              7             58            100              2             45             25             94             90             34             84             73             80              5             43             48             77             81             27             21             59            101             20             88             86            102             33             85            105             37              8             55             52             67             64             42             53             47            107             10             35             44             19             38             78             66             18             68            108             71             13             22             41             69             65             79            106              6             97              9             12             91             76             92             99             70             49             11             17             50             15             56             54             57             96             24            104             62             30            109             28            103             98             87             61              3             39              1
              1             88             98             99            106             90              4            107             54             78             18             79             82             87             22             91             37             96             77             84             68              3             85             30             57            104             32             20             24             59             48             94             61             15             14            105             80              9             29             39             63             45             17             21             89             93             69            108             73             70             95             33             16             46             41            101            110              7              2             27             13             62             81             75             23             35             76             52             83             31            103             40              8             86             49             28             51             34             47              5             92             55             26             64             58             67             97             60             10             19             74             72             66             53             11             38             65             12            102             56            109             43             44             36             25            100             42              6             71             50              1
              1             71             96             68             32              8             85             81             78             57             45             34             51             39             35             29             40             30              3            106             98             50            103             36             80            105             74             62             41             97             95             94             59              7             60             37            107             18             31            104             54             64             84             63            101             77             26             70             73             38             87             56            109             58             47             88             90             91              9              6              5             43             92             72             52             11             55              2             48             27             28             53             82             66             86             75            100             46            110             42             23             15             20             12             19             25             93             99             10             14             65             16             79             21             76            108             13             33             44             69             89              4             49             83             24             61             17            102             22             67              1
              1            105             27             77             31            103             63             14             50            100              8            106              6             44             92             46             38             83             61             80             25             57             49             47             12              5             20             41             68             90             78             37             69             84             11             56            107             23             62             10             55             73             18             89             64             95             16             52             98             42             96             36             93              4             53             99             34             30             32             81              2             28             79            108             72             88             71             51             91             65            102             17             75             19             74             67             35              3            109            101             45             48              9             82              7             66             40             26             13             21             94            104             58             59            110             43             76             29             39             15             33             87             70             85             97             22             24             86             54             60              1
              1             57             62             60            106             66             84             74             78            107              8             99             36              6             90             20            109             34             82             67             97             10             83            101             77             70             79             48             39             11             76             51            108             63             64            102             29             71             80             21             49             94             32             55            100             98             75             12             81             92             45             87             96            105             85             27             19             15             69             44             86             89             54             33             93             68             91             38             22             18              4             31             25              2             26              7             30             24             73             47             72             95             17             58             41             37            110             42              5             35            104             16             61             88             52             59             53             50              9             46             40             56             65              3             13            103             28             43             14             23              1
              1             88             43             69             40             14             73             16              5             64             49            107             91             78             54             93             35             87             85             42             45             77             46             80             97             26             53             59             70             99            103             33             81             55             52            105             79             19            110            100             17            108              7            104             86            109             31             23             50             62             47             56             72             21             94             84             41             82             32             25             34              4             10             76             48             75              8             83             65             96            101             71              9             15             67             39             60             74             18             89             98             24              3             63             44             61             37             57             29            106            102             13             11             58             27             95             22             66             90             28             51             68             38             20             30             36              6             92             12              2              1
              1             76            109             50              6             60             74             47             81              5             42            107             13             16             58             26             21             52            105             44            101             27             98             24             29             20             91             53             78             84             94            100             30             82             14             96             31             62              2             73             79             54              7             92             55            103             19             83            110             57             48             99             51             70             41            104             43              4             11             90             33             86             37             18             75             25             49             12             89             35             93             22             88             56             39             69             85             46             95             32             97             15              9             65             36             71             28             17             10             45             67            108             59             64             80             72             23             61             77             40             87              3            106             38            102             63              8             34             68             66              1
              1             41             68             49             73             95             82             28              9             31             22             70             47             58            108             43             67             71              2              8             54             17             38             97             21             48             39            105             27             32            104             50             51             23            103             57             87             25             72             42             89             81             61             90             44             34             78             69             85             79             13             24             77             37              4             96             63             86             84             14             16             80             11             29             53              6             52            102             76             18             40              5             15             98             64             20            110             93             83             55             92             59            106             66             35             19             94              3             36             88             75             12            101             26             56            100             10             33             65             60             45            107            109             30             91             74             62             46              7             99              1
              1             32             18             26             64            109             54             93             25            106              6             46             43             24             56             91             14             76             95             47            108             55             71              4             42             17             92             37             30             73             15             72             39             88            104             16             78             38             22             36             29             81            110             28             12             96             97             11             19             90             27              3            103              8             99             83              9             20             66              5             57             85             62             51             74             94            102             89              7              2             13             34             58             59            101             10             68             41             60             35             70             65             40             21             50             63             98             48             86             44             77             87             84             79             82             31             33             45            100             52             49             61             23             69             67             75             53            105            107             80              1
              1             73             70             44            104            103             57            105             72             61             65             12             33             50             60             98             83             31             35             18             62             36             10             43             71             26             20             67             84             59            101             82             79             38             52             81             37             27             19             93              9             14             78            108             75             69             90             39             41             58             94             95            100             53             51             32             86             47             46             11             48             15             21              6             30             56            106             97              3             49              8             96             40             17             16             76             87             55             45            107             88             89             42             34              2             92            102             29              5             13             23             25            110             54             74              7             99             91             68             28             85             77             66              4             24            109             63             22             80             64              1
              1             63              9             10             29             98             30             43             58             93             20            109             25            102             74             23             37             24             71             53             90             94             40             83             33             82             59             61             41            107             26              7             72              5             36             66            106             69             85             18             55             34             65             22             44             51             48             99             50             52             81              4             35            105             70             73             89             46             42             96             49             15             75             60             47             14             16             86             88             91             27            103             39              2             62             68              8             17             11             28             95             13              3            100             80             79            101            104             77             38             76             57             19             64             87            108             32             31              6             54             78             56             21             97             84             45             92            110             12             67              1
              1             12             72             48             70             66             76             87             51             33            108             93             56            110              4             31             43             25             91             14             34             54             85             21             52             11             50             18             39             26             64             81             40            105             61            104             30             73              6             96             53            102              5             97             86             82             13             95             38             62             17             35             36             28             19             88             10             89              2              9             23             45             75             77             29            101             79             94             22             68             84             98             78             80             57             24             65             42            103             67             74             27            100             55            107             32             58            109              3             63            106             69             92             60             99             59             49             90             83             71             37             41             47              7             15              8             20             46             44             16              1
              1             50             75             85             23             52             68            103            108             19             20            101              6             26              2            110             44             96             60            106             35             46             91             63             77            104             94             87             73             37             41             43             80             72             40              5              4             55             48             39             70             90             67             92             53             69             97             32             82             65             86             56             64             74             54             62             61              9             81             58             18             71             76              8             24             22             29             11             66             89             79             27             14              3             34            109             36             33             17             59             42             93             13             12             47             21             95             10             98             57             28             78            100            102             38             51              7             15             45             83             25             99             84            105             49             30             16             31             88            107              1
              1             92            106             12             97             76             22              8            105             28             21             94             85             86             32             46             43             80             23             53             74             81             34             57             58             13             27             69             90             67             83             79             89             96             71             35             10             36             48             42             99             66             16             84            100             95             20             45            109             68            107             29             55             78             73             61            102             31            108             30             26              7             33             75             56             19             51             37             14             25              9             70             39             82            104             49            110              4              2             87            103             44             63            101             64             91             18             72             38             65              3             93             62             77             59             54             52             50             17             40             11             60             98             88             47             41             24             15              5              6              1
              1             90             78             92             43             65              5             75             73              2             74             85              4             57             15            100             18             25             19             34             96             55             50            101             79             29             20             62            108              7             69             44            109             66             83             70             35            104             17             94             28             48            107             24             76             84             27             30             14             22             53              8             31             36             98             12            110             63             72             23             16             89             41             95            102             93             81             26             56            103             46             67             51             54             39             68             37             38             91             99             49             64             10             87             33             82             88              3             40             60            105             97              6             86             32             77             13             21             11             61             58             71             47             59             52              9             80             42             45            106              1
              1             39              6             77             57             66             75             21             60             81             76             22             12             15             29              4             30             65             99            100             85             84             95             11             92             32             40             13             46             25             96             31             10            106             19             86             88             41             83             90            104             87             98             93             80             20            110             78             71              2            107             14             43             61             51             16             54             74             52            101             68             38             55             36             17             64             79             37             24              9             45             26             50             67             70              7            108             69             91             89            102             47             58             97             23             73             42             27             63             18             94             82              8            105             49             56            103             53              3             72             35             28            109             33             59             34             62             44             48              5              1
              1             99            107             50             52             17             83             78             10             36             27             76             18             88             60             90              4             47             94             30             81             11             66             29             63             41             54             45             84             95             33            103             43             25             19             71             96            101             75             89             35             40             39             61             74             69             48             72            105             21             12             16              6            106             80             64             51             37             53            104             91            102             59             23             57             15             86             98             77             42             13             92            110              3            109             22             82            108             31              5             24             14              7             44             85             93              8             87             67             79             97             26             49             55             73             20             46             34             32              9             38             68            100             65             70              2             56             28             58             62              1
              1             76             58             10             70             51             12             60             22             74             64             26              8             67             18            108             90             47             31             16             23            105             17             66             57             20             85             55             78             39             73             54             98             34             86             37             88             65              6             15             91             61             32             84             95             19             30             80            107             52            100             94             43             24            110             45             72             41              4             35             83            103             56             81             21             93              7             29             14             89            104             63            102              3             71             28            109             42             92             36             11             69             79             75             59             44             46             77             40             87            106              2             38             99             68              5             33             97             48             49             25             96              9             50             13             53            101             82             27             62              1
              1             92             47            109             66             23             42             57             44             76             58             74              3             12             95             38             18            105             80             63            106             96            104             89             64             24             30             31             54             27             93             94             16             73            101             62             48             34              7             14             21             51              8             70              5             10             39            110             20             61             68             83             41             99             11             32             43            100             91             40             72             37            103             49             17             50             28             45            107            102             87             98             56             36             19             82             85             29             35             88             33             22             67             25             69             60              6             79             53             15             26             55             97             75             78              2             81             90             59             52            108             65             46             86             13             77              9             84             71              4              1
              1             22              7            100             23            108             94             75             57             51             29             56              8             66             59             52             20             50             74            105             62             89             11            101             72             10             67             91             88             71             65              5             49             99              3             78             36             92             41             93             18             46             96             47            102            109             15             17             63             33             34             85             97             55              9             82             73            103             38             70             19             79            110             45             69             31             24             60             77              6             12             98             68             90             26             58            106            107             27             16             25             39             81             80             53             28             30             54            104             61             86             87             37             44              4             35             43             42             32             83             21             76             48             13             64             40             84             14             95              2              1
              1             82             55            100             90            106             25             65             68             22             61             23             46             26             66              4            105            109             21             96              6             20             98             88             24             31             41            101              9             81             86             28             67             10             63             18             53             15             12             57             85              3             38             14             35             69             42            102             71              8             59             77             70             30             58             93             13             48             73             45             84            107             11             49             62             36             39             83             95             56             51             17             94             19             87             60             44             72              5             74            110             91            103             97             37             50            104            108             40             16             76              2             75             92             27             43             78             89             33             64             80             52             47             32              7             54             99             79             29             34              1
              1             89             65             49             10             54             23             63             94             34             86             53             43             20             15             91             27             17             69             87            104             14             57            100             47             37              4             51             67             78             19             66             22             30              9             68             16             95             46             48              8             92            109            103             12             28             81             59             35             32             25             24            106              2             52             18            102             72             42             85             31             80             61            105             90             56             98              3             93             11            107             62             36             38             96             45             97             73             83             75             79            108             99              5            101             74             26             40             50              7            110             84             58             71             82             64             13             55             70             41             60             77             44             76             21             88              6             33             39             29              1
              1             91             13             63             88             54             70             51             46             11             30             60             55             21            109            102             66             20             25             95             84             68             77              2              4             67             56             31             39             35             22            100             29             62             53            101              5             57             23             83              8             86            104             92             85             16             44             79             49             82             50             45             58             99             90             42             26             72            106             10             28             65             37            108              3              9              6              7            110             59             36             73            105             12             93            107             75             34             94             97             64             27             14             89             74             52             81             78             61             47             48             41             43             24             38             87             18             33             19             17             15            103             40             96             32             71             80             98             76             69              1
              1             64             68             33              8              4             39             24              3             41             46             18             16             28             79             37            102             61             70             59             21             26             99             95             48             81             98             74             76             34             92             56              2             94             14             53            101            103             58             86             73             49             65             97              7            106             44              6             75             90             38            105            107             22             31             36              9             83             84             45            104             13             23             87              5             35             93             12             72            109             27             66             43             77             71             32             29             60             54             89             47             20            110             10             63             51             82            100             91             85             50             57             25             80             96             40             69             30             42            108             67             55             19             15             78             52             62             11             88             17              1
              1             18             19             58             40             44             66              6             98             90             80             63            101             61             14             52             89              9             69            106             49             31             76             88             96             83             23             30             91              3             67             57             51              7             60            104             53              8             59             75             62             16             65            103              4             41            107             68             43             27             84             38             24             25             32             35            102             42              5             86             15             87             13             34             70             93            100             97             48             82             77             64             46             99             21             10            105             33             17             55             29              2            109             39             72             28             71             45             50            110             85             54             11             26             94             37             81             20             79             36            108             92             78             56             22             74             73             95             47             12              1
              1             76             54             69             62             21             35             10             15             16             88             72             93            108              6            106             95             70             39              4              7             81             13            105             18              3            104             34             58             74             73             59             30              8             36              2             87            101             20             78             75             23             68             63             43             48             14             64             49             31            107             52              5             11             45             79            103             67             94             98             89             37             29             86             57             27             66             83            102             50             96            110             28             33              9             65            100             92             12            109             71             80             61             46             51             99             60             44             82             85             19             91             90             42             77             26             17             97             40             25             24             32             47             84             53             55             56             22             41             38              1
              1             87             76             73            102             99             38             58             77             64             66             44             54              8             48              4             80             40             84             82              9             90             39             27             29             31             96             37             74             42            107             22             57             59             19             43             24             60             34             50             94             91             30             51             52             98             36             62             92             45             49             67            109             10             65             93             97             78             23              3             71             20             79             13            110             14             15             12            104             32             26             81             28             68             25            106             63             21             69             55             35            103             46            100            105              6              2             11             88             33             89            108             95             41             75             47             85              5             70             18             86             83             72            101             53             61             16              7             17             56              1
              1              2             24             18             87             34              4             51             61             56             42             48             11             62             43             25             36              6             92             76             69             33             84             46            107             59             52             41             80             93             91             20            101             97             21            106              8             38             65             10             12             44             26             19            102            108             39             67             74             23             17            110             66             57             60             99             77             75             96             89            109            105             70             64             40              3             54             31             49             37             98             83             28             55              5             47              9             73             63            104             85             53             15             58             79             68             29             71             90             95             32             94             35             22             14             50              7             86             81            103             45            100             88             27             72             30             82             78             13             16              1
              1            106              9             70             75             15             51             27             14             43             42             67             22             89             52             19              4             78             56             60             21             91             32             18             48             31             74             82             35             61              5             11             79             23             57             49            101             25             10             28             53              8            110            107             54             80             81             88             46            103             37             24             44             30             13             86             83            108             87             59             40             58             90             77             69             36             94             84             96             55              6             92             38             64             65             34             68            105             99              3             93             63             97             41             39             47             45             17            102             20             95             33            109              2             29             73             72            104             71            100             16             98             62             50             12             26             76              7             66             85              1
              1             55             48             44              8             61             14             24             59             50             70             10             91             30            105             51             57             84             80             52            109             65             58             25             92             23             98            100             15              9             36             89             64             38             31             85              4             27             77             43            107             96             94             76             74             28             33             34              2             40             29              5             83             49             47             88            104            102             39             16             11             53             13             87            110              3             63             99             60             42              6             66             93             41              7             86             90             71             68             18             79             35             75             22             54             73             32            101             12             97             69             26             95             82            108             78             21             81             56            103             45             19             20             46             37             67             62            106             72             17              1
              1             61             87             13             81             40             73             83             59             90              8             89             28             55             35             63             12             30             64             10             72             36             88             29             21             46             53             85             67             37             75             16              2             76             84             14             19             80             15             22             48             32             93             11             69             98            102             25             65             58             38             74             47             70             45             56            101            105             77            109             49             60             24            108             57             50              4            103             92             43             31             99             82             68             54             95             27             51             52             86            107             66              6              3             33             34            106             79              9             97            100             18              7             94             17             91             96            104             78             26             39             71             20             41             23            110              5             62             44             42              1
              1            106             52             14             15             34             95             21             63             39            102             23             10             16             12            103             98            104             66              3              2             86            105             60             83             58             73             46             59             78             38             65             13             29             91             92             82             36             22             81              8             40             37             88             35             48             47             20             61             93             99             53             27             32             80             71             28             49             70             74              7             79             51            100             55            108             33              9             97             96            110             76             84             41             75             90             64             25             87            107              4             45             26             18             43             30             56             68             77             42            101             44             85             19             67            109             11             94             17             69              5             24             72             62             57             50              6             31             89             54              1
              1             77             11             42             93             23            102             12             76             81             87             39             85             63             21             97              6              7            100             36            106             19             71             86             29             62            109             15             90             61              4             38             45             41              3             75             92             18             65              9             32             54             99             55             22             67             34             17             68             33             80             27             69             44            101             20              2            110             13             53             31             57             88            104             66             70             59             25             37             24             94             58            108             56             49             46             26             50             43             64             16             98             35             51             73             30             83             95            107              8             78            105             14            103             52             82             72             28             89             60             84              5             40             79             48             47             10             74             91             96              1
              1              6             80             79             60             19             15             69             25             68             89             74            108              2             62            109             46              3             22             31             82             16             76             45             14             95             30            104             59             47            103             28             42             52             51             39             10             23             61             93             97             21             78            107             50             94             44             72             96             20             77            101             24            106             67             92             33              5             58             38             73             43             55            100             41             75             54             99             32             85             84             57             98             81             63            110             13             53             11             27             66             36             37             86             49             71             64             40             91             83             90             18             29             17              8             65              7             26             48              4            105             35             34             88             56             87             12             70            102              9              1
              1             20             94             74            101             49             97            110             80             86             88             99             18             38            108             67             73             41             17             64             65             10             70             36             71             87            107              4             77            103             22              5             56             28             58             46             30             52             89             59             13             83             98             79             90             15             69             29             24              9             66             35             26             27             31             23            104             53             91             92            106             60             62             61             84              3             43            100             47             78              8            109             81            102             44             45             93             19             51             34             96             33             16             72             48             85             12            105             75              6             21             76             42             40             95             37             68             14             50              7             63             25             32              2             39             82             55             57             11             54              1
              1             67             54             87             47             80            104             48              7             99             38             12             65             29             18             59             16             72            108             60             63             50             37             20             22             68             69             91            107              6             49             79            106             14             95            110             85             45             24             51             26             52             75             73             71             17              2            103             13             21             81             39             32             74             76             31             15             93             28              4             11             62             64             46             94             30             33             35             57             90            102             56            109             66            105             83              3             25             40             97             82             70             34             36             58             44             43             23             19              8             53             42             88             77             89              5            101             41             10             96             86             98             92            100             27             78             55             84             61              9              1
              1             70             83             64             66             30             49             46             41             28              3             63             85             81             32             33             31             53            105             80             67             18             73             62             86             39             26             37            100            107             34             78             44             94             54              2             59              5             87             88             45             51             24             50            108             16             23             35              9            109             82            110            102             77             84              7             58             42             11             17             48             68             65             22             43              4             75             55            104             57             38             36             92             12              6             60             98             14             93             95             13            101             27             71             40             15             69             20             21             56             97             96             10            103            106             52             79             29             25             90             99             47              8             74             19             72             91             89             76             61              1
              1            106             81             55             86             49             17            110             99             15             40             11             41             47             29             95             16             78             36             51             83             52             58             72              9            109             34             43             69             75             54             93             32             24              7             74             28             73            100             96             57             22             19             60            102             10            105             66             44             87             20             68             26             65             89             63             94             53              6            107             13             59             37              3            103             62             88             14             45             31             77            104             38             27            108             71             67             30              2             23             61             25             98             48             42             46             97             56             50             79             90             12             35             33             91             21            101              5             92             39             85             18             64              4              8             82             70             84             76             80              1
              1             49             31             35             45             94            103             55             59             82             92             14             16             86             41             60             97             98            101             21             99             53             81             90             26             96             88              8             65             84            105             18             57              5             80            102             85             10            107             54            106             79             68             69             95             76             40             38             13             34             47            108            109             36             48             19             61             29             25             67             15             23              4             11             87             42             32              3             71             27             12             20             24             52             50             28             46              7             75              9             51             89             83             72             30             58             64              2             73             17             74             39             63             70            110            100            104             43             44              6             77             91             22             66             37             93             62             33             78             56              1
              1             43             19             69             29             58             77             91            103             33             64             45             42             66             54            100             11             75             62              9             74             41              2             48             93            106            109             88             79             98             76             82             31             30             22             17             65             94             85             87             95             12             67             60             44             13              6             83             40             81             18              4             24             59             56             51            102            104            110             99             63             38             28              5             36             35             68             46             23             96             80             72             27             78              8             20             21             47              7             55             53            105             16             15             34             61             89             73            101             14             32             92             50             39              3             70             71            107             37             49            108             86             57             90             26             97             25             84             52             10              1
              1             78             87             37              6             73             21             45             86             75              8             38             64             49             54             40             36             34             48             42             33             29            100             39             68              4             22             95             15             94             60            108             47             66             28             76             82             62             70             56             14             32             59             30             67             17             31             57             97              3             26            101             43              9             71             25             90             74            104             89             79             69             88             52             77             18             12             92             13             10             84             20             99             91             58             19            102             61             27             81             11             24             65             46             16             80            110            109            106             63             96              7             98             72            103             23             93             83             50             55             53            105            107             41              5             51             44             35              2             85              1
              1             33             98            105             44             73             16            108             99              8             48             14             25            102             63             39             87             10             57             47             11             24             81             41             78             97             49             95             74             70             27            107             20             64             84             91             96             65             92              3             37             67             83             56             54             45             61             13             12             50             21              6             38             18             79             85             28             32             62              5             77            101             19             80             53             40             76             71             29             15             68             82             36             90             59              7            104             94             34            110             46             72             31              4             66             30            103             22             43             26             75              9             88             51             60             86            100            109             55              2             89             93             23             58             69            106             42             52             17             35              1
              1             94             27             14            104             86             97             80             46              3              6             34            110             13             56            107             93             65             40             66             67             18             49             43             28             47              2             12              8             71             88             30             11             85             73             89             53             39             77             32              5             50             64             90             22              7             48             99             83             36             72              9             23             17             41             68             15             58            106             81             98             82            102             33             45             54             37             96             16            109             20             63             42             51             87             61             78             55            101             76             69             31             24             26             62             52             38             25             95             44             10             91             79             21            105             29             84             57             19             59             74             70            100            108             75            103              4             92             35             60              1
              1             30             43             93             18             59             77             27             52              8              2             86              6            104             15             45             12             92             19             82             32              3             37             69             68             94             46            102             31              4             87             21             90            110              9            103            105             42             75             89             98             10             78             11             39             13             76             80              7             35             29             64            109             88             36             85             34             74             63            107             51             20             60             91             56             61             55             70             41             73             67            100             66             58             79            106             17             50             16             96             99             14             57             38             23             97             33             95             71             25             26             40            108             44             81             72             83             24             54             48             28             62             47             49              5             22             65            101             84             53              1
              1              5             84            110             35             59             82             27             36             18             89             62             41             25             32             76             30             68             77             33             11             90             54             99            106             91             40              9             81             71             21             79             57              4             48             65             58             20             10             44            104             12             92             70             43             38             60             17             72             69             87            102             19             85             52             15             14             28              6             66             63             86             37             49             75             31             53             74             23             46             67             97              3             78            100             95            101             83              7             93             55             39             64              2             88            108             51             80             47            107             56             61             96             24             22             34             29             73             42             13            103             26             45             16            105             50             94              8            109             98              1
              1             97             65             73            103             72             22             49             61             64             30             53             50             57              9             77             11             15             69             62             14             66             74             90             92             83              5            105              8             32             18             52             78             39            110             31            109             55             58             56             17            102             87             41             63             44              7             12             88             24             27             10             95              2             98             71             60             84             89             26             67             33             76             16             47             93             99             70             96             42             38            100             54             34             36             94             28             35             68             75              3             79             23             21             81             25              4            108             48            104             51             20             46            101             40            106             37             45             43            107              6             91             13             80             85             59             29             86             82             19              1
