#                 X:                  Y:                  Z:
             8.25057                   0                   0
             8.25057                   0                   0
             8.12927                   0                   0
             8.12927                   0                   0
             5.93511                   0                   0
             5.93511                   0                   0
             5.25404                   0                   0
             5.25404                   0                   0
             2.71607                   0                   0
            0.958192                   0                   0
             1.34212                   0                   0
             1.58516                   0                   0
             2.02601                   0                   0
             2.02601                   0                   0
            0.400464                   0                   0
            0.364563                   0                   0
            0.253994                   0                   0
            -1.02917                   0                   0
            -1.02917                   0                   0
           -0.579111                   0                   0
           0.0399796                   0                   0
           0.0399796                   0                   0
           0.0399796                   0                   0
           0.0498259                   0                   0
           0.0498259                   0                   0
           -0.642615                   0                   0
            0.162744                   0                   0
             1.10816                   0                   0
            -1.02131                   0                   0
            -1.02131                   0                   0
           -0.611779                   0                   0
             1.19025                   0                   0
            0.943837                   0                   0
            0.943837                   0                   0
            0.943837                   0                   0
            0.943837                   0                   0
            0.943837                   0                   0
           -0.997003                   0                   0
            0.134138                   0                   0
            0.134138                   0                   0
            -1.07028                   0                   0
            -1.07028                   0                   0
            -1.07028                   0                   0
            -1.07028                   0                   0
            -1.07028                   0                   0
           -0.813112                   0                   0
           -0.813112                   0                   0
             1.31887                   0                   0
          -0.0612666                   0                   0
          -0.0612666                   0                   0
            0.676029                   0                   0
           -0.907515                   0                   0
           0.0196235                   0                   0
           -0.510844                   0                   0
           -0.510844                   0                   0
            -1.34173                   0                   0
            -1.34173                   0                   0
            -1.20147                   0                   0
           -0.798552                   0                   0
             1.07608                   0                   0
             1.07608                   0                   0
             1.07608                   0                   0
             1.07608                   0                   0
          -0.0346922                   0                   0
          -0.0346922                   0                   0
          -0.0346922                   0                   0
          -0.0346922                   0                   0
          -0.0346922                   0                   0
          -0.0346922                   0                   0
            0.620534                   0                   0
            0.620534                   0                   0
            0.620534                   0                   0
            0.620534                   0                   0
           -0.899868                   0                   0
            0.894189                   0                   0
            0.894189                   0                   0
            -1.34337                   0                   0
            0.911353                   0                   0
            0.911353                   0                   0
            0.911353                   0                   0
            0.601521                   0                   0
            0.601521                   0                   0
            0.601521                   0                   0
           -0.619888                   0                   0
           -0.619888                   0                   0
              1.0988                   0                   0
           -0.557814                   0                   0
           -0.557814                   0                   0
           -0.557814                   0                   0
            -1.20323                   0                   0
            -1.20323                   0                   0
            0.196186                   0                   0
            0.196186                   0                   0
          -0.0888981                   0                   0
            0.432662                   0                   0
           -0.900561                   0                   0
            0.468478                   0                   0
            0.446268                   0                   0
           -0.301032                   0                   0
             1.25551                   0                   0
             1.25551                   0                   0
             1.25551                   0                   0
             1.25551                   0                   0
            -1.39414                   0                   0
            -1.39414                   0                   0
           -0.735405                   0                   0
          -0.0410185                   0                   0
          -0.0410185                   0                   0
          -0.0410185                   0                   0
          -0.0410185                   0                   0
          -0.0410185                   0                   0
            -1.35397                   0                   0
            0.542857                   0                   0
            0.542857                   0                   0
             1.16902                   0                   0
             1.37414                   0                   0
             1.58696                   0                   0
             1.58696                   0                   0
          -0.0942151                   0                   0
          -0.0942151                   0                   0
          -0.0942151                   0                   0
          -0.0942151                   0                   0
          -0.0942151                   0                   0
           -0.256519                   0                   0
           -0.148892                   0                   0
           -0.148892                   0                   0
           -0.148892                   0                   0
            -1.24835                   0                   0
            -1.24835                   0                   0
            -1.24835                   0                   0
            -1.24835                   0                   0
            -1.24835                   0                   0
            -1.24835                   0                   0
            -1.24835                   0                   0
           -0.955573                   0                   0
            -1.07922                   0                   0
            -1.07922                   0                   0
            -1.07922                   0                   0
            -1.07922                   0                   0
            -1.07922                   0                   0
            -1.07922                   0                   0
             1.17388                   0                   0
             1.17388                   0                   0
             1.17388                   0                   0
             1.13476                   0                   0
             1.13476                   0                   0
            0.284602                   0                   0
             0.26695                   0                   0
             0.35934                   0                   0
            0.694292                   0                   0
           -0.942761                   0                   0
           -0.942761                   0                   0
            0.101028                   0                   0
            0.315061                   0                   0
          -0.0307062                   0                   0
          0.00738945                   0                   0
           -0.584729                   0                   0
           -0.584729                   0                   0
            -1.33794                   0                   0
            -1.33794                   0                   0
            -1.33794                   0                   0
            -1.33794                   0                   0
           -0.487251                   0                   0
            0.968226                   0                   0
            0.968226                   0                   0
           -0.621365                   0                   0
          -0.0875389                   0                   0
            0.271895                   0                   0
            0.271895                   0                   0
            0.879054                   0                   0
            0.879054                   0                   0
            0.879054                   0                   0
             1.06264                   0                   0
           0.0241143                   0                   0
           0.0241143                   0                   0
           0.0241143                   0                   0
           0.0241143                   0                   0
            -0.48489                   0                   0
             -1.0769                   0                   0
             -1.0769                   0                   0
             -1.0769                   0                   0
             -1.0769                   0                   0
            0.123441                   0                   0
           -0.108854                   0                   0
           -0.108854                   0                   0
           -0.108854                   0                   0
           -0.108854                   0                   0
            0.771547                   0                   0
            -1.13936                   0                   0
            -1.13936                   0                   0
            0.716113                   0                   0
            0.716113                   0                   0
           -0.692646                   0                   0
           -0.692646                   0                   0
           -0.195775                   0                   0
            -1.37144                   0                   0
            -1.37144                   0                   0
            0.876984                   0                   0
            0.876984                   0                   0
            0.876984                   0                   0
            0.876984                   0                   0
            0.508866                   0                   0
            0.508866                   0                   0
            0.508866                   0                   0
            0.508866                   0                   0
           -0.657716                   0                   0
           -0.657716                   0                   0
           -0.657716                   0                   0
            -1.23212                   0                   0
           -0.217247                   0                   0
           -0.436972                   0                   0
           -0.436972                   0                   0
           -0.383402                   0                   0
          -0.0351661                   0                   0
          -0.0351661                   0                   0
            0.884787                   0                   0
            0.884787                   0                   0
            0.884787                   0                   0
           -0.745006                   0                   0
             1.49009                   0                   0
             1.49009                   0                   0
           -0.645958                   0                   0
             0.51819                   0                   0
            0.571756                   0                   0
          -0.0492715                   0                   0
          -0.0492715                   0                   0
          -0.0492715                   0                   0
           -0.711172                   0                   0
           -0.711172                   0                   0
           -0.711172                   0                   0
              1.4459                   0                   0
           -0.188683                   0                   0
           -0.188683                   0                   0
            0.555287                   0                   0
            0.555287                   0                   0
            0.555287                   0                   0
            0.555287                   0                   0
            0.555287                   0                   0
            0.285535                   0                   0
            0.285535                   0                   0
            0.740923                   0                   0
            0.740923                   0                   0
            0.740923                   0                   0
            0.642236                   0                   0
            0.642236                   0                   0
            -1.57624                   0                   0
            -1.57624                   0                   0
            -1.57624                   0                   0
            -1.57624                   0                   0
            0.468247                   0                   0
           -0.258506                   0                   0
            -1.48275                   0                   0
            -0.60268                   0                   0
            -0.60268                   0                   0
            -0.60268                   0                   0
            0.853537                   0                   0
            0.819534                   0                   0
             0.81224                   0                   0
           -0.909571                   0                   0
             1.25187                   0                   0
           0.0992059                   0                   0
          -0.0634497                   0                   0
           -0.638203                   0                   0
            -0.57374                   0                   0
            -0.57374                   0                   0
            -0.50048                   0                   0
            -1.59331                   0                   0
            -1.59331                   0                   0
            -1.59331                   0                   0
            0.518256                   0                   0
            0.518256                   0                   0
            0.518256                   0                   0
            0.518256                   0                   0
           -0.714814                   0                   0
          -0.0375907                   0                   0
            0.652641                   0                   0
            0.675901                   0                   0
            0.675901                   0                   0
            0.675901                   0                   0
            0.826695                   0                   0
            0.378268                   0                   0
            0.378268                   0                   0
            0.378268                   0                   0
           -0.607484                   0                   0
           -0.383927                   0                   0
           -0.383927                   0                   0
           -0.383927                   0                   0
            -1.04599                   0                   0
           -0.444931                   0                   0
           -0.444931                   0                   0
            0.629793                   0                   0
             0.86682                   0                   0
            0.801524                   0                   0
            0.801524                   0                   0
            0.801524                   0                   0
            0.801524                   0                   0
            0.801524                   0                   0
            0.801524                   0                   0
            0.801524                   0                   0
            0.801524                   0                   0
            0.801524                   0                   0
            0.801524                   0                   0
            0.801524                   0                   0
           -0.330312                   0                   0
           -0.330312                   0                   0
           -0.330312                   0                   0
           -0.330312                   0                   0
            -1.13308                   0                   0
             1.16265                   0                   0
           -0.325823                   0                   0
            -2.03897                   0                   0
            -2.08764                   0                   0
            -2.08764                   0                   0
           -0.563992                   0                   0
           -0.190346                   0                   0
           -0.190346                   0                   0
             1.62091                   0                   0
           -0.680642                   0                   0
           -0.547866                   0                   0
            0.210962                   0                   0
            0.518185                   0                   0
           -0.229196                   0                   0
            0.464619                   0                   0
            0.464619                   0                   0
            0.130819                   0                   0
            0.130819                   0                   0
           -0.135606                   0                   0
             1.07559                   0                   0
             1.07559                   0                   0
             1.07559                   0                   0
            -0.94391                   0                   0
             1.41122                   0                   0
             1.41122                   0                   0
             1.01933                   0                   0
            -1.09971                   0                   0
            -1.09971                   0                   0
            -1.09971                   0                   0
            -0.97335                   0                   0
            -0.97335                   0                   0
           -0.913636                   0                   0
           -0.837199                   0                   0
            0.518141                   0                   0
           -0.515078                   0                   0
            -1.16105                   0                   0
            -1.16105                   0                   0
            -1.16105                   0                   0
            -1.16105                   0                   0
           -0.229663                   0                   0
            -1.43434                   0                   0
            -1.50778                   0                   0
            -1.50778                   0                   0
           -0.230088                   0                   0
           -0.230088                   0                   0
           -0.734837                   0                   0
            0.961851                   0                   0
             1.20511                   0                   0
           0.0583719                   0                   0
           -0.970807                   0                   0
           -0.970807                   0                   0
           -0.970807                   0                   0
           -0.970807                   0                   0
            0.417217                   0                   0
           -0.260188                   0                   0
           -0.260188                   0                   0
            0.230889                   0                   0
            0.188248                   0                   0
            -1.78799                   0                   0
            -1.78799                   0                   0
            -1.78799                   0                   0
            -1.78799                   0                   0
           0.0629791                   0                   0
            0.890547                   0                   0
           -0.836903                   0                   0
           -0.836903                   0                   0
           -0.461304                   0                   0
           -0.461304                   0                   0
           -0.461304                   0                   0
           -0.461304                   0                   0
            0.328427                   0                   0
            0.328427                   0                   0
            -0.66617                   0                   0
           0.0662071                   0                   0
              1.0878                   0                   0
              1.0878                   0                   0
            -1.18132                   0                   0
             1.23576                   0                   0
             1.74845                   0                   0
             1.74845                   0                   0
          -0.0175834                   0                   0
          -0.0175834                   0                   0
          -0.0175834                   0                   0
            0.557189                   0                   0
            0.557189                   0                   0
            -1.70703                   0                   0
            -1.70703                   0                   0
             -0.7362                   0                   0
            0.561545                   0                   0
            -1.25752                   0                   0
           -0.584639                   0                   0
           -0.962031                   0                   0
            -1.20392                   0                   0
            -0.60178                   0                   0
            -0.60178                   0                   0
            -0.60178                   0                   0
            -0.60178                   0                   0
            -1.34765                   0                   0
            -1.34765                   0                   0
            -1.34765                   0                   0
            -1.34765                   0                   0
            -1.34765                   0                   0
            -1.34765                   0                   0
            -1.34765                   0                   0
            -1.34765                   0                   0
            -1.34765                   0                   0
            -1.34765                   0                   0
           -0.375498                   0                   0
           -0.375498                   0                   0
            0.686269                   0                   0
            0.686269                   0                   0
            0.686269                   0                   0
            0.686269                   0                   0
            0.686269                   0                   0
            0.686269                   0                   0
            0.686269                   0                   0
           -0.670674                   0                   0
           -0.670674                   0                   0
           -0.670674                   0                   0
           -0.670674                   0                   0
           -0.670674                   0                   0
            0.663827                   0                   0
            0.663827                   0                   0
            0.663827                   0                   0
            0.663827                   0                   0
            0.663827                   0                   0
           -0.834405                   0                   0
           -0.834405                   0                   0
            0.186803                   0                   0
           -0.911943                   0                   0
           -0.911943                   0                   0
            -0.76962                   0                   0
            -0.76962                   0                   0
             -1.2248                   0                   0
             1.39939                   0                   0
             1.39939                   0                   0
             1.39939                   0                   0
             1.39939                   0                   0
           -0.937208                   0                   0
           -0.937208                   0                   0
            -1.11323                   0                   0
            -1.11323                   0                   0
           0.0808897                   0                   0
           -0.773119                   0                   0
           -0.773119                   0                   0
           -0.283117                   0                   0
           -0.283117                   0                   0
           -0.425622                   0                   0
            0.986704                   0                   0
            0.986704                   0                   0
            0.986704                   0                   0
            0.986704                   0                   0
            0.986704                   0                   0
            0.986704                   0                   0
            0.986704                   0                   0
            0.350915                   0                   0
            0.350915                   0                   0
           -0.958381                   0                   0
           -0.958381                   0                   0
           -0.958381                   0                   0
           -0.958381                   0                   0
           -0.958381                   0                   0
           -0.958381                   0                   0
           -0.627635                   0                   0
            0.370244                   0                   0
            0.370244                   0                   0
            0.972671                   0                   0
            0.972671                   0                   0
            0.972671                   0                   0
           0.0695734                   0                   0
           0.0695734                   0                   0
            0.462489                   0                   0
            0.462489                   0                   0
            0.462489                   0                   0
            0.462489                   0                   0
            0.474565                   0                   0
            0.474565                   0                   0
           -0.299154                   0                   0
           -0.299154                   0                   0
           -0.299154                   0                   0
            0.779275                   0                   0
            0.779275                   0                   0
            0.779275                   0                   0
            0.413811                   0                   0
           -0.876129                   0                   0
            0.387347                   0                   0
            -1.33051                   0                   0
            0.342125                   0                   0
             1.06409                   0                   0
             1.06409                   0                   0
             1.06409                   0                   0
           -0.425581                   0                   0
           -0.598983                   0                   0
             1.34067                   0                   0
             1.34067                   0                   0
           -0.620785                   0                   0
           -0.020738                   0                   0
            -0.50293                   0                   0
            -0.50293                   0                   0
            -0.50293                   0                   0
            -0.50293                   0                   0
            -0.50293                   0                   0
            -0.50293                   0                   0
            -0.50293                   0                   0
           -0.490662                   0                   0
           -0.490662                   0                   0
           -0.490662                   0                   0
           -0.490662                   0                   0
           -0.490662                   0                   0
           -0.490662                   0                   0
           -0.345992                   0                   0
           -0.863152                   0                   0
            0.641866                   0                   0
            0.641866                   0                   0
            0.641866                   0                   0
            0.641866                   0                   0
            0.641866                   0                   0
            0.727443                   0                   0
            0.727443                   0                   0
            0.727443                   0                   0
            0.344278                   0                   0
            0.344278                   0                   0
            0.344278                   0                   0
            0.344278                   0                   0
            0.344278                   0                   0
            0.344278                   0                   0
           -0.438226                   0                   0
           -0.038941                   0                   0
           -0.517163                   0                   0
           -0.387154                   0                   0
           -0.695305                   0                   0
            0.971673                   0                   0
            0.971673                   0                   0
            0.971673                   0                   0
            0.971673                   0                   0
            0.971673                   0                   0
            0.436017                   0                   0
            0.436017                   0                   0
            0.436017                   0                   0
            0.436017                   0                   0
              1.4503                   0                   0
              1.4503                   0                   0
            0.551473                   0                   0
            0.551473                   0                   0
             1.34382                   0                   0
             1.34382                   0                   0
             1.34382                   0                   0
           -0.984739                   0                   0
           -0.984739                   0                   0
           -0.984739                   0                   0
           -0.984739                   0                   0
           -0.984739                   0                   0
           -0.984739                   0                   0
           -0.984739                   0                   0
           -0.984739                   0                   0
           -0.984739                   0                   0
            0.397893                   0                   0
            0.756092                   0                   0
            0.756092                   0                   0
            0.756092                   0                   0
            0.756092                   0                   0
             -1.7198                   0                   0
             -1.7198                   0                   0
             -1.7198                   0                   0
             -1.7198                   0                   0
          -0.0285513                   0                   0
          -0.0285513                   0                   0
             1.46025                   0                   0
             1.46025                   0                   0
          0.00633239                   0                   0
         -0.00806695                   0                   0
            0.546515                   0                   0
            -1.43696                   0                   0
           0.0911428                   0                   0
            -1.51475                   0                   0
           -0.992678                   0                   0
           -0.992678                   0                   0
           -0.992678                   0                   0
           -0.992678                   0                   0
           -0.992678                   0                   0
           -0.992678                   0                   0
           -0.992678                   0                   0
           -0.992678                   0                   0
             1.05375                   0                   0
           -0.946471                   0                   0
           -0.946471                   0                   0
            0.868286                   0                   0
            0.868286                   0                   0
            0.868286                   0                   0
            0.868286                   0                   0
            0.868286                   0                   0
            0.868286                   0                   0
            0.868286                   0                   0
            0.868286                   0                   0
            -1.08524                   0                   0
            0.605436                   0                   0
            -1.17498                   0                   0
            -1.17498                   0                   0
            -1.17498                   0                   0
            -1.17498                   0                   0
            0.614741                   0                   0
            0.614741                   0                   0
            0.614741                   0                   0
           -0.290037                   0                   0
           -0.849892                   0                   0
            -1.44401                   0                   0
            0.733766                   0                   0
            0.733766                   0                   0
            -0.16083                   0                   0
             1.79922                   0                   0
              1.8828                   0                   0
            0.118384                   0                   0
            0.118384                   0                   0
            0.118384                   0                   0
           -0.537813                   0                   0
           -0.537813                   0                   0
           -0.537813                   0                   0
           -0.537813                   0                   0
            -1.17548                   0                   0
            -1.28018                   0                   0
            -1.28018                   0                   0
            -1.50752                   0                   0
            -1.02652                   0                   0
            -1.02652                   0                   0
            -1.02652                   0                   0
           -0.699203                   0                   0
           -0.789458                   0                   0
            0.738161                   0                   0
           -0.711062                   0                   0
           -0.711062                   0                   0
           -0.711062                   0                   0
           -0.711062                   0                   0
            0.330278                   0                   0
            0.330278                   0                   0
           -0.993772                   0                   0
            0.709939                   0                   0
            0.709939                   0                   0
            0.709939                   0                   0
            0.709939                   0                   0
           -0.324004                   0                   0
            0.281079                   0                   0
           0.0611318                   0                   0
            0.335869                   0                   0
            0.608815                   0                   0
            0.608815                   0                   0
            0.608815                   0                   0
            -1.44781                   0                   0
            -1.44781                   0                   0
            -1.44781                   0                   0
            -1.32964                   0                   0
           -0.755586                   0                   0
            0.383442                   0                   0
             1.34549                   0                   0
            -1.03761                   0                   0
           -0.569647                   0                   0
           -0.569647                   0                   0
             1.45971                   0                   0
            0.256641                   0                   0
            0.256641                   0                   0
            0.208342                   0                   0
            0.208342                   0                   0
             -1.0257                   0                   0
            0.483697                   0                   0
            0.483697                   0                   0
            0.483697                   0                   0
           -0.464692                   0                   0
           -0.464692                   0                   0
            0.896134                   0                   0
            0.581155                   0                   0
            0.581155                   0                   0
             1.06553                   0                   0
            0.607099                   0                   0
            0.607099                   0                   0
            0.607099                   0                   0
           -0.877809                   0                   0
           -0.877809                   0                   0
             1.24466                   0                   0
             1.24466                   0                   0
           -0.475726                   0                   0
            0.510594                   0                   0
            -1.35185                   0                   0
           -0.662801                   0                   0
           -0.662801                   0                   0
           -0.662801                   0                   0
           -0.662801                   0                   0
            0.579145                   0                   0
             1.25843                   0                   0
             1.25843                   0                   0
           -0.364125                   0                   0
             1.16643                   0                   0
             1.16643                   0                   0
             1.16643                   0                   0
            -1.37261                   0                   0
            0.453912                   0                   0
            0.453912                   0                   0
           -0.244067                   0                   0
           -0.855394                   0                   0
           -0.855394                   0                   0
           -0.855394                   0                   0
           -0.855394                   0                   0
             1.20582                   0                   0
             1.38118                   0                   0
             1.38118                   0                   0
             1.38118                   0                   0
            0.886083                   0                   0
            0.886083                   0                   0
            0.886083                   0                   0
            0.886083                   0                   0
           -0.968406                   0                   0
           -0.968406                   0                   0
             1.03758                   0                   0
             1.75552                   0                   0
            0.136352                   0                   0
            0.136352                   0                   0
            0.136352                   0                   0
            0.136352                   0                   0
            0.136352                   0                   0
             -1.1439                   0                   0
           -0.998718                   0                   0
            0.234483                   0                   0
            0.234483                   0                   0
            -1.28693                   0                   0
            -1.28693                   0                   0
            -1.28693                   0                   0
            -1.28693                   0                   0
            -1.53371                   0                   0
            -1.53371                   0                   0
             0.80991                   0                   0
             0.80991                   0                   0
             0.80991                   0                   0
             0.80991                   0                   0
           -0.753176                   0                   0
            -0.41745                   0                   0
           -0.534539                   0                   0
           -0.534539                   0                   0
           -0.534539                   0                   0
           -0.534539                   0                   0
             0.28061                   0                   0
             0.42403                   0                   0
             0.42403                   0                   0
            0.509703                   0                   0
            0.509703                   0                   0
            0.509703                   0                   0
            0.509703                   0                   0
            0.509703                   0                   0
           -0.877755                   0                   0
           -0.877755                   0                   0
            -1.19019                   0                   0
            0.970419                   0                   0
           -0.416736                   0                   0
           -0.133123                   0                   0
           -0.133123                   0                   0
            -1.30552                   0                   0
            -1.30552                   0                   0
           -0.677058                   0                   0
            0.435627                   0                   0
            0.360171                   0                   0
            0.360171                   0                   0
            0.701036                   0                   0
            0.701036                   0                   0
            0.445889                   0                   0
           0.0569297                   0                   0
           0.0569297                   0                   0
             0.45952                   0                   0
            -1.22962                   0                   0
             0.94866                   0                   0
             0.94866                   0                   0
            0.657801                   0                   0
            0.657801                   0                   0
           -0.956846                   0                   0
           -0.956846                   0                   0
           -0.956846                   0                   0
             1.41632                   0                   0
             1.41632                   0                   0
           -0.602634                   0                   0
            0.458125                   0                   0
            0.458125                   0                   0
            0.458125                   0                   0
            0.458125                   0                   0
              1.0969                   0                   0
              1.0969                   0                   0
            0.573513                   0                   0
           -0.708661                   0                   0
            -1.55784                   0                   0
            -1.53045                   0                   0
            -1.53045                   0                   0
            0.414881                   0                   0
            -0.72141                   0                   0
            0.405318                   0                   0
             1.05681                   0                   0
             1.05681                   0                   0
            -1.25049                   0                   0
            -1.25049                   0                   0
            -1.25049                   0                   0
            -1.25049                   0                   0
            0.204801                   0                   0
            0.326226                   0                   0
            0.326226                   0                   0
            0.326226                   0                   0
            0.326226                   0                   0
           0.0879512                   0                   0
           0.0879512                   0                   0
           0.0879512                   0                   0
           -0.452257                   0                   0
           -0.452257                   0                   0
           -0.452257                   0                   0
           -0.452257                   0                   0
           -0.452257                   0                   0
           -0.452257                   0                   0
           -0.895524                   0                   0
           -0.656766                   0                   0
           -0.656766                   0                   0
           -0.656766                   0                   0
           -0.656766                   0                   0
            0.515609                   0                   0
            -0.34148                   0                   0
            -0.34148                   0                   0
            -0.34148                   0                   0
             1.05383                   0                   0
           -0.635108                   0                   0
           -0.635108                   0                   0
            -1.21594                   0                   0
            0.102794                   0                   0
           -0.284106                   0                   0
           -0.284106                   0                   0
             0.60883                   0                   0
             0.60883                   0                   0
            -1.40831                   0                   0
             -1.3778                   0                   0
           -0.689601                   0                   0
           -0.689601                   0                   0
           -0.779884                   0                   0
           -0.779884                   0                   0
            0.859523                   0                   0
            0.859523                   0                   0
             1.00115                   0                   0
            0.160276                   0                   0
            0.160276                   0                   0
            0.160276                   0                   0
            0.160276                   0                   0
           -0.520114                   0                   0
          -0.0955701                   0                   0
          -0.0955701                   0                   0
            0.140318                   0                   0
            0.140318                   0                   0
             0.21172                   0                   0
           -0.569814                   0                   0
            0.545983                   0                   0
            0.545983                   0                   0
            0.880576                   0                   0
            0.880576                   0                   0
            0.880576                   0                   0
           -0.258862                   0                   0
           -0.258862                   0                   0
           -0.258862                   0                   0
           -0.258862                   0                   0
           -0.258862                   0                   0
           -0.258862                   0                   0
          -0.0615579                   0                   0
           0.0886746                   0                   0
            0.222279                   0                   0
           -0.695085                   0                   0
            -0.22172                   0                   0
            -0.22172                   0                   0
            -0.22172                   0                   0
            -0.22172                   0                   0
           -0.334052                   0                   0
           -0.378042                   0                   0
             0.99207                   0                   0
             0.99207                   0                   0
             0.99207                   0                   0
             0.99207                   0                   0
             1.28793                   0                   0
           -0.913944                   0                   0
             1.04507                   0                   0
             1.21653                   0                   0
             1.21653                   0                   0
           -0.475339                   0                   0
             1.08642                   0                   0
             1.08642                   0                   0
             1.08642                   0                   0
             1.08642                   0                   0
             1.08642                   0                   0
            -1.32678                   0                   0
             -1.2586                   0                   0
             -1.2586                   0                   0
             -1.2586                   0                   0
            0.575939                   0                   0
            0.575939                   0                   0
            0.575939                   0                   0
            0.575939                   0                   0
            0.991916                   0                   0
           -0.414638                   0                   0
           -0.414638                   0                   0
             1.52176                   0                   0
            0.407235                   0                   0
            0.407235                   0                   0
            -1.26515                   0                   0
            -1.26515                   0                   0
            -1.15267                   0                   0
            -1.15267                   0                   0
            -1.15267                   0                   0
            0.544213                   0                   0
            0.544213                   0                   0
           -0.971155                   0                   0
            -1.08501                   0                   0
            -1.08501                   0                   0
           -0.798878                   0                   0
           -0.718935                   0                   0
           -0.718935                   0                   0
           -0.898313                   0                   0
            0.288577                   0                   0
          -0.0267404                   0                   0
          -0.0267404                   0                   0
          -0.0267404                   0                   0
          -0.0267404                   0                   0
          -0.0267404                   0                   0
            -1.01897                   0                   0
            -1.11588                   0                   0
            -1.11588                   0                   0
            -1.11588                   0                   0
            -1.11588                   0                   0
           -0.675233                   0                   0
           -0.714746                   0                   0
           -0.714746                   0                   0
            0.362245                   0                   0
             1.04935                   0                   0
             1.04935                   0                   0
            0.201993                   0                   0
             1.05164                   0                   0
            0.807093                   0                   0
            0.893363                   0                   0
             0.31765                   0                   0
            0.180591                   0                   0
             1.24121                   0                   0
           -0.365447                   0                   0
           -0.365447                   0                   0
           -0.316447                   0                   0
            -0.72673                   0                   0
             1.30659                   0                   0
          -0.0225737                   0                   0
          -0.0225737                   0                   0
           -0.129355                   0                   0
            0.943372                   0                   0
            0.943372                   0                   0
            0.943372                   0                   0
            0.943372                   0                   0
           -0.369615                   0                   0
           -0.369615                   0                   0
           -0.712784                   0                   0
           -0.712784                   0                   0
               1.427                   0                   0
               1.427                   0                   0
             1.14613                   0                   0
             1.67982                   0                   0
             1.67982                   0                   0
             1.67982                   0                   0
             1.67982                   0                   0
             2.02317                   0                   0
              1.1589                   0                   0
              1.1589                   0                   0
              1.1589                   0                   0
             0.69033                   0                   0
            0.309943                   0                   0
            0.309943                   0                   0
             1.35729                   0                   0
             1.35729                   0                   0
             1.38806                   0                   0
             1.38806                   0                   0
             1.38806                   0                   0
            -0.42009                   0                   0
           -0.613654                   0                   0
            -1.48796                   0                   0
            -1.48796                   0                   0
            -1.48796                   0                   0
           -0.279455                   0                   0
            0.891289                   0                   0
            -1.29178                   0                   0
            -1.29178                   0                   0
           -0.894734                   0                   0
           -0.894734                   0                   0
           -0.894734                   0                   0
           -0.894734                   0                   0
            -0.19349                   0                   0
           -0.757383                   0                   0
            0.781946                   0                   0
            0.773679                   0                   0
             1.26623                   0                   0
             1.26623                   0                   0
             1.26623                   0                   0
           -0.903097                   0                   0
             1.01137                   0                   0
             1.23283                   0                   0
             1.23283                   0                   0
            0.158365                   0                   0
            0.254236                   0                   0
            0.254236                   0                   0
            0.599705                   0                   0
            0.599705                   0                   0
            0.599705                   0                   0
            0.900751                   0                   0
            0.571456                   0                   0
            0.571456                   0                   0
            0.571456                   0                   0
            0.571456                   0                   0
            0.736263                   0                   0
            0.736263                   0                   0
           -0.378081                   0                   0
            -1.08207                   0                   0
            -1.21302                   0                   0
            -1.21302                   0                   0
           -0.706653                   0                   0
           -0.706653                   0                   0
           -0.706653                   0                   0
            0.539073                   0                   0
            0.539073                   0                   0
            0.539073                   0                   0
           -0.805618                   0                   0
           -0.805618                   0                   0
             1.04001                   0                   0
             0.31856                   0                   0
           -0.958316                   0                   0
           -0.958316                   0                   0
           -0.958316                   0                   0
           -0.582283                   0                   0
               1.141                   0                   0
           -0.227325                   0                   0
           -0.227325                   0                   0
           -0.227325                   0                   0
             1.50667                   0                   0
             1.50667                   0                   0
            0.276923                   0                   0
            -1.50715                   0                   0
            0.851117                   0                   0
            0.851117                   0                   0
           -0.162267                   0                   0
           -0.162267                   0                   0
           -0.162267                   0                   0
             1.45952                   0                   0
             1.45952                   0                   0
             1.45952                   0                   0
             1.07255                   0                   0
             1.07255                   0                   0
             1.07255                   0                   0
             1.07255                   0                   0
             1.07255                   0                   0
         -0.00374463                   0                   0
            -0.83495                   0                   0
          -0.0617119                   0                   0
          -0.0617119                   0                   0
          -0.0617119                   0                   0
            -0.64092                   0                   0
           -0.531171                   0                   0
            0.941295                   0                   0
            0.941295                   0                   0
            0.941295                   0                   0
            0.941295                   0                   0
             1.46951                   0                   0
           -0.336455                   0                   0
            -1.10825                   0                   0
            -1.10825                   0                   0
           -0.988774                   0                   0
            0.974903                   0                   0
             1.03424                   0                   0
            0.994314                   0                   0
             0.33303                   0                   0
          -0.0521595                   0                   0
            -1.59338                   0                   0
            0.337309                   0                   0
            0.337309                   0                   0
           -0.553069                   0                   0
           -0.553069                   0                   0
            -1.14797                   0                   0
             0.16514                   0                   0
             0.16514                   0                   0
            0.913546                   0                   0
             1.52364                   0                   0
             1.52364                   0                   0
             1.52364                   0                   0
           -0.566816                   0                   0
            0.495403                   0                   0
            0.495403                   0                   0
            0.495403                   0                   0
            -0.99444                   0                   0
            -0.99444                   0                   0
            -0.99444                   0                   0
            -1.14904                   0                   0
            -1.14904                   0                   0
           -0.528972                   0                   0
           -0.528972                   0                   0
             0.24969                   0                   0
           -0.120262                   0                   0
           -0.120262                   0                   0
             1.19378                   0                   0
           -0.897611                   0                   0
             1.32505                   0                   0
            0.637808                   0                   0
           0.0319546                   0                   0
            0.396591                   0                   0
            0.125633                   0                   0
            0.125633                   0                   0
           0.0558755                   0                   0
             1.43165                   0                   0
             1.43165                   0                   0
             1.43165                   0                   0
           -0.453432                   0                   0
             1.21547                   0                   0
            -1.01334                   0                   0
            -1.01334                   0                   0
            -1.01334                   0                   0
           -0.807161                   0                   0
           -0.316464                   0                   0
           -0.116676                   0                   0
           -0.116676                   0                   0
           -0.116676                   0                   0
            0.481442                   0                   0
            0.481442                   0                   0
            0.481442                   0                   0
            0.481442                   0                   0
            0.481442                   0                   0
          -0.0125214                   0                   0
          -0.0125214                   0                   0
            0.684528                   0                   0
            0.684528                   0                   0
            0.684528                   0                   0
             1.03793                   0                   0
             1.34704                   0                   0
             1.34704                   0                   0
            0.575524                   0                   0
            0.575524                   0                   0
            0.575524                   0                   0
            0.575524                   0                   0
             1.13355                   0                   0
            0.821941                   0                   0
            0.821941                   0                   0
             1.25549                   0                   0
              1.4002                   0                   0
             0.84993                   0                   0
           -0.400519                   0                   0
           -0.400519                   0                   0
           -0.400519                   0                   0
            0.979144                   0                   0
            0.979144                   0                   0
            0.979144                   0                   0
            0.106111                   0                   0
            0.824026                   0                   0
           -0.924557                   0                   0
           -0.924557                   0                   0
           -0.924557                   0                   0
            0.771087                   0                   0
           -0.162688                   0                   0
           -0.162688                   0                   0
           -0.162688                   0                   0
            -1.49559                   0                   0
            -1.49559                   0                   0
            -1.49559                   0                   0
            -1.49559                   0                   0
            -1.68839                   0                   0
            -1.68839                   0                   0
            -1.68839                   0                   0
            -1.68839                   0                   0
            -1.68839                   0                   0
            -1.68839                   0                   0
              0.1047                   0                   0
           -0.291248                   0                   0
           -0.291248                   0                   0
           -0.291248                   0                   0
           -0.291248                   0                   0
           -0.291248                   0                   0
           -0.291248                   0                   0
            0.854534                   0                   0
           -0.801136                   0                   0
             0.71922                   0                   0
             0.71922                   0                   0
             0.71922                   0                   0
             0.71922                   0                   0
             0.71922                   0                   0
            0.965126                   0                   0
            -1.21306                   0                   0
           -0.833348                   0                   0
           -0.833348                   0                   0
             -1.2175                   0                   0
             -1.2175                   0                   0
             -1.2175                   0                   0
             -1.2175                   0                   0
           -0.832182                   0                   0
           -0.832182                   0                   0
           -0.832182                   0                   0
            0.599153                   0                   0
            0.599153                   0                   0
            0.599153                   0                   0
            0.599153                   0                   0
           -0.905237                   0                   0
            0.266926                   0                   0
             1.30742                   0                   0
             1.30742                   0                   0
             1.30742                   0                   0
             1.36873                   0                   0
             1.57207                   0                   0
             1.57207                   0                   0
             1.65415                   0                   0
           -0.200482                   0                   0
            -1.27707                   0                   0
            -1.24824                   0                   0
            -1.24824                   0                   0
            -1.24824                   0                   0
             1.35052                   0                   0
             1.35052                   0                   0
           -0.202419                   0                   0
              1.4623                   0                   0
            -1.16766                   0                   0
            -1.16766                   0                   0
            -1.16766                   0                   0
            -2.05803                   0                   0
            -2.05803                   0                   0
            -2.05803                   0                   0
            -2.05803                   0                   0
            -2.09339                   0                   0
            -2.09339                   0                   0
            -1.33676                   0                   0
            -1.33676                   0                   0
            -1.33676                   0                   0
           -0.418581                   0                   0
           -0.175902                   0                   0
           -0.175902                   0                   0
             0.16311                   0                   0
           -0.814449                   0                   0
           -0.965746                   0                   0
            0.244593                   0                   0
            0.435507                   0                   0
            0.435507                   0                   0
            0.435507                   0                   0
           -0.851692                   0                   0
           -0.587249                   0                   0
           -0.587249                   0                   0
           -0.587249                   0                   0
           -0.587249                   0                   0
           -0.587249                   0                   0
            0.606434                   0                   0
            0.205598                   0                   0
            0.205598                   0                   0
             0.50108                   0                   0
             0.50108                   0                   0
             -0.3219                   0                   0
             -0.3219                   0                   0
             -0.3219                   0                   0
            0.581684                   0                   0
            0.581684                   0                   0
           -0.178048                   0                   0
            -0.63058                   0                   0
            -1.61162                   0                   0
           -0.424753                   0                   0
           -0.424753                   0                   0
            0.393883                   0                   0
            0.800614                   0                   0
            0.800614                   0                   0
            0.800614                   0                   0
            0.800614                   0                   0
            0.800614                   0                   0
            0.622252                   0                   0
            0.622252                   0                   0
            0.802107                   0                   0
            0.802107                   0                   0
            0.802107                   0                   0
           -0.280263                   0                   0
           -0.280263                   0                   0
           -0.841221                   0                   0
            0.472889                   0                   0
            0.472889                   0                   0
            0.937455                   0                   0
            0.204941                   0                   0
            0.958895                   0                   0
             -1.3196                   0                   0
           -0.160504                   0                   0
            -1.01436                   0                   0
            -1.01436                   0                   0
           -0.266006                   0                   0
           -0.266006                   0                   0
            0.102394                   0                   0
            0.102394                   0                   0
           -0.697743                   0                   0
           -0.697743                   0                   0
           -0.697743                   0                   0
           -0.697743                   0                   0
           -0.697743                   0                   0
           -0.697743                   0                   0
            -1.06557                   0                   0
            0.162304                   0                   0
            0.162304                   0                   0
            0.162304                   0                   0
           -0.074566                   0                   0
            -1.35798                   0                   0
            0.624635                   0                   0
           -0.789509                   0                   0
             1.12085                   0                   0
           -0.816671                   0                   0
           -0.816671                   0                   0
           -0.816671                   0                   0
           -0.816671                   0                   0
           -0.816671                   0                   0
            -1.20645                   0                   0
            -1.30504                   0                   0
            -1.30504                   0                   0
            -1.30504                   0                   0
            0.579182                   0                   0
            0.579182                   0                   0
            0.797211                   0                   0
            0.797211                   0                   0
            0.797211                   0                   0
           -0.488688                   0                   0
           -0.488688                   0                   0
            -1.03989                   0                   0
            -1.03989                   0                   0
           -0.664562                   0                   0
           -0.664562                   0                   0
           -0.664562                   0                   0
            0.364693                   0                   0
            0.364693                   0                   0
            0.364693                   0                   0
            0.210352                   0                   0
            -1.44755                   0                   0
            -1.44755                   0                   0
            0.487076                   0                   0
            0.487076                   0                   0
            0.487076                   0                   0
            0.487076                   0                   0
              1.4972                   0                   0
            0.201315                   0                   0
             1.13902                   0                   0
             1.13902                   0                   0
           -0.106872                   0                   0
           -0.106872                   0                   0
           -0.106872                   0                   0
             1.12578                   0                   0
            0.855641                   0                   0
            0.855641                   0                   0
          -0.0669303                   0                   0
          -0.0669303                   0                   0
            0.269265                   0                   0
            0.529218                   0                   0
            0.684764                   0                   0
            -1.12368                   0                   0
            -1.12368                   0                   0
            -1.03656                   0                   0
           -0.865692                   0                   0
            0.458853                   0                   0
            0.458853                   0                   0
            0.458853                   0                   0
            0.458853                   0                   0
            0.458853                   0                   0
            0.458853                   0                   0
            0.458853                   0                   0
            0.458853                   0                   0
           0.0196141                   0                   0
             2.18502                   0                   0
           -0.334021                   0                   0
            -1.05663                   0                   0
            0.908923                   0                   0
           0.0691011                   0                   0
             1.67512                   0                   0
             1.29919                   0                   0
           -0.922841                   0                   0
           -0.922841                   0                   0
           -0.922841                   0                   0
           -0.922841                   0                   0
           -0.922841                   0                   0
           -0.922841                   0                   0
           -0.120732                   0                   0
            0.778788                   0                   0
            0.778788                   0                   0
            0.778788                   0                   0
            0.510537                   0                   0
            0.510537                   0                   0
            0.534287                   0                   0
            0.747625                   0                   0
           -0.668831                   0                   0
            -1.24474                   0                   0
            -1.24474                   0                   0
           -0.951093                   0                   0
            0.987606                   0                   0
            0.134308                   0                   0
            0.134308                   0                   0
            0.134308                   0                   0
            0.134308                   0                   0
            0.134308                   0                   0
            0.134308                   0                   0
            0.134308                   0                   0
            0.134308                   0                   0
           0.0488485                   0                   0
           0.0488485                   0                   0
           0.0488485                   0                   0
           -0.805506                   0                   0
            0.491846                   0                   0
            0.491846                   0                   0
            0.491846                   0                   0
            0.491846                   0                   0
            0.491846                   0                   0
             1.27697                   0                   0
              -1.305                   0                   0
           -0.460967                   0                   0
           -0.460967                   0                   0
            0.216024                   0                   0
           -0.680451                   0                   0
           -0.680451                   0                   0
           -0.680451                   0                   0
           -0.680451                   0                   0
           -0.680451                   0                   0
           -0.680451                   0                   0
             0.56089                   0                   0
            0.563005                   0                   0
            0.563005                   0                   0
            0.563005                   0                   0
            0.563005                   0                   0
            0.563005                   0                   0
            0.563005                   0                   0
            0.563005                   0                   0
            0.563005                   0                   0
            0.577774                   0                   0
            0.577774                   0                   0
            0.577774                   0                   0
           -0.854412                   0                   0
           -0.854412                   0                   0
            0.979304                   0                   0
             1.30353                   0                   0
            0.110504                   0                   0
            0.110504                   0                   0
            -0.92872                   0                   0
            0.132908                   0                   0
            0.132908                   0                   0
            0.132908                   0                   0
             0.57582                   0                   0
          -0.0690328                   0                   0
            -0.00367                   0                   0
             1.05309                   0                   0
           -0.922133                   0                   0
            0.270296                   0                   0
            -1.70524                   0                   0
             -1.3599                   0                   0
            -1.10658                   0                   0
            -1.10658                   0                   0
            0.692238                   0                   0
           -0.907865                   0                   0
           -0.907865                   0                   0
            0.551582                   0                   0
            0.411095                   0                   0
            0.411095                   0                   0
            0.411095                   0                   0
            0.411095                   0                   0
            0.361376                   0                   0
            0.361376                   0                   0
            0.311568                   0                   0
             1.21783                   0                   0
             1.21783                   0                   0
             1.21783                   0                   0
             1.21783                   0                   0
             1.21783                   0                   0
          -0.0126212                   0                   0
             1.18344                   0                   0
            -1.40975                   0                   0
             1.10222                   0                   0
            0.657214                   0                   0
            -1.26946                   0                   0
            -0.43328                   0                   0
            -0.43328                   0                   0
            -0.43328                   0                   0
            0.804659                   0                   0
            0.804659                   0                   0
            0.804659                   0                   0
            0.804659                   0                   0
            0.804659                   0                   0
             1.02651                   0                   0
             1.02651                   0                   0
            -0.34876                   0                   0
           0.0772573                   0                   0
           0.0772573                   0                   0
           -0.999991                   0                   0
            0.786855                   0                   0
            0.786855                   0                   0
            0.786855                   0                   0
            0.514671                   0                   0
           -0.599891                   0                   0
           -0.551509                   0                   0
           -0.551509                   0                   0
             1.54801                   0                   0
             1.54801                   0                   0
             1.54801                   0                   0
             1.54801                   0                   0
             1.54801                   0                   0
             1.54801                   0                   0
             1.54801                   0                   0
             1.54801                   0                   0
             1.54801                   0                   0
             1.54801                   0                   0
            -1.00737                   0                   0
              0.2694                   0                   0
              0.2694                   0                   0
             1.14617                   0                   0
          -0.0568381                   0                   0
             1.02366                   0                   0
           -0.263238                   0                   0
            -1.63509                   0                   0
            -1.63509                   0                   0
           -0.572336                   0                   0
            0.222586                   0                   0
           -0.627778                   0                   0
           -0.627778                   0                   0
             -1.1143                   0                   0
             -1.1143                   0                   0
           -0.466756                   0                   0
           -0.466756                   0                   0
           -0.466756                   0                   0
           -0.466756                   0                   0
           -0.466756                   0                   0
           -0.466756                   0                   0
            -1.05302                   0                   0
            -1.05302                   0                   0
            -1.05302                   0                   0
            -1.05302                   0                   0
            -1.05302                   0                   0
            -1.05302                   0                   0
            -1.05302                   0                   0
            -1.14124                   0                   0
            -1.14124                   0                   0
            0.762283                   0                   0
            0.762283                   0                   0
            0.762283                   0                   0
            0.194003                   0                   0
            0.759348                   0                   0
            0.759348                   0                   0
            0.759348                   0                   0
            0.759348                   0                   0
             0.88405                   0                   0
             0.88405                   0                   0
            0.324609                   0                   0
           -0.839422                   0                   0
           -0.839422                   0                   0
           -0.839422                   0                   0
            -1.37883                   0                   0
            0.663099                   0                   0
            0.663099                   0                   0
            0.663099                   0                   0
            0.663099                   0                   0
            0.663099                   0                   0
            0.663099                   0                   0
             1.21943                   0                   0
            0.261986                   0                   0
           -0.281804                   0                   0
            0.893386                   0                   0
            0.893386                   0                   0
            0.893386                   0                   0
             0.82481                   0                   0
           -0.832455                   0                   0
           -0.832455                   0                   0
           -0.832455                   0                   0
           -0.590195                   0                   0
           -0.590195                   0                   0
           -0.590195                   0                   0
           -0.590195                   0                   0
           -0.590195                   0                   0
           -0.590195                   0                   0
           -0.590195                   0                   0
           -0.590195                   0                   0
           -0.590195                   0                   0
           -0.590195                   0                   0
           -0.590195                   0                   0
            0.655949                   0                   0
            0.655949                   0                   0
            0.655949                   0                   0
            0.655949                   0                   0
              1.1757                   0                   0
           -0.882967                   0                   0
           -0.882967                   0                   0
           -0.882967                   0                   0
           -0.521786                   0                   0
            0.197256                   0                   0
            0.197256                   0                   0
            -1.45861                   0                   0
            -1.45861                   0                   0
            -1.45861                   0                   0
            -1.79436                   0                   0
            -1.37229                   0                   0
             1.05718                   0                   0
             1.05718                   0                   0
             1.22714                   0                   0
            -1.12338                   0                   0
            -1.12338                   0                   0
            -1.12338                   0                   0
            0.230592                   0                   0
             1.18478                   0                   0
             1.18478                   0                   0
             1.18478                   0                   0
           -0.108869                   0                   0
            -1.29999                   0                   0
           -0.490576                   0                   0
           -0.490576                   0                   0
           -0.490576                   0                   0
             0.72475                   0                   0
             0.72475                   0                   0
              1.1164                   0                   0
              1.1164                   0                   0
            -0.43125                   0                   0
            0.395718                   0                   0
            0.341074                   0                   0
            0.341074                   0                   0
            0.341074                   0                   0
            0.341074                   0                   0
            -0.69892                   0                   0
           -0.767147                   0                   0
              1.0217                   0                   0
             1.04607                   0                   0
             1.04607                   0                   0
            0.088402                   0                   0
           -0.818598                   0                   0
            0.720606                   0                   0
            0.720606                   0                   0
            0.720606                   0                   0
            0.720606                   0                   0
            0.393828                   0                   0
            -1.09087                   0                   0
            0.357283                   0                   0
           -0.845125                   0                   0
            -1.45663                   0                   0
            -1.45663                   0                   0
            -1.12579                   0                   0
             1.12209                   0                   0
             1.12209                   0                   0
             1.12209                   0                   0
             1.25966                   0                   0
            0.553779                   0                   0
            0.553779                   0                   0
            0.589605                   0                   0
            0.979464                   0                   0
            0.979464                   0                   0
          -0.0594339                   0                   0
           -0.141683                   0                   0
           -0.141683                   0                   0
           -0.141683                   0                   0
            0.220437                   0                   0
            0.220437                   0                   0
           -0.290217                   0                   0
           -0.290217                   0                   0
           -0.290217                   0                   0
            -1.11087                   0                   0
            0.737256                   0                   0
            0.737256                   0                   0
           -0.323668                   0                   0
           -0.323668                   0                   0
            -1.60062                   0                   0
            -1.60062                   0                   0
            -1.60062                   0                   0
            -1.60062                   0                   0
           -0.290994                   0                   0
            0.307902                   0                   0
            0.307902                   0                   0
            0.307902                   0                   0
            0.307902                   0                   0
            0.494096                   0                   0
             0.11541                   0                   0
             1.20148                   0                   0
             1.20148                   0                   0
             1.20148                   0                   0
           -0.753637                   0                   0
            0.681814                   0                   0
            0.742776                   0                   0
            0.742776                   0                   0
            -1.25398                   0                   0
           -0.731286                   0                   0
           -0.731286                   0                   0
           -0.731286                   0                   0
           -0.731286                   0                   0
           -0.731286                   0                   0
           -0.731286                   0                   0
           -0.731286                   0                   0
           -0.731286                   0                   0
           -0.731286                   0                   0
          -0.0794996                   0                   0
            -1.30457                   0                   0
             1.31213                   0                   0
             1.31213                   0                   0
            0.658874                   0                   0
            0.658874                   0                   0
           -0.850866                   0                   0
           -0.850866                   0                   0
           -0.558178                   0                   0
           -0.154939                   0                   0
               1.393                   0                   0
               1.393                   0                   0
               1.393                   0                   0
            0.140115                   0                   0
            0.140115                   0                   0
            0.710625                   0                   0
            0.710625                   0                   0
             2.09231                   0                   0
             2.09231                   0                   0
             1.16526                   0                   0
          0.00815662                   0                   0
          0.00815662                   0                   0
            0.460872                   0                   0
             1.05378                   0                   0
            -0.79016                   0                   0
            -0.79016                   0                   0
            0.938512                   0                   0
             -1.1939                   0                   0
             -1.1939                   0                   0
             1.28233                   0                   0
             1.28233                   0                   0
           -0.345944                   0                   0
           -0.345944                   0                   0
           -0.345944                   0                   0
            0.737603                   0                   0
            0.737603                   0                   0
            0.737603                   0                   0
            0.737603                   0                   0
            0.737603                   0                   0
            0.737603                   0                   0
            0.737603                   0                   0
            0.737603                   0                   0
            0.737603                   0                   0
           -0.886093                   0                   0
           -0.886093                   0                   0
           -0.886093                   0                   0
           -0.886093                   0                   0
             0.59971                   0                   0
             1.14967                   0                   0
             1.14967                   0                   0
            0.692091                   0                   0
           -0.842765                   0                   0
           -0.842765                   0                   0
             1.23427                   0                   0
             1.23427                   0                   0
            0.708829                   0                   0
            0.708829                   0                   0
            0.708829                   0                   0
             0.42772                   0                   0
             0.42772                   0                   0
             0.42772                   0                   0
          -0.0807472                   0                   0
           -0.970625                   0                   0
             0.96841                   0                   0
              1.1321                   0                   0
            0.785528                   0                   0
            0.785528                   0                   0
            -1.18027                   0                   0
            -1.18027                   0                   0
            -1.17767                   0                   0
           -0.608291                   0                   0
           -0.608291                   0                   0
           -0.974151                   0                   0
           -0.974151                   0                   0
           -0.974151                   0                   0
           -0.974151                   0                   0
           -0.974151                   0                   0
           -0.915268                   0                   0
            -1.64686                   0                   0
            0.245984                   0                   0
           -0.545302                   0                   0
           -0.545302                   0                   0
              1.5523                   0                   0
             1.40248                   0                   0
             1.26474                   0                   0
           -0.785159                   0                   0
           -0.785159                   0                   0
           -0.110489                   0                   0
           -0.110489                   0                   0
             1.25806                   0                   0
            0.781364                   0                   0
            0.781364                   0                   0
           -0.734891                   0                   0
           -0.734891                   0                   0
           -0.363928                   0                   0
           -0.363928                   0                   0
           -0.363928                   0                   0
           -0.363928                   0                   0
             1.22478                   0                   0
            0.699428                   0                   0
            0.699428                   0                   0
            0.699428                   0                   0
            0.699428                   0                   0
            0.699428                   0                   0
            0.699428                   0                   0
              1.1437                   0                   0
            -1.35213                   0                   0
            -1.35213                   0                   0
            -1.13287                   0                   0
            -1.13287                   0                   0
            -1.13287                   0                   0
            -1.13287                   0                   0
            -1.13287                   0                   0
             1.18886                   0                   0
             1.18886                   0                   0
             1.18886                   0                   0
            0.264459                   0                   0
            0.264459                   0                   0
            0.446868                   0                   0
            0.446868                   0                   0
             1.04234                   0                   0
            0.402594                   0                   0
            -0.56403                   0                   0
            -0.56403                   0                   0
              1.3351                   0                   0
             1.00192                   0                   0
             1.00192                   0                   0
           -0.604634                   0                   0
           -0.604634                   0                   0
           -0.840141                   0                   0
           -0.806784                   0                   0
           -0.806784                   0                   0
           -0.806784                   0                   0
           -0.806784                   0                   0
           -0.806784                   0                   0
           0.0908079                   0                   0
           -0.428747                   0                   0
           -0.428747                   0                   0
           -0.428747                   0                   0
           -0.428747                   0                   0
            0.256937                   0                   0
            0.256937                   0                   0
            -1.16414                   0                   0
            -1.16414                   0                   0
             1.20625                   0                   0
            0.278471                   0                   0
            0.278471                   0                   0
            0.278471                   0                   0
           -0.419468                   0                   0
           -0.419468                   0                   0
           -0.419468                   0                   0
           -0.435646                   0                   0
           -0.435646                   0                   0
            0.515555                   0                   0
            0.515555                   0                   0
            0.515555                   0                   0
           -0.969691                   0                   0
            0.670663                   0                   0
            0.670663                   0                   0
            0.670663                   0                   0
            0.670663                   0                   0
            0.670663                   0                   0
            0.670663                   0                   0
            0.609376                   0                   0
            0.609376                   0                   0
            0.609376                   0                   0
            0.609376                   0                   0
            0.609376                   0                   0
            0.609376                   0                   0
            0.609376                   0                   0
            0.609376                   0                   0
            0.609376                   0                   0
            0.389545                   0                   0
            0.389545                   0                   0
            0.389545                   0                   0
            0.389545                   0                   0
            0.389545                   0                   0
            0.389545                   0                   0
             1.50116                   0                   0
             1.50116                   0                   0
             1.50116                   0                   0
             1.50116                   0                   0
             1.50116                   0                   0
             1.50116                   0                   0
             1.50116                   0                   0
             1.14519                   0                   0
             1.14519                   0                   0
             1.14519                   0                   0
             1.14519                   0                   0
            -1.08713                   0                   0
            -1.08713                   0                   0
            -1.08713                   0                   0
           -0.590308                   0                   0
           -0.590308                   0                   0
           -0.590308                   0                   0
           -0.590308                   0                   0
           -0.590308                   0                   0
           -0.357264                   0                   0
           -0.618153                   0                   0
             1.21542                   0                   0
            -1.14524                   0                   0
           -0.255064                   0                   0
           -0.255064                   0                   0
           -0.255064                   0                   0
            0.979581                   0                   0
            -1.04932                   0                   0
            -1.04932                   0                   0
            -1.01742                   0                   0
            -1.01742                   0                   0
             1.12445                   0                   0
            -1.38807                   0                   0
            -1.38807                   0                   0
            0.039232                   0                   0
            0.039232                   0                   0
            0.690461                   0                   0
            0.690461                   0                   0
             1.40271                   0                   0
            -1.22371                   0                   0
            0.294554                   0                   0
            -1.22711                   0                   0
          0.00369043                   0                   0
            0.133762                   0                   0
            0.133762                   0                   0
            0.133762                   0                   0
           -0.906156                   0                   0
             1.29637                   0                   0
             1.29637                   0                   0
             1.92014                   0                   0
             1.92014                   0                   0
             1.92014                   0                   0
             1.92014                   0                   0
             1.92014                   0                   0
            -0.42038                   0                   0
            -0.42038                   0                   0
           -0.234512                   0                   0
           -0.234512                   0                   0
           -0.234512                   0                   0
           -0.234512                   0                   0
            0.201174                   0                   0
           -0.395992                   0                   0
           -0.395992                   0                   0
           -0.395992                   0                   0
            -1.48576                   0                   0
            -1.48576                   0                   0
            0.618254                   0                   0
            0.618254                   0                   0
            0.618254                   0                   0
            0.988433                   0                   0
            0.988433                   0                   0
            0.988433                   0                   0
           -0.789806                   0                   0
           -0.789806                   0                   0
           -0.789806                   0                   0
           -0.789806                   0                   0
           -0.789806                   0                   0
            -1.59073                   0                   0
            -1.59073                   0                   0
           -0.901032                   0                   0
            0.444488                   0                   0
            0.444488                   0                   0
            0.444488                   0                   0
            0.444488                   0                   0
           -0.815184                   0                   0
           -0.815184                   0                   0
           -0.815184                   0                   0
            0.606935                   0                   0
           -0.105689                   0                   0
            0.832093                   0                   0
            0.832093                   0                   0
            0.832093                   0                   0
            0.832093                   0                   0
            0.832093                   0                   0
             1.33343                   0                   0
           -0.971989                   0                   0
            0.906562                   0                   0
           -0.937453                   0                   0
           -0.937453                   0                   0
           -0.181505                   0                   0
            -1.07241                   0                   0
            0.662605                   0                   0
           0.0189047                   0                   0
            0.328135                   0                   0
            0.328135                   0                   0
           0.0507166                   0                   0
            0.730616                   0                   0
           -0.439517                   0                   0
             1.54897                   0                   0
           -0.522909                   0                   0
           -0.972066                   0                   0
            -1.03751                   0                   0
            -1.03751                   0                   0
            0.910407                   0                   0
            0.910407                   0                   0
           -0.329013                   0                   0
           -0.516371                   0                   0
           -0.516371                   0                   0
           0.0222666                   0                   0
             0.48994                   0                   0
             0.48994                   0                   0
           0.0446776                   0                   0
            -1.53064                   0                   0
            -1.18961                   0                   0
           -0.331133                   0                   0
            0.701294                   0                   0
            0.701294                   0                   0
            0.701294                   0                   0
            0.701294                   0                   0
            0.937101                   0                   0
            0.937101                   0                   0
            0.046828                   0                   0
            0.046828                   0                   0
            0.046828                   0                   0
           -0.490927                   0                   0
           -0.490927                   0                   0
           -0.490927                   0                   0
           -0.490927                   0                   0
            0.372527                   0                   0
             1.10382                   0                   0
             1.10382                   0                   0
             1.10382                   0                   0
             0.84595                   0                   0
           -0.865683                   0                   0
             1.48448                   0                   0
           0.0238411                   0                   0
             1.06577                   0                   0
            -1.17688                   0                   0
            -1.17688                   0                   0
            -1.27043                   0                   0
            -1.27043                   0                   0
            -1.27043                   0                   0
            -1.69022                   0                   0
            -1.69022                   0                   0
            -1.69022                   0                   0
            -1.69022                   0                   0
            -1.71023                   0                   0
           -0.713232                   0                   0
           -0.713232                   0                   0
           -0.713232                   0                   0
           -0.713232                   0                   0
           -0.876262                   0                   0
           -0.876262                   0                   0
             1.05216                   0                   0
             1.05216                   0                   0
             1.05216                   0                   0
             1.05216                   0                   0
             1.27186                   0                   0
             1.22633                   0                   0
             1.23235                   0                   0
            0.410416                   0                   0
            0.410416                   0                   0
            0.410416                   0                   0
            0.410416                   0                   0
           -0.659608                   0                   0
           -0.659608                   0                   0
           -0.659608                   0                   0
           -0.659608                   0                   0
           -0.659608                   0                   0
           0.0802043                   0                   0
           0.0802043                   0                   0
            0.750153                   0                   0
            0.750153                   0                   0
            -1.61581                   0                   0
           -0.920543                   0                   0
            -1.21847                   0                   0
            -1.21847                   0                   0
             1.17676                   0                   0
             1.17676                   0                   0
            0.116981                   0                   0
            0.116981                   0                   0
            0.116981                   0                   0
            0.774758                   0                   0
            0.774758                   0                   0
           -0.772418                   0                   0
             1.39959                   0                   0
             1.05336                   0                   0
             1.05336                   0                   0
            0.909544                   0                   0
            0.269417                   0                   0
            0.269417                   0                   0
            0.269417                   0                   0
            0.269417                   0                   0
            0.269417                   0                   0
            0.269417                   0                   0
            0.269417                   0                   0
            0.269417                   0                   0
            -1.36938                   0                   0
            -1.36938                   0                   0
           0.0253553                   0                   0
            -0.88992                   0                   0
           -0.731268                   0                   0
           -0.731268                   0                   0
         -0.00245139                   0                   0
         -0.00245139                   0                   0
         -0.00245139                   0                   0
            -0.10084                   0                   0
            0.283629                   0                   0
            0.283629                   0                   0
            0.283629                   0                   0
            0.524866                   0                   0
            0.166674                   0                   0
            0.166674                   0                   0
             1.02158                   0                   0
             1.02158                   0                   0
             1.02158                   0                   0
             1.02158                   0                   0
            0.506034                   0                   0
            0.441525                   0                   0
            0.441525                   0                   0
            0.806787                   0                   0
             -1.3199                   0                   0
             -1.3199                   0                   0
            -1.04974                   0                   0
            -1.04974                   0                   0
            -1.04974                   0                   0
            -1.04974                   0                   0
            -1.04974                   0                   0
            -1.04974                   0                   0
           -0.378363                   0                   0
           -0.378363                   0                   0
           -0.378363                   0                   0
             1.23278                   0                   0
           -0.660673                   0                   0
           -0.660673                   0                   0
            0.633698                   0                   0
            0.633698                   0                   0
            0.633698                   0                   0
            0.633698                   0                   0
            0.633698                   0                   0
            0.633698                   0                   0
            0.633698                   0                   0
            0.633698                   0                   0
            0.633698                   0                   0
           -0.297011                   0                   0
           -0.297011                   0                   0
           -0.783829                   0                   0
           -0.779705                   0                   0
            -1.74445                   0                   0
            0.313582                   0                   0
            0.313582                   0                   0
             1.28439                   0                   0
             1.28439                   0                   0
             1.28439                   0                   0
            0.251343                   0                   0
            0.251343                   0                   0
             1.20878                   0                   0
             1.20878                   0                   0
             1.20878                   0                   0
            -1.40702                   0                   0
            -1.39438                   0                   0
            -0.59031                   0                   0
            0.600946                   0                   0
             0.16666                   0                   0
             0.16666                   0                   0
             0.16666                   0                   0
             0.16666                   0                   0
            -1.42003                   0                   0
            -1.42003                   0                   0
             1.06195                   0                   0
            0.512373                   0                   0
            0.744574                   0                   0
            0.744574                   0                   0
             1.30205                   0                   0
             1.30205                   0                   0
             1.30205                   0                   0
            -0.65531                   0                   0
            -0.65531                   0                   0
            -0.65531                   0                   0
            -0.65531                   0                   0
           -0.523891                   0                   0
           -0.523891                   0                   0
           -0.523891                   0                   0
           -0.398363                   0                   0
             1.31685                   0                   0
             1.31685                   0                   0
             1.31685                   0                   0
            0.406317                   0                   0
            -1.13802                   0                   0
            -1.31238                   0                   0
            -1.31238                   0                   0
            -1.31238                   0                   0
            -1.47414                   0                   0
            0.787336                   0                   0
            0.527316                   0                   0
            0.780623                   0                   0
            0.780623                   0                   0
            0.780623                   0                   0
            0.780623                   0                   0
            -1.79084                   0                   0
            0.112158                   0                   0
            0.112158                   0                   0
           -0.997389                   0                   0
           -0.997389                   0                   0
            -0.17008                   0                   0
            0.563978                   0                   0
             1.22126                   0                   0
            0.146727                   0                   0
            -1.09546                   0                   0
            0.873135                   0                   0
            0.261897                   0                   0
           -0.223425                   0                   0
           -0.223425                   0                   0
           -0.223425                   0                   0
           -0.223425                   0                   0
           -0.223425                   0                   0
           -0.223425                   0                   0
          -0.0895362                   0                   0
               0.248                   0                   0
               0.248                   0                   0
               0.248                   0                   0
               0.248                   0                   0
            0.690341                   0                   0
           -0.560519                   0                   0
           -0.560519                   0                   0
           -0.560519                   0                   0
           -0.560519                   0                   0
           -0.380304                   0                   0
            -1.42224                   0                   0
            -1.05834                   0                   0
            0.829824                   0                   0
            -1.02675                   0                   0
            -1.02675                   0                   0
            -1.02675                   0                   0
            -1.02675                   0                   0
            -1.02675                   0                   0
           -0.712177                   0                   0
           -0.712177                   0                   0
           -0.655629                   0                   0
           -0.655629                   0                   0
           -0.655629                   0                   0
             0.26408                   0                   0
             1.00335                   0                   0
             1.00335                   0                   0
             1.00335                   0                   0
           -0.729581                   0                   0
           -0.729581                   0                   0
           -0.729581                   0                   0
            -1.48783                   0                   0
           -0.976378                   0                   0
           -0.602882                   0                   0
            0.814657                   0                   0
            0.383354                   0                   0
            0.214854                   0                   0
            0.214854                   0                   0
            0.214854                   0                   0
           0.0602574                   0                   0
            0.438603                   0                   0
             2.31733                   0                   0
             2.31733                   0                   0
             2.42162                   0                   0
             2.12842                   0                   0
             1.73036                   0                   0
              1.7257                   0                   0
              1.7257                   0                   0
              1.7257                   0                   0
           -0.652096                   0                   0
           -0.905783                   0                   0
           -0.905783                   0                   0
             1.16626                   0                   0
           -0.948383                   0                   0
           -0.948383                   0                   0
           -0.401993                   0                   0
           -0.401993                   0                   0
             1.32793                   0                   0
            -1.06281                   0                   0
           -0.302798                   0                   0
             1.48675                   0                   0
            0.961034                   0                   0
            0.710449                   0                   0
            0.710449                   0                   0
            0.710449                   0                   0
            0.710449                   0                   0
            0.629453                   0                   0
            -1.37213                   0                   0
            -1.37213                   0                   0
            0.649146                   0                   0
           -0.946178                   0                   0
           -0.893843                   0                   0
            0.360452                   0                   0
             1.34599                   0                   0
             1.34599                   0                   0
             1.34599                   0                   0
             1.34599                   0                   0
           -0.133376                   0                   0
            0.705829                   0                   0
            0.705829                   0                   0
            0.705829                   0                   0
            0.705829                   0                   0
            -1.40532                   0                   0
            -0.94262                   0                   0
           -0.806336                   0                   0
            0.395262                   0                   0
           -0.620769                   0                   0
           -0.445264                   0                   0
           -0.445264                   0                   0
            0.804064                   0                   0
            0.804064                   0                   0
           -0.416775                   0                   0
            -1.15255                   0                   0
            0.960006                   0                   0
            0.960006                   0                   0
            0.960006                   0                   0
            0.960006                   0                   0
            0.960006                   0                   0
              -1.027                   0                   0
              -1.027                   0                   0
            0.555442                   0                   0
             1.53682                   0                   0
             1.34715                   0                   0
             1.34715                   0                   0
             1.34715                   0                   0
             1.34715                   0                   0
           -0.164691                   0                   0
           -0.164691                   0                   0
           -0.465148                   0                   0
           -0.465148                   0                   0
           -0.465148                   0                   0
           -0.323277                   0                   0
            -0.36404                   0                   0
            0.302835                   0                   0
            0.302835                   0                   0
            0.302835                   0                   0
           -0.932873                   0                   0
           -0.932873                   0                   0
           -0.932873                   0                   0
           -0.932873                   0                   0
             1.31567                   0                   0
           -0.212471                   0                   0
           -0.212471                   0                   0
           -0.549817                   0                   0
            0.240576                   0                   0
            0.240576                   0                   0
            0.240576                   0                   0
             0.88553                   0                   0
             0.88553                   0                   0
           -0.728513                   0                   0
           -0.693398                   0                   0
            -1.04364                   0                   0
            0.886479                   0                   0
            0.886479                   0                   0
            0.251367                   0                   0
            -1.19751                   0                   0
            -0.85043                   0                   0
             1.03232                   0                   0
             1.66748                   0                   0
             2.00139                   0                   0
             2.00139                   0                   0
            0.157271                   0                   0
            0.157271                   0                   0
           -0.445313                   0                   0
           -0.445313                   0                   0
             0.57159                   0                   0
             0.57159                   0                   0
             0.57159                   0                   0
            -1.35665                   0                   0
            0.649274                   0                   0
            0.649274                   0                   0
            0.649274                   0                   0
            0.649274                   0                   0
            0.649274                   0                   0
            -1.17154                   0                   0
            -1.17154                   0                   0
            -1.17154                   0                   0
             1.25731                   0                   0
            0.295881                   0                   0
            0.295881                   0                   0
            0.721383                   0                   0
            0.721383                   0                   0
            0.721383                   0                   0
            -1.02484                   0                   0
            -1.02484                   0                   0
          -0.0370457                   0                   0
            -0.27785                   0                   0
            -0.27785                   0                   0
            0.836179                   0                   0
            0.836179                   0                   0
           -0.821616                   0                   0
           -0.821616                   0                   0
            -1.30421                   0                   0
            -1.16254                   0                   0
            -1.16254                   0                   0
            -1.16254                   0                   0
          -0.0667983                   0                   0
          -0.0667983                   0                   0
          -0.0667983                   0                   0
           -0.815823                   0                   0
             1.21203                   0                   0
             1.21203                   0                   0
           -0.587005                   0                   0
           -0.587005                   0                   0
            0.400324                   0                   0
            -1.25601                   0                   0
            -1.25601                   0                   0
            -1.96114                   0                   0
            -1.47344                   0                   0
            -1.49778                   0                   0
            -1.49778                   0                   0
             -1.1545                   0                   0
           -0.512642                   0                   0
           -0.512642                   0                   0
           -0.835102                   0                   0
           -0.835102                   0                   0
          -0.0502814                   0                   0
          -0.0502814                   0                   0
          -0.0502814                   0                   0
          -0.0502814                   0                   0
          -0.0502814                   0                   0
            0.589852                   0                   0
            0.589852                   0                   0
            0.589852                   0                   0
           -0.855104                   0                   0
            0.811668                   0                   0
             1.06479                   0                   0
             1.06479                   0                   0
             1.06479                   0                   0
             1.06479                   0                   0
            0.977188                   0                   0
           -0.113313                   0                   0
           -0.113313                   0                   0
           -0.113313                   0                   0
              1.3065                   0                   0
           -0.497698                   0                   0
           -0.497698                   0                   0
           -0.632815                   0                   0
           -0.632815                   0                   0
           -0.632815                   0                   0
           -0.632815                   0                   0
           -0.632815                   0                   0
           -0.632815                   0                   0
             1.17644                   0                   0
             1.17644                   0                   0
            0.788789                   0                   0
            0.788789                   0                   0
            0.788789                   0                   0
             1.13784                   0                   0
             1.13784                   0                   0
             1.08618                   0                   0
            0.247543                   0                   0
             1.07607                   0                   0
             1.10664                   0                   0
             1.10664                   0                   0
             1.10664                   0                   0
             1.10664                   0                   0
             1.10664                   0                   0
            0.891119                   0                   0
            0.891119                   0                   0
            0.891119                   0                   0
            0.891119                   0                   0
            -1.41475                   0                   0
           -0.995297                   0                   0
            0.755521                   0                   0
            0.755521                   0                   0
            0.755521                   0                   0
            0.755521                   0                   0
             1.34533                   0                   0
           -0.400477                   0                   0
           -0.942141                   0                   0
           -0.617675                   0                   0
           -0.671965                   0                   0
            0.962128                   0                   0
             1.05338                   0                   0
            0.806249                   0                   0
             1.25683                   0                   0
             1.25683                   0                   0
             1.36024                   0                   0
             1.36024                   0                   0
             1.36024                   0                   0
             1.36024                   0                   0
            -1.24898                   0                   0
           -0.743338                   0                   0
           -0.743338                   0                   0
           -0.743338                   0                   0
            0.502931                   0                   0
             1.14263                   0                   0
            -0.62692                   0                   0
            0.296559                   0                   0
            0.296559                   0                   0
            0.296559                   0                   0
            0.296559                   0                   0
            0.296559                   0                   0
           -0.275923                   0                   0
           -0.275923                   0                   0
           -0.275923                   0                   0
              1.3825                   0                   0
              1.3825                   0                   0
              1.3825                   0                   0
              1.3825                   0                   0
              1.3825                   0                   0
            0.707208                   0                   0
            0.707208                   0                   0
            0.761264                   0                   0
            0.761264                   0                   0
            0.761264                   0                   0
            0.761264                   0                   0
            0.761264                   0                   0
            -1.27346                   0                   0
            -1.27346                   0                   0
            -1.02041                   0                   0
            0.717313                   0                   0
            0.717313                   0                   0
            0.717313                   0                   0
            0.412965                   0                   0
            0.412965                   0                   0
            0.412965                   0                   0
            0.412965                   0                   0
             -1.0448                   0                   0
             -1.0448                   0                   0
             -1.0448                   0                   0
             -1.0448                   0                   0
             -1.0448                   0                   0
             -1.0448                   0                   0
             -1.0448                   0                   0
             -1.0448                   0                   0
             -1.0448                   0                   0
            0.915466                   0                   0
            0.912041                   0                   0
            -1.10822                   0                   0
            -1.10822                   0                   0
            0.400504                   0                   0
            -1.48592                   0                   0
            -1.48592                   0                   0
            0.364609                   0                   0
            -1.36223                   0                   0
            0.394603                   0                   0
            0.394603                   0                   0
            0.394603                   0                   0
            0.394603                   0                   0
            0.310388                   0                   0
           -0.246365                   0                   0
            -1.43772                   0                   0
             1.15183                   0                   0
             1.15183                   0                   0
             1.15183                   0                   0
            0.850586                   0                   0
           -0.744571                   0                   0
             1.36052                   0                   0
             1.36052                   0                   0
             1.36052                   0                   0
             1.36052                   0                   0
           -0.182969                   0                   0
           -0.182969                   0                   0
            -1.13565                   0                   0
           -0.653509                   0                   0
            0.568075                   0                   0
            0.568075                   0                   0
            0.568075                   0                   0
            0.568075                   0                   0
            0.568075                   0                   0
            0.568075                   0                   0
             1.15485                   0                   0
            -0.17917                   0                   0
            0.205614                   0                   0
            0.205614                   0                   0
            0.205614                   0                   0
             1.35139                   0                   0
             1.35139                   0                   0
             1.35139                   0                   0
           -0.312835                   0                   0
           0.0218598                   0                   0
           0.0218598                   0                   0
           0.0218598                   0                   0
           0.0218598                   0                   0
           0.0218598                   0                   0
            -1.10445                   0                   0
            -1.10114                   0                   0
            -1.10114                   0                   0
            0.924825                   0                   0
           -0.226997                   0                   0
            -1.12144                   0                   0
            -1.12144                   0                   0
            -1.12144                   0                   0
            -1.12144                   0                   0
            -1.12144                   0                   0
            -1.12144                   0                   0
            -1.22807                   0                   0
           -0.479021                   0                   0
           -0.479021                   0                   0
             1.27143                   0                   0
             1.27143                   0                   0
            -1.20701                   0                   0
            0.825032                   0                   0
            0.825032                   0                   0
            0.825032                   0                   0
            0.825032                   0                   0
            0.315647                   0                   0
            0.387559                   0                   0
            0.387559                   0                   0
           -0.133706                   0                   0
           -0.133706                   0                   0
           -0.578005                   0                   0
           -0.578005                   0                   0
            0.233101                   0                   0
        -0.000919447                   0                   0
        -0.000919447                   0                   0
             1.04836                   0                   0
             1.04836                   0                   0
             1.04836                   0                   0
             1.05599                   0                   0
             1.05599                   0                   0
             1.05599                   0                   0
             1.05599                   0                   0
             1.05599                   0                   0
           -0.777063                   0                   0
           -0.777063                   0                   0
           -0.777063                   0                   0
           -0.777063                   0                   0
           -0.777063                   0                   0
           -0.777063                   0                   0
           -0.856303                   0                   0
           -0.856303                   0                   0
           -0.856303                   0                   0
           -0.856303                   0                   0
             1.28233                   0                   0
            0.521987                   0                   0
            0.521987                   0                   0
            0.521987                   0                   0
            -1.58697                   0                   0
             1.01333                   0                   0
             1.01333                   0                   0
             1.01333                   0                   0
             1.01333                   0                   0
            0.268501                   0                   0
           -0.303666                   0                   0
           -0.303666                   0                   0
           -0.817035                   0                   0
           -0.817035                   0                   0
           -0.817035                   0                   0
           -0.817035                   0                   0
           -0.817035                   0                   0
           -0.960738                   0                   0
             1.09974                   0                   0
             1.09974                   0                   0
             1.09974                   0                   0
             1.09974                   0                   0
             1.09974                   0                   0
            0.402922                   0                   0
            0.402922                   0                   0
           0.0603379                   0                   0
            -1.46148                   0                   0
            -1.30838                   0                   0
           -0.682711                   0                   0
           -0.682711                   0                   0
           -0.682711                   0                   0
           -0.682711                   0                   0
           -0.682711                   0                   0
            -1.33809                   0                   0
             1.17516                   0                   0
             1.17516                   0                   0
           -0.748035                   0                   0
           -0.711544                   0                   0
            -1.20739                   0                   0
            -1.17447                   0                   0
            -1.17447                   0                   0
            -1.17447                   0                   0
            -1.17447                   0                   0
            -1.17447                   0                   0
            -1.17447                   0                   0
            -1.17447                   0                   0
           -0.587354                   0                   0
           -0.587354                   0                   0
           -0.587354                   0                   0
           -0.587354                   0                   0
           -0.587354                   0                   0
             0.57771                   0                   0
             0.57771                   0                   0
             0.57771                   0                   0
             0.57771                   0                   0
            0.849067                   0                   0
            -1.03015                   0                   0
            0.753821                   0                   0
            0.753821                   0                   0
            0.753821                   0                   0
            0.523362                   0                   0
            0.523362                   0                   0
            0.523362                   0                   0
            0.523362                   0                   0
            0.523362                   0                   0
            0.523362                   0                   0
            0.523362                   0                   0
             1.18249                   0                   0
           -0.965426                   0                   0
            0.979049                   0                   0
            0.808327                   0                   0
            0.540946                   0                   0
            0.540946                   0                   0
              0.3272                   0                   0
           -0.969898                   0                   0
           -0.969898                   0                   0
            -1.06976                   0                   0
            -1.24592                   0                   0
           0.0655615                   0                   0
             1.51828                   0                   0
            0.156733                   0                   0
            -1.53522                   0                   0
            -1.53522                   0                   0
            -1.53522                   0                   0
            -1.53522                   0                   0
            0.530581                   0                   0
            0.530581                   0                   0
             1.18367                   0                   0
             1.29311                   0                   0
             1.29311                   0                   0
             1.29311                   0                   0
             1.29311                   0                   0
            -1.19938                   0                   0
            -1.19938                   0                   0
            -1.19938                   0                   0
            -1.19938                   0                   0
            -1.19938                   0                   0
            0.825122                   0                   0
           -0.368342                   0                   0
              1.3179                   0                   0
              1.3179                   0                   0
           -0.502844                   0                   0
           -0.502844                   0                   0
           -0.502844                   0                   0
           -0.361458                   0                   0
             1.10484                   0                   0
             1.10484                   0                   0
             1.10484                   0                   0
             1.10484                   0                   0
             1.10484                   0                   0
             1.10484                   0                   0
             1.10484                   0                   0
             1.01875                   0                   0
             1.01875                   0                   0
             1.01875                   0                   0
             1.01875                   0                   0
             1.01624                   0                   0
         -0.00263463                   0                   0
         -0.00263463                   0                   0
         -0.00263463                   0                   0
         -0.00263463                   0                   0
             0.73971                   0                   0
           -0.632208                   0                   0
             1.02784                   0                   0
             1.02784                   0                   0
            0.528227                   0                   0
            0.361142                   0                   0
            0.361142                   0                   0
            0.361142                   0                   0
           -0.570561                   0                   0
            0.910294                   0                   0
            -1.19229                   0                   0
            0.177732                   0                   0
            0.177732                   0                   0
            0.340378                   0                   0
            0.340378                   0                   0
            0.340378                   0                   0
            0.340378                   0                   0
            0.340378                   0                   0
            0.340378                   0                   0
            0.340378                   0                   0
            -1.35348                   0                   0
          -0.0693783                   0                   0
           -0.719874                   0                   0
           -0.719874                   0                   0
           -0.719874                   0                   0
           -0.719874                   0                   0
           -0.719874                   0                   0
            0.509659                   0                   0
             1.41163                   0                   0
             1.41163                   0                   0
             1.41163                   0                   0
             1.41163                   0                   0
             1.41163                   0                   0
             1.14875                   0                   0
           -0.843638                   0                   0
           -0.843638                   0                   0
           -0.843638                   0                   0
            -1.58642                   0                   0
            -1.33954                   0                   0
            0.614212                   0                   0
            0.614212                   0                   0
            0.614212                   0                   0
            0.839948                   0                   0
            0.839948                   0                   0
            -0.68211                   0                   0
            0.252762                   0                   0
            0.252762                   0                   0
            0.252762                   0                   0
            0.252762                   0                   0
            -1.23366                   0                   0
           -0.652632                   0                   0
            0.404389                   0                   0
            0.404389                   0                   0
            0.404389                   0                   0
           -0.915817                   0                   0
           -0.915817                   0                   0
           -0.915817                   0                   0
              0.5784                   0                   0
          -0.0533909                   0                   0
           -0.206875                   0                   0
           -0.206875                   0                   0
            0.736722                   0                   0
            0.736722                   0                   0
            0.736722                   0                   0
            -1.11346                   0                   0
             0.94395                   0                   0
             0.94395                   0                   0
             0.94395                   0                   0
             0.94395                   0                   0
            0.227346                   0                   0
            0.227346                   0                   0
            0.227346                   0                   0
           -0.336573                   0                   0
           -0.368873                   0                   0
           0.0808432                   0                   0
            -1.13419                   0                   0
            -1.13419                   0                   0
           -0.920115                   0                   0
           -0.920115                   0                   0
           -0.920115                   0                   0
           -0.920115                   0                   0
           -0.920115                   0                   0
            -1.21478                   0                   0
            -1.21478                   0                   0
            0.981789                   0                   0
           -0.268127                   0                   0
            -1.29787                   0                   0
            0.650471                   0                   0
           -0.668017                   0                   0
           -0.696396                   0                   0
            -1.67284                   0                   0
           -0.982393                   0                   0
           -0.982393                   0                   0
             1.12892                   0                   0
             1.12892                   0                   0
             1.12892                   0                   0
             1.12892                   0                   0
             1.12892                   0                   0
             1.12892                   0                   0
             1.12892                   0                   0
             1.12892                   0                   0
             1.12892                   0                   0
             1.12892                   0                   0
            0.240896                   0                   0
            0.240896                   0                   0
            0.240896                   0                   0
             1.25682                   0                   0
             1.25682                   0                   0
            -1.19593                   0                   0
            -1.19593                   0                   0
            -1.19593                   0                   0
             1.03646                   0                   0
            0.616599                   0                   0
            0.616599                   0                   0
            0.616599                   0                   0
            0.616599                   0                   0
             0.40315                   0                   0
             1.25884                   0                   0
            0.801252                   0                   0
            0.837808                   0                   0
             1.36627                   0                   0
             1.36627                   0                   0
            0.585469                   0                   0
            0.585469                   0                   0
            0.585469                   0                   0
            0.585469                   0                   0
            0.585469                   0                   0
           -0.428258                   0                   0
             1.10251                   0                   0
             1.10251                   0                   0
           -0.811019                   0                   0
           -0.811019                   0                   0
           -0.811019                   0                   0
           -0.811019                   0                   0
            0.664297                   0                   0
            0.664297                   0                   0
            0.664297                   0                   0
            0.664297                   0                   0
            0.664297                   0                   0
            0.664297                   0                   0
            0.664297                   0                   0
           0.0785142                   0                   0
           0.0785142                   0                   0
           0.0785142                   0                   0
           0.0785142                   0                   0
            -1.01379                   0                   0
            -1.01379                   0                   0
            -1.01379                   0                   0
            -1.01379                   0                   0
           -0.711615                   0                   0
           -0.711615                   0                   0
           -0.711615                   0                   0
           -0.711615                   0                   0
           -0.711615                   0                   0
           -0.379011                   0                   0
           0.0801532                   0                   0
           -0.388464                   0                   0
             1.10408                   0                   0
            0.959252                   0                   0
            0.959252                   0                   0
          -0.0483095                   0                   0
           -0.543304                   0                   0
           -0.543304                   0                   0
           -0.625394                   0                   0
           -0.841888                   0                   0
           -0.249475                   0                   0
           -0.249475                   0                   0
           -0.249475                   0                   0
           -0.249475                   0                   0
           -0.249475                   0                   0
           -0.449535                   0                   0
            0.205722                   0                   0
           -0.174954                   0                   0
             1.02421                   0                   0
             1.72971                   0                   0
             1.39568                   0                   0
             1.15145                   0                   0
             1.15145                   0                   0
             1.15145                   0                   0
           -0.336204                   0                   0
           -0.336204                   0                   0
           -0.775041                   0                   0
           -0.775041                   0                   0
           -0.775041                   0                   0
           -0.775041                   0                   0
           -0.775041                   0                   0
            -0.21417                   0                   0
              1.0223                   0                   0
            0.951998                   0                   0
            0.951998                   0                   0
            0.951998                   0                   0
            0.951998                   0                   0
           -0.780155                   0                   0
           -0.780155                   0                   0
           -0.780155                   0                   0
           -0.780155                   0                   0
            0.201652                   0                   0
            0.201652                   0                   0
             -1.0447                   0                   0
             -1.0447                   0                   0
             -1.0447                   0                   0
             -1.0447                   0                   0
             1.28015                   0                   0
             1.28015                   0                   0
          -0.0644658                   0                   0
             1.39315                   0                   0
            0.998061                   0                   0
            0.998061                   0                   0
            0.334599                   0                   0
            0.334599                   0                   0
            0.334599                   0                   0
            0.334599                   0                   0
            0.334599                   0                   0
            0.334599                   0                   0
            0.609906                   0                   0
           0.0873301                   0                   0
           -0.374629                   0                   0
             1.06445                   0                   0
            -1.35793                   0                   0
            0.703496                   0                   0
           -0.369297                   0                   0
             1.04317                   0                   0
             1.04317                   0                   0
             1.40962                   0                   0
             1.40962                   0                   0
             1.40962                   0                   0
             1.22787                   0                   0
           -0.538491                   0                   0
           0.0779894                   0                   0
           0.0779894                   0                   0
            -0.18386                   0                   0
            -0.18386                   0                   0
            -1.19828                   0                   0
          0.00401945                   0                   0
             0.42592                   0                   0
            -1.03322                   0                   0
            -1.03322                   0                   0
             1.33748                   0                   0
             1.33748                   0                   0
             1.31852                   0                   0
          -0.0035532                   0                   0
          -0.0035532                   0                   0
             1.61188                   0                   0
             1.61188                   0                   0
           -0.512172                   0                   0
            -0.76807                   0                   0
            -0.76807                   0                   0
          -0.0780147                   0                   0
          -0.0780147                   0                   0
          -0.0780147                   0                   0
            -1.17741                   0                   0
           -0.319665                   0                   0
            -2.02489                   0                   0
           -0.400864                   0                   0
           -0.134442                   0                   0
           -0.134442                   0                   0
           -0.134442                   0                   0
           -0.134442                   0                   0
           -0.134442                   0                   0
           -0.134442                   0                   0
           -0.134442                   0                   0
           -0.134442                   0                   0
           -0.510266                   0                   0
           -0.510266                   0                   0
           -0.510266                   0                   0
           -0.510266                   0                   0
           -0.510266                   0                   0
           -0.510266                   0                   0
           -0.510266                   0                   0
           -0.476651                   0                   0
           -0.476651                   0                   0
            -1.00883                   0                   0
           -0.551414                   0                   0
           -0.551414                   0                   0
             1.25982                   0                   0
           -0.745828                   0                   0
           -0.745828                   0                   0
           -0.745828                   0                   0
           -0.745828                   0                   0
            0.206129                   0                   0
            0.206129                   0                   0
            0.206129                   0                   0
            0.206129                   0                   0
            0.206129                   0                   0
            0.206129                   0                   0
             0.86846                   0                   0
             0.86846                   0                   0
            0.546507                   0                   0
            0.546507                   0                   0
            0.546507                   0                   0
            0.168996                   0                   0
           0.0273049                   0                   0
           -0.822281                   0                   0
           -0.822281                   0                   0
           -0.822281                   0                   0
           -0.133617                   0                   0
           -0.133617                   0                   0
           -0.195104                   0                   0
           -0.195104                   0                   0
           -0.195104                   0                   0
           -0.195104                   0                   0
             1.45043                   0                   0
            0.631223                   0                   0
            0.631223                   0                   0
            0.631223                   0                   0
            0.631223                   0                   0
            0.631223                   0                   0
            -1.27876                   0                   0
           -0.528901                   0                   0
           -0.528901                   0                   0
           -0.528901                   0                   0
             1.53228                   0                   0
            0.906881                   0                   0
            0.906881                   0                   0
            0.158099                   0                   0
            -1.15363                   0                   0
            -1.15363                   0                   0
            -1.15363                   0                   0
            -1.15363                   0                   0
            -0.69998                   0                   0
            -0.69998                   0                   0
            -0.69998                   0                   0
           -0.615681                   0                   0
           -0.615681                   0                   0
             1.58214                   0                   0
          0.00730865                   0                   0
            0.449641                   0                   0
            0.449641                   0                   0
            0.449641                   0                   0
            0.449641                   0                   0
             1.56089                   0                   0
             1.45688                   0                   0
             1.45688                   0                   0
           -0.326687                   0                   0
             1.14318                   0                   0
           -0.594843                   0                   0
           -0.594843                   0                   0
           -0.594843                   0                   0
           -0.594843                   0                   0
           -0.594843                   0                   0
           -0.594843                   0                   0
           -0.777036                   0                   0
            0.743472                   0                   0
            0.743472                   0                   0
            0.743472                   0                   0
            0.743472                   0                   0
            0.743472                   0                   0
           -0.672911                   0                   0
            0.966972                   0                   0
           -0.817744                   0                   0
           -0.817744                   0                   0
           -0.817744                   0                   0
            0.852203                   0                   0
            0.852203                   0                   0
            0.852203                   0                   0
           -0.784527                   0                   0
           -0.784527                   0                   0
            0.172985                   0                   0
            -0.87874                   0                   0
           -0.517944                   0                   0
            -1.06225                   0                   0
            0.804475                   0                   0
           -0.453605                   0                   0
           -0.453605                   0                   0
            0.548896                   0                   0
            0.669378                   0                   0
            0.669378                   0                   0
            0.669378                   0                   0
           -0.976729                   0                   0
           -0.976729                   0                   0
           -0.976729                   0                   0
            0.602751                   0                   0
            0.602751                   0                   0
           -0.568592                   0                   0
            -0.17497                   0                   0
            -1.12893                   0                   0
            -1.12893                   0                   0
            -1.25642                   0                   0
            -1.25642                   0                   0
            0.829301                   0                   0
            0.889642                   0                   0
            0.889642                   0                   0
            0.889642                   0                   0
            0.889642                   0                   0
           -0.492188                   0                   0
            0.419461                   0                   0
            0.419461                   0                   0
            0.419461                   0                   0
            0.942146                   0                   0
            0.560424                   0                   0
            0.560424                   0                   0
            0.200979                   0                   0
           -0.980301                   0                   0
            -0.99339                   0                   0
            -0.99339                   0                   0
            0.851093                   0                   0
            0.370363                   0                   0
            0.370363                   0                   0
            0.370363                   0                   0
             1.15544                   0                   0
             1.15544                   0                   0
            0.513141                   0                   0
            0.513141                   0                   0
           -0.538592                   0                   0
            0.948419                   0                   0
            0.948419                   0                   0
           -0.302817                   0                   0
           -0.717911                   0                   0
           -0.717911                   0                   0
            0.235189                   0                   0
            0.235189                   0                   0
            -1.12326                   0                   0
           -0.147432                   0                   0
           -0.147432                   0                   0
            0.682905                   0                   0
           -0.937715                   0                   0
           -0.937715                   0                   0
           -0.937715                   0                   0
           -0.937715                   0                   0
           -0.937715                   0                   0
             1.11482                   0                   0
             1.11482                   0                   0
             1.11482                   0                   0
             1.11482                   0                   0
             1.11482                   0                   0
           -0.212441                   0                   0
           -0.212441                   0                   0
            0.966091                   0                   0
            0.901287                   0                   0
           -0.629832                   0                   0
           -0.629832                   0                   0
           -0.714376                   0                   0
            0.386649                   0                   0
            0.386649                   0                   0
            0.577331                   0                   0
            0.577331                   0                   0
           -0.279419                   0                   0
            0.512202                   0                   0
            0.512202                   0                   0
            0.512202                   0                   0
            0.512202                   0                   0
            0.512202                   0                   0
            -1.18117                   0                   0
            -1.18117                   0                   0
            -1.18117                   0                   0
            -1.18117                   0                   0
            0.647012                   0                   0
            0.647012                   0                   0
            -0.77403                   0                   0
           -0.737124                   0                   0
           -0.737124                   0                   0
           -0.737124                   0                   0
            0.633207                   0                   0
           -0.308639                   0                   0
           -0.432683                   0                   0
           -0.432683                   0                   0
           -0.432683                   0                   0
           -0.432683                   0                   0
            0.456807                   0                   0
             1.81648                   0                   0
             1.81648                   0                   0
             1.26734                   0                   0
             1.26734                   0                   0
             1.26734                   0                   0
             -1.2298                   0                   0
             -1.2298                   0                   0
             1.24517                   0                   0
             1.24517                   0                   0
            0.654264                   0                   0
            0.654264                   0                   0
            0.654264                   0                   0
            0.654264                   0                   0
            0.654264                   0                   0
            0.654264                   0                   0
            0.654264                   0                   0
             1.48769                   0                   0
           -0.124412                   0                   0
           -0.377425                   0                   0
           -0.377425                   0                   0
             1.56384                   0                   0
             1.56384                   0                   0
            0.146959                   0                   0
           -0.629269                   0                   0
            -1.68345                   0                   0
            -1.68345                   0                   0
             0.59452                   0                   0
             0.59452                   0                   0
           -0.490952                   0                   0
             1.14138                   0                   0
           -0.288251                   0                   0
              1.1872                   0                   0
              1.1872                   0                   0
          -0.0359822                   0                   0
            0.689344                   0                   0
            0.689344                   0                   0
           -0.469571                   0                   0
           -0.469571                   0                   0
            0.517415                   0                   0
            0.517415                   0                   0
            0.517415                   0                   0
            0.517415                   0                   0
            0.517415                   0                   0
            0.517415                   0                   0
            0.765388                   0                   0
            0.536936                   0                   0
           -0.618516                   0                   0
           -0.618516                   0                   0
           -0.618516                   0                   0
           -0.618516                   0                   0
           -0.618516                   0                   0
           -0.618516                   0                   0
           -0.618516                   0                   0
           -0.618516                   0                   0
           -0.618516                   0                   0
             1.03938                   0                   0
             1.03938                   0                   0
             1.03938                   0                   0
              1.5927                   0                   0
            0.814434                   0                   0
            0.741691                   0                   0
            0.741691                   0                   0
            0.741691                   0                   0
            0.741691                   0                   0
            0.741691                   0                   0
            0.741691                   0                   0
            0.741691                   0                   0
            0.741691                   0                   0
            -1.15927                   0                   0
             1.03896                   0                   0
             1.03896                   0                   0
             1.12982                   0                   0
            0.409315                   0                   0
            -1.04618                   0                   0
              -1.706                   0                   0
              -1.706                   0                   0
              -1.706                   0                   0
             0.90833                   0                   0
           -0.243201                   0                   0
           -0.564471                   0                   0
           -0.564471                   0                   0
            -1.09861                   0                   0
            -1.07287                   0                   0
            0.202215                   0                   0
           -0.822736                   0                   0
           -0.822736                   0                   0
           -0.713474                   0                   0
           -0.713474                   0                   0
            0.476679                   0                   0
            0.197295                   0                   0
            0.617258                   0                   0
             1.00661                   0                   0
            -1.38721                   0                   0
            -1.23407                   0                   0
          -0.0752709                   0                   0
          -0.0752709                   0                   0
          -0.0752709                   0                   0
            -1.48094                   0                   0
            -1.48094                   0                   0
            -1.48094                   0                   0
            0.659146                   0                   0
            0.659146                   0                   0
            0.659146                   0                   0
            0.659146                   0                   0
            0.659146                   0                   0
            0.659146                   0                   0
            0.659146                   0                   0
            0.912562                   0                   0
            0.912562                   0                   0
            0.912562                   0                   0
           -0.580637                   0                   0
           -0.444669                   0                   0
           -0.444669                   0                   0
           -0.444669                   0                   0
           -0.444669                   0                   0
            -1.01365                   0                   0
            -1.01365                   0                   0
            0.115629                   0                   0
           -0.378013                   0                   0
           -0.378013                   0                   0
           0.0968615                   0                   0
            0.167431                   0                   0
            0.167431                   0                   0
            0.167431                   0                   0
            0.424652                   0                   0
            0.424652                   0                   0
            -1.10169                   0                   0
            -1.10169                   0                   0
            -1.10169                   0                   0
            -1.10169                   0                   0
            -1.10169                   0                   0
             0.90247                   0                   0
            0.498093                   0                   0
            0.498093                   0                   0
              1.1525                   0                   0
            0.512365                   0                   0
            -1.38573                   0                   0
            -1.14175                   0                   0
           -0.762186                   0                   0
            0.372867                   0                   0
           -0.267607                   0                   0
           -0.267607                   0                   0
           -0.267607                   0                   0
            0.886667                   0                   0
            0.886667                   0                   0
            0.886667                   0                   0
             1.21455                   0                   0
            0.202739                   0                   0
           -0.991978                   0                   0
           -0.991978                   0                   0
           -0.991978                   0                   0
           -0.991978                   0                   0
           -0.991978                   0                   0
            0.793392                   0                   0
            0.793392                   0                   0
           -0.666691                   0                   0
           -0.666691                   0                   0
           -0.738517                   0                   0
            0.879191                   0                   0
            -1.13752                   0                   0
            -1.13752                   0                   0
            -1.13752                   0                   0
             0.93258                   0                   0
             0.93258                   0                   0
             0.93258                   0                   0
             0.51413                   0                   0
           -0.830329                   0                   0
            0.286094                   0                   0
            -1.48327                   0                   0
            -1.48327                   0                   0
            -1.48327                   0                   0
            0.554881                   0                   0
            0.554881                   0                   0
            0.554881                   0                   0
            0.744589                   0                   0
           -0.432119                   0                   0
            -1.17808                   0                   0
            -1.17808                   0                   0
           -0.230399                   0                   0
           -0.230399                   0                   0
           -0.230399                   0                   0
           0.0784177                   0                   0
           0.0784177                   0                   0
           0.0784177                   0                   0
           0.0784177                   0                   0
           0.0784177                   0                   0
           0.0784177                   0                   0
           0.0784177                   0                   0
           0.0784177                   0                   0
            0.837041                   0                   0
            0.837041                   0                   0
            0.837041                   0                   0
            -1.46315                   0                   0
             0.13809                   0                   0
             0.13809                   0                   0
             0.13809                   0                   0
             0.13809                   0                   0
            -1.64985                   0                   0
            -1.64985                   0                   0
            0.940799                   0                   0
            0.940799                   0                   0
            0.940799                   0                   0
            0.940799                   0                   0
            0.940799                   0                   0
            0.119067                   0                   0
            0.119067                   0                   0
           -0.853646                   0                   0
           -0.853646                   0                   0
           -0.853646                   0                   0
           -0.853646                   0                   0
           -0.381605                   0                   0
          -0.0807099                   0                   0
          -0.0807099                   0                   0
            -1.07493                   0                   0
            -1.07493                   0                   0
            -1.07493                   0                   0
            -1.07493                   0                   0
             1.08573                   0                   0
             1.08573                   0                   0
             1.08573                   0                   0
           -0.498361                   0                   0
           -0.862236                   0                   0
           -0.898927                   0                   0
           -0.898927                   0                   0
           -0.898927                   0                   0
            -1.04304                   0                   0
           -0.555219                   0                   0
         -0.00848018                   0                   0
         -0.00848018                   0                   0
           -0.936249                   0                   0
            -1.18639                   0                   0
            0.678664                   0                   0
            0.678664                   0                   0
            0.678664                   0                   0
            0.209073                   0                   0
            0.660186                   0                   0
            0.660186                   0                   0
           -0.641117                   0                   0
           -0.557899                   0                   0
           -0.557899                   0                   0
           -0.557899                   0                   0
           -0.557899                   0                   0
           -0.557899                   0                   0
            -0.92111                   0                   0
            -0.92111                   0                   0
            -0.92111                   0                   0
           -0.349983                   0                   0
           -0.810467                   0                   0
           -0.810467                   0                   0
           -0.810467                   0                   0
            -1.37399                   0                   0
            -1.37399                   0                   0
           -0.952751                   0                   0
           -0.952751                   0                   0
           -0.952751                   0                   0
           -0.952751                   0                   0
            0.294671                   0                   0
           -0.788307                   0                   0
           -0.788307                   0                   0
            0.810216                   0                   0
            0.810216                   0                   0
            -1.27665                   0                   0
            -1.27665                   0                   0
           -0.981586                   0                   0
           -0.949802                   0                   0
            0.238931                   0                   0
            0.238931                   0                   0
            0.238931                   0                   0
           -0.961869                   0                   0
           -0.961869                   0                   0
          0.00926659                   0                   0
            -0.80872                   0                   0
            -0.80872                   0                   0
           -0.457332                   0                   0
           -0.392526                   0                   0
           -0.806992                   0                   0
            0.773674                   0                   0
           -0.713363                   0                   0
           -0.713363                   0                   0
            0.999684                   0                   0
            0.999684                   0                   0
            0.357076                   0                   0
            0.357076                   0                   0
             1.14561                   0                   0
            0.851805                   0                   0
           -0.916006                   0                   0
           -0.621538                   0                   0
           -0.621538                   0                   0
           -0.621538                   0                   0
            -1.01439                   0                   0
            -1.01439                   0                   0
            -1.03444                   0                   0
            -1.03444                   0                   0
            -1.03444                   0                   0
            0.888848                   0                   0
            0.888848                   0                   0
            0.888848                   0                   0
            0.888848                   0                   0
            0.570848                   0                   0
            0.570848                   0                   0
            0.596461                   0                   0
            -1.40568                   0                   0
            0.187711                   0                   0
            -0.83696                   0                   0
            -0.46882                   0                   0
            -0.46882                   0                   0
          0.00431643                   0                   0
            -1.22515                   0                   0
            0.479812                   0                   0
            0.479812                   0                   0
            -1.00792                   0                   0
            -1.00792                   0                   0
            -1.00792                   0                   0
            -1.00792                   0                   0
            0.862628                   0                   0
             1.28591                   0                   0
           -0.270335                   0                   0
           -0.270335                   0                   0
           -0.270335                   0                   0
           -0.270335                   0                   0
            -0.52141                   0                   0
            -0.52141                   0                   0
            -0.52141                   0                   0
            -0.52141                   0                   0
            -0.52141                   0                   0
            0.266396                   0                   0
            0.266396                   0                   0
           0.0331712                   0                   0
           0.0331712                   0                   0
             1.06636                   0                   0
             1.06636                   0                   0
             1.06636                   0                   0
             1.06636                   0                   0
           -0.562344                   0                   0
           -0.065213                   0                   0
           -0.065213                   0                   0
           -0.065213                   0                   0
           -0.065213                   0                   0
           -0.065213                   0                   0
           -0.065213                   0                   0
           0.0142622                   0                   0
            0.466497                   0                   0
           -0.986271                   0                   0
           -0.986271                   0                   0
            -0.99203                   0                   0
            -0.99203                   0                   0
            0.119473                   0                   0
           -0.249458                   0                   0
           -0.597823                   0                   0
           -0.597823                   0                   0
           -0.597823                   0                   0
             1.01635                   0                   0
             1.01635                   0                   0
             1.01635                   0                   0
             1.01635                   0                   0
           -0.907055                   0                   0
           -0.907055                   0                   0
           -0.907055                   0                   0
            0.353097                   0                   0
            0.353097                   0                   0
             1.65134                   0                   0
             1.74948                   0                   0
             1.07904                   0                   0
             1.07904                   0                   0
            0.701164                   0                   0
           -0.299918                   0                   0
             1.32552                   0                   0
           0.0214519                   0                   0
            0.247144                   0                   0
            0.247144                   0                   0
            0.247144                   0                   0
             1.38991                   0                   0
             1.38991                   0                   0
             1.38991                   0                   0
             1.38991                   0                   0
            0.429254                   0                   0
            0.429254                   0                   0
            0.429254                   0                   0
           -0.243332                   0                   0
           -0.243332                   0                   0
           -0.149831                   0                   0
           -0.149831                   0                   0
           -0.149831                   0                   0
            0.160577                   0                   0
            0.160577                   0                   0
            0.160577                   0                   0
            0.160577                   0                   0
             1.15937                   0                   0
            0.805288                   0                   0
            0.879067                   0                   0
            0.879067                   0                   0
            0.879067                   0                   0
            0.310518                   0                   0
            0.310518                   0                   0
            0.310518                   0                   0
          -0.0769622                   0                   0
             1.11185                   0                   0
            0.335445                   0                   0
            0.335445                   0                   0
            0.608161                   0                   0
            0.608161                   0                   0
            0.608161                   0                   0
            0.382727                   0                   0
            0.382727                   0                   0
            0.382727                   0                   0
           -0.462412                   0                   0
           -0.462412                   0                   0
           -0.462412                   0                   0
           0.0611892                   0                   0
            0.112772                   0                   0
            0.112772                   0                   0
            -0.89101                   0                   0
           -0.403181                   0                   0
           -0.403181                   0                   0
           -0.403181                   0                   0
            -1.38892                   0                   0
           -0.158331                   0                   0
          -0.0111233                   0                   0
           -0.613194                   0                   0
           -0.613194                   0                   0
            -1.09336                   0                   0
            -1.09336                   0                   0
             1.00428                   0                   0
           -0.120638                   0                   0
           0.0235338                   0                   0
           0.0235338                   0                   0
           0.0235338                   0                   0
            -1.23321                   0                   0
            -1.23321                   0                   0
            0.209488                   0                   0
            0.209488                   0                   0
            0.866343                   0                   0
            0.866343                   0                   0
            0.866343                   0                   0
            0.866343                   0                   0
            0.866343                   0                   0
            0.866343                   0                   0
            0.866343                   0                   0
             1.15056                   0                   0
          -0.0082276                   0                   0
          -0.0082276                   0                   0
            0.720743                   0                   0
            0.720743                   0                   0
            0.720743                   0                   0
         -0.00605416                   0                   0
         -0.00605416                   0                   0
           -0.773752                   0                   0
            0.381428                   0                   0
            0.381428                   0                   0
           -0.847607                   0                   0
           -0.847607                   0                   0
            0.154946                   0                   0
            0.154946                   0                   0
           -0.782365                   0                   0
           -0.782365                   0                   0
             0.39764                   0                   0
           0.0204288                   0                   0
           0.0204288                   0                   0
            0.702643                   0                   0
            0.702643                   0                   0
            0.637471                   0                   0
            0.637471                   0                   0
            -1.03025                   0                   0
            -1.03025                   0                   0
           -0.556285                   0                   0
            0.705181                   0                   0
            0.705181                   0                   0
            0.705181                   0                   0
            0.705181                   0                   0
            -0.33818                   0                   0
            -0.33818                   0                   0
            0.279521                   0                   0
            0.279521                   0                   0
             1.43589                   0                   0
            0.259377                   0                   0
            0.259377                   0                   0
            0.259377                   0                   0
            0.259377                   0                   0
            0.259377                   0                   0
            0.259377                   0                   0
            0.324453                   0                   0
            0.324453                   0                   0
            0.324453                   0                   0
            -0.41224                   0                   0
           -0.926044                   0                   0
           -0.702542                   0                   0
            -0.35786                   0                   0
            -0.35786                   0                   0
            -0.35786                   0                   0
           0.0234502                   0                   0
           0.0234502                   0                   0
            -1.80023                   0                   0
            -1.80023                   0                   0
           -0.832806                   0                   0
             -1.1078                   0                   0
             -1.1078                   0                   0
            -1.25827                   0                   0
           -0.682552                   0                   0
            0.824915                   0                   0
            0.824915                   0                   0
            -1.17781                   0                   0
           -0.465469                   0                   0
           -0.465469                   0                   0
           -0.465469                   0                   0
           -0.465469                   0                   0
           -0.332143                   0                   0
             1.03987                   0                   0
             1.03987                   0                   0
             1.03987                   0                   0
           -0.672968                   0                   0
            0.408753                   0                   0
           -0.786417                   0                   0
           -0.786417                   0                   0
           -0.786417                   0                   0
           -0.191874                   0                   0
           -0.895538                   0                   0
           -0.895538                   0                   0
           -0.616997                   0                   0
           -0.796875                   0                   0
              1.1921                   0                   0
           -0.771904                   0                   0
           -0.771904                   0                   0
             1.19236                   0                   0
            0.245819                   0                   0
            0.245819                   0                   0
            0.245819                   0                   0
            0.245819                   0                   0
            0.245819                   0                   0
             0.99559                   0                   0
          -0.0746983                   0                   0
          -0.0746983                   0                   0
            0.958539                   0                   0
           -0.537018                   0                   0
            0.796797                   0                   0
            0.796797                   0                   0
            0.796797                   0                   0
            0.796797                   0                   0
           -0.736297                   0                   0
            -1.08398                   0                   0
            -1.08398                   0                   0
            0.942962                   0                   0
            0.942962                   0                   0
            0.942962                   0                   0
            0.019016                   0                   0
            0.313633                   0                   0
           -0.552903                   0                   0
           -0.552903                   0                   0
            0.947407                   0                   0
            0.947407                   0                   0
            -1.15819                   0                   0
            -1.15819                   0                   0
            -1.15819                   0                   0
          -0.0394043                   0                   0
          -0.0394043                   0                   0
             1.27485                   0                   0
           -0.997012                   0                   0
           -0.997012                   0                   0
          -0.0361618                   0                   0
          -0.0361618                   0                   0
          -0.0361618                   0                   0
          -0.0361618                   0                   0
             1.00173                   0                   0
             1.00173                   0                   0
             1.08253                   0                   0
           0.0250472                   0                   0
           0.0250472                   0                   0
           0.0250472                   0                   0
             -1.2491                   0                   0
             0.88853                   0                   0
           -0.586772                   0                   0
           -0.586772                   0                   0
            0.704594                   0                   0
             1.21228                   0                   0
             1.21228                   0                   0
             1.21228                   0                   0
            0.339229                   0                   0
            0.400777                   0                   0
            0.400777                   0                   0
            0.400777                   0                   0
             1.09857                   0                   0
             1.09857                   0                   0
             1.09857                   0                   0
            -0.91912                   0                   0
             1.39569                   0                   0
           -0.933227                   0                   0
           -0.933227                   0                   0
           -0.715913                   0                   0
           -0.715913                   0                   0
            0.381964                   0                   0
            0.381964                   0                   0
           -0.888202                   0                   0
            0.623107                   0                   0
            0.623107                   0                   0
            0.149963                   0                   0
            0.149963                   0                   0
            0.149963                   0                   0
            0.149963                   0                   0
            0.163785                   0                   0
            0.163785                   0                   0
            0.163785                   0                   0
            0.835261                   0                   0
            0.835261                   0                   0
            0.835261                   0                   0
            0.835261                   0                   0
            0.835261                   0                   0
            0.835261                   0                   0
            0.835261                   0                   0
            0.200979                   0                   0
            0.200979                   0                   0
           -0.104734                   0                   0
           -0.104734                   0                   0
           -0.104734                   0                   0
            -0.77936                   0                   0
            -0.88126                   0                   0
            -0.88126                   0                   0
            0.124272                   0                   0
            0.124272                   0                   0
             1.56691                   0                   0
             1.56691                   0                   0
             1.56691                   0                   0
             1.56691                   0                   0
            0.303767                   0                   0
             1.11367                   0                   0
             1.11367                   0                   0
             1.11367                   0                   0
            -1.44952                   0                   0
             1.01261                   0                   0
             1.01261                   0                   0
            0.297271                   0                   0
             0.24049                   0                   0
             0.91803                   0                   0
             0.91803                   0                   0
             0.91803                   0                   0
           -0.205412                   0                   0
           -0.205412                   0                   0
            0.692059                   0                   0
            0.692059                   0                   0
            0.692059                   0                   0
            0.692059                   0                   0
            0.264667                   0                   0
            0.923346                   0                   0
           -0.484477                   0                   0
            0.699536                   0                   0
           -0.227931                   0                   0
           -0.227931                   0                   0
           -0.227931                   0                   0
           -0.227931                   0                   0
           -0.227931                   0                   0
           -0.227931                   0                   0
           -0.702743                   0                   0
            -1.08283                   0                   0
            -1.08283                   0                   0
            -1.08283                   0                   0
            0.739645                   0                   0
            0.739645                   0                   0
            0.739645                   0                   0
           -0.401363                   0                   0
           -0.401363                   0                   0
           -0.319628                   0                   0
           -0.638907                   0                   0
           -0.638907                   0                   0
           -0.638907                   0                   0
           -0.638907                   0                   0
           -0.638907                   0                   0
           -0.638907                   0                   0
           -0.638907                   0                   0
            -1.48866                   0                   0
            -1.48866                   0                   0
            -0.52764                   0                   0
            -0.52764                   0                   0
             0.88163                   0                   0
            0.149358                   0                   0
          -0.0137499                   0                   0
          -0.0137499                   0                   0
          -0.0137499                   0                   0
          -0.0137499                   0                   0
           -0.773637                   0                   0
           -0.773637                   0                   0
           -0.773637                   0                   0
           -0.773637                   0                   0
             0.56295                   0                   0
            0.358332                   0                   0
            0.358332                   0                   0
            -1.10872                   0                   0
            -1.10872                   0                   0
            0.953728                   0                   0
            0.953728                   0                   0
            0.953728                   0                   0
           -0.596777                   0                   0
           -0.596777                   0                   0
           -0.596777                   0                   0
            0.921323                   0                   0
           0.0397386                   0                   0
           0.0397386                   0                   0
           0.0397386                   0                   0
            0.303184                   0                   0
            0.418663                   0                   0
            0.418663                   0                   0
            0.418663                   0                   0
            -1.55194                   0                   0
            0.478255                   0                   0
            0.478255                   0                   0
            0.478255                   0                   0
             1.70127                   0                   0
             1.07916                   0                   0
             1.07916                   0                   0
            -1.10851                   0                   0
             1.44961                   0                   0
             1.44961                   0                   0
           -0.503451                   0                   0
            -1.34065                   0                   0
            0.172711                   0                   0
            0.172711                   0                   0
            0.172711                   0                   0
            0.172711                   0                   0
            -1.08229                   0                   0
           -0.457785                   0                   0
            0.673561                   0                   0
            0.673561                   0                   0
            0.321847                   0                   0
             1.09524                   0                   0
           -0.832348                   0                   0
           -0.832348                   0                   0
            -1.27834                   0                   0
             1.34896                   0                   0
             1.34896                   0                   0
             1.34896                   0                   0
            0.443857                   0                   0
           -0.613433                   0                   0
            -1.30065                   0                   0
            -1.30065                   0                   0
            -1.30065                   0                   0
            -1.04373                   0                   0
           -0.600678                   0                   0
            0.877034                   0                   0
            0.877034                   0                   0
             -1.2022                   0                   0
            0.714174                   0                   0
            0.606917                   0                   0
            -1.56716                   0                   0
            0.441788                   0                   0
            0.441788                   0                   0
            0.750309                   0                   0
            0.750309                   0                   0
            0.750309                   0                   0
            0.750309                   0                   0
            0.750309                   0                   0
            0.750309                   0                   0
            0.750309                   0                   0
            0.750309                   0                   0
            -1.16045                   0                   0
            -1.16045                   0                   0
            0.421784                   0                   0
            0.421784                   0                   0
           -0.877472                   0                   0
            -1.08473                   0                   0
           -0.290915                   0                   0
           -0.290915                   0                   0
           -0.290915                   0                   0
           -0.290915                   0                   0
            0.498439                   0                   0
            0.498439                   0                   0
            0.498439                   0                   0
            0.498439                   0                   0
            0.498439                   0                   0
            0.832215                   0                   0
            0.832215                   0                   0
            -1.54125                   0                   0
            -1.48054                   0                   0
             1.10369                   0                   0
             1.10369                   0                   0
           -0.105518                   0                   0
           -0.105518                   0                   0
           -0.105518                   0                   0
           -0.105518                   0                   0
             1.11456                   0                   0
           0.0950953                   0                   0
           -0.434535                   0                   0
             1.20657                   0                   0
             1.20657                   0                   0
             1.49367                   0                   0
             1.19344                   0                   0
            0.123544                   0                   0
            0.123544                   0                   0
          -0.0255784                   0                   0
            0.287286                   0                   0
            0.287286                   0                   0
          -0.0788123                   0                   0
          -0.0788123                   0                   0
          -0.0788123                   0                   0
           -0.755639                   0                   0
           -0.755639                   0                   0
           -0.755639                   0                   0
            -0.18072                   0                   0
            -0.18072                   0                   0
           -0.656643                   0                   0
            0.520077                   0                   0
            0.856474                   0                   0
            0.856474                   0                   0
            0.856474                   0                   0
            0.856474                   0                   0
            0.856474                   0                   0
            0.856474                   0                   0
            0.856474                   0                   0
            0.856474                   0                   0
            0.856474                   0                   0
            0.856474                   0                   0
            0.240025                   0                   0
            0.240025                   0                   0
            -1.57757                   0                   0
            -1.57757                   0                   0
            -1.57757                   0                   0
            -1.57757                   0                   0
            -1.57757                   0                   0
            -1.57757                   0                   0
            -1.57757                   0                   0
            0.115088                   0                   0
             0.95389                   0                   0
            0.789387                   0                   0
            0.641441                   0                   0
            0.641441                   0                   0
            0.641441                   0                   0
             1.20295                   0                   0
             1.20295                   0                   0
             1.20295                   0                   0
             1.20295                   0                   0
             1.20295                   0                   0
             1.20295                   0                   0
             1.20295                   0                   0
           -0.449962                   0                   0
             1.16109                   0                   0
             1.18236                   0                   0
            0.990325                   0                   0
            0.990325                   0                   0
           -0.362934                   0                   0
           -0.362934                   0                   0
             0.89681                   0                   0
             0.89681                   0                   0
            0.523406                   0                   0
            0.523406                   0                   0
            0.872498                   0                   0
            0.872498                   0                   0
            0.872498                   0                   0
           -0.892576                   0                   0
           -0.892576                   0                   0
           -0.892576                   0                   0
           -0.892576                   0                   0
           -0.197199                   0                   0
            0.862842                   0                   0
             1.33375                   0                   0
            -1.15505                   0                   0
            -1.15505                   0                   0
            0.113287                   0                   0
            0.407681                   0                   0
            0.407681                   0                   0
            0.674607                   0                   0
            0.674607                   0                   0
            0.248098                   0                   0
            0.248098                   0                   0
            0.248098                   0                   0
            -1.13479                   0                   0
             1.11596                   0                   0
             1.35275                   0                   0
            0.521206                   0                   0
           -0.320309                   0                   0
           -0.320309                   0                   0
            -1.95137                   0                   0
           0.0642519                   0                   0
             1.35767                   0                   0
            -1.02696                   0                   0
             1.18459                   0                   0
             1.31521                   0                   0
              1.1898                   0                   0
              1.1898                   0                   0
              1.1898                   0                   0
            -1.27742                   0                   0
            -1.27742                   0                   0
            -1.27742                   0                   0
            -1.27742                   0                   0
           -0.779199                   0                   0
           -0.779199                   0                   0
           -0.779199                   0                   0
           -0.779199                   0                   0
           -0.779199                   0                   0
              1.3408                   0                   0
           -0.743202                   0                   0
            0.633153                   0                   0
            0.633153                   0                   0
            0.682926                   0                   0
            0.682926                   0                   0
            0.682926                   0                   0
            0.682926                   0                   0
           -0.877277                   0                   0
            0.964228                   0                   0
            0.964228                   0                   0
           -0.734393                   0                   0
           -0.734393                   0                   0
           -0.734393                   0                   0
            -1.13574                   0                   0
            -1.13574                   0                   0
             1.21724                   0                   0
             1.21724                   0                   0
             1.68106                   0                   0
             1.37842                   0                   0
           -0.431303                   0                   0
           -0.243402                   0                   0
           -0.243402                   0                   0
           -0.243402                   0                   0
           -0.243402                   0                   0
           -0.243402                   0                   0
           -0.243402                   0                   0
           -0.243402                   0                   0
           -0.389877                   0                   0
           -0.389877                   0                   0
             1.15141                   0                   0
             1.15141                   0                   0
             1.15141                   0                   0
             1.15141                   0                   0
             1.79568                   0                   0
           -0.657023                   0                   0
           -0.657023                   0                   0
           -0.657023                   0                   0
           -0.657023                   0                   0
             1.41979                   0                   0
            0.298049                   0                   0
             1.56696                   0                   0
           -0.464531                   0                   0
           -0.464531                   0                   0
           -0.464531                   0                   0
           -0.464531                   0                   0
           -0.255966                   0                   0
           -0.255966                   0                   0
           -0.255966                   0                   0
           -0.255966                   0                   0
             1.04034                   0                   0
            0.541034                   0                   0
            0.541034                   0                   0
            0.541034                   0                   0
            0.541034                   0                   0
            0.541034                   0                   0
            0.541034                   0                   0
             1.59113                   0                   0
             1.59113                   0                   0
             1.59113                   0                   0
             1.59113                   0                   0
           -0.320407                   0                   0
             1.02513                   0                   0
             1.39577                   0                   0
            0.966928                   0                   0
            0.966928                   0                   0
            0.713544                   0                   0
            0.713544                   0                   0
            -0.89513                   0                   0
           -0.744469                   0                   0
           -0.744469                   0                   0
           -0.744469                   0                   0
           -0.239328                   0                   0
           -0.472545                   0                   0
           -0.472545                   0                   0
             1.21347                   0                   0
            0.123525                   0                   0
            0.123525                   0                   0
           -0.978991                   0                   0
            -1.07157                   0                   0
            -1.07157                   0                   0
            -1.07157                   0                   0
           -0.934714                   0                   0
           -0.934714                   0                   0
           -0.934714                   0                   0
           -0.934714                   0                   0
           -0.312771                   0                   0
             1.05536                   0                   0
           -0.691878                   0                   0
           -0.595485                   0                   0
           -0.595485                   0                   0
             1.31245                   0                   0
             1.78316                   0                   0
             1.78316                   0                   0
             1.78316                   0                   0
             1.77458                   0                   0
            0.362068                   0                   0
            0.362068                   0                   0
            -1.33736                   0                   0
           -0.601536                   0                   0
           -0.269673                   0                   0
           -0.269673                   0                   0
           -0.269673                   0                   0
           -0.269673                   0                   0
           -0.269673                   0                   0
            -1.37082                   0                   0
           -0.849472                   0                   0
           -0.849472                   0                   0
             1.54151                   0                   0
             1.54151                   0                   0
            0.293913                   0                   0
           -0.628384                   0                   0
           -0.628384                   0                   0
           -0.628384                   0                   0
           -0.628384                   0                   0
           -0.982633                   0                   0
           -0.982633                   0                   0
           -0.982633                   0                   0
           -0.982633                   0                   0
            0.770946                   0                   0
            -0.42929                   0                   0
            -0.42929                   0                   0
           -0.321727                   0                   0
           -0.618286                   0                   0
           -0.832972                   0                   0
           -0.664515                   0                   0
            0.560696                   0                   0
            -1.04619                   0                   0
             1.19877                   0                   0
           -0.816784                   0                   0
           -0.816784                   0                   0
             1.62836                   0                   0
             1.41967                   0                   0
            0.702296                   0                   0
            -1.20433                   0                   0
            -1.04018                   0                   0
            -1.04018                   0                   0
           -0.690567                   0                   0
           -0.690567                   0                   0
            -1.29521                   0                   0
            -1.29521                   0                   0
            -1.29521                   0                   0
           0.0838595                   0                   0
           0.0838595                   0                   0
           0.0838595                   0                   0
           0.0838595                   0                   0
            0.246334                   0                   0
             0.63217                   0                   0
             1.91729                   0                   0
             2.04361                   0                   0
             2.04361                   0                   0
             2.04361                   0                   0
            0.714107                   0                   0
             1.30518                   0                   0
             1.30518                   0                   0
            0.634953                   0                   0
            0.879155                   0                   0
            -1.43438                   0                   0
            -1.41328                   0                   0
            -1.41328                   0                   0
            0.429472                   0                   0
             0.44846                   0                   0
             0.44846                   0                   0
            -1.63122                   0                   0
            -1.63122                   0                   0
            -1.63122                   0                   0
           -0.901726                   0                   0
           -0.901726                   0                   0
           -0.154833                   0                   0
           -0.154833                   0                   0
            -1.17759                   0                   0
            -1.17759                   0                   0
            -1.17759                   0                   0
            -1.17759                   0                   0
            -1.17759                   0                   0
            -1.17759                   0                   0
             0.48286                   0                   0
           0.0408292                   0                   0
           0.0408292                   0                   0
           -0.832806                   0                   0
            0.893154                   0                   0
            0.500985                   0                   0
            0.500985                   0                   0
            0.500985                   0                   0
            0.500985                   0                   0
           -0.421609                   0                   0
           -0.421609                   0                   0
            0.284605                   0                   0
            0.970306                   0                   0
            0.970306                   0                   0
            0.970306                   0                   0
           0.0823036                   0                   0
           0.0823036                   0                   0
           0.0823036                   0                   0
            0.191466                   0                   0
            0.191466                   0                   0
           -0.754122                   0                   0
            0.945217                   0                   0
            0.945217                   0                   0
           -0.390752                   0                   0
           -0.390752                   0                   0
           -0.390752                   0                   0
             1.04478                   0                   0
           -0.426777                   0                   0
          -0.0581595                   0                   0
           -0.893349                   0                   0
           -0.893349                   0                   0
           -0.893349                   0                   0
           -0.389869                   0                   0
             1.26489                   0                   0
             1.26489                   0                   0
             1.26489                   0                   0
             1.26489                   0                   0
            -1.01196                   0                   0
            0.709658                   0                   0
            0.709658                   0                   0
            0.709658                   0                   0
           -0.720103                   0                   0
            -0.68334                   0                   0
            -0.68334                   0                   0
            -0.68334                   0                   0
           -0.647022                   0                   0
           -0.647022                   0                   0
            0.537683                   0                   0
            -1.29485                   0                   0
            0.654394                   0                   0
            0.856416                   0                   0
            0.856416                   0                   0
            0.750589                   0                   0
            0.750589                   0                   0
            0.223682                   0                   0
            0.223682                   0                   0
            -1.19946                   0                   0
          -0.0162807                   0                   0
          -0.0162807                   0                   0
           -0.262464                   0                   0
             -0.3331                   0                   0
             -0.3331                   0                   0
             -0.3331                   0                   0
             -0.3331                   0                   0
             -0.3331                   0                   0
              0.2213                   0                   0
              0.2213                   0                   0
          -0.0351915                   0                   0
            0.882033                   0                   0
            0.882033                   0                   0
            0.882033                   0                   0
            0.882033                   0                   0
            0.882033                   0                   0
          0.00563463                   0                   0
          0.00563463                   0                   0
           -0.930827                   0                   0
            0.333259                   0                   0
            0.622621                   0                   0
            0.622621                   0                   0
            0.622621                   0                   0
           -0.453548                   0                   0
           -0.620021                   0                   0
           -0.620021                   0                   0
           -0.620021                   0                   0
            -1.55915                   0                   0
            -1.55915                   0                   0
            -1.50297                   0                   0
            -1.50297                   0                   0
             1.11361                   0                   0
            -0.88093                   0                   0
            -0.88093                   0                   0
           -0.875111                   0                   0
             -1.3166                   0                   0
            -1.25325                   0                   0
            0.518668                   0                   0
            -1.02512                   0                   0
            -0.37134                   0                   0
            -0.37134                   0                   0
            0.672037                   0                   0
            0.672037                   0                   0
          -0.0237093                   0                   0
          -0.0237093                   0                   0
          -0.0237093                   0                   0
           -0.365533                   0                   0
           -0.728238                   0                   0
           -0.728238                   0                   0
           -0.728238                   0                   0
            0.240937                   0                   0
            0.240937                   0                   0
           -0.977236                   0                   0
           -0.977236                   0                   0
             1.29384                   0                   0
           -0.353136                   0                   0
            0.880736                   0                   0
            0.880736                   0                   0
           -0.247834                   0                   0
           -0.247834                   0                   0
            -1.37322                   0                   0
            -1.37322                   0                   0
           -0.889403                   0                   0
           -0.882079                   0                   0
           -0.882079                   0                   0
            -1.19053                   0                   0
            -1.19053                   0                   0
            -1.19053                   0                   0
            0.116613                   0                   0
             1.20193                   0                   0
             1.20193                   0                   0
              1.3372                   0                   0
           -0.235419                   0                   0
           -0.235419                   0                   0
            0.204105                   0                   0
            0.204105                   0                   0
            0.204105                   0                   0
            0.204105                   0                   0
             -1.0435                   0                   0
             -1.0435                   0                   0
             -1.0435                   0                   0
           -0.118102                   0                   0
           -0.696718                   0                   0
           -0.696718                   0                   0
           -0.696718                   0                   0
            -0.47312                   0                   0
            -0.25629                   0                   0
            -0.25629                   0                   0
          -0.0454575                   0                   0
             1.77326                   0                   0
             1.77326                   0                   0
            0.349092                   0                   0
             1.10709                   0                   0
             1.10709                   0                   0
            0.262858                   0                   0
           0.0164628                   0                   0
           0.0175687                   0                   0
            0.670933                   0                   0
            0.670933                   0                   0
             1.23276                   0                   0
             1.05981                   0                   0
             1.05981                   0                   0
             1.07188                   0                   0
           -0.511644                   0                   0
           -0.511644                   0                   0
             0.85851                   0                   0
             0.85851                   0                   0
            0.833988                   0                   0
            0.833988                   0                   0
            0.833988                   0                   0
           -0.935069                   0                   0
           -0.727076                   0                   0
           -0.727076                   0                   0
            0.441469                   0                   0
            0.441469                   0                   0
            0.441469                   0                   0
           -0.623226                   0                   0
            0.890536                   0                   0
            0.890536                   0                   0
            0.335448                   0                   0
            0.335448                   0                   0
            0.335448                   0                   0
            0.335448                   0                   0
            0.578354                   0                   0
            0.578354                   0                   0
            0.578354                   0                   0
            0.578354                   0                   0
            0.578354                   0                   0
            -1.43422                   0                   0
            -1.43422                   0                   0
            -1.39164                   0                   0
           -0.955388                   0                   0
          -0.0565234                   0                   0
          -0.0116923                   0                   0
          -0.0116923                   0                   0
          -0.0116923                   0                   0
             1.08119                   0                   0
            -0.14274                   0                   0
            -1.12216                   0                   0
            -1.12216                   0                   0
              1.2773                   0                   0
              1.2773                   0                   0
              1.2773                   0                   0
            0.101195                   0                   0
            0.101195                   0                   0
            0.451311                   0                   0
            -1.28274                   0                   0
            0.394379                   0                   0
            0.394379                   0                   0
            0.269266                   0                   0
            0.273572                   0                   0
            0.273572                   0                   0
              1.6749                   0                   0
            -0.46755                   0                   0
            0.876413                   0                   0
            0.876413                   0                   0
            0.962704                   0                   0
            0.623556                   0                   0
            0.623556                   0                   0
            0.623556                   0                   0
             1.04622                   0                   0
            0.285701                   0                   0
             1.19719                   0                   0
           -0.714761                   0                   0
           -0.714761                   0                   0
           -0.714761                   0                   0
             -1.6022                   0                   0
           -0.689278                   0                   0
            0.882478                   0                   0
            -0.91961                   0                   0
            0.436681                   0                   0
            0.436681                   0                   0
            0.436681                   0                   0
            0.436681                   0                   0
            0.436681                   0                   0
            0.436681                   0                   0
            0.381693                   0                   0
            0.381693                   0                   0
            0.381693                   0                   0
             1.72261                   0                   0
              1.5128                   0                   0
              1.5128                   0                   0
             1.19813                   0                   0
            0.889632                   0                   0
            0.889632                   0                   0
            -1.67475                   0                   0
            -1.67475                   0                   0
            -1.67475                   0                   0
            -1.81098                   0                   0
            -1.81098                   0                   0
            0.701985                   0                   0
           -0.683667                   0                   0
           -0.683667                   0                   0
           -0.683667                   0                   0
           -0.683667                   0                   0
           -0.676652                   0                   0
           -0.676652                   0                   0
           -0.676652                   0                   0
           -0.676652                   0                   0
            0.895978                   0                   0
            0.895978                   0                   0
            0.895978                   0                   0
             1.60312                   0                   0
            -0.45787                   0                   0
            -0.45787                   0                   0
            -0.45787                   0                   0
             1.31648                   0                   0
             1.31648                   0                   0
            -0.44901                   0                   0
            -0.44901                   0                   0
            0.807745                   0                   0
            0.150118                   0                   0
            0.150118                   0                   0
           -0.448185                   0                   0
           -0.448185                   0                   0
           -0.448185                   0                   0
           -0.448185                   0                   0
            0.647654                   0                   0
            0.647654                   0                   0
            0.647654                   0                   0
             -1.2272                   0                   0
             -1.2272                   0                   0
             -1.2272                   0                   0
            0.457457                   0                   0
            0.457457                   0                   0
            0.457457                   0                   0
           0.0834986                   0                   0
             1.27427                   0                   0
             0.50647                   0                   0
             0.50647                   0                   0
             0.50647                   0                   0
             0.50647                   0                   0
             0.67372                   0                   0
             0.67372                   0                   0
           -0.859389                   0                   0
           -0.859389                   0                   0
           -0.859389                   0                   0
           -0.859389                   0                   0
           -0.859389                   0                   0
            -1.15512                   0                   0
            0.125066                   0                   0
            0.125066                   0                   0
            0.100728                   0                   0
             1.02221                   0                   0
             1.02221                   0                   0
             1.02221                   0                   0
             1.39271                   0                   0
             1.39271                   0                   0
             1.71504                   0                   0
             1.05508                   0                   0
           -0.397692                   0                   0
             1.40858                   0                   0
            0.470414                   0                   0
            0.470414                   0                   0
            0.170446                   0                   0
           -0.337185                   0                   0
           -0.337185                   0                   0
           -0.912315                   0                   0
           -0.912315                   0                   0
           -0.304633                   0                   0
            0.749727                   0                   0
            0.749727                   0                   0
            0.749727                   0                   0
            0.749727                   0                   0
           -0.773431                   0                   0
           -0.773431                   0                   0
           -0.773431                   0                   0
           -0.773431                   0                   0
             0.94275                   0                   0
           -0.515014                   0                   0
           -0.515014                   0                   0
             1.12993                   0                   0
             1.12993                   0                   0
             1.12993                   0                   0
             1.12993                   0                   0
           -0.413897                   0                   0
           -0.200893                   0                   0
           -0.436423                   0                   0
           -0.436423                   0                   0
           -0.436423                   0                   0
           -0.436423                   0                   0
           -0.436423                   0                   0
             1.05286                   0                   0
             1.05286                   0                   0
            0.162573                   0                   0
            0.640254                   0                   0
           0.0475004                   0                   0
           0.0475004                   0                   0
             1.21119                   0                   0
          -0.0924489                   0                   0
          -0.0924489                   0                   0
            -1.10722                   0                   0
            0.293793                   0                   0
             1.06057                   0                   0
           -0.638528                   0                   0
           -0.638528                   0                   0
            0.651954                   0                   0
            0.651954                   0                   0
            0.904365                   0                   0
            0.904365                   0                   0
            0.904365                   0                   0
            0.904365                   0                   0
            0.904365                   0                   0
            0.904365                   0                   0
           -0.569116                   0                   0
           -0.569116                   0                   0
          -0.0773646                   0                   0
           -0.835405                   0                   0
           -0.835405                   0                   0
           -0.835405                   0                   0
           -0.578266                   0                   0
           -0.578266                   0                   0
           -0.813612                   0                   0
           -0.498748                   0                   0
           -0.498748                   0                   0
           -0.498748                   0                   0
           -0.372736                   0                   0
           -0.372736                   0                   0
           -0.372736                   0                   0
             1.38286                   0                   0
             1.35539                   0                   0
             1.35539                   0                   0
             1.35539                   0                   0
             1.35539                   0                   0
             1.11216                   0                   0
             1.11216                   0                   0
            0.286746                   0                   0
             1.73104                   0                   0
             1.73104                   0                   0
             1.73104                   0                   0
             1.73104                   0                   0
             1.73104                   0                   0
             1.73104                   0                   0
             1.73104                   0                   0
            0.268887                   0                   0
            0.268887                   0                   0
            0.268887                   0                   0
            0.268887                   0                   0
            0.201507                   0                   0
           -0.787277                   0                   0
           -0.787277                   0                   0
            0.522917                   0                   0
            0.844067                   0                   0
            0.844067                   0                   0
           -0.767269                   0                   0
           -0.767269                   0                   0
            0.801903                   0                   0
             1.39744                   0                   0
             1.39744                   0                   0
             1.39744                   0                   0
            0.386258                   0                   0
            0.386258                   0                   0
            0.457903                   0                   0
           -0.671085                   0                   0
           -0.671085                   0                   0
            0.820572                   0                   0
            0.820572                   0                   0
            0.820572                   0                   0
            -1.28527                   0                   0
          -0.0576672                   0                   0
            -1.66296                   0                   0
            -1.66296                   0                   0
             -1.3808                   0                   0
             -1.3808                   0                   0
             -1.3808                   0                   0
           -0.803034                   0                   0
           -0.803034                   0                   0
           -0.803034                   0                   0
           -0.803034                   0                   0
             1.09337                   0                   0
            0.789679                   0                   0
            0.789679                   0                   0
           -0.857749                   0                   0
           -0.857749                   0                   0
           -0.857749                   0                   0
           -0.761162                   0                   0
           -0.761162                   0                   0
           -0.761162                   0                   0
           -0.761162                   0                   0
           -0.761162                   0                   0
            -0.24827                   0                   0
            -0.24827                   0                   0
             0.62407                   0                   0
             0.62407                   0                   0
           -0.449353                   0                   0
           -0.449353                   0                   0
           -0.449353                   0                   0
             1.18747                   0                   0
             1.18747                   0                   0
             1.18747                   0                   0
           -0.318132                   0                   0
            0.271687                   0                   0
            0.271687                   0                   0
             0.92528                   0                   0
             0.99087                   0                   0
             0.99087                   0                   0
             0.99087                   0                   0
             0.99087                   0                   0
             0.99087                   0                   0
             0.67834                   0                   0
             0.67834                   0                   0
             0.67834                   0                   0
             0.67834                   0                   0
             0.67834                   0                   0
           -0.567703                   0                   0
           -0.596015                   0                   0
            -1.56789                   0                   0
            -1.56789                   0                   0
            -1.95578                   0                   0
            0.100151                   0                   0
           -0.266114                   0                   0
           -0.266114                   0                   0
           -0.266114                   0                   0
           -0.847149                   0                   0
            -0.34364                   0                   0
             1.37255                   0                   0
             1.37255                   0                   0
            -1.24429                   0                   0
            -1.24429                   0                   0
             1.14166                   0                   0
             1.14166                   0                   0
           -0.634606                   0                   0
           -0.634606                   0                   0
            0.527167                   0                   0
            0.527167                   0                   0
           -0.120169                   0                   0
           -0.120169                   0                   0
           -0.120169                   0                   0
           -0.120169                   0                   0
           -0.120169                   0                   0
           -0.120169                   0                   0
            0.969349                   0                   0
           -0.951624                   0                   0
            -1.39878                   0                   0
             1.22417                   0                   0
             1.22417                   0                   0
             1.22417                   0                   0
            -1.05713                   0                   0
             1.15816                   0                   0
             1.15816                   0                   0
            0.844875                   0                   0
            0.844875                   0                   0
            0.844875                   0                   0
            0.844875                   0                   0
            0.844875                   0                   0
            0.844875                   0                   0
           -0.745865                   0                   0
             1.20016                   0                   0
           -0.306837                   0                   0
           -0.306837                   0                   0
           -0.306837                   0                   0
            -1.28907                   0                   0
            -1.28907                   0                   0
            0.255202                   0                   0
           -0.682826                   0                   0
           -0.682826                   0                   0
           -0.682826                   0                   0
           -0.682826                   0                   0
            -1.04125                   0                   0
            -0.84482                   0                   0
           -0.312953                   0                   0
            -1.46992                   0                   0
            -1.57218                   0                   0
            -1.57218                   0                   0
           -0.827815                   0                   0
           -0.254052                   0                   0
             1.04046                   0                   0
             1.04046                   0                   0
             1.04046                   0                   0
            -1.00444                   0                   0
          -0.0690474                   0                   0
          -0.0690474                   0                   0
            0.429051                   0                   0
            -1.22019                   0                   0
            -1.22019                   0                   0
           -0.849919                   0                   0
           -0.849919                   0                   0
           -0.849919                   0                   0
           -0.849919                   0                   0
           -0.782964                   0                   0
           -0.182137                   0                   0
           -0.182137                   0                   0
           -0.576856                   0                   0
           -0.576856                   0                   0
             0.78073                   0                   0
             1.40126                   0                   0
             1.40126                   0                   0
            0.579274                   0                   0
            0.579274                   0                   0
            0.579274                   0                   0
            0.579274                   0                   0
            0.579274                   0                   0
            0.739964                   0                   0
           -0.282478                   0                   0
            0.967281                   0                   0
           -0.520494                   0                   0
           -0.520494                   0                   0
            -1.33584                   0                   0
            0.773088                   0                   0
            0.773088                   0                   0
            -0.98758                   0                   0
            0.445729                   0                   0
           -0.909419                   0                   0
           -0.909419                   0                   0
            -1.53475                   0                   0
            -1.53475                   0                   0
           -0.752897                   0                   0
             1.34519                   0                   0
             1.34519                   0                   0
             1.16713                   0                   0
             1.16713                   0                   0
          -0.0158438                   0                   0
           -0.961828                   0                   0
           -0.961828                   0                   0
           -0.961828                   0                   0
           -0.672942                   0                   0
           -0.672942                   0                   0
           -0.672942                   0                   0
           -0.557818                   0                   0
            -1.48634                   0                   0
            -1.28195                   0                   0
            -1.28195                   0                   0
         -0.00691992                   0                   0
           -0.458458                   0                   0
           -0.458458                   0                   0
           -0.458458                   0                   0
            -1.32791                   0                   0
           -0.505995                   0                   0
            0.299114                   0                   0
           -0.139186                   0                   0
           -0.867138                   0                   0
           -0.867138                   0                   0
            0.602987                   0                   0
           -0.624876                   0                   0
           -0.624876                   0                   0
           -0.624876                   0                   0
             1.54861                   0                   0
            0.679593                   0                   0
           -0.230155                   0                   0
           -0.230155                   0                   0
            -0.41367                   0                   0
            -1.05498                   0                   0
            -1.05498                   0                   0
           -0.526469                   0                   0
           -0.526469                   0                   0
           -0.526469                   0                   0
           -0.340783                   0                   0
            0.775393                   0                   0
            0.775393                   0                   0
             1.13939                   0                   0
             1.13939                   0                   0
            -1.13861                   0                   0
            0.946108                   0                   0
            0.946108                   0                   0
            0.946108                   0                   0
             1.26173                   0                   0
             1.52225                   0                   0
           -0.790676                   0                   0
            -1.60715                   0                   0
           -0.141922                   0                   0
           -0.141922                   0                   0
           -0.141922                   0                   0
          -0.0759581                   0                   0
            0.321267                   0                   0
            0.321267                   0                   0
            0.321267                   0                   0
            0.321267                   0                   0
            0.101277                   0                   0
            0.101277                   0                   0
            0.101277                   0                   0
            0.101277                   0                   0
            0.101277                   0                   0
           -0.477707                   0                   0
            -1.07026                   0                   0
            0.934296                   0                   0
            0.425486                   0                   0
            0.653134                   0                   0
            0.653134                   0                   0
            0.653134                   0                   0
           -0.717204                   0                   0
           -0.717204                   0                   0
           -0.717204                   0                   0
           -0.717204                   0                   0
            0.109965                   0                   0
            0.390022                   0                   0
            0.640924                   0                   0
            0.640924                   0                   0
            0.640924                   0                   0
            0.640924                   0                   0
            0.640924                   0                   0
           0.0779289                   0                   0
           0.0779289                   0                   0
             0.41287                   0                   0
             0.41287                   0                   0
             0.41287                   0                   0
             0.41287                   0                   0
            0.368896                   0                   0
            0.296812                   0                   0
            0.372204                   0                   0
            0.752148                   0                   0
            0.752148                   0                   0
            0.752148                   0                   0
            0.752148                   0                   0
            0.390502                   0                   0
            0.390502                   0                   0
            0.390502                   0                   0
            0.390502                   0                   0
            -1.06375                   0                   0
            -1.11037                   0                   0
            -1.11037                   0                   0
            0.588894                   0                   0
            0.588894                   0                   0
            0.588894                   0                   0
           -0.890121                   0                   0
            -1.93562                   0                   0
            -1.32718                   0                   0
            -1.32718                   0                   0
            -1.32718                   0                   0
           -0.943941                   0                   0
            -1.27988                   0                   0
            -1.27988                   0                   0
            -1.27988                   0                   0
            -1.31554                   0                   0
           -0.408382                   0                   0
           -0.408382                   0                   0
           -0.706183                   0                   0
           -0.706183                   0                   0
             1.10433                   0                   0
             1.10258                   0                   0
              0.1451                   0                   0
             1.14726                   0                   0
             1.14726                   0                   0
             1.14726                   0                   0
           -0.617289                   0                   0
           -0.617289                   0                   0
            0.398786                   0                   0
           -0.806797                   0                   0
            0.143713                   0                   0
            0.143713                   0                   0
            0.143713                   0                   0
             1.16319                   0                   0
             1.16319                   0                   0
             1.16319                   0                   0
            0.995363                   0                   0
            0.636152                   0                   0
            0.636152                   0                   0
            0.636152                   0                   0
            0.668329                   0                   0
           -0.577243                   0                   0
             1.32597                   0                   0
            0.647038                   0                   0
           -0.215392                   0                   0
           -0.215392                   0                   0
            0.452113                   0                   0
            0.452113                   0                   0
            0.452113                   0                   0
            0.452113                   0                   0
            0.452113                   0                   0
            0.452113                   0                   0
            0.452113                   0                   0
             1.00943                   0                   0
             1.00943                   0                   0
            0.167949                   0                   0
            0.167949                   0                   0
            0.351712                   0                   0
            0.804855                   0                   0
            0.838482                   0                   0
           -0.790495                   0                   0
           -0.790495                   0                   0
           -0.790495                   0                   0
           -0.790495                   0                   0
           -0.788114                   0                   0
            -1.41366                   0                   0
            -1.26746                   0                   0
            0.240936                   0                   0
           -0.868078                   0                   0
           -0.659642                   0                   0
           -0.659642                   0                   0
           -0.659642                   0                   0
            0.383796                   0                   0
             1.74387                   0                   0
           -0.269666                   0                   0
           -0.269666                   0                   0
           -0.269666                   0                   0
           -0.546016                   0                   0
             0.65288                   0                   0
             0.65288                   0                   0
             0.65288                   0                   0
           -0.205984                   0                   0
           -0.205984                   0                   0
           -0.205984                   0                   0
           -0.205984                   0                   0
           -0.205984                   0                   0
           -0.205984                   0                   0
           -0.205984                   0                   0
            0.299912                   0                   0
           -0.107514                   0                   0
            0.719362                   0                   0
            0.719362                   0                   0
            0.810346                   0                   0
            0.810346                   0                   0
            0.751915                   0                   0
            0.941564                   0                   0
             1.31292                   0                   0
             1.31292                   0                   0
          0.00826344                   0                   0
          0.00826344                   0                   0
          0.00826344                   0                   0
           -0.250772                   0                   0
