#           KE_STEP:
             4.08028
             4.08088
             4.08158
             4.08238
             4.08327
             4.08425
             4.08532
              4.0865
             4.08776
             4.08912
             4.09058
             4.09213
             4.09378
             4.09552
             4.09736
             4.09929
             4.10132
             4.10345
             4.10567
             4.10799
             4.11041
             4.11292
             4.11553
             4.11823
             4.12103
             4.12393
             4.12692
             4.13001
             4.13319
             4.13647
             4.13985
             4.14332
             4.14689
             4.15055
             4.15431
             4.15816
              4.1621
             4.16614
             4.17028
              4.1745
             4.17882
             4.18323
             4.18773
             4.19232
             4.19699
             4.20176
             4.20661
             4.21155
             4.21658
             4.22169
             4.22688
             4.23215
              4.2375
             4.24293
             4.24844
             4.25401
             4.25966
             4.26538
             4.27117
             4.27702
             4.28293
              4.2889
             4.29492
               4.301
             4.30712
             4.31329
             4.31949
             4.32573
             4.33201
              4.3383
             4.34462
             4.35095
             4.35728
             4.36362
             4.36995
             4.37627
             4.38256
             4.38883
             4.39505
             4.40123
             4.40734
             4.41339
             4.41935
             4.42522
             4.43097
             4.43661
             4.44211
             4.44746
             4.45264
             4.45763
             4.46241
             4.46697
             4.47128
             4.47532
             4.47907
             4.48249
             4.48557
             4.48828
             4.49058
             4.49244
             4.49384
             4.49473
             4.49509
             4.49486
             4.49401
              4.4925
             4.49029
             4.48731
             4.48354
             4.47892
             4.47339
             4.46691
             4.45941
             4.45085
             4.44116
             4.43029
             4.41817
             4.40476
             4.38999
              4.3738
             4.35615
             4.33697
             4.31623
             4.29388
             4.26987
             4.24419
             4.21681
             4.18772
             4.15692
             4.12443
             4.09027
             4.05448
             4.01714
             3.97834
             3.93817
             3.89677
             3.85429
             3.81092
             3.76687
             3.72236
             3.67765
             3.63304
             3.58881
              3.5453
             3.50284
             3.46178
             3.42248
             3.38531
              3.3506
              3.3187
             3.28994
             3.26461
             3.24299
              3.2253
             3.21172
             3.20241
             3.19746
              3.1969
             3.20073
             3.20889
             3.22125
             3.23766
             3.25793
              3.2818
               3.309
             3.33924
             3.37219
             3.40752
             3.44489
             3.48396
             3.52439
             3.56585
             3.60802
             3.65061
             3.69334
             3.73594
             3.77818
             3.81986
             3.86078
             3.90079
             3.93974
             3.97752
             4.01403
             4.04921
             4.08298
             4.11532
              4.1462
             4.17562
             4.20356
             4.23004
             4.25509
             4.27874
             4.30101
             4.32195
              4.3416
             4.36002
             4.37725
             4.39334
             4.40834
             4.42232
             4.43532
             4.44739
              4.4586
             4.46898
             4.47859
             4.48748
              4.4957
             4.50328
             4.51027
             4.51672
             4.52266
             4.52812
             4.53315
             4.53777
             4.54202
             4.54593
             4.54951
              4.5528
             4.55582
             4.55859
             4.56113
             4.56345
             4.56557
             4.56751
             4.56928
             4.57089
             4.57234
             4.57366
             4.57483
             4.57589
             4.57681
             4.57762
             4.57832
              4.5789
             4.57938
             4.57974
                4.58
             4.58014
             4.58018
             4.58011
             4.57992
             4.57962
              4.5792
             4.57866
             4.57799
              4.5772
             4.57626
             4.57519
             4.57397
             4.57259
             4.57105
             4.56933
             4.56743
             4.56534
             4.56305
             4.56053
             4.55778
             4.55478
             4.55151
             4.54796
              4.5441
             4.53991
             4.53536
             4.53043
             4.52509
             4.51931
             4.51306
              4.5063
             4.49899
             4.49109
             4.48256
             4.47336
             4.46344
             4.45276
             4.44127
             4.42892
             4.41567
             4.40148
              4.3863
             4.37009
             4.35284
             4.33451
              4.3151
              4.2946
             4.27303
             4.25042
             4.22681
             4.20228
             4.17692
             4.15084
             4.12419
             4.09713
             4.06986
             4.04259
             4.01555
             3.98901
             3.96323
             3.93849
             3.91506
             3.89321
             3.87321
             3.85529
             3.83968
             3.82655
             3.81604
             3.80826
             3.80328
              3.8011
             3.80171
             3.80502
             3.81093
              3.8193
             3.82994
             3.84267
             3.85725
             3.87346
             3.89106
              3.9098
             3.92943
             3.94974
             3.97048
             3.99146
             4.01248
             4.03335
             4.05393
             4.07408
             4.09366
             4.11259
             4.13078
             4.14817
             4.16471
             4.18036
              4.1951
             4.20892
             4.22183
             4.23383
             4.24495
              4.2552
             4.26462
             4.27324
              4.2811
             4.28823
             4.29468
             4.30048
             4.30568
             4.31032
             4.31444
             4.31807
             4.32126
             4.32405
             4.32646
             4.32853
             4.33029
             4.33177
             4.33301
             4.33401
             4.33482
             4.33545
             4.33592
             4.33624
             4.33644
             4.33654
             4.33653
             4.33644
             4.33628
             4.33604
             4.33575
              4.3354
               4.335
             4.33455
             4.33406
             4.33352
             4.33293
             4.33229
              4.3316
             4.33086
             4.33005
             4.32918
             4.32824
             4.32722
             4.32611
             4.32491
              4.3236
             4.32219
             4.32065
             4.31897
             4.31715
             4.31518
             4.31305
             4.31074
             4.30824
             4.30554
             4.30263
              4.2995
             4.29614
             4.29254
             4.28868
             4.28456
             4.28016
             4.27548
             4.27051
             4.26524
             4.25966
             4.25377
             4.24756
             4.24103
             4.23417
             4.22698
             4.21946
             4.21161
             4.20344
             4.19494
             4.18613
             4.17701
             4.16759
             4.15788
             4.14789
             4.13764
             4.12716
             4.11645
             4.10553
             4.09444
              4.0832
             4.07183
             4.06036
             4.04882
             4.03725
             4.02568
             4.01414
             4.00266
             3.99127
             3.98002
             3.96894
             3.95806
             3.94741
             3.93703
             3.92694
             3.91718
             3.90778
             3.89876
             3.89014
             3.88195
             3.87422
             3.86696
             3.86018
             3.85391
             3.84816
             3.84293
             3.83823
             3.83408
             3.83047
             3.82741
             3.82489
             3.82292
             3.82148
             3.82057
             3.82018
             3.82029
             3.82091
             3.82201
             3.82358
             3.82559
             3.82805
             3.83093
              3.8342
             3.83786
             3.84189
             3.84626
             3.85097
             3.85598
             3.86128
             3.86685
             3.87268
             3.87874
             3.88501
             3.89147
             3.89811
              3.9049
             3.91182
             3.91886
             3.92599
             3.93319
             3.94045
             3.94775
             3.95505
             3.96236
             3.96964
             3.97688
             3.98406
             3.99117
             3.99818
             4.00508
             4.01186
             4.01849
             4.02496
             4.03127
             4.03738
              4.0433
             4.04901
              4.0545
             4.05976
             4.06477
             4.06953
             4.07403
             4.07826
             4.08222
             4.08591
              4.0893
             4.09241
             4.09523
             4.09775
             4.09998
             4.10191
             4.10354
             4.10486
             4.10589
             4.10662
             4.10704
             4.10716
             4.10698
              4.1065
             4.10571
             4.10462
             4.10322
             4.10152
             4.09952
             4.09721
             4.09459
             4.09167
             4.08845
             4.08492
             4.08109
             4.07696
             4.07255
             4.06784
             4.06286
             4.05762
             4.05213
             4.04641
             4.04048
             4.03437
              4.0281
              4.0217
             4.01522
             4.00869
             4.00215
             3.99566
             3.98925
             3.98299
             3.97692
             3.97109
             3.96555
             3.96035
             3.95554
             3.95116
             3.94724
             3.94381
              3.9409
             3.93853
             3.93671
             3.93543
             3.93471
             3.93453
             3.93487
             3.93572
             3.93704
             3.93881
             3.94099
             3.94354
             3.94643
             3.94961
             3.95303
             3.95666
             3.96044
             3.96433
              3.9683
             3.97228
             3.97626
             3.98017
             3.98401
             3.98772
             3.99128
             3.99467
             3.99787
             4.00085
             4.00361
             4.00612
             4.00839
             4.01041
             4.01217
             4.01367
             4.01492
             4.01591
             4.01665
             4.01715
              4.0174
             4.01742
             4.01721
             4.01677
             4.01611
             4.01525
             4.01417
              4.0129
             4.01144
              4.0098
             4.00799
             4.00601
             4.00389
             4.00162
             3.99924
             3.99675
             3.99418
             3.99154
             3.98886
             3.98616
             3.98347
             3.98081
             3.97821
             3.97571
             3.97332
             3.97108
             3.96901
             3.96713
             3.96546
             3.96402
             3.96282
             3.96186
             3.96114
             3.96067
             3.96042
              3.9604
             3.96058
             3.96095
             3.96147
             3.96213
             3.96289
             3.96373
             3.96463
             3.96554
             3.96645
             3.96733
             3.96817
             3.96892
             3.96959
             3.97015
             3.97059
             3.97089
             3.97105
             3.97106
              3.9709
             3.97059
             3.97011
             3.96946
             3.96863
             3.96764
             3.96648
             3.96515
             3.96365
             3.96199
             3.96016
             3.95816
             3.95601
             3.95369
             3.95122
             3.94858
             3.94579
             3.94285
             3.93975
              3.9365
             3.93309
             3.92954
             3.92585
             3.92201
             3.91804
             3.91393
              3.9097
             3.90534
             3.90088
             3.89631
             3.89166
             3.88693
             3.88214
              3.8773
             3.87244
             3.86758
             3.86272
              3.8579
             3.85314
             3.84846
             3.84389
             3.83944
             3.83513
             3.83099
             3.82704
             3.82329
             3.81976
             3.81645
             3.81337
             3.81053
             3.80794
             3.80558
             3.80347
             3.80158
             3.79991
             3.79845
             3.79719
             3.79611
              3.7952
             3.79445
             3.79384
             3.79335
             3.79297
              3.7927
             3.79251
             3.79241
             3.79237
              3.7924
             3.79249
             3.79265
             3.79286
             3.79312
             3.79345
             3.79384
             3.79431
             3.79484
             3.79546
             3.79616
             3.79695
             3.79785
             3.79885
             3.79996
             3.80118
             3.80253
               3.804
             3.80559
             3.80731
             3.80914
              3.8111
             3.81318
             3.81537
             3.81767
             3.82006
             3.82254
             3.82509
             3.82772
              3.8304
             3.83312
             3.83587
             3.83864
             3.84141
             3.84417
              3.8469
              3.8496
             3.85224
             3.85483
             3.85734
             3.85976
             3.86209
             3.86432
             3.86643
             3.86843
             3.87029
             3.87203
             3.87362
             3.87508
             3.87638
             3.87754
             3.87855
              3.8794
              3.8801
             3.88064
             3.88103
             3.88126
             3.88133
             3.88125
               3.881
             3.88061
             3.88005
             3.87933
             3.87846
             3.87744
             3.87625
             3.87491
             3.87341
             3.87176
             3.86995
             3.86798
             3.86586
             3.86358
             3.86115
             3.85858
             3.85586
             3.85299
             3.84999
             3.84686
              3.8436
             3.84023
             3.83676
             3.83319
             3.82954
             3.82582
             3.82205
             3.81824
             3.81442
             3.81059
             3.80677
             3.80299
             3.79925
             3.79557
             3.79198
             3.78847
             3.78506
             3.78176
             3.77857
             3.77549
             3.77253
             3.76969
             3.76695
             3.76432
             3.76178
             3.75932
             3.75695
             3.75464
              3.7524
             3.75022
             3.74809
             3.74603
             3.74403
             3.74211
             3.74029
             3.73858
             3.73701
             3.73561
             3.73442
             3.73345
             3.73276
             3.73238
             3.73233
             3.73266
             3.73338
             3.73452
             3.73608
             3.73807
              3.7405
             3.74334
             3.74658
             3.75018
             3.75413
             3.75837
             3.76286
             3.76755
              3.7724
             3.77735
             3.78235
             3.78737
             3.79234
             3.79724
             3.80203
             3.80666
             3.81111
             3.81536
             3.81939
             3.82318
             3.82671
             3.82998
             3.83298
              3.8357
             3.83814
             3.84031
              3.8422
             3.84382
             3.84516
             3.84624
             3.84706
             3.84762
             3.84793
             3.84799
             3.84781
             3.84739
             3.84674
             3.84587
             3.84477
             3.84345
             3.84193
             3.84019
             3.83826
             3.83613
             3.83382
             3.83132
             3.82865
             3.82583
             3.82284
             3.81972
             3.81647
              3.8131
             3.80964
             3.80609
             3.80247
              3.7988
             3.79511
              3.7914
             3.78771
             3.78404
             3.78043
              3.7769
             3.77345
             3.77012
             3.76692
             3.76387
             3.76099
             3.75828
             3.75576
             3.75345
             3.75134
             3.74945
             3.74777
             3.74631
             3.74506
             3.74403
             3.74319
             3.74256
              3.7421
             3.74183
             3.74171
             3.74174
             3.74191
             3.74219
             3.74257
             3.74304
             3.74358
             3.74417
             3.74481
             3.74547
             3.74616
             3.74685
             3.74755
             3.74824
             3.74892
             3.74958
             3.75024
             3.75088
             3.75151
             3.75213
             3.75275
             3.75338
             3.75401
             3.75465
             3.75532
             3.75601
             3.75673
             3.75749
             3.75829
             3.75913
             3.76002
             3.76096
             3.76194
             3.76297
             3.76405
             3.76518
             3.76635
             3.76756
             3.76881
             3.77009
             3.77141
             3.77276
             3.77413
             3.77552
             3.77693
             3.77836
              3.7798
             3.78124
              3.7827
             3.78415
             3.78561
             3.78707
             3.78852
             3.78997
              3.7914
             3.79283
             3.79424
             3.79564
             3.79702
             3.79838
             3.79972
             3.80104
             3.80233
             3.80359
             3.80481
             3.80601
             3.80716
             3.80828
             3.80936
             3.81039
             3.81137
              3.8123
             3.81317
             3.81399
             3.81476
             3.81545
             3.81609
             3.81665
             3.81714
             3.81756
              3.8179
             3.81817
             3.81835
             3.81844
             3.81845
             3.81838
             3.81821
             3.81795
              3.8176
             3.81716
             3.81662
             3.81598
             3.81525
             3.81443
             3.81351
             3.81249
             3.81139
             3.81019
              3.8089
             3.80753
             3.80607
             3.80453
             3.80291
             3.80122
             3.79946
             3.79764
             3.79576
             3.79382
             3.79184
             3.78981
             3.78775
             3.78565
             3.78353
             3.78139
             3.77924
             3.77708
             3.77492
             3.77276
             3.77061
             3.76847
             3.76636
             3.76426
             3.76219
             3.76015
             3.75813
             3.75615
             3.75421
              3.7523
             3.75043
              3.7486
              3.7468
             3.74504
             3.74331
             3.74162
             3.73997
             3.73835
             3.73675
             3.73519
             3.73366
             3.73216
             3.73068
             3.72922
             3.72779
             3.72638
             3.72499
             3.72361
             3.72226
             3.72092
             3.71959
             3.71829
             3.71699
             3.71571
             3.71445
              3.7132
             3.71197
             3.71075
             3.70954
             3.70836
             3.70719
             3.70603
              3.7049
             3.70379
              3.7027
             3.70164
              3.7006
             3.69958
              3.6986
             3.69764
             3.69671
             3.69582
             3.69496
             3.69414
             3.69336
             3.69261
              3.6919
             3.69124
             3.69062
             3.69005
             3.68952
             3.68904
             3.68861
             3.68823
              3.6879
             3.68763
             3.68741
             3.68726
             3.68716
             3.68712
             3.68715
             3.68725
             3.68741
             3.68765
             3.68796
             3.68834
             3.68881
             3.68935
             3.68998
             3.69069
             3.69149
             3.69237
             3.69335
             3.69441
             3.69555
             3.69679
              3.6981
              3.6995
             3.70098
             3.70253
             3.70414
             3.70582
             3.70755
             3.70932
             3.71113
             3.71297
             3.71482
             3.71668
             3.71852
             3.72035
             3.72215
             3.72389
             3.72558
              3.7272
             3.72873
             3.73016
             3.73149
             3.73269
             3.73376
              3.7347
             3.73548
             3.73612
             3.73659
             3.73691
             3.73707
             3.73707
             3.73692
             3.73663
             3.73621
             3.73568
             3.73505
             3.73433
             3.73356
             3.73276
             3.73195
             3.73117
             3.73043
             3.72976
             3.72919
             3.72874
             3.72843
             3.72828
              3.7283
             3.72849
             3.72887
             3.72942
             3.73014
             3.73102
             3.73204
             3.73319
             3.73444
             3.73578
             3.73717
              3.7386
             3.74003
             3.74146
             3.74285
             3.74419
             3.74547
             3.74667
             3.74778
             3.74879
              3.7497
             3.75051
              3.7512
             3.75179
             3.75227
             3.75264
             3.75292
              3.7531
              3.7532
              3.7532
             3.75313
             3.75298
             3.75276
             3.75248
             3.75213
             3.75173
             3.75127
             3.75077
             3.75021
             3.74962
             3.74899
             3.74833
             3.74764
             3.74692
             3.74618
             3.74543
             3.74467
              3.7439
             3.74313
             3.74237
             3.74162
             3.74089
             3.74018
              3.7395
             3.73885
             3.73825
             3.73769
             3.73718
             3.73672
             3.73632
             3.73599
             3.73571
             3.73549
             3.73535
             3.73526
             3.73525
             3.73529
              3.7354
             3.73557
              3.7358
             3.73608
             3.73641
             3.73679
              3.7372
             3.73766
             3.73814
             3.73865
             3.73918
             3.73972
             3.74027
             3.74083
             3.74138
             3.74192
             3.74245
             3.74296
             3.74345
             3.74391
             3.74433
             3.74472
             3.74508
             3.74538
             3.74565
             3.74586
             3.74603
             3.74614
             3.74619
             3.74619
             3.74613
             3.74601
             3.74583
             3.74558
             3.74528
             3.74491
             3.74448
             3.74398
             3.74341
             3.74278
             3.74209
             3.74133
              3.7405
              3.7396
             3.73863
              3.7376
              3.7365
             3.73533
             3.73409
             3.73279
             3.73141
             3.72997
             3.72845
             3.72687
             3.72521
             3.72349
              3.7217
             3.71984
             3.71791
             3.71591
             3.71384
             3.71171
             3.70951
             3.70725
             3.70492
             3.70253
             3.70008
             3.69756
             3.69499
             3.69236
             3.68968
             3.68694
             3.68415
             3.68132
             3.67844
             3.67552
             3.67256
             3.66956
             3.66654
             3.66349
             3.66041
             3.65732
             3.65422
             3.65112
             3.64801
             3.64491
             3.64182
             3.63875
              3.6357
             3.63269
             3.62973
             3.62681
             3.62395
             3.62117
             3.61845
             3.61582
             3.61329
             3.61085
             3.60853
             3.60633
             3.60425
             3.60231
              3.6005
             3.59885
             3.59734
             3.59599
              3.5948
             3.59377
             3.59291
              3.5922
             3.59167
             3.59129
             3.59107
               3.591
             3.59108
             3.59131
             3.59167
             3.59215
             3.59276
             3.59348
             3.59429
              3.5952
             3.59619
             3.59725
             3.59836
             3.59953
             3.60074
             3.60198
             3.60323
              3.6045
             3.60578
             3.60704
              3.6083
             3.60954
             3.61076
             3.61195
             3.61311
             3.61424
             3.61533
             3.61637
             3.61738
             3.61835
             3.61928
             3.62016
             3.62101
             3.62181
             3.62259
             3.62332
             3.62403
              3.6247
             3.62535
             3.62597
             3.62657
             3.62715
             3.62771
             3.62826
             3.62879
             3.62931
             3.62982
             3.63032
             3.63081
             3.63129
             3.63176
             3.63222
             3.63267
              3.6331
             3.63352
             3.63392
              3.6343
             3.63465
             3.63497
             3.63527
             3.63552
             3.63574
             3.63591
             3.63602
             3.63608
             3.63607
               3.636
             3.63585
             3.63562
              3.6353
             3.63489
             3.63439
             3.63377
             3.63305
             3.63222
             3.63126
             3.63018
             3.62898
             3.62765
              3.6262
             3.62462
             3.62291
             3.62109
             3.61915
              3.6171
             3.61496
             3.61273
             3.61043
             3.60808
             3.60569
             3.60329
              3.6009
             3.59853
             3.59623
             3.59401
             3.59189
             3.58992
              3.5881
             3.58646
             3.58502
              3.5838
             3.58281
             3.58206
             3.58156
             3.58131
              3.5813
             3.58152
             3.58197
             3.58263
             3.58349
             3.58451
             3.58569
               3.587
             3.58841
             3.58991
             3.59147
             3.59307
             3.59469
             3.59631
             3.59792
              3.5995
             3.60105
             3.60254
             3.60397
             3.60533
             3.60662
             3.60783
             3.60897
             3.61002
             3.61099
             3.61187
             3.61268
              3.6134
             3.61404
             3.61461
              3.6151
             3.61552
             3.61587
             3.61615
             3.61636
             3.61651
             3.61661
             3.61665
             3.61663
             3.61657
             3.61646
              3.6163
              3.6161
             3.61587
              3.6156
             3.61529
             3.61496
             3.61459
              3.6142
             3.61379
             3.61335
              3.6129
             3.61242
             3.61194
             3.61144
             3.61092
              3.6104
             3.60986
             3.60932
             3.60877
             3.60821
             3.60765
             3.60708
              3.6065
             3.60592
             3.60534
             3.60475
             3.60416
             3.60356
             3.60295
             3.60234
             3.60173
              3.6011
             3.60047
             3.59983
             3.59918
             3.59852
             3.59785
             3.59717
             3.59648
             3.59577
             3.59505
             3.59431
             3.59356
             3.59279
             3.59201
             3.59121
              3.5904
             3.58956
             3.58871
             3.58785
             3.58696
             3.58606
             3.58515
             3.58422
             3.58328
             3.58232
             3.58136
             3.58038
             3.57939
              3.5784
             3.57741
             3.57641
             3.57541
             3.57441
             3.57341
             3.57241
             3.57142
             3.57043
             3.56945
             3.56848
             3.56751
             3.56654
             3.56557
              3.5646
             3.56362
             3.56263
             3.56163
              3.5606
             3.55953
             3.55843
             3.55728
             3.55607
              3.5548
             3.55344
             3.55199
             3.55045
             3.54879
             3.54703
             3.54514
             3.54313
               3.541
             3.53875
             3.53638
             3.53392
             3.53137
             3.52875
              3.5261
             3.52343
              3.5208
             3.51822
             3.51575
             3.51342
             3.51127
             3.50935
              3.5077
             3.50633
             3.50529
             3.50459
             3.50423
             3.50423
             3.50456
             3.50522
             3.50617
             3.50738
             3.50881
             3.51042
             3.51216
             3.51397
             3.51582
             3.51764
             3.51941
             3.52107
              3.5226
             3.52395
             3.52511
             3.52605
             3.52677
             3.52724
             3.52747
             3.52746
             3.52721
             3.52673
             3.52603
             3.52512
             3.52403
             3.52276
             3.52134
              3.5198
             3.51814
             3.51639
             3.51457
             3.51271
             3.51081
             3.50889
             3.50697
             3.50505
             3.50315
             3.50127
             3.49941
             3.49757
             3.49575
             3.49395
             3.49215
             3.49036
             3.48855
             3.48672
             3.48487
             3.48298
             3.48106
             3.47909
             3.47709
             3.47505
             3.47299
             3.47093
             3.46887
             3.46686
             3.46493
             3.46309
              3.4614
             3.45989
             3.45862
              3.4576
             3.45691
             3.45656
             3.45659
             3.45704
             3.45792
             3.45926
             3.46105
             3.46331
             3.46601
             3.46915
             3.47269
              3.4766
             3.48084
             3.48537
             3.49014
             3.49511
             3.50021
             3.50541
             3.51066
              3.5159
              3.5211
             3.52621
              3.5312
             3.53605
             3.54071
             3.54518
             3.54944
             3.55346
             3.55724
             3.56077
             3.56405
             3.56708
             3.56985
             3.57237
             3.57463
             3.57666
             3.57845
                3.58
             3.58133
             3.58244
             3.58333
             3.58402
             3.58452
             3.58482
             3.58493
             3.58487
             3.58463
             3.58422
             3.58365
             3.58291
             3.58202
             3.58098
             3.57978
             3.57844
             3.57695
             3.57532
             3.57355
             3.57165
              3.5696
             3.56743
             3.56512
             3.56269
             3.56014
             3.55747
             3.55468
             3.55178
             3.54879
              3.5457
             3.54252
             3.53926
             3.53594
             3.53257
             3.52915
              3.5257
             3.52225
             3.51879
             3.51536
             3.51196
             3.50861
             3.50534
             3.50216
             3.49908
             3.49613
             3.49332
             3.49066
             3.48816
             3.48584
             3.48371
             3.48177
             3.48003
             3.47849
             3.47715
             3.47602
             3.47508
             3.47433
             3.47378
              3.4734
              3.4732
             3.47316
             3.47328
             3.47354
             3.47394
             3.47446
              3.4751
             3.47584
             3.47667
             3.47758
             3.47857
             3.47962
             3.48072
             3.48185
             3.48301
             3.48419
             3.48536
             3.48653
             3.48768
             3.48879
             3.48985
             3.49085
             3.49178
             3.49263
             3.49338
             3.49402
             3.49454
             3.49494
             3.49521
             3.49533
             3.49531
             3.49514
             3.49482
             3.49435
             3.49374
             3.49298
             3.49208
             3.49107
             3.48994
             3.48872
             3.48742
             3.48606
             3.48466
             3.48325
             3.48185
             3.48048
             3.47917
             3.47795
             3.47684
             3.47585
             3.47502
             3.47435
             3.47386
             3.47357
             3.47347
             3.47356
             3.47386
             3.47435
             3.47503
             3.47588
             3.47689
             3.47804
             3.47931
             3.48069
             3.48216
              3.4837
             3.48528
             3.48689
             3.48851
             3.49014
             3.49174
             3.49331
             3.49484
             3.49632
             3.49774
              3.4991
             3.50039
              3.5016
             3.50275
             3.50381
              3.5048
             3.50572
             3.50656
             3.50733
             3.50803
             3.50867
             3.50924
             3.50974
             3.51019
             3.51059
             3.51092
             3.51121
             3.51144
             3.51162
             3.51175
             3.51183
             3.51186
             3.51185
             3.51177
             3.51164
             3.51145
              3.5112
             3.51088
             3.51049
             3.51001
             3.50945
             3.50879
             3.50803
             3.50714
             3.50614
             3.50499
             3.50369
             3.50222
             3.50058
             3.49874
              3.4967
             3.49444
             3.49195
             3.48922
             3.48624
             3.48301
             3.47953
             3.47579
             3.47182
             3.46761
             3.46321
             3.45864
             3.45393
             3.44915
             3.44436
             3.43961
             3.43499
             3.43058
             3.42647
             3.42274
             3.41947
             3.41674
             3.41461
             3.41315
             3.41238
             3.41232
             3.41298
             3.41432
             3.41632
             3.41891
             3.42203
              3.4256
             3.42954
             3.43376
             3.43818
             3.44272
              3.4473
             3.45186
             3.45635
              3.4607
              3.4649
              3.4689
             3.47269
             3.47624
             3.47957
             3.48266
             3.48551
             3.48813
             3.49054
             3.49273
             3.49473
             3.49653
             3.49817
             3.49964
             3.50096
             3.50215
              3.5032
             3.50413
             3.50495
             3.50567
             3.50628
             3.50681
             3.50724
             3.50759
             3.50785
             3.50804
             3.50814
             3.50816
              3.5081
             3.50797
             3.50775
             3.50745
             3.50707
             3.50661
             3.50606
             3.50543
             3.50471
              3.5039
             3.50301
             3.50203
             3.50096
             3.49981
             3.49856
             3.49724
             3.49583
             3.49435
             3.49278
             3.49115
             3.48945
             3.48769
             3.48587
             3.48401
              3.4821
             3.48017
             3.47821
             3.47624
             3.47427
              3.4723
             3.47036
             3.46845
             3.46658
             3.46476
             3.46301
             3.46133
             3.45974
             3.45825
             3.45686
             3.45557
             3.45441
             3.45336
             3.45244
             3.45165
             3.45099
             3.45045
             3.45003
             3.44974
             3.44956
             3.44949
             3.44953
             3.44966
             3.44987
             3.45016
             3.45052
             3.45094
             3.45141
             3.45192
             3.45246
             3.45302
              3.4536
              3.4542
             3.45479
             3.45539
             3.45599
             3.45659
             3.45718
             3.45776
             3.45835
             3.45893
             3.45952
             3.46012
             3.46072
             3.46134
             3.46198
             3.46265
             3.46335
             3.46408
             3.46485
             3.46566
             3.46651
             3.46741
             3.46836
             3.46935
             3.47039
             3.47147
              3.4726
             3.47376
             3.47495
             3.47618
             3.47742
             3.47868
             3.47996
             3.48123
              3.4825
             3.48377
             3.48501
             3.48623
             3.48743
             3.48859
              3.4897
             3.49078
              3.4918
             3.49276
             3.49367
             3.49451
             3.49529
               3.496
             3.49664
             3.49721
              3.4977
             3.49812
             3.49847
             3.49874
             3.49894
             3.49907
             3.49912
              3.4991
               3.499
             3.49884
             3.49861
             3.49831
             3.49795
             3.49752
             3.49704
             3.49649
             3.49589
             3.49524
             3.49453
             3.49378
             3.49299
             3.49215
             3.49127
             3.49036
             3.48942
             3.48845
             3.48746
             3.48645
             3.48542
             3.48438
             3.48333
             3.48228
             3.48122
             3.48018
             3.47914
             3.47811
              3.4771
             3.47611
             3.47515
             3.47422
             3.47332
             3.47246
             3.47164
             3.47086
             3.47013
             3.46945
             3.46882
             3.46825
             3.46773
             3.46728
             3.46688
             3.46655
             3.46627
             3.46606
             3.46591
             3.46583
              3.4658
             3.46583
             3.46593
             3.46607
             3.46627
             3.46652
             3.46682
             3.46716
             3.46754
             3.46795
              3.4684
             3.46888
             3.46937
             3.46989
             3.47042
             3.47095
             3.47149
             3.47203
             3.47256
             3.47308
             3.47358
             3.47407
             3.47452
             3.47495
             3.47534
              3.4757
             3.47601
             3.47628
              3.4765
             3.47667
             3.47679
             3.47685
             3.47686
             3.47681
              3.4767
             3.47654
             3.47631
             3.47603
             3.47569
             3.47531
             3.47487
             3.47438
             3.47385
             3.47328
             3.47268
             3.47205
             3.47139
             3.47072
             3.47004
             3.46936
             3.46868
             3.46802
             3.46737
             3.46675
             3.46617
             3.46562
             3.46512
             3.46467
             3.46428
             3.46395
             3.46368
             3.46348
             3.46333
             3.46326
             3.46324
             3.46328
             3.46337
             3.46351
             3.46369
              3.4639
             3.46413
             3.46437
             3.46461
             3.46483
             3.46503
             3.46518
             3.46528
              3.4653
             3.46524
             3.46507
             3.46478
             3.46435
             3.46377
             3.46303
             3.46209
             3.46096
              3.4596
             3.45802
             3.45619
             3.45411
             3.45175
             3.44912
              3.4462
             3.44299
             3.43948
             3.43568
              3.4316
             3.42724
             3.42262
             3.41775
             3.41267
             3.40741
               3.402
             3.39649
             3.39093
             3.38537
             3.37987
             3.37451
             3.36933
             3.36442
             3.35983
             3.35562
             3.35186
             3.34859
             3.34585
             3.34368
              3.3421
             3.34113
             3.34075
             3.34097
             3.34177
             3.34312
             3.34499
             3.34733
             3.35011
             3.35328
             3.35678
             3.36057
             3.36461
             3.36884
             3.37322
             3.37771
             3.38228
             3.38687
             3.39147
             3.39604
             3.40056
               3.405
             3.40935
             3.41359
             3.41771
             3.42169
             3.42552
             3.42921
             3.43275
             3.43612
             3.43934
              3.4424
              3.4453
             3.44804
             3.45064
             3.45308
             3.45538
             3.45753
             3.45955
             3.46145
             3.46321
             3.46486
             3.46639
             3.46781
             3.46913
             3.47035
             3.47147
             3.47251
             3.47346
             3.47433
             3.47513
             3.47585
             3.47651
              3.4771
             3.47762
             3.47809
              3.4785
             3.47886
             3.47916
             3.47942
             3.47963
             3.47979
             3.47992
                3.48
             3.48004
             3.48004
             3.48001
             3.47995
             3.47985
             3.47973
             3.47958
              3.4794
              3.4792
             3.47898
             3.47875
             3.47849
             3.47822
             3.47794
             3.47765
             3.47735
             3.47705
             3.47674
             3.47643
             3.47612
             3.47582
             3.47552
             3.47522
             3.47493
             3.47465
             3.47438
             3.47411
             3.47385
              3.4736
             3.47336
             3.47313
              3.4729
             3.47268
             3.47246
             3.47223
             3.47201
             3.47179
             3.47155
             3.47131
             3.47105
             3.47078
             3.47049
             3.47017
             3.46983
             3.46946
             3.46906
             3.46862
             3.46813
             3.46761
             3.46704
             3.46641
             3.46574
             3.46501
             3.46422
             3.46336
             3.46245
             3.46147
             3.46042
             3.45931
             3.45813
             3.45687
             3.45555
             3.45415
             3.45269
             3.45116
             3.44955
             3.44788
             3.44615
             3.44435
             3.44249
             3.44058
             3.43861
             3.43659
             3.43453
             3.43243
              3.4303
             3.42814
             3.42596
             3.42376
             3.42156
             3.41936
             3.41716
             3.41498
             3.41282
             3.41069
              3.4086
             3.40656
             3.40456
             3.40263
             3.40076
             3.39897
             3.39724
              3.3956
             3.39404
             3.39257
             3.39118
             3.38988
             3.38866
             3.38753
             3.38648
              3.3855
              3.3846
             3.38377
               3.383
             3.38228
              3.3816
             3.38097
             3.38036
             3.37977
             3.37919
             3.37861
             3.37802
             3.37742
              3.3768
             3.37614
             3.37544
             3.37469
              3.3739
             3.37305
             3.37214
             3.37116
             3.37013
             3.36903
             3.36787
             3.36665
             3.36537
             3.36403
             3.36265
             3.36123
             3.35978
              3.3583
              3.3568
              3.3553
              3.3538
             3.35231
             3.35085
             3.34943
             3.34805
             3.34674
             3.34549
             3.34433
             3.34325
             3.34228
             3.34141
             3.34067
             3.34004
             3.33955
              3.3392
             3.33898
             3.33891
             3.33898
              3.3392
             3.33956
             3.34006
             3.34071
             3.34148
              3.3424
             3.34343
             3.34459
             3.34585
             3.34722
             3.34868
             3.35023
             3.35185
             3.35355
             3.35529
             3.35709
             3.35892
             3.36078
             3.36266
             3.36455
             3.36644
             3.36832
             3.37019
             3.37204
             3.37385
             3.37564
             3.37739
             3.37909
             3.38075
             3.38236
             3.38391
             3.38541
             3.38685
             3.38824
             3.38957
             3.39084
             3.39205
             3.39321
              3.3943
             3.39535
             3.39634
             3.39728
             3.39817
             3.39902
             3.39982
             3.40057
             3.40128
             3.40196
             3.40259
             3.40319
             3.40376
             3.40429
             3.40479
             3.40526
             3.40571
             3.40612
              3.4065
             3.40686
             3.40719
             3.40749
             3.40777
             3.40802
             3.40823
             3.40842
             3.40858
              3.4087
             3.40879
             3.40885
             3.40887
             3.40884
             3.40878
             3.40867
             3.40852
             3.40831
             3.40806
             3.40775
             3.40738
             3.40695
             3.40646
             3.40591
             3.40529
             3.40459
             3.40382
             3.40298
             3.40206
             3.40106
             3.39997
             3.39881
             3.39756
             3.39622
              3.3948
              3.3933
             3.39171
             3.39004
             3.38829
             3.38646
             3.38455
             3.38258
             3.38054
             3.37844
              3.3763
              3.3741
             3.37188
             3.36962
             3.36735
             3.36508
             3.36282
             3.36057
             3.35836
             3.35619
             3.35408
             3.35204
             3.35008
             3.34822
             3.34647
             3.34484
             3.34334
             3.34197
             3.34076
             3.33969
             3.33879
             3.33805
             3.33748
             3.33707
             3.33682
             3.33675
             3.33683
             3.33707
             3.33746
             3.33799
             3.33866
             3.33945
             3.34037
             3.34139
             3.34252
             3.34373
             3.34503
             3.34639
             3.34782
             3.34929
              3.3508
             3.35234
             3.35391
             3.35549
             3.35707
             3.35865
             3.36022
             3.36177
             3.36329
             3.36479
             3.36625
             3.36766
             3.36903
             3.37035
             3.37162
             3.37282
             3.37396
             3.37503
             3.37604
             3.37697
             3.37782
              3.3786
             3.37929
              3.3799
             3.38042
             3.38086
              3.3812
             3.38145
             3.38159
             3.38164
             3.38158
             3.38142
             3.38114
             3.38074
             3.38022
             3.37957
             3.37879
             3.37787
             3.37681
             3.37558
              3.3742
             3.37264
              3.3709
             3.36897
             3.36683
             3.36449
             3.36193
             3.35913
             3.35609
             3.35281
             3.34928
             3.34549
             3.34145
             3.33715
             3.33262
             3.32786
              3.3229
             3.31776
              3.3125
             3.30714
             3.30175
             3.29639
             3.29113
             3.28605
             3.28124
             3.27677
             3.27273
              3.2692
             3.26624
             3.26393
             3.26229
             3.26136
             3.26115
             3.26166
             3.26284
             3.26466
             3.26707
             3.26998
             3.27332
             3.27701
             3.28097
             3.28511
             3.28936
             3.29363
             3.29787
             3.30202
             3.30603
             3.30986
             3.31348
             3.31686
                3.32
             3.32286
             3.32546
             3.32779
             3.32984
             3.33163
             3.33315
             3.33441
             3.33544
             3.33622
             3.33678
             3.33712
             3.33725
              3.3372
             3.33696
             3.33655
             3.33599
             3.33527
             3.33443
             3.33346
             3.33238
              3.3312
             3.32993
              3.3286
              3.3272
             3.32575
             3.32427
             3.32276
             3.32123
             3.31971
             3.31819
              3.3167
             3.31523
              3.3138
             3.31242
              3.3111
             3.30984
             3.30864
             3.30752
             3.30648
             3.30552
             3.30465
             3.30386
             3.30315
             3.30253
               3.302
             3.30154
             3.30117
             3.30086
             3.30063
             3.30047
             3.30036
             3.30031
             3.30031
             3.30036
             3.30044
             3.30055
             3.30069
             3.30085
             3.30103
             3.30123
             3.30143
             3.30163
             3.30184
             3.30205
             3.30226
             3.30246
             3.30266
             3.30286
             3.30305
             3.30323
             3.30341
             3.30359
             3.30376
             3.30393
             3.30409
             3.30426
             3.30443
              3.3046
             3.30477
             3.30495
             3.30513
             3.30531
              3.3055
             3.30569
             3.30589
             3.30609
             3.30629
              3.3065
              3.3067
             3.30691
             3.30711
             3.30732
             3.30751
             3.30771
              3.3079
             3.30808
             3.30826
             3.30842
             3.30858
             3.30873
             3.30886
             3.30899
              3.3091
              3.3092
             3.30929
             3.30937
             3.30943
             3.30949
             3.30954
             3.30957
              3.3096
             3.30962
             3.30963
             3.30963
             3.30962
             3.30961
             3.30959
             3.30956
             3.30953
             3.30949
             3.30945
              3.3094
             3.30934
             3.30927
              3.3092
             3.30912
             3.30903
             3.30892
             3.30881
             3.30869
             3.30855
              3.3084
             3.30823
             3.30805
             3.30786
             3.30765
             3.30742
             3.30719
             3.30693
             3.30666
             3.30638
             3.30609
             3.30579
             3.30548
             3.30515
             3.30483
             3.30449
             3.30416
             3.30382
             3.30348
             3.30315
             3.30282
             3.30249
             3.30217
             3.30186
             3.30155
             3.30126
             3.30098
              3.3007
             3.30044
             3.30019
             3.29995
             3.29973
             3.29951
             3.29929
             3.29909
             3.29889
              3.2987
             3.29851
             3.29832
             3.29813
             3.29794
             3.29774
             3.29753
             3.29731
             3.29707
             3.29682
             3.29656
             3.29626
             3.29594
              3.2956
             3.29522
              3.2948
             3.29435
             3.29385
             3.29331
             3.29272
             3.29208
             3.29139
             3.29064
             3.28983
             3.28897
             3.28805
             3.28708
             3.28605
             3.28497
             3.28385
             3.28268
             3.28148
             3.28025
               3.279
             3.27775
             3.27651
             3.27529
              3.2741
             3.27296
             3.27188
             3.27089
                3.27
             3.26922
             3.26858
             3.26807
             3.26773
             3.26755
             3.26754
             3.26772
             3.26809
             3.26864
             3.26937
             3.27029
             3.27137
             3.27262
             3.27402
             3.27556
             3.27722
             3.27898
             3.28084
             3.28277
             3.28476
             3.28679
             3.28885
             3.29091
             3.29297
             3.29501
             3.29703
             3.29901
             3.30093
             3.30281
             3.30461
             3.30635
             3.30802
             3.30961
             3.31112
             3.31254
             3.31388
             3.31514
             3.31631
             3.31739
             3.31838
             3.31929
             3.32012
             3.32086
             3.32151
             3.32208
             3.32257
             3.32298
              3.3233
             3.32354
              3.3237
             3.32378
             3.32378
             3.32369
             3.32353
             3.32328
             3.32295
             3.32254
             3.32205
             3.32147
             3.32081
             3.32006
             3.31923
             3.31831
             3.31731
             3.31622
             3.31503
             3.31376
              3.3124
             3.31095
              3.3094
             3.30776
             3.30603
             3.30421
              3.3023
              3.3003
              3.2982
             3.29602
             3.29374
             3.29138
             3.28894
             3.28641
              3.2838
             3.28111
             3.27834
              3.2755
             3.27259
             3.26962
             3.26658
             3.26348
             3.26033
             3.25712
             3.25387
             3.25058
             3.24724
             3.24387
             3.24047
             3.23705
              3.2336
             3.23014
             3.22666
             3.22319
             3.21972
             3.21626
             3.21282
             3.20943
             3.20608
              3.2028
             3.19961
             3.19652
             3.19357
             3.19077
             3.18815
             3.18574
             3.18357
             3.18168
             3.18008
             3.17882
             3.17791
             3.17738
             3.17724
             3.17751
             3.17819
             3.17928
             3.18079
             3.18268
             3.18495
             3.18756
             3.19049
             3.19369
             3.19714
             3.20078
             3.20458
             3.20849
             3.21247
             3.21649
              3.2205
             3.22447
             3.22837
             3.23217
             3.23584
             3.23938
             3.24275
             3.24596
             3.24898
              3.2518
             3.25444
             3.25687
             3.25911
             3.26115
             3.26299
             3.26464
              3.2661
             3.26738
             3.26849
             3.26943
             3.27021
             3.27083
             3.27131
             3.27165
             3.27187
             3.27197
             3.27196
             3.27185
             3.27165
             3.27137
             3.27103
             3.27062
             3.27017
             3.26968
             3.26916
             3.26862
             3.26807
             3.26753
             3.26699
             3.26648
             3.26599
             3.26553
             3.26512
             3.26475
             3.26443
             3.26416
             3.26395
             3.26379
             3.26369
             3.26365
             3.26367
             3.26373
             3.26385
             3.26401
             3.26421
             3.26444
              3.2647
             3.26498
             3.26527
             3.26557
             3.26587
             3.26617
             3.26645
             3.26671
             3.26695
             3.26716
             3.26733
             3.26746
             3.26754
             3.26757
             3.26755
             3.26748
             3.26735
             3.26716
             3.26691
             3.26659
             3.26622
             3.26578
             3.26528
             3.26472
              3.2641
             3.26342
             3.26268
             3.26189
             3.26104
             3.26014
              3.2592
              3.2582
             3.25717
             3.25609
             3.25498
             3.25383
             3.25265
             3.25144
             3.25021
             3.24896
              3.2477
             3.24642
             3.24513
             3.24384
             3.24255
             3.24125
             3.23997
              3.2387
             3.23744
             3.23619
             3.23497
             3.23378
             3.23261
             3.23148
             3.23038
             3.22931
             3.22829
             3.22732
             3.22639
             3.22551
             3.22468
              3.2239
             3.22318
             3.22252
             3.22191
             3.22136
             3.22087
             3.22044
             3.22007
             3.21975
              3.2195
              3.2193
             3.21916
             3.21907
             3.21904
             3.21906
             3.21913
             3.21924
              3.2194
              3.2196
             3.21984
             3.22011
             3.22042
             3.22075
              3.2211
             3.22148
             3.22187
             3.22227
             3.22268
             3.22309
              3.2235
              3.2239
             3.22429
             3.22467
             3.22502
             3.22536
             3.22566
             3.22593
             3.22616
             3.22635
              3.2265
              3.2266
             3.22664
             3.22663
             3.22657
             3.22644
             3.22626
               3.226
             3.22569
              3.2253
             3.22486
             3.22434
             3.22376
             3.22312
             3.22241
             3.22164
             3.22082
             3.21995
             3.21902
             3.21806
             3.21705
             3.21602
             3.21497
              3.2139
             3.21282
             3.21175
              3.2107
             3.20966
             3.20866
              3.2077
             3.20679
             3.20595
             3.20519
              3.2045
             3.20391
             3.20342
             3.20303
             3.20276
             3.20261
             3.20257
             3.20266
             3.20286
             3.20319
             3.20364
              3.2042
             3.20487
             3.20565
             3.20651
             3.20746
             3.20849
             3.20958
             3.21072
             3.21191
             3.21312
             3.21436
              3.2156
             3.21683
             3.21805
             3.21925
              3.2204
             3.22152
             3.22257
             3.22357
             3.22449
             3.22534
              3.2261
             3.22677
             3.22735
             3.22783
             3.22821
             3.22848
             3.22865
              3.2287
             3.22865
             3.22848
              3.2282
             3.22781
              3.2273
             3.22669
             3.22596
             3.22513
             3.22419
             3.22315
             3.22201
             3.22078
             3.21945
             3.21804
             3.21655
             3.21498
             3.21334
             3.21164
             3.20987
             3.20806
              3.2062
             3.20431
             3.20238
             3.20043
             3.19846
             3.19649
             3.19451
             3.19253
             3.19056
             3.18861
             3.18667
             3.18477
             3.18289
             3.18105
             3.17924
             3.17748
             3.17576
             3.17409
             3.17247
             3.17091
             3.16939
             3.16794
             3.16654
              3.1652
             3.16393
             3.16272
             3.16157
             3.16049
             3.15948
             3.15854
             3.15767
             3.15688
             3.15615
              3.1555
             3.15492
             3.15442
             3.15399
             3.15364
             3.15336
             3.15314
               3.153
             3.15293
             3.15292
             3.15297
             3.15308
             3.15325
             3.15347
             3.15374
             3.15406
             3.15442
             3.15481
             3.15525
             3.15571
              3.1562
             3.15672
             3.15726
             3.15782
             3.15839
             3.15897
             3.15957
             3.16018
             3.16079
             3.16141
             3.16203
             3.16266
             3.16329
             3.16392
             3.16455
             3.16519
             3.16583
             3.16648
             3.16713
             3.16778
             3.16843
             3.16909
             3.16976
             3.17043
             3.17111
             3.17179
             3.17248
             3.17318
             3.17387
             3.17457
             3.17527
             3.17597
             3.17666
             3.17735
             3.17803
             3.17869
             3.17934
             3.17997
             3.18059
             3.18117
             3.18173
             3.18225
             3.18274
             3.18319
              3.1836
             3.18397
             3.18429
             3.18456
             3.18478
             3.18495
             3.18507
             3.18514
             3.18516
             3.18512
             3.18504
             3.18491
             3.18473
              3.1845
             3.18424
             3.18394
              3.1836
             3.18323
             3.18284
             3.18243
               3.182
             3.18155
              3.1811
             3.18065
             3.18021
             3.17977
             3.17935
             3.17894
             3.17856
             3.17821
              3.1779
             3.17762
             3.17738
             3.17719
             3.17705
             3.17695
              3.1769
             3.17691
             3.17697
             3.17708
             3.17724
             3.17746
             3.17772
             3.17803
             3.17838
             3.17878
             3.17921
             3.17968
             3.18018
              3.1807
             3.18125
             3.18182
              3.1824
             3.18299
             3.18359
             3.18419
             3.18478
             3.18537
             3.18596
             3.18652
             3.18708
             3.18761
             3.18812
             3.18861
             3.18907
              3.1895
              3.1899
             3.19027
             3.19061
             3.19091
             3.19117
              3.1914
             3.19159
             3.19174
             3.19185
             3.19192
             3.19196
             3.19195
              3.1919
             3.19182
             3.19169
             3.19153
             3.19132
             3.19108
              3.1908
             3.19048
             3.19012
             3.18972
             3.18929
             3.18882
             3.18831
             3.18777
             3.18719
             3.18658
             3.18594
             3.18526
             3.18455
              3.1838
             3.18303
             3.18223
             3.18139
             3.18053
             3.17964
             3.17873
             3.17779
             3.17683
             3.17584
             3.17484
             3.17381
             3.17277
             3.17171
             3.17064
             3.16955
             3.16845
             3.16735
             3.16624
             3.16513
             3.16402
             3.16292
             3.16182
             3.16072
             3.15964
             3.15858
             3.15754
             3.15652
             3.15552
             3.15456
             3.15364
             3.15275
             3.15191
             3.15111
             3.15037
             3.14968
             3.14905
             3.14849
             3.14799
             3.14756
             3.14721
             3.14693
             3.14673
             3.14661
             3.14658
             3.14662
             3.14675
             3.14697
             3.14727
             3.14765
             3.14811
             3.14865
             3.14927
             3.14996
             3.15072
             3.15155
             3.15244
             3.15338
             3.15438
             3.15543
             3.15651
             3.15764
             3.15879
             3.15996
             3.16115
             3.16236
             3.16356
             3.16477
             3.16597
             3.16715
             3.16832
             3.16946
             3.17057
             3.17164
             3.17267
             3.17365
             3.17459
             3.17546
             3.17628
             3.17703
             3.17772
             3.17833
             3.17887
             3.17933
             3.17971
             3.18001
             3.18022
             3.18035
              3.1804
             3.18036
             3.18024
             3.18003
             3.17975
             3.17938
             3.17895
             3.17844
             3.17787
             3.17724
             3.17656
             3.17584
             3.17509
             3.17431
             3.17351
             3.17272
             3.17193
             3.17116
             3.17042
             3.16972
             3.16907
             3.16848
             3.16797
             3.16753
             3.16718
             3.16691
             3.16674
             3.16665
             3.16666
             3.16676
             3.16694
             3.16719
              3.1675
             3.16787
             3.16828
             3.16871
             3.16916
             3.16959
                3.17
             3.17037
             3.17067
              3.1709
             3.17103
             3.17104
             3.17092
             3.17065
             3.17021
             3.16959
             3.16879
             3.16777
             3.16655
              3.1651
             3.16342
              3.1615
             3.15935
             3.15696
             3.15434
             3.15148
             3.14839
             3.14509
             3.14157
             3.13787
             3.13399
             3.12995
             3.12578
              3.1215
             3.11714
             3.11271
             3.10827
             3.10382
             3.09941
             3.09507
             3.09083
             3.08671
             3.08275
             3.07897
             3.07539
             3.07204
             3.06893
             3.06608
             3.06349
             3.06118
             3.05914
             3.05738
              3.0559
             3.05468
             3.05372
             3.05301
             3.05254
              3.0523
             3.05227
             3.05244
              3.0528
             3.05333
             3.05403
             3.05487
             3.05586
             3.05697
             3.05821
             3.05956
             3.06101
             3.06256
              3.0642
             3.06592
             3.06771
             3.06958
              3.0715
             3.07349
             3.07552
              3.0776
             3.07973
             3.08188
             3.08407
             3.08628
              3.0885
             3.09074
             3.09298
             3.09523
             3.09747
              3.0997
             3.10192
             3.10413
             3.10631
             3.10847
             3.11061
             3.11273
             3.11482
             3.11689
             3.11893
             3.12095
             3.12294
             3.12492
             3.12688
             3.12882
             3.13075
             3.13267
             3.13458
             3.13648
             3.13838
             3.14027
             3.14215
             3.14403
             3.14589
             3.14775
              3.1496
             3.15144
             3.15326
             3.15506
             3.15684
             3.15859
             3.16031
             3.16199
             3.16364
             3.16525
             3.16682
             3.16834
              3.1698
             3.17122
             3.17257
             3.17388
             3.17512
              3.1763
             3.17741
             3.17847
             3.17946
             3.18039
             3.18125
             3.18205
             3.18278
             3.18345
             3.18406
             3.18461
             3.18509
             3.18552
             3.18588
             3.18619
             3.18645
             3.18665
             3.18679
             3.18688
             3.18692
             3.18692
             3.18686
             3.18675
              3.1866
             3.18641
             3.18617
             3.18589
             3.18557
             3.18521
             3.18481
             3.18437
             3.18389
             3.18339
             3.18284
             3.18227
             3.18166
             3.18102
             3.18036
             3.17966
             3.17894
              3.1782
             3.17743
             3.17664
             3.17583
               3.175
             3.17416
              3.1733
             3.17242
             3.17154
             3.17064
             3.16974
             3.16883
             3.16792
             3.16701
              3.1661
              3.1652
              3.1643
             3.16341
             3.16254
             3.16168
             3.16083
             3.16001
             3.15921
             3.15843
             3.15768
             3.15697
             3.15628
             3.15563
             3.15502
             3.15445
             3.15392
             3.15344
               3.153
             3.15261
             3.15226
             3.15197
             3.15173
             3.15154
              3.1514
             3.15131
             3.15128
              3.1513
             3.15137
             3.15149
             3.15166
             3.15188
             3.15214
             3.15245
             3.15281
              3.1532
             3.15363
              3.1541
             3.15461
             3.15514
              3.1557
             3.15629
              3.1569
             3.15752
             3.15817
             3.15882
             3.15949
             3.16016
             3.16084
             3.16152
              3.1622
             3.16287
             3.16354
              3.1642
             3.16486
              3.1655
             3.16612
             3.16673
             3.16732
             3.16789
             3.16845
             3.16898
             3.16949
             3.16998
             3.17044
             3.17088
             3.17129
             3.17168
             3.17204
             3.17237
             3.17268
             3.17297
             3.17322
             3.17345
             3.17365
             3.17383
             3.17398
              3.1741
              3.1742
             3.17428
             3.17432
             3.17435
             3.17434
             3.17432
             3.17427
              3.1742
              3.1741
             3.17399
             3.17385
             3.17369
             3.17351
             3.17331
             3.17309
             3.17285
             3.17259
             3.17232
             3.17202
             3.17171
             3.17139
             3.17105
             3.17069
             3.17032
             3.16994
             3.16954
             3.16913
             3.16871
             3.16828
             3.16784
             3.16739
             3.16693
             3.16646
             3.16598
              3.1655
             3.16501
             3.16452
             3.16402
             3.16352
             3.16301
              3.1625
               3.162
             3.16148
             3.16097
             3.16046
             3.15995
             3.15944
             3.15893
             3.15842
             3.15792
             3.15741
             3.15691
             3.15641
             3.15592
             3.15542
             3.15493
             3.15444
             3.15396
             3.15347
             3.15299
             3.15251
             3.15203
             3.15154
             3.15106
             3.15057
             3.15008
             3.14959
             3.14909
             3.14858
             3.14807
             3.14754
             3.14701
             3.14646
             3.14591
             3.14534
             3.14475
             3.14415
             3.14353
             3.14289
             3.14224
             3.14156
             3.14087
             3.14016
             3.13943
             3.13868
             3.13791
             3.13713
             3.13633
             3.13551
             3.13469
             3.13385
             3.13301
             3.13216
             3.13131
             3.13047
             3.12963
              3.1288
             3.12798
             3.12718
              3.1264
             3.12565
             3.12493
             3.12425
              3.1236
               3.123
             3.12244
             3.12194
             3.12148
             3.12109
             3.12075
             3.12048
             3.12026
             3.12011
             3.12001
             3.11999
             3.12002
             3.12011
             3.12026
             3.12046
             3.12072
             3.12103
             3.12139
             3.12178
             3.12222
             3.12269
              3.1232
             3.12373
             3.12428
             3.12485
             3.12543
             3.12603
             3.12663
             3.12723
             3.12783
             3.12842
               3.129
             3.12957
             3.13013
             3.13066
             3.13118
             3.13166
             3.13212
             3.13256
             3.13295
             3.13332
             3.13364
             3.13393
             3.13418
             3.13438
             3.13454
             3.13466
             3.13472
             3.13474
             3.13471
             3.13462
             3.13448
             3.13429
             3.13404
             3.13373
             3.13336
             3.13294
             3.13246
             3.13192
             3.13131
             3.13065
             3.12993
             3.12915
              3.1283
              3.1274
             3.12644
             3.12542
             3.12435
             3.12322
             3.12204
             3.12081
             3.11953
              3.1182
             3.11683
             3.11542
             3.11398
              3.1125
               3.111
             3.10946
             3.10791
             3.10634
             3.10476
             3.10317
             3.10157
             3.09997
             3.09838
              3.0968
             3.09523
             3.09368
             3.09214
             3.09063
             3.08915
             3.08769
             3.08627
             3.08488
             3.08354
             3.08223
             3.08096
             3.07975
             3.07857
             3.07745
             3.07638
             3.07536
              3.0744
             3.07349
             3.07264
             3.07186
             3.07113
             3.07047
             3.06988
             3.06935
             3.06888
             3.06849
             3.06817
             3.06791
             3.06772
              3.0676
             3.06755
             3.06756
             3.06764
             3.06778
             3.06797
             3.06822
             3.06852
             3.06886
             3.06925
             3.06968
             3.07013
             3.07062
             3.07113
             3.07165
             3.07219
             3.07274
             3.07329
             3.07383
             3.07438
             3.07491
             3.07543
             3.07593
             3.07642
             3.07688
             3.07732
             3.07773
             3.07811
             3.07847
              3.0788
              3.0791
             3.07937
             3.07961
             3.07982
             3.08001
             3.08017
             3.08031
             3.08042
             3.08052
             3.08059
             3.08065
              3.0807
             3.08073
             3.08075
             3.08077
             3.08078
             3.08079
              3.0808
             3.08081
             3.08083
             3.08085
             3.08088
             3.08093
             3.08098
             3.08105
             3.08114
             3.08124
             3.08136
              3.0815
             3.08165
             3.08182
             3.08201
             3.08222
             3.08244
             3.08269
             3.08294
             3.08321
              3.0835
             3.08379
              3.0841
             3.08442
             3.08474
             3.08506
             3.08539
             3.08573
             3.08606
             3.08639
             3.08671
             3.08703
             3.08734
             3.08764
             3.08793
             3.08821
             3.08847
             3.08872
             3.08895
             3.08917
             3.08936
             3.08954
             3.08969
             3.08983
             3.08994
             3.09003
              3.0901
             3.09014
             3.09016
             3.09016
             3.09013
             3.09009
             3.09001
             3.08992
              3.0898
             3.08967
             3.08951
             3.08933
             3.08913
             3.08891
             3.08867
             3.08841
             3.08813
             3.08784
             3.08754
             3.08722
             3.08688
             3.08654
             3.08618
             3.08581
             3.08544
             3.08506
             3.08467
             3.08427
             3.08388
             3.08348
             3.08308
             3.08268
             3.08228
             3.08189
              3.0815
             3.08112
             3.08075
             3.08038
             3.08003
             3.07969
             3.07936
             3.07905
             3.07875
             3.07847
             3.07821
             3.07796
             3.07774
             3.07754
             3.07736
              3.0772
             3.07706
             3.07695
             3.07686
             3.07679
             3.07675
             3.07673
             3.07673
             3.07675
              3.0768
             3.07686
             3.07695
             3.07705
             3.07717
              3.0773
             3.07744
              3.0776
             3.07776
             3.07793
              3.0781
             3.07828
             3.07844
              3.0786
             3.07875
             3.07889
               3.079
             3.07909
             3.07915
             3.07918
             3.07917
             3.07911
               3.079
             3.07884
             3.07861
             3.07831
             3.07793
             3.07747
             3.07691
             3.07626
             3.07549
             3.07461
             3.07359
             3.07245
             3.07115
             3.06971
              3.0681
             3.06632
             3.06437
             3.06223
             3.05991
             3.05739
             3.05467
             3.05175
             3.04865
             3.04535
             3.04186
             3.03821
             3.03439
             3.03044
             3.02638
             3.02223
             3.01802
              3.0138
              3.0096
             3.00546
             3.00144
             2.99757
              2.9939
             2.99048
             2.98735
             2.98454
             2.98209
             2.98002
             2.97835
             2.97709
             2.97623
             2.97577
             2.97569
             2.97597
             2.97658
             2.97748
             2.97865
             2.98002
             2.98158
             2.98327
             2.98506
             2.98692
              2.9888
             2.99069
             2.99255
             2.99436
             2.99611
             2.99778
             2.99936
             3.00083
              3.0022
             3.00346
              3.0046
             3.00563
             3.00656
             3.00738
             3.00809
              3.0087
             3.00922
             3.00965
                3.01
             3.01027
             3.01047
             3.01061
             3.01069
             3.01071
             3.01069
             3.01063
             3.01054
             3.01041
             3.01026
             3.01008
             3.00989
             3.00969
             3.00948
             3.00925
             3.00903
              3.0088
             3.00856
             3.00833
             3.00809
             3.00786
             3.00762
             3.00739
             3.00716
             3.00693
              3.0067
             3.00648
             3.00627
             3.00607
             3.00587
              3.0057
             3.00554
             3.00541
             3.00531
             3.00525
             3.00524
             3.00527
             3.00537
             3.00553
             3.00576
             3.00608
             3.00648
             3.00698
             3.00757
             3.00827
             3.00906
             3.00996
             3.01096
             3.01206
             3.01325
             3.01453
             3.01589
             3.01732
             3.01881
             3.02034
             3.02192
             3.02352
             3.02512
             3.02673
             3.02832
             3.02988
             3.03141
             3.03288
             3.03429
             3.03562
             3.03688
             3.03804
             3.03911
             3.04007
             3.04092
             3.04166
             3.04229
             3.04279
             3.04318
             3.04344
             3.04358
              3.0436
              3.0435
             3.04329
             3.04296
             3.04253
             3.04199
             3.04135
             3.04063
             3.03981
             3.03892
             3.03797
             3.03695
             3.03589
             3.03478
             3.03365
              3.0325
             3.03135
              3.0302
             3.02908
             3.02799
             3.02694
             3.02595
             3.02503
             3.02419
             3.02343
             3.02278
             3.02223
              3.0218
             3.02148
             3.02129
             3.02122
             3.02128
             3.02146
             3.02177
             3.02219
             3.02274
             3.02339
             3.02414
             3.02499
             3.02592
             3.02693
             3.02801
             3.02914
             3.03033
             3.03155
              3.0328
             3.03407
             3.03536
             3.03665
             3.03794
             3.03922
             3.04048
             3.04172
             3.04294
             3.04413
             3.04529
             3.04641
              3.0475
             3.04854
             3.04955
             3.05052
             3.05144
             3.05232
             3.05317
             3.05397
             3.05473
             3.05545
             3.05613
             3.05678
              3.0574
             3.05798
             3.05852
             3.05904
             3.05953
             3.05999
             3.06042
             3.06083
             3.06122
             3.06158
             3.06193
             3.06226
             3.06257
             3.06287
             3.06315
             3.06342
             3.06368
             3.06393
             3.06417
              3.0644
             3.06463
             3.06484
             3.06506
             3.06527
             3.06548
             3.06568
             3.06588
             3.06608
             3.06627
             3.06647
             3.06666
             3.06686
             3.06705
             3.06724
             3.06743
             3.06762
              3.0678
             3.06799
             3.06817
             3.06835
             3.06852
             3.06869
             3.06886
             3.06901
             3.06916
              3.0693
             3.06943
             3.06955
             3.06966
             3.06975
             3.06982
             3.06988
             3.06992
             3.06993
             3.06992
             3.06989
             3.06982
             3.06973
              3.0696
             3.06944
             3.06924
               3.069
             3.06872
              3.0684
             3.06802
              3.0676
             3.06713
             3.06661
             3.06603
             3.06539
              3.0647
             3.06395
             3.06314
             3.06226
             3.06133
             3.06034
             3.05928
             3.05817
               3.057
             3.05578
              3.0545
             3.05318
             3.05181
              3.0504
             3.04896
             3.04748
             3.04598
             3.04447
             3.04294
              3.0414
             3.03987
             3.03835
             3.03684
             3.03535
             3.03389
             3.03246
             3.03107
             3.02972
             3.02841
             3.02714
             3.02592
             3.02475
             3.02362
             3.02254
             3.02149
             3.02048
             3.01951
             3.01856
             3.01764
             3.01674
             3.01585
             3.01498
             3.01411
             3.01324
             3.01238
             3.01152
             3.01065
             3.00978
             3.00892
             3.00806
              3.0072
             3.00635
             3.00552
             3.00472
             3.00394
             3.00319
             3.00249
             3.00183
             3.00123
              3.0007
             3.00023
             2.99984
             2.99952
              2.9993
             2.99916
             2.99911
             2.99915
             2.99929
             2.99952
             2.99984
             3.00026
             3.00076
             3.00135
             3.00202
             3.00278
             3.00361
             3.00451
             3.00548
             3.00652
             3.00761
             3.00876
             3.00996
             3.01121
              3.0125
             3.01383
             3.01519
             3.01659
             3.01801
             3.01946
             3.02093
             3.02241
              3.0239
             3.02541
             3.02692
             3.02843
             3.02994
             3.03145
             3.03295
             3.03444
             3.03591
             3.03737
             3.03882
             3.04024
             3.04163
               3.043
             3.04435
             3.04566
             3.04694
              3.0482
             3.04942
              3.0506
             3.05176
             3.05288
             3.05396
             3.05501
             3.05602
             3.05701
             3.05796
             3.05887
             3.05976
             3.06061
             3.06143
             3.06222
             3.06299
             3.06373
             3.06444
             3.06513
             3.06579
             3.06643
             3.06705
             3.06765
             3.06822
             3.06878
             3.06932
             3.06985
             3.07035
             3.07084
             3.07132
             3.07178
             3.07223
             3.07266
             3.07308
             3.07348
             3.07387
             3.07425
             3.07461
             3.07496
              3.0753
             3.07562
             3.07592
             3.07622
             3.07649
             3.07676
               3.077
             3.07723
             3.07744
             3.07764
             3.07782
             3.07798
             3.07812
             3.07824
             3.07834
             3.07842
             3.07848
             3.07853
             3.07855
             3.07854
             3.07852
             3.07848
             3.07841
             3.07832
             3.07821
             3.07808
             3.07793
             3.07775
             3.07755
             3.07734
              3.0771
             3.07684
             3.07656
             3.07626
             3.07595
             3.07561
             3.07526
              3.0749
             3.07452
             3.07412
             3.07371
             3.07329
             3.07286
             3.07242
             3.07197
             3.07151
             3.07105
             3.07058
             3.07011
             3.06964
             3.06916
             3.06869
             3.06821
             3.06774
             3.06727
              3.0668
             3.06634
             3.06588
             3.06543
             3.06499
             3.06455
             3.06411
             3.06369
             3.06327
             3.06286
             3.06245
             3.06205
             3.06165
             3.06126
             3.06087
             3.06048
              3.0601
             3.05971
             3.05932
             3.05893
             3.05854
             3.05813
             3.05772
              3.0573
             3.05687
             3.05643
             3.05598
             3.05551
             3.05502
             3.05451
             3.05399
             3.05345
             3.05289
             3.05231
             3.05171
             3.05109
             3.05046
             3.04981
             3.04914
             3.04846
             3.04777
             3.04708
             3.04637
             3.04567
             3.04497
             3.04427
             3.04359
             3.04292
             3.04227
             3.04164
             3.04105
             3.04049
             3.03998
              3.0395
             3.03908
             3.03871
              3.0384
             3.03816
             3.03797
             3.03786
             3.03781
             3.03783
             3.03792
             3.03809
             3.03832
             3.03862
             3.03898
             3.03941
              3.0399
             3.04044
             3.04103
             3.04167
             3.04235
             3.04306
              3.0438
             3.04457
             3.04536
             3.04616
             3.04697
             3.04778
             3.04859
              3.0494
             3.05019
             3.05097
             3.05173
             3.05246
             3.05317
             3.05386
             3.05451
             3.05512
              3.0557
             3.05625
             3.05675
             3.05722
             3.05765
             3.05803
             3.05837
             3.05867
             3.05892
             3.05913
              3.0593
             3.05942
              3.0595
             3.05953
             3.05951
             3.05945
             3.05935
             3.05919
             3.05899
             3.05874
             3.05844
              3.0581
              3.0577
             3.05724
             3.05674
             3.05617
             3.05555
             3.05487
             3.05414
             3.05333
             3.05247
             3.05154
             3.05054
             3.04946
             3.04832
              3.0471
             3.04581
             3.04444
               3.043
             3.04147
             3.03987
             3.03819
             3.03644
             3.03461
             3.03271
             3.03075
             3.02873
             3.02665
             3.02452
             3.02235
             3.02016
             3.01794
             3.01573
             3.01352
             3.01133
             3.00919
             3.00711
              3.0051
             3.00318
             3.00138
             2.99971
             2.99819
             2.99684
             2.99567
              2.9947
             2.99393
             2.99339
             2.99308
             2.99301
             2.99317
             2.99358
             2.99422
             2.99509
             2.99619
              2.9975
             2.99901
             3.00071
             3.00257
             3.00459
             3.00675
             3.00902
             3.01138
             3.01383
             3.01633
             3.01887
             3.02143
               3.024
             3.02657
             3.02911
             3.03161
             3.03406
             3.03646
              3.0388
             3.04105
             3.04323
             3.04532
             3.04732
             3.04922
             3.05103
             3.05273
             3.05434
             3.05585
             3.05725
             3.05855
             3.05975
             3.06086
             3.06186
             3.06277
             3.06359
             3.06431
             3.06495
              3.0655
             3.06597
             3.06635
             3.06666
              3.0669
             3.06706
             3.06716
              3.0672
             3.06718
              3.0671
             3.06697
              3.0668
             3.06658
             3.06633
             3.06604
             3.06573
             3.06539
             3.06503
             3.06466
             3.06428
             3.06389
              3.0635
             3.06311
             3.06273
             3.06236
               3.062
             3.06165
             3.06131
             3.06099
             3.06069
              3.0604
             3.06012
             3.05985
             3.05959
             3.05934
             3.05908
             3.05882
             3.05854
             3.05824
             3.05792
             3.05756
             3.05715
             3.05669
             3.05618
             3.05559
             3.05492
             3.05416
             3.05331
             3.05235
             3.05127
             3.05008
             3.04876
              3.0473
             3.04572
             3.04399
             3.04212
             3.04011
             3.03797
             3.03569
             3.03328
             3.03075
              3.0281
             3.02536
             3.02252
             3.01961
             3.01664
             3.01363
              3.0106
             3.00756
             3.00454
             3.00156
             2.99863
             2.99579
             2.99305
             2.99042
             2.98793
             2.98559
             2.98342
             2.98143
             2.97963
             2.97804
             2.97667
             2.97551
             2.97459
              2.9739
             2.97344
             2.97323
             2.97325
             2.97351
             2.97402
             2.97475
             2.97572
             2.97691
             2.97832
             2.97993
             2.98173
             2.98371
             2.98585
             2.98813
             2.99054
             2.99305
             2.99563
             2.99827
             3.00094
              3.0036
             3.00623
             3.00881
             3.01129
             3.01367
             3.01589
             3.01795
              3.0198
             3.02142
             3.02278
             3.02387
             3.02465
              3.0251
             3.02521
             3.02496
             3.02434
             3.02334
             3.02195
             3.02019
             3.01807
              3.0156
             3.01282
             3.00976
             3.00649
             3.00306
             2.99954
             2.99601
             2.99257
             2.98931
             2.98633
             2.98371
             2.98156
             2.97994
             2.97892
             2.97855
             2.97886
             2.97984
             2.98148
             2.98374
             2.98655
             2.98983
             2.99351
             2.99748
             3.00163
             3.00586
             3.01008
             3.01419
              3.0181
             3.02174
             3.02504
             3.02794
             3.03041
              3.0324
             3.03388
             3.03485
              3.0353
             3.03522
             3.03463
             3.03353
             3.03196
             3.02995
             3.02753
             3.02475
             3.02167
             3.01836
             3.01489
             3.01133
             3.00778
             3.00432
             3.00105
             2.99804
             2.99539
             2.99318
             2.99147
             2.99032
             2.98976
             2.98981
             2.99048
             2.99175
             2.99359
             2.99595
             2.99877
             3.00198
             3.00551
             3.00928
             3.01321
             3.01724
             3.02128
             3.02528
             3.02919
             3.03296
             3.03655
             3.03993
             3.04308
             3.04598
             3.04863
             3.05102
             3.05314
             3.05501
             3.05663
               3.058
             3.05915
             3.06008
              3.0608
             3.06134
             3.06169
             3.06188
             3.06192
             3.06183
             3.06161
             3.06129
             3.06087
             3.06036
             3.05978
             3.05914
             3.05846
             3.05773
             3.05698
              3.0562
             3.05542
             3.05464
             3.05387
             3.05312
             3.05239
             3.05169
             3.05103
             3.05041
             3.04984
             3.04933
             3.04887
             3.04847
             3.04814
             3.04788
             3.04768
             3.04754
             3.04748
             3.04748
             3.04755
             3.04768
             3.04787
             3.04812
             3.04843
             3.04878
             3.04918
             3.04963
              3.0501
             3.05061
             3.05115
              3.0517
             3.05226
             3.05284
             3.05341
             3.05398
             3.05454
             3.05508
              3.0556
             3.05608
             3.05654
             3.05695
             3.05732
             3.05764
             3.05791
             3.05812
             3.05826
             3.05834
             3.05835
             3.05828
             3.05814
             3.05792
             3.05763
             3.05726
              3.0568
             3.05627
             3.05567
             3.05499
             3.05425
             3.05344
             3.05257
             3.05165
             3.05069
              3.0497
             3.04868
             3.04765
             3.04661
             3.04559
             3.04459
             3.04364
             3.04273
              3.0419
             3.04114
             3.04047
             3.03992
             3.03948
             3.03916
             3.03898
             3.03894
             3.03904
             3.03929
             3.03968
             3.04021
             3.04088
             3.04168
              3.0426
             3.04363
             3.04475
             3.04596
             3.04724
             3.04857
             3.04993
             3.05132
             3.05271
             3.05409
             3.05544
             3.05676
             3.05801
              3.0592
             3.06031
             3.06133
             3.06226
             3.06307
             3.06376
             3.06433
             3.06478
             3.06509
             3.06527
              3.0653
              3.0652
             3.06496
             3.06458
             3.06407
             3.06342
             3.06265
             3.06176
             3.06075
             3.05964
             3.05843
             3.05714
             3.05578
             3.05437
             3.05291
             3.05142
             3.04992
             3.04842
             3.04695
             3.04553
             3.04415
             3.04286
             3.04165
             3.04055
             3.03958
             3.03873
             3.03803
             3.03747
             3.03708
             3.03685
             3.03678
             3.03688
             3.03714
             3.03755
             3.03813
             3.03884
              3.0397
             3.04068
             3.04177
             3.04297
             3.04427
             3.04564
             3.04708
             3.04858
             3.05012
              3.0517
             3.05329
              3.0549
              3.0565
             3.05809
             3.05966
              3.0612
              3.0627
             3.06416
             3.06556
              3.0669
             3.06818
             3.06938
              3.0705
             3.07153
             3.07248
             3.07333
             3.07409
             3.07474
             3.07529
             3.07573
             3.07605
             3.07626
             3.07636
             3.07633
             3.07618
             3.07591
             3.07551
             3.07499
             3.07434
             3.07356
             3.07266
             3.07163
             3.07047
             3.06918
             3.06777
             3.06624
             3.06458
             3.06282
             3.06093
             3.05894
             3.05685
             3.05466
             3.05238
             3.05001
             3.04756
             3.04505
             3.04246
             3.03983
             3.03714
             3.03442
             3.03166
             3.02887
             3.02607
             3.02325
             3.02043
              3.0176
             3.01478
             3.01196
             3.00915
             3.00635
             3.00356
             3.00078
             2.99801
             2.99525
              2.9925
             2.98977
             2.98705
             2.98434
             2.98165
             2.97899
             2.97635
             2.97375
             2.97121
             2.96872
             2.96631
             2.96399
             2.96179
             2.95973
             2.95784
             2.95613
             2.95463
             2.95337
             2.95238
             2.95169
              2.9513
             2.95125
             2.95156
             2.95222
             2.95327
             2.95469
             2.95649
             2.95866
              2.9612
             2.96408
             2.96729
              2.9708
             2.97458
             2.97862
             2.98286
             2.98729
             2.99185
             2.99653
             3.00127
             3.00606
             3.01085
             3.01562
             3.02033
             3.02497
              3.0295
              3.0339
             3.03817
             3.04228
             3.04621
             3.04997
             3.05354
             3.05691
             3.06009
             3.06306
             3.06584
             3.06842
              3.0708
               3.073
               3.075
             3.07682
             3.07847
             3.07995
             3.08127
             3.08242
             3.08344
             3.08431
             3.08504
             3.08565
             3.08614
             3.08651
             3.08678
             3.08695
             3.08702
               3.087
             3.08691
             3.08673
             3.08648
             3.08616
             3.08578
             3.08533
             3.08484
             3.08428
             3.08368
             3.08303
             3.08234
             3.08161
             3.08083
             3.08002
             3.07917
             3.07829
             3.07738
             3.07644
             3.07546
             3.07446
             3.07343
             3.07237
             3.07129
             3.07018
             3.06904
             3.06788
              3.0667
             3.06549
             3.06426
             3.06301
             3.06173
             3.06044
             3.05912
             3.05778
             3.05642
             3.05505
             3.05365
             3.05224
             3.05082
             3.04938
             3.04792
             3.04646
             3.04499
             3.04351
             3.04202
             3.04053
             3.03905
             3.03756
             3.03609
             3.03462
             3.03317
             3.03173
             3.03031
             3.02892
             3.02756
             3.02623
             3.02494
             3.02369
             3.02248
             3.02133
             3.02023
             3.01919
             3.01821
              3.0173
             3.01646
             3.01569
               3.015
             3.01438
             3.01384
             3.01339
             3.01301
             3.01272
             3.01251
             3.01238
             3.01233
             3.01236
             3.01247
             3.01265
              3.0129
             3.01322
             3.01361
             3.01406
             3.01456
             3.01512
             3.01573
             3.01638
             3.01707
              3.0178
             3.01856
             3.01934
             3.02015
             3.02097
             3.02181
             3.02266
             3.02352
             3.02438
             3.02524
              3.0261
             3.02696
              3.0278
             3.02864
             3.02946
             3.03027
             3.03107
             3.03184
              3.0326
             3.03334
             3.03406
             3.03475
             3.03543
             3.03608
              3.0367
             3.03731
             3.03789
             3.03845
             3.03898
             3.03949
             3.03998
             3.04044
             3.04088
              3.0413
              3.0417
             3.04207
             3.04242
             3.04276
             3.04307
             3.04336
             3.04363
             3.04389
             3.04413
             3.04435
             3.04455
             3.04473
              3.0449
             3.04506
              3.0452
             3.04533
             3.04544
             3.04554
             3.04563
              3.0457
             3.04577
             3.04582
             3.04586
              3.0459
             3.04592
             3.04593
             3.04593
             3.04593
             3.04591
             3.04589
             3.04586
             3.04582
             3.04577
             3.04571
             3.04565
             3.04558
              3.0455
             3.04541
             3.04531
             3.04521
              3.0451
             3.04498
             3.04485
             3.04471
             3.04456
              3.0444
             3.04423
             3.04405
             3.04386
             3.04366
             3.04344
             3.04322
             3.04298
             3.04272
             3.04245
             3.04217
             3.04187
             3.04155
             3.04122
             3.04087
              3.0405
             3.04011
              3.0397
             3.03926
             3.03881
             3.03833
             3.03783
              3.0373
             3.03675
             3.03617
             3.03556
             3.03493
             3.03426
             3.03357
             3.03284
             3.03209
              3.0313
             3.03048
             3.02963
             3.02875
             3.02783
             3.02688
              3.0259
             3.02489
             3.02385
             3.02277
             3.02167
             3.02054
             3.01939
             3.01821
             3.01701
              3.0158
             3.01457
             3.01333
             3.01209
             3.01084
              3.0096
             3.00836
             3.00714
             3.00594
             3.00476
             3.00362
             3.00252
             3.00146
             3.00046
             2.99952
             2.99865
             2.99785
             2.99713
              2.9965
             2.99596
             2.99552
             2.99518
             2.99495
             2.99483
             2.99482
             2.99493
             2.99515
             2.99549
             2.99594
              2.9965
             2.99717
             2.99795
             2.99883
             2.99981
             3.00087
             3.00202
             3.00325
             3.00455
             3.00592
             3.00734
              3.0088
             3.01031
             3.01185
             3.01342
             3.01501
              3.0166
              3.0182
              3.0198
             3.02139
             3.02296
             3.02452
             3.02605
             3.02755
             3.02903
             3.03046
             3.03186
             3.03321
             3.03452
             3.03578
               3.037
             3.03817
             3.03929
             3.04035
             3.04137
             3.04233
             3.04325
             3.04411
             3.04492
             3.04567
             3.04638
             3.04704
             3.04765
             3.04821
             3.04872
             3.04919
              3.0496
             3.04998
              3.0503
             3.05059
             3.05082
             3.05102
             3.05117
             3.05128
             3.05135
             3.05138
             3.05136
              3.0513
             3.05121
             3.05107
             3.05089
             3.05066
              3.0504
             3.05009
             3.04973
             3.04933
             3.04889
              3.0484
             3.04786
             3.04726
             3.04662
             3.04592
             3.04516
             3.04435
             3.04347
             3.04253
             3.04152
             3.04044
             3.03928
             3.03805
             3.03673
             3.03533
             3.03383
             3.03225
             3.03056
             3.02878
             3.02688
             3.02488
             3.02276
             3.02053
             3.01818
              3.0157
              3.0131
             3.01038
             3.00754
             3.00458
             3.00149
              2.9983
             2.99499
             2.99158
             2.98809
             2.98451
             2.98086
             2.97715
             2.97341
             2.96965
             2.96589
             2.96214
             2.95842
             2.95476
             2.95118
             2.94769
              2.9443
             2.94105
             2.93793
             2.93496
             2.93215
              2.9295
             2.92702
              2.9247
             2.92256
             2.92058
             2.91876
              2.9171
              2.9156
             2.91424
             2.91305
               2.912
             2.91111
             2.91039
             2.90984
             2.90948
             2.90931
             2.90936
             2.90963
             2.91015
             2.91092
             2.91197
              2.9133
             2.91491
             2.91681
             2.91899
             2.92145
             2.92417
             2.92713
             2.93031
             2.93368
             2.93722
             2.94089
             2.94466
             2.94849
             2.95236
             2.95622
             2.96006
             2.96384
             2.96754
             2.97114
             2.97463
             2.97798
              2.9812
             2.98427
             2.98719
             2.98996
             2.99258
             2.99506
             2.99741
             2.99963
             3.00173
             3.00372
             3.00562
             3.00744
             3.00918
             3.01086
             3.01249
             3.01408
             3.01564
             3.01718
              3.0187
             3.02021
             3.02171
             3.02321
             3.02471
             3.02621
             3.02771
              3.0292
              3.0307
             3.03218
             3.03365
             3.03511
             3.03655
             3.03797
             3.03935
              3.0407
             3.04201
             3.04328
              3.0445
             3.04567
             3.04679
             3.04784
             3.04884
             3.04977
             3.05063
             3.05142
             3.05215
              3.0528
             3.05339
              3.0539
             3.05433
             3.05469
             3.05498
              3.0552
             3.05534
             3.05541
              3.0554
             3.05532
             3.05517
             3.05494
             3.05463
             3.05425
              3.0538
             3.05326
             3.05265
             3.05196
             3.05118
             3.05033
             3.04939
             3.04836
             3.04724
             3.04604
             3.04474
             3.04335
             3.04187
             3.04029
             3.03861
             3.03684
             3.03497
             3.03301
             3.03095
              3.0288
             3.02657
             3.02425
             3.02186
              3.0194
             3.01688
             3.01432
             3.01172
              3.0091
             3.00647
             3.00386
             3.00127
             2.99873
             2.99626
             2.99388
              2.9916
             2.98944
             2.98743
             2.98557
             2.98388
             2.98238
             2.98107
             2.97995
             2.97904
             2.97833
             2.97782
              2.9775
             2.97736
              2.9774
             2.97759
             2.97793
              2.9784
             2.97898
             2.97965
              2.9804
             2.98122
             2.98207
             2.98296
             2.98387
             2.98478
             2.98568
             2.98658
             2.98745
              2.9883
             2.98913
             2.98992
             2.99068
             2.99141
              2.9921
             2.99277
             2.99341
             2.99403
             2.99463
             2.99521
             2.99577
             2.99633
             2.99688
             2.99743
             2.99798
             2.99854
              2.9991
             2.99967
             3.00026
             3.00086
             3.00147
             3.00209
             3.00274
              3.0034
             3.00407
             3.00476
             3.00547
             3.00619
             3.00693
             3.00767
             3.00843
              3.0092
             3.00998
             3.01076
             3.01154
             3.01233
             3.01312
              3.0139
             3.01468
             3.01546
             3.01623
             3.01699
             3.01775
             3.01849
             3.01922
             3.01993
             3.02063
             3.02131
             3.02198
             3.02262
             3.02325
             3.02386
             3.02445
             3.02502
             3.02556
             3.02609
             3.02659
             3.02707
             3.02754
             3.02798
              3.0284
              3.0288
             3.02917
             3.02953
             3.02987
             3.03019
             3.03049
             3.03078
             3.03105
              3.0313
             3.03154
             3.03176
             3.03197
             3.03216
             3.03234
             3.03251
             3.03267
             3.03282
             3.03296
             3.03309
             3.03321
             3.03333
             3.03343
             3.03353
             3.03363
             3.03371
             3.03379
             3.03387
             3.03394
               3.034
             3.03406
             3.03412
             3.03416
              3.0342
             3.03423
             3.03426
             3.03428
             3.03428
             3.03428
             3.03427
             3.03424
              3.0342
             3.03414
             3.03407
             3.03398
             3.03387
             3.03374
             3.03359
             3.03341
             3.03321
             3.03297
             3.03271
             3.03241
             3.03207
              3.0317
             3.03128
             3.03083
             3.03033
             3.02978
             3.02918
             3.02853
             3.02783
             3.02707
             3.02625
             3.02536
             3.02442
             3.02341
             3.02233
             3.02119
             3.01997
             3.01869
             3.01733
             3.01589
             3.01439
             3.01281
             3.01115
             3.00942
             3.00762
             3.00574
              3.0038
             3.00179
             2.99971
             2.99757
             2.99537
             2.99312
             2.99082
             2.98847
             2.98608
             2.98366
             2.98121
             2.97874
             2.97626
             2.97377
             2.97129
             2.96882
             2.96637
             2.96395
             2.96157
             2.95923
             2.95696
             2.95476
             2.95263
              2.9506
             2.94867
             2.94686
             2.94517
             2.94362
             2.94222
             2.94098
             2.93992
             2.93904
             2.93836
             2.93789
             2.93764
             2.93761
             2.93782
             2.93827
             2.93896
             2.93989
             2.94106
             2.94246
              2.9441
             2.94597
             2.94804
             2.95032
             2.95278
             2.95541
             2.95819
             2.96111
             2.96414
             2.96728
             2.97049
             2.97376
             2.97708
             2.98042
             2.98377
             2.98711
             2.99043
             2.99372
             2.99696
             3.00014
             3.00326
              3.0063
             3.00926
             3.01213
              3.0149
             3.01757
             3.02014
              3.0226
             3.02495
             3.02718
              3.0293
              3.0313
             3.03319
             3.03496
             3.03661
             3.03814
             3.03955
             3.04084
             3.04202
             3.04307
             3.04401
             3.04483
             3.04553
              3.0461
             3.04656
              3.0469
             3.04712
             3.04721
             3.04719
             3.04704
             3.04676
             3.04635
             3.04582
             3.04516
             3.04436
             3.04344
             3.04237
             3.04117
             3.03984
             3.03836
             3.03675
               3.035
             3.03311
             3.03109
             3.02893
             3.02665
             3.02425
             3.02173
              3.0191
             3.01637
             3.01355
             3.01065
              3.0077
             3.00469
             3.00166
             2.99861
             2.99558
             2.99257
             2.98962
             2.98674
             2.98395
             2.98129
             2.97878
             2.97643
             2.97427
             2.97231
             2.97059
             2.96911
             2.96789
             2.96695
             2.96628
             2.96589
              2.9658
             2.96598
             2.96645
             2.96719
             2.96819
             2.96943
              2.9709
             2.97258
             2.97444
             2.97646
             2.97861
             2.98087
             2.98322
             2.98562
             2.98806
             2.99051
             2.99296
             2.99537
             2.99774
             3.00004
             3.00227
             3.00441
             3.00646
             3.00841
             3.01025
             3.01198
              3.0136
             3.01511
              3.0165
             3.01779
             3.01896
             3.02004
             3.02102
              3.0219
             3.02269
             3.02339
             3.02402
             3.02458
             3.02506
             3.02549
             3.02585
             3.02617
             3.02643
             3.02666
             3.02685
             3.02701
             3.02714
             3.02725
             3.02734
             3.02742
             3.02749
             3.02756
             3.02762
             3.02768
             3.02775
             3.02783
             3.02791
             3.02801
             3.02812
             3.02825
             3.02839
             3.02855
             3.02872
             3.02891
             3.02912
             3.02934
             3.02957
             3.02981
             3.03006
             3.03032
             3.03058
             3.03084
              3.0311
             3.03135
             3.03159
             3.03182
             3.03202
             3.03221
             3.03236
             3.03249
             3.03259
             3.03264
             3.03266
             3.03263
             3.03256
             3.03244
             3.03226
             3.03203
             3.03175
              3.0314
               3.031
             3.03054
             3.03002
             3.02944
              3.0288
              3.0281
             3.02734
             3.02653
             3.02566
             3.02474
             3.02377
             3.02276
              3.0217
              3.0206
             3.01947
              3.0183
             3.01711
              3.0159
             3.01467
             3.01344
             3.01219
             3.01095
             3.00971
             3.00848
             3.00727
             3.00609
             3.00492
             3.00379
              3.0027
             3.00164
             3.00063
             2.99967
             2.99875
             2.99789
             2.99707
             2.99632
             2.99561
             2.99496
             2.99436
             2.99382
             2.99332
             2.99287
             2.99246
              2.9921
             2.99177
             2.99148
             2.99121
             2.99097
             2.99075
             2.99054
             2.99035
             2.99016
             2.98997
             2.98978
             2.98958
             2.98938
             2.98916
             2.98892
             2.98866
             2.98838
             2.98807
             2.98774
             2.98738
               2.987
             2.98658
             2.98614
             2.98568
             2.98518
             2.98467
             2.98413
             2.98358
             2.98301
             2.98244
             2.98186
             2.98128
              2.9807
             2.98014
             2.97959
             2.97907
             2.97858
             2.97813
             2.97773
             2.97737
             2.97708
             2.97685
              2.9767
             2.97662
             2.97663
             2.97674
             2.97693
             2.97723
             2.97763
             2.97814
             2.97876
             2.97949
             2.98034
             2.98129
             2.98235
             2.98352
             2.98479
             2.98617
             2.98764
              2.9892
             2.99085
             2.99258
             2.99438
             2.99624
             2.99817
             3.00014
             3.00216
             3.00422
              3.0063
             3.00841
             3.01053
             3.01266
             3.01479
             3.01691
             3.01903
             3.02113
             3.02321
             3.02526
             3.02729
             3.02928
             3.03123
             3.03315
             3.03502
             3.03685
             3.03863
             3.04037
             3.04206
              3.0437
             3.04529
             3.04683
             3.04831
             3.04975
             3.05114
             3.05247
             3.05376
               3.055
             3.05619
             3.05733
             3.05842
             3.05947
             3.06047
             3.06143
             3.06234
             3.06321
             3.06404
             3.06483
             3.06557
             3.06628
             3.06696
             3.06759
             3.06819
             3.06875
             3.06928
             3.06978
             3.07024
             3.07067
             3.07107
             3.07144
             3.07178
             3.07209
             3.07238
             3.07263
             3.07286
             3.07306
             3.07324
             3.07339
             3.07351
             3.07362
             3.07369
             3.07375
             3.07378
              3.0738
             3.07379
             3.07376
             3.07371
             3.07364
             3.07356
             3.07345
             3.07334
              3.0732
             3.07305
             3.07289
             3.07272
             3.07254
             3.07235
             3.07216
             3.07195
             3.07175
             3.07154
             3.07134
             3.07114
             3.07094
             3.07075
             3.07057
              3.0704
             3.07024
              3.0701
             3.06998
             3.06988
             3.06981
             3.06976
             3.06973
             3.06974
             3.06977
             3.06984
             3.06994
             3.07008
             3.07024
             3.07045
             3.07068
             3.07095
             3.07126
             3.07159
             3.07196
             3.07236
             3.07278
             3.07323
              3.0737
             3.07419
             3.07469
             3.07521
             3.07574
             3.07627
              3.0768
             3.07733
             3.07785
             3.07836
             3.07886
             3.07933
             3.07979
             3.08021
              3.0806
             3.08096
             3.08128
             3.08156
             3.08179
             3.08197
             3.08209
             3.08217
             3.08218
             3.08214
             3.08203
             3.08186
             3.08162
             3.08132
             3.08095
             3.08051
                3.08
             3.07942
             3.07877
             3.07805
             3.07726
              3.0764
             3.07547
             3.07446
             3.07339
             3.07225
             3.07103
             3.06975
             3.06839
             3.06695
             3.06545
             3.06387
             3.06221
             3.06047
             3.05865
             3.05675
             3.05476
             3.05269
             3.05053
             3.04829
             3.04597
             3.04356
             3.04109
             3.03854
             3.03594
             3.03329
             3.03062
             3.02794
             3.02528
             3.02266
             3.02011
             3.01766
             3.01534
              3.0132
             3.01126
             3.00957
             3.00814
             3.00702
             3.00623
             3.00579
             3.00572
             3.00602
             3.00669
             3.00774
             3.00914
             3.01089
             3.01295
              3.0153
              3.0179
             3.02073
             3.02374
              3.0269
             3.03018
             3.03354
             3.03694
             3.04037
              3.0438
             3.04719
             3.05055
             3.05383
             3.05705
             3.06018
             3.06322
             3.06616
               3.069
             3.07175
             3.07439
             3.07694
             3.07939
             3.08175
             3.08402
              3.0862
             3.08831
             3.09034
              3.0923
             3.09419
             3.09602
             3.09778
             3.09949
             3.10115
             3.10275
              3.1043
             3.10581
             3.10728
              3.1087
             3.11008
             3.11142
             3.11272
             3.11399
             3.11521
              3.1164
             3.11756
             3.11868
             3.11977
             3.12082
             3.12184
             3.12283
             3.12379
             3.12471
              3.1256
             3.12646
             3.12728
             3.12808
             3.12884
             3.12957
             3.13026
             3.13093
             3.13156
             3.13216
             3.13272
             3.13324
             3.13374
             3.13419
              3.1346
             3.13498
             3.13531
              3.1356
             3.13584
             3.13604
             3.13618
             3.13628
             3.13631
             3.13629
              3.1362
             3.13605
             3.13583
             3.13553
             3.13516
              3.1347
             3.13416
             3.13352
             3.13279
             3.13197
             3.13103
             3.12999
             3.12884
             3.12758
              3.1262
              3.1247
             3.12308
             3.12135
              3.1195
             3.11754
             3.11547
              3.1133
             3.11103
             3.10868
             3.10627
             3.10379
             3.10128
             3.09875
             3.09621
             3.09368
              3.0912
             3.08878
             3.08644
             3.08421
              3.0821
             3.08012
             3.07831
             3.07666
             3.07519
             3.07391
              3.0728
             3.07187
             3.07111
             3.07051
             3.07006
             3.06973
              3.0695
             3.06936
             3.06927
             3.06922
             3.06918
             3.06914
             3.06906
             3.06893
             3.06874
             3.06848
             3.06814
             3.06771
             3.06719
             3.06658
              3.0659
             3.06516
             3.06436
             3.06352
             3.06267
             3.06182
               3.061
             3.06024
             3.05955
             3.05898
             3.05853
             3.05824
             3.05812
             3.05819
             3.05848
             3.05898
             3.05971
             3.06067
             3.06185
             3.06326
             3.06487
             3.06667
             3.06864
             3.07077
             3.07301
             3.07534
             3.07773
             3.08015
             3.08256
             3.08493
             3.08724
             3.08944
             3.09151
             3.09343
             3.09515
             3.09667
             3.09796
               3.099
             3.09978
             3.10027
             3.10047
             3.10038
             3.09998
             3.09926
             3.09824
             3.09691
             3.09527
             3.09334
             3.09112
             3.08864
              3.0859
             3.08293
             3.07976
             3.07641
             3.07291
              3.0693
             3.06562
             3.06189
             3.05817
              3.0545
              3.0509
             3.04743
             3.04412
             3.04099
             3.03809
             3.03544
             3.03305
             3.03094
             3.02913
             3.02761
             3.02638
             3.02543
             3.02477
             3.02436
              3.0242
             3.02427
             3.02456
             3.02503
             3.02569
              3.0265
             3.02746
             3.02855
             3.02977
              3.0311
             3.03253
             3.03405
             3.03567
             3.03737
             3.03915
             3.04099
              3.0429
             3.04486
             3.04686
              3.0489
             3.05095
             3.05299
             3.05503
             3.05703
             3.05898
             3.06086
             3.06266
             3.06434
             3.06591
             3.06733
             3.06859
             3.06969
             3.07062
             3.07135
              3.0719
             3.07225
             3.07242
             3.07239
              3.0722
             3.07183
             3.07131
             3.07066
              3.0699
             3.06904
             3.06812
             3.06716
             3.06618
             3.06522
             3.06431
             3.06348
             3.06275
             3.06215
              3.0617
             3.06143
             3.06135
             3.06148
             3.06183
             3.06241
             3.06322
             3.06425
             3.06551
             3.06698
             3.06864
              3.0705
             3.07251
             3.07468
             3.07696
             3.07936
             3.08183
             3.08436
             3.08694
             3.08953
             3.09213
             3.09471
             3.09726
             3.09977
             3.10223
             3.10463
             3.10696
             3.10922
              3.1114
             3.11349
              3.1155
             3.11742
             3.11925
               3.121
             3.12265
             3.12422
              3.1257
             3.12709
              3.1284
             3.12963
             3.13077
             3.13183
              3.1328
             3.13369
             3.13451
             3.13524
             3.13589
             3.13646
             3.13696
             3.13738
             3.13771
             3.13798
             3.13816
             3.13827
             3.13831
             3.13827
             3.13816
             3.13798
             3.13772
              3.1374
             3.13701
             3.13655
             3.13603
             3.13544
             3.13479
             3.13407
              3.1333
             3.13247
             3.13158
             3.13064
             3.12964
             3.12859
             3.12749
             3.12635
             3.12515
             3.12391
             3.12263
             3.12131
             3.11995
             3.11855
             3.11712
             3.11566
             3.11417
             3.11266
             3.11112
             3.10957
               3.108
             3.10643
             3.10485
             3.10327
              3.1017
             3.10014
             3.09859
             3.09707
             3.09558
             3.09412
             3.09271
             3.09134
             3.09003
             3.08878
             3.08759
             3.08647
             3.08542
             3.08446
             3.08357
             3.08277
             3.08206
             3.08143
             3.08089
             3.08044
             3.08007
             3.07979
             3.07958
             3.07946
              3.0794
             3.07941
             3.07949
             3.07962
              3.0798
             3.08004
             3.08031
             3.08062
             3.08096
             3.08132
             3.08171
             3.08211
             3.08253
             3.08296
             3.08339
             3.08383
             3.08428
             3.08472
             3.08516
             3.08561
             3.08605
             3.08648
             3.08691
             3.08734
             3.08776
             3.08817
             3.08857
             3.08897
             3.08935
             3.08972
             3.09008
             3.09042
             3.09073
             3.09103
              3.0913
             3.09154
             3.09175
             3.09193
             3.09206
             3.09216
             3.09221
             3.09222
             3.09218
             3.09209
             3.09196
             3.09177
             3.09154
             3.09126
             3.09094
             3.09058
             3.09019
             3.08976
             3.08932
             3.08886
             3.08839
             3.08793
             3.08747
             3.08704
             3.08664
             3.08628
             3.08597
             3.08572
             3.08553
             3.08542
             3.08539
             3.08544
             3.08558
             3.08581
             3.08613
             3.08654
             3.08703
             3.08761
             3.08826
             3.08898
             3.08976
             3.09059
             3.09146
             3.09236
             3.09329
             3.09423
             3.09517
              3.0961
             3.09701
              3.0979
             3.09876
             3.09957
             3.10034
             3.10105
             3.10171
              3.1023
             3.10283
              3.1033
              3.1037
             3.10404
             3.10431
             3.10452
             3.10466
             3.10475
             3.10478
             3.10476
             3.10469
             3.10457
             3.10442
             3.10424
             3.10403
             3.10379
             3.10354
             3.10327
               3.103
             3.10273
             3.10246
              3.1022
             3.10195
             3.10173
             3.10152
             3.10134
             3.10119
             3.10107
             3.10098
             3.10093
             3.10091
             3.10093
             3.10097
             3.10105
             3.10116
             3.10129
             3.10144
             3.10161
             3.10178
             3.10196
             3.10213
             3.10228
             3.10242
             3.10252
             3.10257
             3.10257
             3.10251
             3.10236
             3.10213
             3.10179
             3.10134
             3.10076
             3.10003
             3.09915
              3.0981
             3.09687
             3.09545
             3.09383
             3.09199
             3.08993
             3.08764
             3.08513
             3.08238
             3.07941
             3.07623
             3.07284
             3.06927
             3.06554
             3.06169
             3.05776
             3.05378
             3.04983
             3.04595
              3.0422
             3.03867
              3.0354
             3.03248
             3.02996
              3.0279
             3.02636
             3.02536
             3.02494
              3.0251
             3.02585
             3.02716
             3.02901
             3.03136
             3.03415
             3.03732
             3.04081
             3.04456
              3.0485
             3.05256
             3.05668
             3.06081
             3.06491
             3.06892
             3.07282
             3.07656
             3.08014
             3.08354
             3.08673
             3.08972
              3.0925
             3.09507
             3.09743
             3.09959
             3.10155
             3.10332
             3.10491
             3.10632
             3.10757
             3.10865
             3.10959
             3.11038
             3.11104
             3.11157
             3.11197
             3.11226
             3.11243
             3.11249
             3.11245
              3.1123
             3.11205
             3.11171
             3.11127
             3.11073
              3.1101
             3.10938
             3.10855
             3.10763
             3.10662
              3.1055
             3.10428
             3.10296
             3.10154
             3.10001
             3.09836
             3.09661
             3.09474
             3.09276
             3.09066
             3.08844
             3.08611
             3.08366
              3.0811
             3.07843
             3.07565
             3.07277
              3.0698
             3.06675
             3.06363
             3.06045
             3.05723
             3.05399
             3.05074
             3.04752
             3.04434
             3.04122
             3.03819
             3.03528
             3.03251
              3.0299
             3.02748
             3.02527
             3.02328
             3.02152
             3.02002
             3.01876
             3.01777
             3.01703
             3.01653
             3.01628
             3.01626
             3.01645
             3.01684
              3.0174
             3.01813
               3.019
             3.01998
             3.02107
             3.02225
              3.0235
              3.0248
             3.02614
             3.02753
             3.02893
             3.03036
              3.0318
             3.03325
             3.03471
             3.03618
             3.03765
             3.03913
             3.04062
             3.04212
             3.04362
             3.04513
             3.04665
             3.04817
             3.04971
             3.05125
             3.05279
             3.05433
             3.05587
              3.0574
             3.05893
             3.06045
             3.06195
             3.06342
             3.06488
             3.06631
             3.06771
             3.06907
             3.07039
             3.07167
              3.0729
             3.07409
             3.07522
             3.07631
             3.07733
              3.0783
             3.07921
             3.08006
             3.08086
             3.08159
             3.08226
             3.08287
             3.08342
             3.08391
             3.08434
             3.08472
             3.08504
              3.0853
             3.08552
             3.08568
              3.0858
             3.08587
              3.0859
             3.08589
             3.08584
             3.08576
             3.08565
             3.08551
             3.08535
             3.08517
             3.08498
             3.08477
             3.08456
             3.08434
             3.08412
             3.08391
              3.0837
              3.0835
             3.08331
             3.08314
             3.08299
             3.08286
             3.08276
             3.08267
             3.08262
             3.08258
             3.08258
              3.0826
             3.08265
             3.08272
             3.08282
             3.08294
             3.08307
             3.08322
             3.08339
             3.08356
             3.08374
             3.08392
              3.0841
             3.08427
             3.08443
             3.08457
             3.08468
             3.08477
             3.08482
             3.08483
              3.0848
             3.08472
             3.08459
             3.08439
             3.08413
              3.0838
             3.08339
             3.08291
             3.08234
             3.08169
             3.08095
             3.08012
             3.07919
             3.07817
             3.07705
             3.07584
             3.07453
             3.07312
             3.07162
             3.07004
             3.06837
             3.06663
             3.06481
             3.06294
             3.06101
             3.05905
             3.05705
             3.05505
             3.05304
             3.05105
             3.04909
             3.04719
             3.04535
              3.0436
             3.04195
             3.04042
             3.03902
             3.03776
             3.03667
             3.03574
             3.03499
             3.03443
             3.03404
             3.03384
             3.03383
             3.03399
             3.03432
             3.03482
             3.03546
             3.03625
             3.03717
              3.0382
             3.03933
             3.04055
             3.04184
             3.04319
             3.04458
             3.04602
             3.04747
             3.04894
             3.05042
             3.05189
             3.05336
             3.05481
             3.05624
             3.05766
             3.05904
              3.0604
             3.06173
             3.06303
              3.0643
             3.06554
             3.06675
             3.06793
             3.06908
              3.0702
              3.0713
             3.07237
             3.07341
             3.07443
             3.07542
             3.07639
             3.07734
             3.07826
             3.07916
             3.08003
             3.08089
             3.08172
             3.08253
             3.08332
             3.08409
             3.08483
             3.08555
             3.08625
             3.08692
             3.08757
              3.0882
              3.0888
             3.08938
             3.08993
             3.09046
             3.09096
             3.09144
             3.09189
             3.09231
             3.09271
             3.09308
             3.09343
             3.09374
             3.09403
             3.09429
             3.09452
             3.09473
              3.0949
             3.09505
             3.09516
             3.09525
              3.0953
             3.09533
             3.09532
             3.09528
             3.09521
             3.09511
             3.09497
             3.09479
             3.09458
             3.09433
             3.09405
             3.09373
             3.09337
             3.09296
             3.09252
             3.09203
             3.09149
             3.09092
             3.09029
             3.08961
             3.08889
             3.08811
             3.08728
              3.0864
             3.08546
             3.08446
             3.08341
              3.0823
             3.08112
             3.07989
             3.07859
             3.07723
             3.07581
             3.07433
             3.07279
             3.07118
             3.06952
              3.0678
             3.06602
             3.06419
             3.06231
             3.06039
             3.05842
             3.05642
             3.05439
             3.05233
             3.05025
             3.04816
             3.04606
             3.04397
             3.04189
             3.03983
              3.0378
              3.0358
             3.03385
             3.03195
             3.03011
             3.02833
             3.02663
             3.02501
             3.02347
             3.02201
             3.02065
             3.01938
             3.01819
              3.0171
              3.0161
             3.01518
             3.01435
             3.01359
             3.01291
             3.01229
             3.01174
             3.01124
             3.01079
             3.01038
                3.01
             3.00965
             3.00932
               3.009
             3.00869
             3.00839
             3.00808
             3.00778
             3.00747
             3.00715
             3.00682
              3.0065
             3.00616
             3.00583
             3.00551
              3.0052
              3.0049
             3.00463
             3.00439
              3.0042
             3.00405
             3.00396
             3.00394
             3.00399
             3.00412
             3.00434
             3.00466
             3.00507
             3.00558
             3.00619
              3.0069
             3.00771
             3.00862
             3.00961
             3.01069
             3.01184
             3.01306
             3.01433
             3.01565
             3.01701
              3.0184
              3.0198
              3.0212
              3.0226
             3.02399
             3.02536
              3.0267
               3.028
             3.02925
             3.03046
             3.03162
             3.03272
             3.03376
             3.03475
             3.03566
             3.03651
              3.0373
             3.03802
             3.03867
             3.03926
             3.03978
             3.04024
             3.04063
             3.04095
             3.04121
             3.04141
             3.04154
             3.04162
             3.04163
             3.04159
             3.04148
             3.04133
             3.04112
             3.04086
             3.04055
             3.04021
             3.03982
              3.0394
             3.03896
              3.0385
             3.03802
             3.03754
             3.03706
              3.0366
             3.03616
             3.03576
              3.0354
             3.03509
             3.03485
             3.03468
              3.0346
             3.03461
             3.03472
             3.03494
             3.03527
             3.03572
             3.03628
             3.03696
             3.03776
             3.03868
              3.0397
             3.04082
             3.04204
             3.04334
             3.04472
             3.04616
             3.04765
             3.04918
             3.05073
              3.0523
             3.05387
             3.05542
             3.05695
             3.05844
             3.05989
             3.06127
              3.0626
             3.06384
             3.06501
             3.06608
             3.06706
             3.06794
             3.06871
             3.06938
             3.06993
             3.07036
             3.07068
             3.07089
             3.07097
             3.07093
             3.07078
              3.0705
             3.07011
              3.0696
             3.06897
             3.06824
             3.06739
             3.06644
             3.06539
             3.06425
             3.06301
             3.06169
             3.06029
             3.05883
             3.05731
             3.05574
             3.05413
             3.05249
             3.05084
             3.04919
             3.04756
             3.04595
             3.04438
             3.04287
             3.04143
             3.04008
             3.03883
             3.03769
             3.03668
              3.0358
             3.03506
             3.03447
             3.03405
             3.03378
             3.03367
             3.03373
             3.03394
             3.03431
             3.03482
             3.03548
             3.03626
             3.03716
             3.03818
             3.03929
             3.04048
             3.04174
             3.04306
             3.04443
             3.04583
             3.04725
             3.04867
              3.0501
             3.05151
             3.05291
             3.05427
              3.0556
             3.05688
             3.05811
             3.05928
             3.06039
             3.06144
             3.06241
             3.06331
             3.06414
             3.06488
             3.06555
             3.06613
             3.06662
             3.06703
             3.06735
             3.06758
             3.06773
             3.06778
             3.06775
             3.06762
             3.06742
             3.06712
             3.06675
             3.06629
             3.06577
             3.06517
              3.0645
             3.06378
               3.063
             3.06218
             3.06133
             3.06045
             3.05956
             3.05866
             3.05778
             3.05692
             3.05611
             3.05534
             3.05464
             3.05402
             3.05349
             3.05307
             3.05277
             3.05259
             3.05255
             3.05265
             3.05291
             3.05331
             3.05387
             3.05458
             3.05545
             3.05645
             3.05759
             3.05887
             3.06026
             3.06176
             3.06335
             3.06503
             3.06677
             3.06857
             3.07041
             3.07228
             3.07416
             3.07605
             3.07792
             3.07978
             3.08161
             3.08339
             3.08513
             3.08682
             3.08844
                3.09
             3.09148
             3.09289
             3.09422
             3.09546
             3.09662
             3.09769
             3.09867
             3.09955
             3.10034
             3.10103
             3.10162
             3.10212
              3.1025
             3.10278
             3.10295
               3.103
             3.10294
             3.10275
             3.10244
             3.10199
             3.10141
             3.10068
              3.0998
             3.09876
             3.09755
             3.09617
             3.09461
             3.09286
             3.09091
             3.08876
              3.0864
             3.08382
             3.08101
             3.07799
             3.07474
             3.07128
              3.0676
             3.06373
             3.05967
             3.05545
             3.05111
             3.04666
             3.04216
             3.03764
             3.03318
             3.02881
             3.02462
             3.02065
             3.01698
             3.01367
             3.01079
             3.00837
             3.00648
             3.00514
             3.00438
             3.00421
             3.00461
             3.00558
             3.00707
             3.00906
             3.01148
             3.01429
             3.01741
             3.02079
             3.02435
             3.02805
             3.03182
             3.03562
             3.03938
             3.04308
             3.04668
             3.05015
             3.05347
             3.05663
             3.05961
             3.06241
             3.06501
             3.06744
             3.06968
             3.07174
             3.07363
             3.07535
             3.07692
             3.07834
             3.07962
             3.08076
             3.08179
             3.08271
             3.08352
             3.08424
             3.08487
             3.08542
             3.08589
              3.0863
             3.08664
             3.08693
             3.08716
             3.08735
              3.0875
              3.0876
             3.08767
             3.08771
             3.08771
             3.08769
             3.08763
             3.08755
             3.08745
             3.08732
             3.08717
               3.087
             3.08681
             3.08659
             3.08636
              3.0861
             3.08582
             3.08552
              3.0852
             3.08486
             3.08449
              3.0841
             3.08369
             3.08325
             3.08279
              3.0823
             3.08179
             3.08124
             3.08067
             3.08007
             3.07945
             3.07879
              3.0781
             3.07739
             3.07664
             3.07586
             3.07505
             3.07421
             3.07334
             3.07244
             3.07151
             3.07056
             3.06958
             3.06858
             3.06755
             3.06651
             3.06545
             3.06438
             3.06331
             3.06222
             3.06114
             3.06006
               3.059
             3.05794
             3.05691
             3.05589
             3.05491
             3.05396
             3.05305
             3.05218
             3.05136
             3.05058
             3.04986
             3.04918
             3.04857
               3.048
             3.04749
             3.04703
             3.04662
             3.04626
             3.04594
             3.04566
             3.04541
             3.04519
             3.04499
             3.04481
             3.04463
             3.04446
             3.04429
             3.04412
             3.04393
             3.04372
              3.0435
             3.04325
             3.04298
             3.04268
             3.04235
             3.04199
             3.04161
              3.0412
             3.04077
             3.04032
             3.03984
             3.03935
             3.03885
             3.03834
             3.03782
              3.0373
             3.03679
             3.03627
             3.03576
             3.03526
             3.03478
             3.03431
             3.03386
             3.03343
             3.03303
             3.03266
             3.03232
             3.03203
             3.03177
             3.03157
             3.03142
             3.03133
              3.0313
             3.03135
             3.03148
             3.03169
             3.03199
             3.03237
             3.03286
             3.03343
              3.0341
             3.03487
             3.03572
             3.03666
             3.03767
             3.03875
             3.03989
             3.04108
              3.0423
             3.04353
             3.04477
               3.046
             3.04719
             3.04834
             3.04942
             3.05042
             3.05132
             3.05211
             3.05278
             3.05332
             3.05371
             3.05395
             3.05402
             3.05394
             3.05369
             3.05328
             3.05271
               3.052
             3.05114
             3.05015
             3.04905
             3.04785
             3.04658
             3.04524
             3.04388
             3.04249
             3.04112
             3.03979
             3.03851
             3.03732
             3.03622
             3.03524
              3.0344
             3.03371
             3.03318
             3.03282
             3.03262
              3.0326
             3.03274
             3.03304
              3.0335
             3.03411
             3.03484
             3.03569
             3.03665
             3.03769
             3.03881
             3.03999
             3.04121
             3.04247
             3.04375
             3.04504
             3.04634
             3.04763
              3.0489
             3.05016
              3.0514
             3.05261
             3.05379
             3.05494
             3.05606
             3.05714
             3.05819
              3.0592
             3.06018
             3.06113
             3.06203
              3.0629
             3.06373
             3.06452
             3.06527
             3.06597
             3.06662
             3.06723
             3.06779
             3.06829
             3.06873
              3.0691
             3.06941
             3.06965
             3.06981
             3.06989
             3.06989
             3.06979
              3.0696
              3.0693
              3.0689
             3.06838
             3.06774
             3.06698
              3.0661
             3.06508
             3.06392
             3.06262
             3.06118
             3.05958
             3.05784
             3.05595
              3.0539
              3.0517
             3.04935
             3.04686
             3.04422
             3.04145
             3.03856
             3.03555
             3.03243
             3.02923
             3.02596
             3.02263
             3.01928
             3.01592
             3.01257
             3.00927
             3.00603
             3.00289
             2.99988
             2.99701
             2.99432
             2.99183
             2.98956
             2.98753
             2.98574
             2.98423
             2.98298
             2.98202
             2.98133
             2.98091
             2.98076
             2.98087
             2.98123
             2.98181
             2.98261
             2.98361
             2.98478
             2.98611
             2.98758
             2.98917
             2.99087
             2.99265
              2.9945
              2.9964
             2.99833
             3.00029
             3.00226
             3.00423
             3.00619
             3.00812
             3.01002
             3.01188
             3.01369
             3.01545
             3.01715
             3.01878
             3.02035
             3.02184
             3.02325
             3.02458
             3.02582
             3.02698
             3.02806
             3.02904
             3.02994
             3.03074
             3.03145
             3.03208
             3.03261
             3.03305
             3.03341
             3.03367
             3.03385
             3.03395
             3.03396
             3.03389
             3.03374
              3.0335
              3.0332
             3.03282
             3.03237
             3.03184
             3.03126
             3.03061
              3.0299
             3.02913
             3.02831
             3.02744
             3.02653
             3.02557
             3.02458
             3.02356
             3.02252
             3.02145
             3.02037
             3.01928
             3.01818
             3.01709
             3.01601
             3.01494
              3.0139
             3.01289
             3.01191
             3.01097
             3.01007
             3.00923
             3.00845
             3.00772
             3.00706
             3.00647
             3.00596
             3.00551
             3.00515
             3.00485
             3.00464
              3.0045
             3.00443
             3.00444
             3.00452
             3.00466
             3.00487
             3.00514
             3.00546
             3.00583
             3.00625
             3.00671
              3.0072
             3.00772
             3.00827
             3.00884
             3.00942
             3.01002
             3.01062
             3.01122
             3.01182
             3.01242
               3.013
             3.01358
             3.01414
             3.01469
             3.01522
             3.01573
             3.01622
             3.01669
             3.01713
             3.01755
             3.01795
             3.01832
             3.01867
             3.01899
             3.01929
             3.01956
             3.01981
             3.02004
             3.02024
             3.02042
             3.02058
             3.02072
             3.02084
             3.02094
             3.02102
             3.02107
             3.02112
             3.02114
             3.02115
             3.02114
             3.02111
             3.02107
             3.02102
             3.02095
             3.02087
             3.02077
             3.02067
             3.02055
             3.02041
             3.02027
             3.02012
             3.01995
             3.01978
             3.01959
             3.01939
             3.01919
             3.01897
             3.01875
             3.01852
             3.01828
             3.01803
             3.01777
              3.0175
             3.01722
             3.01694
             3.01665
             3.01635
             3.01605
             3.01574
             3.01542
             3.01509
             3.01476
             3.01442
             3.01408
             3.01373
             3.01337
             3.01302
             3.01265
             3.01229
             3.01192
             3.01154
             3.01117
             3.01079
             3.01042
             3.01004
             3.00966
             3.00928
              3.0089
             3.00853
             3.00816
             3.00779
             3.00742
             3.00706
             3.00671
             3.00636
             3.00602
             3.00569
             3.00536
             3.00505
             3.00475
             3.00446
             3.00418
             3.00391
             3.00366
             3.00342
             3.00319
             3.00298
             3.00279
             3.00262
             3.00246
             3.00231
             3.00219
             3.00209
               3.002
             3.00193
             3.00188
             3.00186
             3.00185
             3.00186
             3.00188
             3.00193
               3.002
             3.00209
             3.00219
             3.00232
             3.00246
             3.00262
              3.0028
             3.00299
              3.0032
             3.00343
             3.00367
             3.00393
              3.0042
             3.00448
             3.00478
             3.00509
             3.00541
             3.00574
             3.00608
             3.00644
              3.0068
             3.00717
             3.00755
             3.00793
             3.00833
             3.00873
             3.00913
             3.00954
             3.00996
             3.01037
              3.0108
             3.01122
             3.01166
             3.01209
             3.01252
             3.01296
              3.0134
             3.01385
             3.01429
             3.01474
             3.01518
             3.01563
             3.01608
             3.01654
             3.01699
             3.01745
              3.0179
             3.01836
             3.01882
             3.01928
             3.01974
             3.02021
             3.02067
             3.02114
             3.02161
             3.02209
             3.02256
             3.02304
             3.02352
               3.024
             3.02449
             3.02497
             3.02546
             3.02596
             3.02645
             3.02695
             3.02745
             3.02796
             3.02846
             3.02897
             3.02948
                3.03
             3.03052
             3.03103
             3.03155
             3.03208
              3.0326
             3.03313
             3.03365
             3.03418
             3.03471
             3.03523
             3.03576
             3.03628
             3.03681
             3.03733
             3.03785
             3.03837
             3.03889
              3.0394
             3.03991
             3.04041
             3.04091
              3.0414
             3.04189
             3.04237
             3.04284
             3.04331
             3.04376
             3.04421
             3.04464
             3.04507
             3.04548
             3.04589
             3.04628
             3.04665
             3.04701
             3.04736
             3.04769
             3.04801
              3.0483
             3.04858
             3.04884
             3.04908
              3.0493
              3.0495
             3.04968
             3.04983
             3.04996
             3.05006
             3.05014
             3.05019
             3.05022
             3.05021
             3.05018
             3.05012
             3.05002
             3.04989
             3.04973
             3.04954
             3.04931
             3.04904
             3.04874
              3.0484
             3.04802
              3.0476
             3.04714
             3.04664
              3.0461
             3.04551
             3.04489
             3.04422
              3.0435
             3.04275
             3.04195
              3.0411
             3.04022
             3.03929
             3.03832
              3.0373
             3.03625
             3.03516
             3.03403
             3.03287
             3.03167
             3.03045
              3.0292
             3.02792
             3.02663
             3.02532
             3.02399
             3.02267
             3.02133
             3.02001
             3.01869
             3.01739
              3.0161
             3.01485
             3.01362
             3.01244
              3.0113
             3.01021
             3.00918
             3.00821
              3.0073
             3.00646
              3.0057
             3.00502
             3.00442
              3.0039
             3.00346
             3.00311
             3.00284
             3.00265
             3.00255
             3.00252
             3.00257
             3.00269
             3.00289
             3.00315
             3.00347
             3.00384
             3.00427
             3.00474
             3.00525
              3.0058
             3.00637
             3.00698
              3.0076
             3.00824
             3.00889
             3.00955
             3.01021
             3.01088
             3.01154
              3.0122
             3.01285
             3.01349
             3.01412
             3.01474
             3.01534
             3.01593
              3.0165
             3.01705
             3.01759
             3.01811
             3.01861
             3.01909
             3.01955
             3.01999
              3.0204
              3.0208
             3.02118
             3.02153
             3.02185
             3.02216
             3.02243
             3.02268
             3.02289
             3.02307
             3.02322
             3.02333
             3.02339
             3.02341
             3.02339
             3.02331
             3.02317
             3.02298
             3.02272
             3.02239
             3.02198
             3.02149
             3.02092
             3.02026
              3.0195
             3.01865
              3.0177
             3.01664
             3.01547
              3.0142
             3.01282
             3.01133
             3.00974
             3.00805
             3.00627
             3.00441
             3.00248
             3.00048
             2.99845
             2.99638
             2.99431
             2.99224
             2.99021
             2.98824
             2.98634
             2.98454
             2.98286
             2.98133
             2.97995
             2.97874
             2.97772
             2.97688
             2.97624
             2.97579
             2.97552
             2.97543
              2.9755
             2.97571
             2.97604
             2.97647
             2.97698
             2.97753
              2.9781
             2.97867
             2.97921
              2.9797
             2.98011
             2.98043
             2.98065
             2.98075
             2.98072
             2.98056
             2.98026
             2.97982
             2.97925
             2.97856
             2.97775
             2.97683
             2.97583
             2.97475
             2.97362
             2.97246
             2.97128
              2.9701
             2.96896
             2.96787
             2.96685
             2.96592
              2.9651
             2.96442
             2.96388
             2.96351
              2.9633
             2.96328
             2.96345
             2.96381
             2.96436
             2.96511
             2.96604
             2.96716
             2.96845
             2.96991
             2.97151
             2.97326
             2.97514
             2.97712
              2.9792
             2.98136
             2.98359
             2.98587
             2.98818
             2.99052
             2.99287
             2.99521
             2.99754
             2.99984
             3.00212
             3.00434
             3.00652
             3.00865
             3.01071
              3.0127
             3.01463
             3.01648
             3.01825
             3.01995
             3.02156
              3.0231
             3.02455
             3.02593
             3.02722
             3.02843
             3.02956
             3.03062
             3.03159
             3.03249
             3.03332
             3.03407
             3.03475
             3.03536
             3.03591
             3.03638
             3.03679
             3.03713
             3.03741
             3.03763
             3.03779
             3.03788
             3.03792
              3.0379
             3.03781
             3.03768
             3.03748
             3.03722
             3.03691
             3.03654
             3.03612
             3.03563
             3.03509
             3.03449
             3.03384
             3.03312
             3.03235
             3.03152
             3.03063
             3.02967
             3.02867
              3.0276
             3.02647
             3.02528
             3.02404
             3.02274
             3.02139
             3.01998
             3.01852
             3.01701
             3.01545
             3.01386
             3.01222
             3.01055
             3.00885
             3.00712
             3.00537
             3.00361
             3.00184
             3.00008
             2.99831
             2.99656
             2.99482
             2.99311
             2.99143
             2.98978
             2.98817
             2.98661
             2.98509
             2.98362
             2.98221
             2.98084
             2.97952
             2.97825
             2.97702
             2.97582
             2.97466
             2.97352
              2.9724
             2.97128
             2.97016
             2.96902
             2.96785
             2.96664
             2.96539
             2.96407
             2.96267
             2.96119
             2.95961
             2.95792
             2.95612
              2.9542
             2.95215
             2.94997
             2.94767
             2.94524
              2.9427
             2.94004
              2.9373
             2.93448
             2.93162
             2.92872
             2.92584
               2.923
             2.92024
              2.9176
             2.91513
             2.91285
             2.91082
             2.90907
             2.90763
             2.90653
              2.9058
             2.90544
             2.90546
             2.90585
              2.9066
              2.9077
             2.90911
              2.9108
             2.91273
             2.91485
             2.91713
             2.91951
             2.92196
             2.92442
             2.92686
             2.92924
             2.93153
              2.9337
             2.93572
             2.93759
             2.93928
             2.94079
             2.94212
             2.94325
             2.94419
             2.94495
             2.94554
             2.94596
             2.94622
             2.94635
             2.94635
             2.94624
             2.94604
             2.94577
             2.94545
             2.94509
             2.94471
             2.94435
               2.944
              2.9437
             2.94347
             2.94331
             2.94325
             2.94329
             2.94347
             2.94377
             2.94422
             2.94482
             2.94558
             2.94649
             2.94755
             2.94877
             2.95014
             2.95164
             2.95328
             2.95503
             2.95689
             2.95884
             2.96087
             2.96296
              2.9651
             2.96727
             2.96946
             2.97166
             2.97385
             2.97602
             2.97816
             2.98026
             2.98232
             2.98431
             2.98624
             2.98811
              2.9899
             2.99162
             2.99326
             2.99483
             2.99631
             2.99772
             2.99905
              3.0003
             3.00148
             3.00258
             3.00361
             3.00458
             3.00547
             3.00631
             3.00709
             3.00781
             3.00847
             3.00909
             3.00965
             3.01017
             3.01065
             3.01109
             3.01149
             3.01186
             3.01219
              3.0125
             3.01277
             3.01302
             3.01325
             3.01345
             3.01363
             3.01379
             3.01394
             3.01407
             3.01418
             3.01428
             3.01436
             3.01444
              3.0145
             3.01455
             3.01459
             3.01462
             3.01465
             3.01466
             3.01467
             3.01467
             3.01467
             3.01466
             3.01464
             3.01462
             3.01459
             3.01455
             3.01451
             3.01446
             3.01441
             3.01436
              3.0143
             3.01423
             3.01416
             3.01409
             3.01401
             3.01392
             3.01383
             3.01374
             3.01365
             3.01355
             3.01345
             3.01334
             3.01324
             3.01313
             3.01302
             3.01291
             3.01279
             3.01268
             3.01257
             3.01246
             3.01236
             3.01225
             3.01216
             3.01206
             3.01197
             3.01189
             3.01182
             3.01175
              3.0117
             3.01165
             3.01162
             3.01159
             3.01158
             3.01158
              3.0116
             3.01163
             3.01167
             3.01173
              3.0118
             3.01188
             3.01197
             3.01208
             3.01219
             3.01231
             3.01243
             3.01256
             3.01269
             3.01281
             3.01293
             3.01303
             3.01312
             3.01318
             3.01322
             3.01322
             3.01319
             3.01311
             3.01297
             3.01277
              3.0125
             3.01216
             3.01172
             3.01119
             3.01056
             3.00981
             3.00894
             3.00794
             3.00681
             3.00552
             3.00409
             3.00251
             3.00077
             2.99887
             2.99682
             2.99462
             2.99228
             2.98981
             2.98723
             2.98455
             2.98181
             2.97903
             2.97625
              2.9735
             2.97082
             2.96826
             2.96586
             2.96367
             2.96172
             2.96008
             2.95876
             2.95781
             2.95724
             2.95709
             2.95736
             2.95804
             2.95914
             2.96064
              2.9625
             2.96471
             2.96722
             2.96999
             2.97298
             2.97615
             2.97944
             2.98282
             2.98624
             2.98967
             2.99307
             2.99642
             2.99968
             3.00284
             3.00587
             3.00877
             3.01152
             3.01412
             3.01656
             3.01885
             3.02099
             3.02297
              3.0248
             3.02649
             3.02804
             3.02947
             3.03077
             3.03195
             3.03303
             3.03401
             3.03489
             3.03569
             3.03641
             3.03706
             3.03764
             3.03816
             3.03863
             3.03905
             3.03942
             3.03975
             3.04005
             3.04031
             3.04055
             3.04075
             3.04094
              3.0411
             3.04124
             3.04137
             3.04148
             3.04157
             3.04165
             3.04172
             3.04178
             3.04182
             3.04185
             3.04187
             3.04188
             3.04188
             3.04187
             3.04184
              3.0418
             3.04175
             3.04169
             3.04161
             3.04151
             3.04141
             3.04128
             3.04115
             3.04099
             3.04082
             3.04064
             3.04043
             3.04022
             3.03998
             3.03974
             3.03947
              3.0392
             3.03891
             3.03861
              3.0383
             3.03798
             3.03766
             3.03733
               3.037
             3.03668
             3.03635
             3.03603
             3.03572
             3.03542
             3.03514
             3.03487
             3.03463
             3.03441
             3.03422
             3.03406
             3.03393
             3.03385
              3.0338
             3.03379
             3.03383
             3.03392
             3.03405
             3.03424
             3.03448
             3.03477
             3.03512
             3.03552
             3.03597
             3.03648
             3.03704
             3.03765
             3.03831
             3.03902
             3.03978
             3.04058
             3.04142
             3.04231
             3.04323
             3.04418
             3.04516
             3.04617
              3.0472
             3.04825
             3.04931
             3.05039
             3.05147
             3.05255
             3.05364
             3.05472
             3.05579
             3.05685
              3.0579
             3.05892
             3.05992
             3.06089
             3.06184
             3.06274
             3.06361
             3.06444
             3.06522
             3.06596
             3.06664
             3.06727
             3.06785
             3.06836
             3.06882
             3.06921
             3.06954
              3.0698
                3.07
             3.07012
             3.07017
             3.07015
             3.07006
             3.06989
             3.06965
             3.06934
             3.06895
             3.06849
             3.06796
             3.06736
             3.06669
             3.06595
             3.06514
             3.06427
             3.06334
             3.06236
             3.06131
             3.06022
             3.05908
             3.05789
             3.05667
             3.05541
             3.05413
             3.05282
             3.05149
             3.05014
             3.04879
             3.04744
             3.04609
             3.04476
             3.04343
             3.04213
             3.04086
             3.03962
             3.03842
             3.03726
             3.03615
             3.03509
             3.03409
             3.03315
             3.03228
             3.03147
             3.03074
             3.03009
             3.02952
             3.02903
             3.02863
             3.02831
             3.02808
             3.02795
             3.02791
             3.02796
              3.0281
             3.02835
             3.02868
             3.02911
             3.02963
             3.03023
             3.03092
             3.03169
             3.03254
             3.03346
             3.03443
             3.03547
             3.03655
             3.03767
             3.03882
             3.03999
             3.04118
             3.04237
             3.04355
             3.04472
             3.04587
             3.04699
             3.04807
             3.04911
              3.0501
             3.05104
             3.05192
             3.05275
             3.05351
             3.05421
             3.05484
             3.05542
             3.05592
             3.05637
             3.05675
             3.05707
             3.05734
             3.05755
             3.05771
             3.05783
              3.0579
             3.05793
             3.05792
             3.05788
             3.05781
             3.05772
             3.05761
             3.05749
             3.05735
             3.05721
             3.05707
             3.05693
             3.05679
             3.05667
             3.05656
             3.05648
             3.05641
             3.05638
             3.05637
              3.0564
             3.05647
             3.05658
             3.05673
             3.05693
             3.05718
             3.05747
             3.05782
             3.05821
             3.05866
             3.05916
             3.05971
              3.0603
             3.06095
             3.06164
             3.06237
             3.06315
             3.06396
             3.06481
             3.06569
              3.0666
             3.06754
             3.06849
             3.06947
             3.07045
             3.07145
             3.07245
             3.07345
             3.07445
             3.07544
             3.07642
             3.07739
             3.07835
             3.07929
              3.0802
             3.08109
             3.08195
             3.08278
             3.08358
             3.08435
             3.08508
             3.08578
             3.08643
             3.08705
             3.08763
             3.08816
             3.08865
              3.0891
              3.0895
             3.08986
             3.09017
             3.09043
             3.09065
             3.09082
             3.09095
             3.09102
             3.09105
             3.09103
             3.09096
             3.09085
             3.09068
             3.09047
              3.0902
             3.08989
             3.08953
             3.08911
             3.08865
             3.08813
             3.08757
             3.08695
             3.08628
             3.08556
             3.08478
             3.08396
             3.08308
             3.08215
             3.08117
             3.08014
             3.07905
             3.07791
             3.07673
             3.07549
              3.0742
             3.07287
              3.0715
             3.07008
             3.06861
             3.06712
             3.06559
             3.06402
             3.06244
             3.06083
             3.05921
             3.05758
             3.05595
             3.05432
             3.05271
             3.05112
             3.04957
             3.04805
             3.04659
             3.04519
             3.04386
             3.04261
             3.04145
              3.0404
             3.03945
             3.03863
             3.03794
             3.03738
             3.03696
             3.03669
             3.03658
             3.03661
              3.0368
             3.03714
             3.03764
             3.03828
             3.03907
                3.04
             3.04106
             3.04225
             3.04355
             3.04495
             3.04646
             3.04805
             3.04971
             3.05144
             3.05323
             3.05506
             3.05693
             3.05882
             3.06073
             3.06264
             3.06456
             3.06646
             3.06836
             3.07023
             3.07207
             3.07389
             3.07567
             3.07741
              3.0791
             3.08075
             3.08235
              3.0839
              3.0854
             3.08685
             3.08824
             3.08957
             3.09085
             3.09208
             3.09324
             3.09435
              3.0954
              3.0964
             3.09734
             3.09823
             3.09905
             3.09983
             3.10055
             3.10121
             3.10183
             3.10239
             3.10289
             3.10335
             3.10375
             3.10411
             3.10441
             3.10467
             3.10487
             3.10503
             3.10514
              3.1052
             3.10522
             3.10519
             3.10511
             3.10499
             3.10483
             3.10462
             3.10437
             3.10407
             3.10374
             3.10336
             3.10294
             3.10248
             3.10199
             3.10145
             3.10088
             3.10027
             3.09963
             3.09896
             3.09825
             3.09751
             3.09674
             3.09595
             3.09513
             3.09428
             3.09342
             3.09253
             3.09163
             3.09071
             3.08978
             3.08884
             3.08789
             3.08694
             3.08598
             3.08503
             3.08408
             3.08313
              3.0822
             3.08128
             3.08038
              3.0795
             3.07865
             3.07782
             3.07702
             3.07625
             3.07552
             3.07482
             3.07417
             3.07356
             3.07299
             3.07248
             3.07201
             3.07159
             3.07123
             3.07091
             3.07065
             3.07045
             3.07029
             3.07019
             3.07014
             3.07013
             3.07018
             3.07027
             3.07041
             3.07059
             3.07081
             3.07107
             3.07135
             3.07167
             3.07201
             3.07238
             3.07276
             3.07316
             3.07357
             3.07399
             3.07441
             3.07482
             3.07523
             3.07564
             3.07602
              3.0764
             3.07675
             3.07708
             3.07738
             3.07765
             3.07789
              3.0781
             3.07827
             3.07841
              3.0785
             3.07855
             3.07856
             3.07853
             3.07845
             3.07834
             3.07818
             3.07798
             3.07774
             3.07746
             3.07714
             3.07679
             3.07641
               3.076
             3.07556
             3.07511
             3.07463
             3.07413
             3.07363
             3.07312
             3.07261
              3.0721
              3.0716
             3.07111
             3.07064
             3.07019
             3.06977
             3.06938
             3.06902
             3.06871
             3.06843
             3.06821
             3.06803
             3.06791
             3.06785
             3.06784
             3.06789
             3.06801
             3.06818
             3.06843
             3.06873
              3.0691
             3.06953
             3.07002
             3.07058
             3.07119
             3.07187
             3.07259
             3.07337
             3.07421
             3.07509
             3.07601
             3.07698
             3.07798
             3.07902
             3.08009
             3.08118
              3.0823
             3.08343
             3.08458
             3.08574
              3.0869
             3.08807
             3.08923
             3.09038
             3.09152
             3.09265
             3.09375
             3.09483
             3.09589
             3.09691
             3.09789
             3.09884
             3.09975
             3.10061
             3.10142
             3.10218
              3.1029
             3.10355
             3.10415
             3.10469
             3.10517
             3.10559
             3.10595
             3.10624
             3.10647
             3.10663
             3.10673
             3.10677
             3.10673
             3.10664
             3.10647
             3.10624
             3.10595
             3.10558
             3.10516
             3.10466
             3.10411
             3.10348
              3.1028
             3.10204
             3.10122
             3.10034
             3.09939
             3.09837
             3.09729
             3.09613
             3.09491
             3.09362
             3.09226
             3.09082
             3.08931
             3.08773
             3.08607
             3.08434
             3.08253
             3.08065
             3.07869
             3.07666
             3.07456
              3.0724
             3.07018
             3.06791
              3.0656
             3.06326
              3.0609
             3.05854
              3.0562
             3.05388
             3.05163
             3.04945
             3.04737
             3.04541
              3.0436
             3.04196
              3.0405
             3.03926
             3.03824
             3.03746
             3.03693
             3.03666
             3.03664
             3.03687
             3.03735
             3.03806
             3.03899
             3.04012
             3.04143
             3.04289
             3.04449
              3.0462
             3.04798
             3.04983
             3.05172
             3.05362
             3.05552
              3.0574
             3.05924
             3.06104
             3.06279
             3.06447
             3.06609
             3.06764
             3.06911
             3.07052
             3.07185
             3.07312
             3.07433
             3.07547
             3.07656
              3.0776
             3.07859
             3.07954
             3.08046
             3.08135
             3.08221
             3.08305
             3.08387
             3.08468
             3.08548
             3.08627
             3.08705
             3.08783
              3.0886
             3.08937
             3.09015
             3.09092
             3.09169
             3.09246
             3.09322
             3.09399
             3.09476
             3.09552
             3.09627
             3.09703
             3.09777
             3.09851
             3.09924
             3.09996
             3.10067
             3.10137
             3.10206
             3.10273
             3.10339
             3.10404
             3.10467
             3.10528
             3.10588
             3.10647
             3.10703
             3.10758
             3.10811
             3.10862
             3.10912
              3.1096
             3.11006
              3.1105
             3.11092
             3.11133
             3.11172
             3.11209
             3.11245
             3.11278
              3.1131
              3.1134
             3.11368
             3.11395
             3.11419
             3.11442
             3.11463
             3.11482
             3.11499
             3.11515
             3.11528
             3.11539
             3.11549
             3.11556
             3.11561
             3.11565
             3.11566
             3.11564
             3.11561
             3.11555
             3.11547
             3.11537
             3.11524
             3.11509
             3.11492
             3.11472
              3.1145
             3.11425
             3.11398
             3.11368
             3.11335
               3.113
             3.11263
             3.11223
              3.1118
             3.11135
             3.11088
             3.11038
             3.10986
             3.10931
             3.10874
             3.10815
             3.10754
              3.1069
             3.10625
             3.10557
             3.10488
             3.10417
             3.10344
              3.1027
             3.10195
             3.10118
             3.10041
             3.09962
             3.09883
             3.09804
             3.09724
             3.09644
             3.09565
             3.09486
             3.09408
              3.0933
             3.09254
              3.0918
             3.09108
             3.09037
              3.0897
             3.08905
             3.08843
             3.08784
              3.0873
             3.08679
             3.08632
              3.0859
             3.08553
             3.08521
             3.08494
             3.08473
             3.08457
             3.08447
             3.08443
             3.08445
             3.08453
             3.08467
             3.08487
             3.08513
             3.08544
             3.08582
             3.08625
             3.08673
             3.08727
             3.08785
             3.08848
             3.08916
             3.08987
             3.09062
             3.09141
             3.09222
             3.09307
             3.09393
             3.09482
             3.09571
             3.09663
             3.09755
             3.09847
              3.0994
             3.10032
             3.10124
             3.10216
             3.10306
             3.10395
             3.10482
             3.10568
             3.10651
             3.10733
             3.10812
             3.10888
             3.10962
             3.11033
             3.11101
             3.11166
             3.11228
             3.11287
             3.11343
             3.11395
             3.11444
             3.11489
             3.11531
             3.11569
             3.11604
             3.11635
             3.11663
             3.11687
             3.11707
             3.11723
             3.11736
             3.11745
              3.1175
             3.11751
             3.11748
             3.11742
             3.11731
             3.11717
             3.11698
             3.11676
              3.1165
              3.1162
             3.11585
             3.11548
             3.11506
              3.1146
             3.11411
             3.11358
             3.11302
             3.11243
              3.1118
             3.11114
             3.11046
             3.10975
             3.10901
             3.10826
             3.10749
              3.1067
             3.10591
             3.10511
              3.1043
