#           PE_STEP:
            -1.40956
            -1.41026
            -1.41106
            -1.41194
            -1.41293
              -1.414
            -1.41517
            -1.41644
             -1.4178
            -1.41926
            -1.42081
            -1.42246
             -1.4242
            -1.42604
            -1.42804
            -1.43007
            -1.43219
            -1.43449
            -1.43681
            -1.43922
            -1.44174
            -1.44436
            -1.44706
            -1.44986
            -1.45276
            -1.45575
            -1.45884
            -1.46202
             -1.4653
            -1.46868
            -1.47215
            -1.47572
            -1.47938
            -1.48314
            -1.48699
            -1.49094
            -1.49497
            -1.49911
            -1.50333
            -1.50765
            -1.51206
            -1.51656
            -1.52115
            -1.52583
            -1.53059
            -1.53545
            -1.54039
            -1.54541
            -1.55049
            -1.55568
            -1.56095
             -1.5663
            -1.57173
            -1.57723
            -1.58281
            -1.58846
            -1.59418
            -1.59997
            -1.60582
            -1.61173
             -1.6177
            -1.62372
             -1.6298
            -1.63592
            -1.64209
            -1.64829
            -1.65454
            -1.66081
             -1.6671
            -1.67342
            -1.67975
            -1.68606
            -1.69238
             -1.6987
            -1.70502
            -1.71134
            -1.71766
            -1.72389
            -1.73007
            -1.73619
            -1.74224
            -1.74819
            -1.75406
            -1.75983
            -1.76547
            -1.77098
            -1.77633
            -1.78151
            -1.78651
            -1.79129
            -1.79586
            -1.80017
            -1.80421
            -1.80796
            -1.81139
            -1.81447
            -1.81718
            -1.81948
            -1.82135
            -1.82275
            -1.82365
            -1.82401
            -1.82378
            -1.82294
            -1.82141
            -1.81921
            -1.81624
            -1.81247
            -1.80785
            -1.80234
            -1.79587
            -1.78839
            -1.77983
            -1.77015
            -1.75929
            -1.74719
            -1.73381
            -1.71906
             -1.7029
            -1.68525
            -1.66608
            -1.64535
              -1.623
              -1.599
            -1.57332
            -1.54595
            -1.51686
            -1.48606
            -1.45356
            -1.41938
            -1.38361
            -1.34627
            -1.30743
            -1.26725
            -1.22583
            -1.18335
            -1.13996
            -1.09589
            -1.05136
            -1.00665
            -0.96202
           -0.917765
            -0.87423
            -0.83174
           -0.790664
           -0.751343
           -0.714154
           -0.679428
           -0.647512
           -0.618733
            -0.59339
           -0.571748
            -0.55404
           -0.540463
           -0.531146
           -0.526192
           -0.525636
           -0.529474
           -0.537639
           -0.550017
           -0.566439
           -0.586714
           -0.610609
            -0.63784
           -0.668101
           -0.701075
           -0.736427
           -0.773822
           -0.812914
           -0.853365
           -0.894843
           -0.937032
           -0.979632
            -1.02238
            -1.06499
            -1.10724
            -1.14893
            -1.18986
            -1.22987
            -1.26884
            -1.30663
            -1.34315
            -1.37832
             -1.4121
            -1.44444
            -1.47532
            -1.50472
            -1.53266
            -1.55914
            -1.58418
            -1.60782
            -1.63009
            -1.65102
            -1.67068
            -1.68908
             -1.7063
            -1.72238
            -1.73738
            -1.75136
            -1.76435
            -1.77642
            -1.78763
              -1.798
            -1.80761
            -1.81649
             -1.8247
            -1.83228
            -1.83926
             -1.8457
            -1.85163
            -1.85709
            -1.86212
            -1.86674
            -1.87098
            -1.87488
            -1.87846
            -1.88174
            -1.88475
            -1.88751
            -1.89005
            -1.89236
            -1.89448
            -1.89642
            -1.89818
            -1.89979
            -1.90123
            -1.90254
            -1.90371
            -1.90477
            -1.90571
            -1.90651
            -1.90722
            -1.90779
            -1.90826
            -1.90863
            -1.90888
            -1.90903
            -1.90906
            -1.90898
            -1.90879
            -1.90849
            -1.90807
            -1.90754
            -1.90687
            -1.90607
            -1.90512
            -1.90405
            -1.90282
            -1.90143
            -1.89989
            -1.89817
            -1.89627
            -1.89418
            -1.89188
            -1.88936
            -1.88662
            -1.88361
            -1.88034
            -1.87679
            -1.87294
            -1.86874
            -1.86419
            -1.85927
            -1.85393
            -1.84815
             -1.8419
            -1.83514
            -1.82783
            -1.81994
            -1.81142
            -1.80223
            -1.79232
            -1.78163
            -1.77015
             -1.7578
            -1.74456
            -1.73037
            -1.71519
            -1.69899
            -1.68174
            -1.66342
            -1.64401
             -1.6235
            -1.60193
            -1.57931
            -1.55571
            -1.53117
            -1.50581
            -1.47973
            -1.45306
            -1.42599
            -1.39871
            -1.37142
            -1.34437
             -1.3178
              -1.292
            -1.26724
            -1.24379
            -1.22193
            -1.20191
            -1.18398
            -1.16836
            -1.15522
             -1.1447
            -1.13692
            -1.13194
            -1.12976
            -1.13038
            -1.13369
            -1.13961
            -1.14799
            -1.15865
            -1.17138
            -1.18598
             -1.2022
            -1.21981
            -1.23856
            -1.25821
            -1.27852
            -1.29927
            -1.32026
            -1.34128
            -1.36216
            -1.38275
            -1.40289
            -1.42248
            -1.44141
             -1.4596
            -1.47698
            -1.49351
            -1.50916
             -1.5239
            -1.53771
            -1.55062
            -1.56262
            -1.57373
            -1.58398
            -1.59339
              -1.602
            -1.60984
            -1.61697
            -1.62341
            -1.62921
             -1.6344
            -1.63903
            -1.64314
            -1.64678
            -1.64996
            -1.65274
            -1.65514
             -1.6572
            -1.65895
            -1.66043
            -1.66166
            -1.66266
            -1.66346
            -1.66408
            -1.66454
            -1.66487
            -1.66507
            -1.66516
            -1.66516
            -1.66507
             -1.6649
            -1.66466
            -1.66437
            -1.66402
            -1.66362
            -1.66318
            -1.66268
            -1.66214
            -1.66155
            -1.66091
            -1.66022
            -1.65947
            -1.65866
            -1.65779
            -1.65684
            -1.65582
            -1.65472
            -1.65351
             -1.6522
            -1.65078
            -1.64924
            -1.64757
            -1.64574
            -1.64377
            -1.64162
             -1.6393
            -1.63679
            -1.63409
            -1.63118
            -1.62805
            -1.62469
            -1.62109
            -1.61723
            -1.61311
            -1.60871
            -1.60403
            -1.59906
            -1.59378
             -1.5882
            -1.58231
             -1.5761
            -1.56956
             -1.5627
             -1.5555
            -1.54798
            -1.54014
            -1.53196
            -1.52347
            -1.51465
            -1.50552
             -1.4961
            -1.48638
             -1.4764
            -1.46615
            -1.45566
            -1.44494
            -1.43403
            -1.42293
            -1.41169
            -1.40031
            -1.38884
             -1.3773
            -1.36573
            -1.35415
             -1.3426
            -1.33111
            -1.31973
            -1.30847
            -1.29738
            -1.28649
            -1.27583
            -1.26544
            -1.25535
            -1.24559
            -1.23618
            -1.22716
            -1.21854
            -1.21035
            -1.20261
            -1.19534
            -1.18857
            -1.18229
            -1.17653
            -1.17131
            -1.16661
            -1.16245
            -1.15884
            -1.15578
            -1.15326
            -1.15128
            -1.14983
            -1.14892
            -1.14853
            -1.14864
            -1.14926
            -1.15035
            -1.15192
            -1.15393
            -1.15638
            -1.15926
            -1.16253
            -1.16619
            -1.17021
            -1.17458
            -1.17928
            -1.18429
            -1.18959
            -1.19516
            -1.20098
            -1.20704
            -1.21331
            -1.21978
            -1.22641
             -1.2332
            -1.24012
            -1.24716
            -1.25429
            -1.26149
            -1.26874
            -1.27603
            -1.28333
            -1.29064
            -1.29792
            -1.30516
            -1.31234
            -1.31944
            -1.32645
            -1.33335
            -1.34013
            -1.34676
            -1.35323
            -1.35953
            -1.36565
            -1.37156
            -1.37727
            -1.38276
            -1.38802
            -1.39303
            -1.39778
            -1.40228
            -1.40651
            -1.41047
            -1.41415
            -1.41755
            -1.42066
            -1.42348
            -1.42599
            -1.42822
            -1.43014
            -1.43176
            -1.43309
            -1.43411
            -1.43483
            -1.43525
            -1.43537
            -1.43518
            -1.43469
             -1.4339
            -1.43281
            -1.43141
             -1.4297
             -1.4277
            -1.42539
            -1.42277
            -1.41985
            -1.41661
            -1.41308
            -1.40925
            -1.40512
             -1.4007
              -1.396
            -1.39101
            -1.38577
            -1.38028
            -1.37455
            -1.36861
            -1.36249
            -1.35621
            -1.34981
            -1.34332
            -1.33679
            -1.33024
            -1.32375
            -1.31733
            -1.31105
            -1.30498
            -1.29915
             -1.2936
            -1.28839
            -1.28357
            -1.27918
            -1.27526
            -1.27183
            -1.26892
            -1.26655
            -1.26472
            -1.26345
            -1.26272
            -1.26254
            -1.26287
            -1.26372
            -1.26503
             -1.2668
            -1.26898
            -1.27154
            -1.27443
            -1.27761
            -1.28104
            -1.28466
            -1.28845
            -1.29234
             -1.2963
            -1.30029
            -1.30426
            -1.30817
              -1.312
            -1.31572
            -1.31929
            -1.32268
            -1.32587
            -1.32885
             -1.3316
            -1.33412
            -1.33638
             -1.3384
            -1.34016
            -1.34166
             -1.3429
            -1.34389
            -1.34463
            -1.34513
            -1.34538
            -1.34539
            -1.34516
            -1.34472
            -1.34406
            -1.34319
            -1.34212
            -1.34085
            -1.33939
            -1.33774
            -1.33592
            -1.33395
            -1.33181
            -1.32954
            -1.32715
            -1.32466
            -1.32208
            -1.31944
            -1.31675
            -1.31404
            -1.31134
            -1.30868
            -1.30607
            -1.30356
            -1.30116
            -1.29891
            -1.29683
            -1.29495
            -1.29328
            -1.29183
            -1.29062
            -1.28966
            -1.28895
            -1.28847
            -1.28822
            -1.28819
            -1.28837
            -1.28874
            -1.28925
            -1.28992
            -1.29068
            -1.29152
            -1.29242
            -1.29333
            -1.29425
            -1.29513
            -1.29596
            -1.29672
            -1.29736
            -1.29792
            -1.29836
            -1.29865
            -1.29881
            -1.29882
            -1.29866
            -1.29834
            -1.29785
            -1.29721
            -1.29638
            -1.29538
            -1.29422
            -1.29289
            -1.29137
            -1.28971
            -1.28788
            -1.28588
            -1.28373
            -1.28141
            -1.27893
            -1.27628
            -1.27349
            -1.27055
            -1.26744
            -1.26419
            -1.26079
            -1.25723
            -1.25354
            -1.24969
             -1.2457
             -1.2416
            -1.23735
            -1.23299
            -1.22853
            -1.22395
            -1.21929
            -1.21456
            -1.20977
            -1.20493
            -1.20006
            -1.19519
            -1.19033
             -1.1855
            -1.18073
            -1.17606
            -1.17147
            -1.16702
             -1.1627
            -1.15856
            -1.15461
            -1.15085
            -1.14731
              -1.144
            -1.14092
            -1.13808
            -1.13548
            -1.13312
            -1.13099
             -1.1291
            -1.12743
            -1.12596
             -1.1247
            -1.12362
            -1.12271
            -1.12195
            -1.12134
            -1.12084
            -1.12047
            -1.12019
               -1.12
            -1.11988
            -1.11985
            -1.11988
            -1.11996
            -1.12011
            -1.12031
            -1.12057
            -1.12089
            -1.12128
            -1.12173
            -1.12227
            -1.12288
            -1.12358
            -1.12437
            -1.12526
            -1.12626
            -1.12736
            -1.12858
            -1.12992
            -1.13138
            -1.13297
            -1.13468
            -1.13651
            -1.13847
            -1.14054
            -1.14272
            -1.14501
             -1.1474
            -1.14986
            -1.15242
            -1.15504
            -1.15771
            -1.16043
            -1.16318
            -1.16594
            -1.16871
            -1.17146
            -1.17419
            -1.17688
            -1.17952
             -1.1821
             -1.1846
            -1.18702
            -1.18935
            -1.19157
            -1.19369
            -1.19568
            -1.19755
            -1.19928
            -1.20088
            -1.20233
            -1.20363
            -1.20479
            -1.20579
            -1.20665
            -1.20734
            -1.20789
            -1.20827
             -1.2085
            -1.20857
            -1.20848
            -1.20823
            -1.20782
            -1.20726
            -1.20654
            -1.20566
            -1.20463
            -1.20344
             -1.2021
             -1.2006
            -1.19894
            -1.19712
            -1.19516
            -1.19303
            -1.19075
            -1.18832
            -1.18574
            -1.18301
            -1.18014
            -1.17714
              -1.174
            -1.17073
            -1.16736
            -1.16388
            -1.16029
            -1.15664
            -1.15292
            -1.14914
            -1.14532
            -1.14149
            -1.13766
            -1.13383
            -1.13004
            -1.12631
            -1.12263
            -1.11902
            -1.11552
             -1.1121
             -1.1088
            -1.10561
            -1.10252
            -1.09956
            -1.09671
            -1.09397
            -1.09134
             -1.0888
            -1.08634
            -1.08396
            -1.08165
            -1.07941
            -1.07722
            -1.07508
            -1.07302
            -1.07102
            -1.06909
            -1.06727
            -1.06555
            -1.06398
            -1.06257
            -1.06136
             -1.0604
            -1.05971
            -1.05932
            -1.05926
            -1.05958
            -1.06029
            -1.06142
            -1.06298
            -1.06497
             -1.0674
            -1.07023
            -1.07347
            -1.07708
            -1.08102
            -1.08526
            -1.08975
            -1.09444
            -1.09929
            -1.10424
            -1.10925
            -1.11425
            -1.11922
            -1.12412
             -1.1289
            -1.13353
            -1.13799
            -1.14224
            -1.14626
            -1.15004
            -1.15357
            -1.15684
            -1.15983
            -1.16255
              -1.165
            -1.16716
            -1.16905
            -1.17066
            -1.17201
            -1.17308
             -1.1739
            -1.17445
            -1.17475
            -1.17481
            -1.17463
             -1.1742
            -1.17356
            -1.17268
            -1.17158
            -1.17026
            -1.16872
            -1.16698
            -1.16504
            -1.16291
            -1.16059
            -1.15809
            -1.15542
            -1.15259
             -1.1496
            -1.14647
            -1.14322
            -1.13985
            -1.13638
            -1.13283
             -1.1292
            -1.12553
            -1.12184
            -1.11813
            -1.11443
            -1.11076
            -1.10715
            -1.10361
            -1.10015
            -1.09681
            -1.09361
            -1.09056
            -1.08766
            -1.08495
            -1.08244
            -1.08012
            -1.07801
            -1.07612
            -1.07444
            -1.07297
            -1.07172
            -1.07068
            -1.06984
            -1.06919
            -1.06874
            -1.06846
            -1.06834
            -1.06837
            -1.06852
             -1.0688
            -1.06918
            -1.06964
            -1.07016
            -1.07076
            -1.07139
            -1.07206
            -1.07275
            -1.07343
            -1.07412
             -1.0748
            -1.07547
            -1.07613
            -1.07677
            -1.07741
            -1.07804
            -1.07866
            -1.07928
             -1.0799
            -1.08052
            -1.08116
            -1.08183
             -1.0825
            -1.08322
            -1.08399
            -1.08478
            -1.08561
             -1.0865
            -1.08743
            -1.08841
            -1.08943
            -1.09051
            -1.09163
             -1.0928
            -1.09401
            -1.09525
            -1.09654
            -1.09785
             -1.0992
            -1.10057
            -1.10195
            -1.10336
            -1.10478
            -1.10621
            -1.10765
             -1.1091
            -1.11056
              -1.112
            -1.11346
            -1.11491
            -1.11636
            -1.11778
            -1.11921
            -1.12063
            -1.12202
             -1.1234
            -1.12476
            -1.12609
             -1.1274
            -1.12869
            -1.12995
            -1.13117
            -1.13235
            -1.13351
            -1.13462
             -1.1357
            -1.13672
            -1.13769
            -1.13861
            -1.13949
            -1.14031
            -1.14106
            -1.14176
            -1.14239
            -1.14296
            -1.14344
            -1.14386
             -1.1442
            -1.14446
            -1.14464
            -1.14473
            -1.14474
            -1.14465
            -1.14448
            -1.14422
            -1.14386
            -1.14341
            -1.14287
            -1.14223
            -1.14149
            -1.14066
            -1.13974
            -1.13873
            -1.13762
            -1.13642
            -1.13512
            -1.13374
            -1.13229
            -1.13074
            -1.12913
            -1.12743
            -1.12567
            -1.12385
            -1.12196
            -1.12002
            -1.11803
              -1.116
            -1.11393
            -1.11183
            -1.10971
            -1.10757
            -1.10541
            -1.10325
            -1.10108
            -1.09892
            -1.09677
            -1.09463
            -1.09251
            -1.09041
            -1.08834
            -1.08629
            -1.08426
            -1.08229
            -1.08034
            -1.07843
            -1.07656
            -1.07472
            -1.07292
            -1.07115
            -1.06942
            -1.06773
            -1.06606
            -1.06444
            -1.06284
            -1.06128
            -1.05974
            -1.05823
            -1.05676
             -1.0553
            -1.05387
            -1.05246
            -1.05106
            -1.04969
            -1.04833
            -1.04699
            -1.04565
            -1.04434
            -1.04304
            -1.04176
            -1.04049
            -1.03923
            -1.03799
            -1.03676
            -1.03556
            -1.03436
             -1.0332
            -1.03204
            -1.03091
             -1.0298
             -1.0287
            -1.02763
             -1.0266
            -1.02558
            -1.02458
            -1.02362
            -1.02269
            -1.02179
            -1.02093
             -1.0201
            -1.01931
            -1.01855
            -1.01784
            -1.01717
            -1.01655
            -1.01597
            -1.01543
            -1.01495
            -1.01451
            -1.01413
             -1.0138
            -1.01352
            -1.01331
            -1.01315
            -1.01305
            -1.01301
            -1.01303
            -1.01313
            -1.01329
            -1.01352
            -1.01383
            -1.01421
            -1.01467
            -1.01521
            -1.01583
            -1.01654
            -1.01734
            -1.01822
            -1.01919
            -1.02025
            -1.02139
            -1.02263
            -1.02394
            -1.02533
             -1.0268
            -1.02835
            -1.02995
            -1.03163
            -1.03336
            -1.03514
            -1.03694
            -1.03878
            -1.04063
            -1.04248
            -1.04433
            -1.04616
            -1.04794
            -1.04969
            -1.05138
            -1.05299
            -1.05452
            -1.05596
            -1.05727
            -1.05848
            -1.05956
            -1.06049
            -1.06127
             -1.0619
            -1.06237
            -1.06268
            -1.06284
            -1.06284
            -1.06268
            -1.06239
            -1.06197
            -1.06143
            -1.06079
            -1.06008
             -1.0593
            -1.05849
            -1.05768
            -1.05689
            -1.05614
            -1.05546
            -1.05488
            -1.05443
            -1.05412
            -1.05396
            -1.05397
            -1.05417
            -1.05453
            -1.05509
            -1.05581
            -1.05669
             -1.0577
            -1.05885
             -1.0601
            -1.06143
            -1.06282
            -1.06425
            -1.06568
             -1.0671
            -1.06849
            -1.06983
            -1.07111
            -1.07231
            -1.07343
            -1.07444
            -1.07534
            -1.07614
            -1.07682
            -1.07741
            -1.07788
            -1.07825
            -1.07852
             -1.0787
             -1.0788
             -1.0788
            -1.07873
            -1.07858
            -1.07836
            -1.07807
            -1.07772
            -1.07731
            -1.07685
            -1.07633
            -1.07578
            -1.07518
            -1.07454
            -1.07388
            -1.07319
            -1.07246
            -1.07172
            -1.07097
             -1.0702
            -1.06943
            -1.06866
             -1.0679
            -1.06714
             -1.0664
            -1.06569
            -1.06501
            -1.06436
            -1.06376
             -1.0632
            -1.06269
            -1.06223
            -1.06183
            -1.06148
            -1.06121
            -1.06099
            -1.06084
            -1.06075
            -1.06073
            -1.06078
            -1.06088
            -1.06104
            -1.06126
            -1.06154
            -1.06187
            -1.06225
            -1.06267
            -1.06312
             -1.0636
            -1.06409
            -1.06463
            -1.06517
            -1.06572
            -1.06628
            -1.06683
            -1.06737
             -1.0679
             -1.0684
            -1.06888
            -1.06932
            -1.06975
            -1.07013
            -1.07048
             -1.0708
            -1.07105
            -1.07126
            -1.07142
            -1.07154
            -1.07159
            -1.07158
            -1.07152
             -1.0714
            -1.07122
            -1.07097
            -1.07067
            -1.07029
            -1.06985
            -1.06935
            -1.06879
            -1.06816
            -1.06746
            -1.06669
            -1.06585
            -1.06496
            -1.06399
            -1.06296
            -1.06185
            -1.06067
            -1.05944
            -1.05814
            -1.05676
            -1.05531
            -1.05379
             -1.0522
            -1.05054
            -1.04881
            -1.04701
            -1.04515
            -1.04323
            -1.04122
            -1.03915
            -1.03702
            -1.03482
            -1.03256
            -1.03023
            -1.02783
            -1.02538
            -1.02286
            -1.02028
            -1.01764
            -1.01496
            -1.01222
            -1.00942
            -1.00658
             -1.0037
            -1.00078
           -0.997808
           -0.994805
           -0.991775
           -0.988724
           -0.985651
           -0.982561
           -0.979462
           -0.976347
           -0.973239
           -0.970136
           -0.967044
           -0.963974
           -0.960925
           -0.957914
           -0.954942
           -0.952023
           -0.949164
           -0.946371
           -0.943655
           -0.941021
           -0.938478
            -0.93604
           -0.933709
           -0.931505
           -0.929427
           -0.927483
           -0.925676
           -0.924016
            -0.92251
            -0.92116
           -0.919963
           -0.918927
           -0.918061
           -0.917362
           -0.916821
           -0.916447
           -0.916225
           -0.916149
           -0.916233
           -0.916453
           -0.916806
           -0.917289
           -0.917889
           -0.918607
           -0.919417
           -0.920319
           -0.921312
           -0.922361
           -0.923477
           -0.924645
           -0.925853
            -0.92709
           -0.928348
           -0.929613
           -0.930882
           -0.932149
           -0.933401
            -0.93464
           -0.935858
           -0.937045
           -0.938205
           -0.939327
           -0.940413
           -0.941461
           -0.942465
           -0.943422
           -0.944346
           -0.945231
           -0.946072
           -0.946884
           -0.947658
           -0.948392
           -0.949091
           -0.949766
           -0.950411
           -0.951033
           -0.951633
            -0.95221
           -0.952768
            -0.95331
           -0.953838
           -0.954356
           -0.954866
           -0.955368
           -0.955855
           -0.956335
           -0.956804
           -0.957261
           -0.957699
           -0.958125
            -0.95854
           -0.958937
           -0.959313
           -0.959662
           -0.959987
           -0.960282
           -0.960536
           -0.960748
           -0.960916
            -0.96103
           -0.961091
           -0.961086
           -0.961015
           -0.960867
           -0.960635
           -0.960318
           -0.959909
           -0.959399
           -0.958784
           -0.958053
           -0.957212
           -0.956253
           -0.955175
           -0.953966
           -0.952639
           -0.951177
           -0.949594
           -0.947884
           -0.946061
           -0.944119
           -0.942069
           -0.939926
           -0.937692
           -0.935388
           -0.933031
            -0.93064
           -0.928229
           -0.925826
           -0.923455
            -0.92115
           -0.918925
           -0.916808
           -0.914821
           -0.912998
           -0.911353
           -0.909917
           -0.908694
           -0.907705
           -0.906953
           -0.906451
            -0.90619
           -0.906177
           -0.906403
           -0.906854
           -0.907516
           -0.908368
           -0.909393
           -0.910572
           -0.911874
           -0.913291
           -0.914786
           -0.916336
           -0.917935
           -0.919554
           -0.921171
            -0.92278
           -0.924358
             -0.9259
           -0.927381
           -0.928807
           -0.930171
           -0.931462
           -0.932673
           -0.933799
           -0.934851
           -0.935813
           -0.936699
           -0.937498
           -0.938214
           -0.938847
           -0.939408
           -0.939893
           -0.940303
            -0.94065
            -0.94093
           -0.941135
           -0.941286
           -0.941378
           -0.941418
           -0.941404
           -0.941337
           -0.941216
           -0.941057
           -0.940855
           -0.940619
            -0.94034
           -0.940032
           -0.939689
           -0.939324
           -0.938932
           -0.938515
            -0.93808
           -0.937622
           -0.937148
           -0.936662
           -0.936163
           -0.935642
           -0.935112
            -0.93457
            -0.93403
           -0.933476
           -0.932919
           -0.932353
           -0.931786
           -0.931207
           -0.930628
           -0.930037
           -0.929439
           -0.928843
           -0.928239
           -0.927637
           -0.927019
             -0.9264
           -0.925778
           -0.925139
           -0.924496
           -0.923851
            -0.92319
           -0.922512
            -0.92183
           -0.921134
           -0.920422
           -0.919701
           -0.918961
           -0.918212
           -0.917451
           -0.916666
           -0.915862
           -0.915037
           -0.914197
           -0.913345
           -0.912468
           -0.911578
           -0.910679
           -0.909765
           -0.908835
            -0.90789
           -0.906935
           -0.905956
           -0.904982
           -0.903997
           -0.902999
           -0.902002
           -0.900998
           -0.899995
           -0.898994
           -0.897995
           -0.896997
           -0.896006
           -0.895022
           -0.894041
           -0.893067
           -0.892093
           -0.891125
           -0.890157
           -0.889186
           -0.888214
           -0.887219
           -0.886214
            -0.88518
           -0.884118
           -0.883013
           -0.881856
           -0.880643
           -0.879368
           -0.878014
           -0.876569
           -0.875022
           -0.873366
           -0.871595
           -0.869697
            -0.86769
           -0.865556
           -0.863301
           -0.860937
           -0.858471
           -0.855919
           -0.853307
           -0.850647
           -0.847981
           -0.845335
           -0.842757
           -0.840275
           -0.837945
           -0.835787
           -0.833863
             -0.8322
           -0.830836
           -0.829791
           -0.829089
           -0.828737
           -0.828717
           -0.829049
           -0.829704
           -0.830652
           -0.831867
             -0.8333
           -0.834907
           -0.836647
           -0.838465
           -0.840309
           -0.842134
           -0.843903
           -0.845565
           -0.847091
           -0.848447
           -0.849607
           -0.850554
           -0.851268
           -0.851738
           -0.851967
           -0.851957
           -0.851707
           -0.851215
           -0.850518
           -0.849611
           -0.848512
           -0.847245
           -0.845827
           -0.844273
           -0.842611
           -0.840863
           -0.839043
            -0.83717
           -0.835269
            -0.83335
           -0.831427
           -0.829503
           -0.827604
           -0.825723
           -0.823866
            -0.82203
           -0.820208
           -0.818405
           -0.816607
            -0.81481
           -0.813006
           -0.811179
           -0.809319
           -0.807425
             -0.8055
           -0.803531
           -0.801527
           -0.799487
           -0.797423
           -0.795354
             -0.7933
           -0.791286
            -0.78934
           -0.787501
           -0.785803
           -0.784282
           -0.782995
           -0.781987
            -0.78128
            -0.78093
            -0.78096
           -0.781406
           -0.782287
           -0.783619
           -0.785413
           -0.787666
           -0.790361
           -0.793491
           -0.797027
           -0.800937
           -0.805179
           -0.809716
           -0.814491
           -0.819454
           -0.824562
           -0.829764
           -0.835011
           -0.840248
            -0.84544
           -0.850555
           -0.855548
           -0.860396
           -0.865065
           -0.869535
           -0.873788
           -0.877811
           -0.881592
           -0.885124
           -0.888398
           -0.891421
            -0.89419
            -0.89671
           -0.898985
            -0.90101
           -0.902795
            -0.90435
           -0.905675
           -0.906783
           -0.907675
           -0.908363
           -0.908856
           -0.909159
           -0.909272
           -0.909207
           -0.908968
           -0.908561
            -0.90798
            -0.90725
           -0.906359
           -0.905314
           -0.904113
           -0.902768
           -0.901278
           -0.899646
           -0.897869
           -0.895957
           -0.893912
           -0.891735
            -0.88943
           -0.886996
           -0.884437
            -0.88176
           -0.878973
           -0.876077
           -0.873078
           -0.869983
           -0.866807
            -0.86355
           -0.860221
           -0.856842
           -0.853424
            -0.84998
           -0.846519
           -0.843063
           -0.839626
           -0.836231
           -0.832893
           -0.829617
           -0.826431
           -0.823352
           -0.820394
           -0.817577
           -0.814914
           -0.812421
           -0.810101
           -0.807971
           -0.806029
           -0.804289
           -0.802749
           -0.801409
           -0.800272
           -0.799329
           -0.798582
           -0.798023
           -0.797646
           -0.797439
           -0.797401
           -0.797521
           -0.797784
           -0.798179
           -0.798695
            -0.79932
           -0.800061
           -0.800892
           -0.801806
           -0.802789
           -0.803835
           -0.804932
            -0.80607
           -0.807229
           -0.808407
           -0.809579
           -0.810749
           -0.811895
           -0.813004
           -0.814065
           -0.815068
           -0.815999
            -0.81684
            -0.81759
           -0.818231
           -0.818762
           -0.819162
           -0.819423
           -0.819548
           -0.819523
           -0.819348
           -0.819028
            -0.81856
           -0.817942
           -0.817183
           -0.816288
           -0.815271
           -0.814143
           -0.812923
           -0.811625
           -0.810266
           -0.808868
           -0.807452
           -0.806052
           -0.804688
            -0.80338
           -0.802157
           -0.801041
           -0.800054
           -0.799218
           -0.798551
           -0.798063
           -0.797763
            -0.79766
           -0.797757
           -0.798052
           -0.798546
            -0.79922
           -0.800069
           -0.801074
           -0.802225
           -0.803502
           -0.804882
           -0.806347
           -0.807882
           -0.809464
           -0.811077
           -0.812697
           -0.814316
           -0.815925
           -0.817495
           -0.819026
           -0.820504
           -0.821924
           -0.823276
           -0.824564
            -0.82578
           -0.826921
           -0.827987
           -0.828983
           -0.829898
           -0.830736
           -0.831504
           -0.832205
           -0.832842
           -0.833419
           -0.833933
           -0.834384
            -0.83478
           -0.835119
           -0.835403
            -0.83563
            -0.83581
           -0.835937
           -0.836021
            -0.83605
           -0.836031
           -0.835955
           -0.835826
           -0.835638
           -0.835387
           -0.835063
            -0.83467
           -0.834198
           -0.833641
           -0.832978
           -0.832208
           -0.831325
           -0.830314
           -0.829169
            -0.82787
           -0.826401
           -0.824758
           -0.822922
           -0.820879
           -0.818619
           -0.816133
           -0.813402
           -0.810421
            -0.80719
           -0.803708
           -0.799972
           -0.795997
           -0.791792
           -0.787389
           -0.782813
           -0.778109
           -0.773322
           -0.768521
           -0.763769
           -0.759143
           -0.754726
           -0.750609
           -0.746865
           -0.743593
           -0.740857
           -0.738735
           -0.737271
           -0.736499
           -0.736438
           -0.737096
           -0.738443
           -0.740449
           -0.743038
           -0.746163
           -0.749741
           -0.753685
           -0.757911
           -0.762331
            -0.76687
           -0.771457
           -0.776021
           -0.780507
           -0.784864
           -0.789061
           -0.793063
           -0.796848
           -0.800402
           -0.803726
            -0.80681
           -0.809664
           -0.812287
           -0.814685
           -0.816877
           -0.818873
           -0.820686
           -0.822317
            -0.82379
           -0.825109
           -0.826288
           -0.827338
           -0.828265
           -0.829085
           -0.829797
           -0.830413
           -0.830931
           -0.831367
           -0.831717
           -0.831983
           -0.832168
           -0.832268
           -0.832294
           -0.832237
           -0.832098
           -0.831881
           -0.831588
           -0.831205
            -0.83074
           -0.830187
           -0.829559
           -0.828838
            -0.82803
           -0.827137
           -0.826146
           -0.825076
            -0.82392
           -0.822679
           -0.821354
           -0.819947
            -0.81846
           -0.816895
           -0.815261
           -0.813562
           -0.811798
           -0.809981
            -0.80812
           -0.806211
           -0.804275
           -0.802319
           -0.800348
           -0.798373
           -0.796402
           -0.794458
           -0.792543
           -0.790673
           -0.788854
             -0.7871
           -0.785423
           -0.783835
           -0.782341
           -0.780946
           -0.779661
           -0.778492
           -0.777445
           -0.776523
           -0.775728
           -0.775063
           -0.774522
           -0.774108
           -0.773814
           -0.773641
           -0.773574
           -0.773613
           -0.773741
           -0.773954
           -0.774248
           -0.774609
           -0.775026
           -0.775499
           -0.776008
           -0.776549
           -0.777115
           -0.777701
           -0.778291
           -0.778884
            -0.77949
           -0.780088
            -0.78068
           -0.781271
           -0.781855
           -0.782433
           -0.783015
           -0.783603
           -0.784195
           -0.784808
           -0.785426
           -0.786073
           -0.786737
           -0.787438
           -0.788171
           -0.788942
           -0.789743
           -0.790602
           -0.791499
           -0.792444
           -0.793432
           -0.794466
           -0.795549
           -0.796672
           -0.797834
           -0.799028
           -0.800246
           -0.801492
           -0.802754
           -0.804024
           -0.805295
            -0.80657
           -0.807829
           -0.809075
           -0.810298
           -0.811495
           -0.812656
           -0.813773
           -0.814845
            -0.81587
           -0.816838
           -0.817748
           -0.818597
           -0.819375
           -0.820087
           -0.820722
           -0.821291
           -0.821784
           -0.822208
           -0.822557
            -0.82283
           -0.823029
           -0.823148
           -0.823195
           -0.823173
           -0.823078
           -0.822911
           -0.822677
           -0.822379
           -0.822016
           -0.821593
           -0.821106
           -0.820561
           -0.819958
           -0.819309
           -0.818602
            -0.81785
           -0.817054
           -0.816213
           -0.815333
           -0.814422
           -0.813478
           -0.812506
           -0.811511
           -0.810493
           -0.809467
           -0.808423
           -0.807372
           -0.806319
           -0.805266
           -0.804221
           -0.803182
           -0.802155
           -0.801144
           -0.800149
           -0.799187
           -0.798249
           -0.797348
            -0.79648
           -0.795654
           -0.794873
            -0.79414
           -0.793457
           -0.792827
           -0.792254
           -0.791739
            -0.79128
           -0.790884
           -0.790539
           -0.790269
           -0.790054
           -0.789903
           -0.789817
           -0.789791
           -0.789824
           -0.789911
            -0.79005
           -0.790247
           -0.790493
           -0.790787
           -0.791128
           -0.791511
           -0.791925
           -0.792375
           -0.792855
           -0.793353
           -0.793866
           -0.794397
           -0.794934
           -0.795466
              -0.796
           -0.796531
           -0.797051
           -0.797554
           -0.798037
           -0.798491
           -0.798921
           -0.799314
            -0.79966
           -0.799974
           -0.800241
            -0.80046
           -0.800633
           -0.800751
           -0.800809
           -0.800812
           -0.800761
            -0.80065
           -0.800484
           -0.800262
           -0.799979
           -0.799643
           -0.799258
           -0.798816
           -0.798329
           -0.797799
           -0.797225
           -0.796619
           -0.795983
            -0.79533
           -0.794657
           -0.793977
           -0.793294
           -0.792616
            -0.79195
           -0.791304
            -0.79068
           -0.790096
           -0.789551
           -0.789049
           -0.788601
           -0.788209
            -0.78788
           -0.787613
           -0.787405
           -0.787264
           -0.787186
            -0.78717
           -0.787211
           -0.787307
           -0.787445
           -0.787625
           -0.787833
           -0.788062
           -0.788305
            -0.78854
           -0.788767
           -0.788965
           -0.789117
           -0.789212
           -0.789236
           -0.789168
           -0.789001
           -0.788715
           -0.788293
            -0.78771
           -0.786963
           -0.786028
           -0.784892
           -0.783543
           -0.781959
           -0.780132
           -0.778047
           -0.775688
           -0.773057
           -0.770138
           -0.766924
           -0.763418
           -0.759621
           -0.755538
           -0.751179
           -0.746549
           -0.741679
           -0.736598
           -0.731324
            -0.72591
           -0.720395
           -0.714832
           -0.709273
            -0.70377
           -0.698402
           -0.693224
           -0.688306
           -0.683709
           -0.679502
           -0.675733
           -0.672461
           -0.669723
           -0.667552
           -0.665977
              -0.665
           -0.664627
            -0.66485
           -0.665643
           -0.666992
           -0.668861
           -0.671205
           -0.673981
           -0.677153
           -0.680662
           -0.684459
           -0.688498
           -0.692734
           -0.697114
           -0.701607
            -0.70617
           -0.710772
           -0.715373
           -0.719952
           -0.724471
           -0.728915
           -0.733261
           -0.737501
           -0.741617
             -0.7456
           -0.749436
           -0.753126
           -0.756657
           -0.760028
           -0.763247
           -0.766301
           -0.769198
           -0.771943
            -0.77453
           -0.776977
           -0.779274
           -0.781428
           -0.783456
           -0.785344
           -0.787111
           -0.788752
           -0.790283
           -0.791702
           -0.793022
           -0.794239
           -0.795371
           -0.796407
           -0.797358
           -0.798227
           -0.799022
           -0.799745
           -0.800399
           -0.800985
           -0.801507
           -0.801972
           -0.802385
           -0.802744
           -0.803044
           -0.803301
           -0.803508
           -0.803665
           -0.803786
           -0.803867
           -0.803907
           -0.803907
           -0.803869
           -0.803806
           -0.803709
           -0.803587
           -0.803438
           -0.803262
           -0.803062
           -0.802842
           -0.802605
           -0.802343
           -0.802069
           -0.801792
           -0.801503
           -0.801204
             -0.8009
           -0.800596
           -0.800285
            -0.79998
           -0.799677
           -0.799375
            -0.79908
           -0.798795
           -0.798513
           -0.798239
           -0.797969
           -0.797714
            -0.79747
           -0.797229
           -0.796995
           -0.796762
           -0.796538
           -0.796321
           -0.796103
           -0.795883
           -0.795659
           -0.795426
           -0.795185
           -0.794927
           -0.794655
           -0.794365
           -0.794051
            -0.79371
           -0.793344
           -0.792938
           -0.792499
           -0.792017
           -0.791489
           -0.790917
           -0.790297
           -0.789621
           -0.788895
           -0.788107
           -0.787253
           -0.786332
           -0.785353
           -0.784304
            -0.78319
           -0.782007
           -0.780746
           -0.779422
            -0.77803
           -0.776558
           -0.775026
           -0.773426
           -0.771756
           -0.770021
            -0.76822
           -0.766363
           -0.764445
           -0.762478
           -0.760464
           -0.758403
           -0.756308
           -0.754172
           -0.752009
            -0.74982
           -0.747621
           -0.745417
           -0.743215
           -0.741016
           -0.738833
           -0.736678
            -0.73455
            -0.73246
           -0.730414
           -0.728417
           -0.726481
           -0.724614
           -0.722816
           -0.721094
           -0.719449
           -0.717889
           -0.716414
           -0.715025
           -0.713728
            -0.71251
           -0.711371
           -0.710318
           -0.709345
           -0.708443
           -0.707608
           -0.706842
           -0.706121
           -0.705447
           -0.704808
           -0.704195
           -0.703604
           -0.703026
           -0.702439
           -0.701852
           -0.701248
           -0.700622
           -0.699963
           -0.699267
           -0.698523
           -0.697726
           -0.696872
           -0.695964
           -0.694997
           -0.693949
            -0.69285
           -0.691689
           -0.690464
            -0.68918
           -0.687848
            -0.68647
           -0.685051
           -0.683599
           -0.682116
           -0.680621
            -0.67912
           -0.677619
           -0.676133
           -0.674672
           -0.673245
           -0.671871
           -0.670554
           -0.669304
           -0.668138
           -0.667065
           -0.666085
           -0.665222
           -0.664477
           -0.663852
           -0.663363
           -0.663007
           -0.662786
           -0.662706
           -0.662776
           -0.662993
           -0.663356
           -0.663858
           -0.664504
           -0.665289
             -0.6662
           -0.667233
           -0.668388
           -0.669651
           -0.671016
           -0.672477
           -0.674025
            -0.67565
           -0.677344
            -0.67909
           -0.680886
           -0.682718
           -0.684579
           -0.686458
            -0.68835
            -0.69024
            -0.69212
           -0.693989
            -0.69583
            -0.69764
           -0.699426
           -0.701171
           -0.702871
           -0.704524
           -0.706133
           -0.707688
           -0.709185
           -0.710625
           -0.712009
           -0.713339
           -0.714609
           -0.715818
           -0.716974
           -0.718069
           -0.719111
           -0.720108
           -0.721049
           -0.721938
           -0.722781
           -0.723579
           -0.724332
           -0.725049
           -0.725718
           -0.726351
           -0.726948
           -0.727511
           -0.728044
           -0.728543
           -0.729016
           -0.729455
           -0.729868
           -0.730253
           -0.730609
           -0.730934
           -0.731237
           -0.731512
           -0.731764
           -0.731979
           -0.732162
           -0.732322
           -0.732441
           -0.732532
           -0.732589
           -0.732609
           -0.732584
           -0.732518
           -0.732408
           -0.732253
           -0.732052
           -0.731797
           -0.731487
           -0.731115
           -0.730682
           -0.730192
           -0.729637
           -0.729014
           -0.728322
           -0.727555
           -0.726712
           -0.725789
           -0.724783
           -0.723698
            -0.72253
           -0.721279
           -0.719944
           -0.718527
           -0.717015
           -0.715423
           -0.713754
           -0.712006
           -0.710177
           -0.708272
           -0.706299
            -0.70426
           -0.702161
            -0.70001
           -0.697819
           -0.695589
           -0.693328
           -0.691059
           -0.688788
           -0.686522
            -0.68427
           -0.682056
           -0.679886
           -0.677772
           -0.675736
           -0.673777
           -0.671914
           -0.670162
           -0.668522
           -0.667022
           -0.665661
           -0.664444
           -0.663384
            -0.66248
           -0.661738
           -0.661165
           -0.660759
           -0.660515
           -0.660439
           -0.660521
           -0.660764
           -0.661158
           -0.661691
           -0.662361
           -0.663158
           -0.664069
           -0.665093
           -0.666223
           -0.667434
           -0.668729
           -0.670093
           -0.671515
           -0.672984
           -0.674504
           -0.676043
           -0.677602
            -0.67918
           -0.680763
           -0.682342
           -0.683908
           -0.685461
           -0.686985
           -0.688473
           -0.689937
           -0.691357
           -0.692725
           -0.694044
           -0.695305
           -0.696509
           -0.697652
           -0.698723
           -0.699727
           -0.700658
           -0.701512
           -0.702288
           -0.702982
           -0.703592
           -0.704115
           -0.704546
           -0.704885
           -0.705134
           -0.705283
           -0.705323
           -0.705263
           -0.705097
           -0.704815
           -0.704422
           -0.703899
           -0.703253
           -0.702471
           -0.701554
           -0.700484
           -0.699264
           -0.697881
           -0.696326
            -0.69458
           -0.692647
           -0.690513
           -0.688163
           -0.685596
           -0.682801
           -0.679766
           -0.676483
            -0.67295
           -0.669171
           -0.665125
            -0.66083
           -0.656296
           -0.651535
           -0.646572
           -0.641436
           -0.636165
           -0.630804
            -0.62541
           -0.620043
           -0.614781
           -0.609694
           -0.604879
           -0.600403
           -0.596361
            -0.59282
            -0.58986
           -0.587542
           -0.585904
           -0.584972
           -0.584764
           -0.585268
           -0.586452
           -0.588281
           -0.590685
           -0.593603
            -0.59695
           -0.600646
           -0.604618
           -0.608753
           -0.613002
           -0.617282
           -0.621518
           -0.625669
           -0.629681
           -0.633513
           -0.637133
           -0.640519
           -0.643654
           -0.646523
           -0.649116
           -0.651448
             -0.6535
           -0.655284
           -0.656803
           -0.658067
           -0.659084
           -0.659859
           -0.660418
           -0.660759
           -0.660892
           -0.660833
           -0.660591
           -0.660182
           -0.659615
           -0.658898
            -0.65805
            -0.65708
           -0.656004
           -0.654822
           -0.653553
           -0.652217
           -0.650818
           -0.649372
           -0.647885
           -0.646374
           -0.644846
           -0.643323
           -0.641804
           -0.640312
           -0.638845
           -0.637411
           -0.636031
           -0.634705
           -0.633443
           -0.632246
           -0.631127
           -0.630085
           -0.629116
            -0.62824
           -0.627454
           -0.626752
            -0.62614
             -0.6256
           -0.625148
           -0.624777
           -0.624478
           -0.624247
           -0.624085
            -0.62398
           -0.623931
           -0.623935
           -0.623983
           -0.624069
           -0.624183
           -0.624324
           -0.624484
           -0.624667
           -0.624859
           -0.625058
           -0.625265
           -0.625475
           -0.625679
           -0.625889
           -0.626093
           -0.626293
            -0.62649
           -0.626676
            -0.62686
           -0.627037
           -0.627215
           -0.627391
           -0.627561
           -0.627731
           -0.627902
           -0.628068
           -0.628236
           -0.628409
           -0.628584
           -0.628762
           -0.628945
           -0.629136
           -0.629335
           -0.629538
           -0.629733
           -0.629931
           -0.630135
           -0.630341
           -0.630549
           -0.630754
           -0.630959
           -0.631163
           -0.631358
           -0.631545
           -0.631728
             -0.6319
           -0.632064
           -0.632223
           -0.632377
           -0.632512
           -0.632632
           -0.632745
           -0.632849
           -0.632938
           -0.633017
           -0.633081
           -0.633137
           -0.633178
           -0.633211
           -0.633238
           -0.633255
           -0.633264
           -0.633265
           -0.633267
           -0.633254
           -0.633232
           -0.633208
           -0.633176
           -0.633138
           -0.633094
           -0.633043
           -0.632985
           -0.632917
           -0.632841
           -0.632766
           -0.632674
           -0.632572
           -0.632459
           -0.632332
           -0.632194
           -0.632043
           -0.631878
           -0.631701
           -0.631507
           -0.631298
           -0.631076
           -0.630834
           -0.630578
           -0.630306
           -0.630023
           -0.629728
            -0.62942
           -0.629107
           -0.628788
           -0.628462
           -0.628127
           -0.627798
           -0.627463
           -0.627123
           -0.626792
           -0.626463
           -0.626136
           -0.625816
           -0.625499
           -0.625198
           -0.624904
           -0.624621
           -0.624342
           -0.624078
           -0.623823
           -0.623582
           -0.623353
           -0.623131
           -0.622923
           -0.622722
           -0.622522
            -0.62233
           -0.622137
           -0.621948
           -0.621753
           -0.621566
           -0.621366
           -0.621157
           -0.620933
           -0.620705
            -0.62045
           -0.620183
             -0.6199
           -0.619582
            -0.61923
            -0.61885
           -0.618435
           -0.617981
           -0.617485
           -0.616948
           -0.616354
           -0.615714
           -0.615016
           -0.614268
           -0.613466
           -0.612605
            -0.61169
           -0.610713
           -0.609683
           -0.608604
           -0.607478
           -0.606313
           -0.605108
           -0.603879
           -0.602633
           -0.601386
           -0.600139
           -0.598913
           -0.597718
           -0.596577
             -0.5955
           -0.594501
           -0.593603
           -0.592828
            -0.59218
           -0.591674
           -0.591327
           -0.591148
           -0.591147
           -0.591318
           -0.591682
            -0.59223
           -0.592967
           -0.593884
           -0.594968
           -0.596217
           -0.597617
           -0.599155
           -0.600811
           -0.602576
           -0.604433
           -0.606368
            -0.60836
           -0.610385
           -0.612439
           -0.614502
           -0.616563
           -0.618605
           -0.620624
             -0.6226
           -0.624533
           -0.626405
           -0.628214
           -0.629961
           -0.631624
           -0.633213
           -0.634723
            -0.63615
           -0.637488
           -0.638741
           -0.639907
           -0.640987
           -0.641981
           -0.642894
           -0.643713
           -0.644455
           -0.645112
           -0.645685
           -0.646171
           -0.646573
           -0.646903
           -0.647142
           -0.647304
            -0.64738
           -0.647374
           -0.647293
           -0.647128
           -0.646879
           -0.646551
            -0.64614
           -0.645646
           -0.645072
           -0.644411
           -0.643672
           -0.642841
           -0.641923
           -0.640916
           -0.639827
           -0.638647
           -0.637373
            -0.63601
           -0.634561
           -0.633021
           -0.631389
           -0.629661
           -0.627837
           -0.625925
           -0.623914
           -0.621819
           -0.619634
           -0.617356
           -0.614997
           -0.612551
           -0.610019
           -0.607403
            -0.60471
           -0.601944
           -0.599105
           -0.596199
           -0.593223
           -0.590188
           -0.587088
           -0.583933
           -0.580731
           -0.577473
           -0.574178
           -0.570836
           -0.567469
           -0.564069
           -0.560637
           -0.557187
           -0.553726
            -0.55026
           -0.546786
           -0.543312
           -0.539849
           -0.536418
           -0.533021
           -0.529674
           -0.526392
           -0.523198
           -0.520105
           -0.517149
           -0.514346
            -0.51172
           -0.509316
           -0.507143
           -0.505246
            -0.50365
           -0.502384
            -0.50147
           -0.500934
           -0.500797
           -0.501066
           -0.501748
           -0.502844
           -0.504347
           -0.506242
           -0.508508
            -0.51112
           -0.514045
           -0.517255
           -0.520703
           -0.524347
            -0.52815
           -0.532067
           -0.536051
            -0.54007
           -0.544075
           -0.548044
           -0.551943
           -0.555744
           -0.559425
           -0.562958
           -0.566322
           -0.569522
           -0.572541
            -0.57537
           -0.578003
            -0.58044
            -0.58268
            -0.58472
           -0.586555
           -0.588207
           -0.589672
           -0.590953
           -0.592057
           -0.592996
           -0.593778
           -0.594401
           -0.594878
            -0.59522
           -0.595438
           -0.595536
           -0.595527
           -0.595411
           -0.595209
           -0.594932
           -0.594592
           -0.594186
           -0.593735
           -0.593247
           -0.592727
           -0.592186
           -0.591638
            -0.59109
           -0.590559
           -0.590045
           -0.589557
           -0.589101
           -0.588682
           -0.588311
           -0.587992
           -0.587717
           -0.587503
           -0.587348
           -0.587251
            -0.58721
           -0.587227
           -0.587296
           -0.587411
           -0.587571
           -0.587765
           -0.587995
           -0.588252
           -0.588537
           -0.588832
           -0.589129
           -0.589426
           -0.589724
           -0.590004
           -0.590267
           -0.590503
           -0.590709
           -0.590877
           -0.591008
           -0.591089
           -0.591118
           -0.591097
           -0.591026
           -0.590894
           -0.590706
           -0.590452
           -0.590138
            -0.58976
           -0.589322
           -0.588825
           -0.588266
           -0.587643
            -0.58696
           -0.586218
           -0.585424
           -0.584578
           -0.583677
           -0.582728
           -0.581737
           -0.580698
           -0.579622
           -0.578512
           -0.577366
            -0.57619
           -0.574981
           -0.573747
           -0.572499
           -0.571233
           -0.569954
           -0.568668
           -0.567373
           -0.566084
           -0.564793
           -0.563505
           -0.562231
           -0.560973
            -0.55973
           -0.558509
           -0.557318
           -0.556146
           -0.555004
           -0.553907
           -0.552848
           -0.551828
           -0.550852
           -0.549923
           -0.549047
           -0.548216
           -0.547433
           -0.546709
           -0.546044
           -0.545437
           -0.544883
           -0.544387
           -0.543953
           -0.543579
           -0.543265
            -0.54301
           -0.542815
           -0.542672
           -0.542586
           -0.542553
           -0.542575
           -0.542643
           -0.542758
           -0.542919
           -0.543119
            -0.54336
           -0.543636
           -0.543938
           -0.544265
           -0.544618
           -0.544993
           -0.545384
           -0.545783
           -0.546192
           -0.546601
           -0.547008
            -0.54741
           -0.547802
           -0.548183
           -0.548539
           -0.548873
           -0.549176
           -0.549443
           -0.549679
           -0.549868
           -0.550015
           -0.550118
           -0.550162
           -0.550154
           -0.550089
           -0.549963
           -0.549771
           -0.549519
           -0.549205
            -0.54882
           -0.548373
           -0.547856
           -0.547278
           -0.546638
           -0.545934
           -0.545163
           -0.544335
           -0.543462
           -0.542536
           -0.541573
            -0.54057
           -0.539533
           -0.538481
           -0.537407
           -0.536329
           -0.535262
           -0.534203
           -0.533163
            -0.53216
           -0.531201
           -0.530295
           -0.529454
           -0.528684
           -0.527997
           -0.527405
           -0.526913
           -0.526529
           -0.526256
           -0.526102
           -0.526064
           -0.526148
           -0.526354
           -0.526679
           -0.527127
           -0.527687
           -0.528358
           -0.529133
           -0.529997
           -0.530949
           -0.531972
           -0.533063
             -0.5342
           -0.535386
           -0.536599
           -0.537829
           -0.539065
           -0.540299
            -0.54152
           -0.542715
           -0.543864
           -0.544974
           -0.546027
            -0.54702
           -0.547941
            -0.54879
           -0.549553
           -0.550226
           -0.550808
           -0.551286
           -0.551664
           -0.551939
           -0.552109
           -0.552165
           -0.552112
           -0.551948
           -0.551673
           -0.551278
           -0.550775
            -0.55016
           -0.549435
             -0.5486
           -0.547659
           -0.546622
           -0.545485
           -0.544246
           -0.542918
           -0.541504
            -0.54001
           -0.538433
           -0.536793
           -0.535094
           -0.533327
           -0.531513
           -0.529655
           -0.527761
           -0.525834
           -0.523879
           -0.521914
           -0.519932
           -0.517947
           -0.515964
           -0.513994
           -0.512035
           -0.510103
           -0.508197
           -0.506318
           -0.504477
            -0.50267
           -0.500907
           -0.499192
           -0.497521
           -0.495899
           -0.494327
           -0.492812
           -0.491358
           -0.489961
           -0.488622
           -0.487347
           -0.486139
           -0.484993
           -0.483912
           -0.482899
           -0.481961
           -0.481087
           -0.480292
            -0.47957
           -0.478917
           -0.478338
            -0.47784
           -0.477412
           -0.477056
           -0.476771
           -0.476559
           -0.476417
           -0.476342
           -0.476332
           -0.476382
           -0.476497
           -0.476667
           -0.476889
            -0.47716
           -0.477477
           -0.477839
           -0.478237
           -0.478672
           -0.479135
           -0.479625
           -0.480144
           -0.480682
           -0.481239
           -0.481812
           -0.482402
           -0.482994
           -0.483595
           -0.484203
           -0.484822
           -0.485442
           -0.486072
           -0.486702
           -0.487334
           -0.487974
           -0.488612
           -0.489251
           -0.489895
           -0.490542
           -0.491194
           -0.491848
           -0.492511
           -0.493175
           -0.493845
           -0.494523
           -0.495211
             -0.4959
           -0.496593
           -0.497282
            -0.49798
           -0.498676
           -0.499379
           -0.500072
           -0.500757
           -0.501433
           -0.502104
            -0.50276
            -0.50339
           -0.504001
           -0.504586
           -0.505143
            -0.50567
           -0.506157
            -0.50661
           -0.507029
           -0.507392
           -0.507717
           -0.507984
           -0.508201
           -0.508373
           -0.508495
           -0.508566
           -0.508585
           -0.508548
           -0.508462
           -0.508327
           -0.508148
           -0.507925
           -0.507658
           -0.507356
           -0.507023
           -0.506652
           -0.506263
           -0.505851
           -0.505419
           -0.504973
           -0.504526
           -0.504075
           -0.503625
           -0.503187
           -0.502767
           -0.502361
           -0.501977
           -0.501625
           -0.501309
            -0.50103
           -0.500793
           -0.500598
            -0.50045
           -0.500356
           -0.500308
           -0.500315
           -0.500371
           -0.500485
           -0.500643
           -0.500857
           -0.501124
           -0.501432
           -0.501783
           -0.502176
           -0.502608
           -0.503078
           -0.503575
             -0.5041
           -0.504642
           -0.505211
           -0.505792
           -0.506381
           -0.506981
           -0.507585
           -0.508182
           -0.508773
           -0.509355
           -0.509928
           -0.510486
           -0.511013
           -0.511524
            -0.51201
           -0.512473
           -0.512905
           -0.513308
           -0.513677
           -0.514008
           -0.514311
           -0.514572
           -0.514797
           -0.514984
            -0.51513
           -0.515242
            -0.51531
           -0.515343
           -0.515337
           -0.515288
           -0.515202
           -0.515074
           -0.514911
           -0.514709
           -0.514463
           -0.514183
           -0.513863
           -0.513504
           -0.513103
           -0.512665
           -0.512197
           -0.511691
           -0.511146
           -0.510569
           -0.509958
           -0.509315
           -0.508634
           -0.507923
           -0.507178
           -0.506399
           -0.505596
           -0.504765
           -0.503902
           -0.503016
           -0.502104
           -0.501169
           -0.500206
           -0.499221
           -0.498212
           -0.497189
           -0.496148
           -0.495084
           -0.494011
           -0.492925
           -0.491828
           -0.490725
           -0.489617
           -0.488508
             -0.4874
           -0.486291
           -0.485192
             -0.4841
           -0.483018
           -0.481952
           -0.480906
           -0.479883
           -0.478886
           -0.477924
           -0.477001
           -0.476109
           -0.475264
           -0.474468
            -0.47372
           -0.473034
           -0.472406
           -0.471843
           -0.471343
           -0.470913
           -0.470561
           -0.470283
           -0.470086
           -0.469963
           -0.469924
           -0.469961
           -0.470093
           -0.470305
           -0.470603
           -0.470982
           -0.471443
           -0.471987
           -0.472605
           -0.473298
           -0.474058
           -0.474883
           -0.475773
            -0.47672
           -0.477719
            -0.47877
           -0.479859
           -0.480984
           -0.482136
           -0.483315
           -0.484512
           -0.485715
           -0.486921
           -0.488124
           -0.489323
           -0.490508
           -0.491673
           -0.492816
           -0.493922
           -0.494995
           -0.496026
           -0.497011
           -0.497939
           -0.498819
           -0.499638
           -0.500393
           -0.501075
           -0.501688
           -0.502224
           -0.502684
           -0.503065
           -0.503359
           -0.503574
           -0.503703
           -0.503745
           -0.503706
           -0.503583
           -0.503378
           -0.503087
           -0.502726
           -0.502286
           -0.501774
           -0.501203
           -0.500575
           -0.499891
           -0.499169
           -0.498409
           -0.497629
           -0.496833
           -0.496036
           -0.495246
           -0.494478
            -0.49374
            -0.49304
            -0.49239
           -0.491798
            -0.49128
           -0.490837
            -0.49048
           -0.490212
            -0.49004
           -0.489958
           -0.489968
           -0.490062
           -0.490237
           -0.490487
           -0.490803
            -0.49117
            -0.49158
           -0.492012
           -0.492456
           -0.492893
           -0.493305
           -0.493673
           -0.493973
           -0.494202
           -0.494331
           -0.494343
           -0.494218
           -0.493948
            -0.49351
           -0.492886
           -0.492079
           -0.491072
           -0.489847
             -0.4884
           -0.486722
           -0.484809
           -0.482665
           -0.480275
           -0.477649
           -0.474786
           -0.471701
           -0.468394
           -0.464884
           -0.461179
           -0.457295
           -0.453258
           -0.449085
           -0.444805
           -0.440431
            -0.43601
           -0.431561
           -0.427118
           -0.422703
           -0.418357
           -0.414109
           -0.409992
           -0.406026
           -0.402241
           -0.398663
           -0.395311
           -0.392201
           -0.389346
            -0.38676
           -0.384445
           -0.382409
            -0.38065
           -0.379165
           -0.377945
           -0.376975
           -0.376267
           -0.375791
           -0.375548
           -0.375516
           -0.375685
           -0.376043
           -0.376579
           -0.377275
            -0.37812
           -0.379107
           -0.380221
           -0.381456
           -0.382798
           -0.384253
           -0.385802
           -0.387436
           -0.389156
           -0.390946
           -0.392812
           -0.394739
           -0.396722
           -0.398758
            -0.40084
           -0.402962
           -0.405119
           -0.407304
           -0.409514
            -0.41174
           -0.413977
           -0.416221
           -0.418468
           -0.420709
           -0.422942
           -0.425163
           -0.427365
           -0.429545
           -0.431709
           -0.433849
           -0.435964
           -0.438054
           -0.440117
           -0.442158
           -0.444171
           -0.446166
           -0.448145
           -0.450104
           -0.452045
           -0.453975
           -0.455894
           -0.457803
           -0.459705
           -0.461603
           -0.463491
           -0.465374
           -0.467248
           -0.469115
           -0.470977
           -0.472826
           -0.474663
           -0.476483
           -0.478283
            -0.48006
           -0.481811
           -0.483537
           -0.485226
           -0.486876
           -0.488483
           -0.490044
           -0.491561
           -0.493024
           -0.494437
           -0.495796
           -0.497091
            -0.49833
            -0.49951
           -0.500625
           -0.501682
           -0.502672
           -0.503599
           -0.504461
           -0.505257
           -0.505991
           -0.506662
            -0.50727
           -0.507814
           -0.508302
           -0.508726
           -0.509093
           -0.509402
           -0.509651
           -0.509849
           -0.509991
           -0.510083
           -0.510124
           -0.510118
           -0.510063
           -0.509958
           -0.509805
           -0.509607
           -0.509371
           -0.509097
           -0.508776
           -0.508412
           -0.508011
           -0.507569
             -0.5071
           -0.506591
            -0.50605
           -0.505475
           -0.504863
           -0.504226
            -0.50356
           -0.502867
           -0.502147
           -0.501404
           -0.500639
           -0.499849
           -0.499038
            -0.49821
           -0.497366
           -0.496507
           -0.495631
           -0.494745
            -0.49385
           -0.492948
           -0.492038
           -0.491128
            -0.49022
           -0.489309
           -0.488404
           -0.487507
           -0.486616
           -0.485743
           -0.484877
            -0.48403
           -0.483206
           -0.482408
           -0.481634
           -0.480884
           -0.480166
           -0.479477
           -0.478828
           -0.478212
           -0.477643
           -0.477111
           -0.476629
           -0.476189
           -0.475797
           -0.475454
           -0.475156
           -0.474912
           -0.474721
            -0.47458
           -0.474492
           -0.474461
           -0.474477
           -0.474544
           -0.474665
           -0.474835
           -0.475052
           -0.475315
           -0.475626
           -0.475979
           -0.476376
           -0.476807
           -0.477274
           -0.477775
           -0.478308
            -0.47887
           -0.479461
           -0.480069
           -0.480699
            -0.48134
           -0.481999
           -0.482663
           -0.483337
           -0.484015
           -0.484697
           -0.485374
           -0.486049
           -0.486714
           -0.487373
           -0.488025
           -0.488662
           -0.489287
           -0.489894
           -0.490481
           -0.491052
           -0.491606
            -0.49214
            -0.49265
           -0.493137
           -0.493595
           -0.494033
           -0.494444
           -0.494836
           -0.495195
            -0.49553
           -0.495842
           -0.496121
           -0.496375
           -0.496604
           -0.496804
           -0.496978
           -0.497133
           -0.497257
           -0.497353
           -0.497423
           -0.497471
           -0.497496
           -0.497495
           -0.497474
            -0.49743
           -0.497358
           -0.497259
            -0.49714
           -0.497001
           -0.496839
           -0.496659
           -0.496458
           -0.496236
           -0.495994
           -0.495741
           -0.495466
            -0.49517
           -0.494861
           -0.494535
           -0.494192
           -0.493833
            -0.49346
           -0.493077
            -0.49268
           -0.492271
           -0.491845
           -0.491409
           -0.490967
           -0.490511
           -0.490051
           -0.489583
           -0.489107
           -0.488625
           -0.488139
           -0.487646
           -0.487147
           -0.486641
           -0.486135
           -0.485625
           -0.485115
             -0.4846
           -0.484088
           -0.483576
           -0.483064
           -0.482554
           -0.482042
           -0.481534
           -0.481026
           -0.480518
           -0.480012
           -0.479511
           -0.479018
           -0.478522
           -0.478031
           -0.477539
            -0.47705
           -0.476563
            -0.47608
             -0.4756
           -0.475118
           -0.474632
            -0.47415
           -0.473664
           -0.473174
           -0.472679
           -0.472175
           -0.471669
           -0.471154
           -0.470627
           -0.470091
           -0.469548
           -0.468989
           -0.468413
           -0.467827
           -0.467227
           -0.466608
           -0.465969
           -0.465314
           -0.464643
           -0.463941
           -0.463229
           -0.462494
           -0.461747
            -0.46098
           -0.460198
           -0.459396
           -0.458585
           -0.457761
           -0.456923
            -0.45608
           -0.455231
           -0.454386
           -0.453542
           -0.452699
           -0.451865
           -0.451049
           -0.450249
           -0.449471
           -0.448718
           -0.447995
           -0.447307
           -0.446664
           -0.446059
           -0.445501
           -0.444995
           -0.444544
           -0.444148
           -0.443811
           -0.443531
           -0.443313
           -0.443162
           -0.443075
           -0.443044
           -0.443071
           -0.443158
           -0.443305
           -0.443511
           -0.443767
           -0.444076
           -0.444431
           -0.444831
           -0.445269
           -0.445739
           -0.446242
           -0.446767
           -0.447318
            -0.44789
            -0.44848
           -0.449078
           -0.449676
           -0.450279
           -0.450881
           -0.451474
            -0.45206
           -0.452633
           -0.453188
           -0.453726
           -0.454237
           -0.454718
           -0.455179
            -0.45561
           -0.456008
           -0.456372
           -0.456699
           -0.456985
           -0.457232
           -0.457436
           -0.457594
           -0.457706
           -0.457772
           -0.457786
            -0.45775
           -0.457664
           -0.457524
           -0.457327
           -0.457077
           -0.456766
           -0.456401
           -0.455983
           -0.455498
           -0.454954
           -0.454345
           -0.453683
           -0.452965
           -0.452184
           -0.451339
            -0.45043
           -0.449472
           -0.448452
           -0.447378
           -0.446247
           -0.445066
           -0.443831
           -0.442553
           -0.441227
           -0.439861
           -0.438454
           -0.437011
           -0.435536
           -0.434024
           -0.432492
           -0.430938
            -0.42937
           -0.427782
            -0.42619
           -0.424597
           -0.422999
            -0.42141
           -0.419822
           -0.418254
           -0.416699
           -0.415167
           -0.413656
           -0.412174
           -0.410722
           -0.409298
           -0.407909
           -0.406564
           -0.405254
           -0.403992
            -0.40277
           -0.401598
           -0.400475
           -0.399404
            -0.39839
           -0.397429
           -0.396518
           -0.395668
            -0.39488
           -0.394153
           -0.393485
           -0.392889
            -0.39236
           -0.391896
           -0.391505
           -0.391182
           -0.390922
           -0.390739
           -0.390618
           -0.390565
           -0.390578
           -0.390649
           -0.390788
           -0.390985
           -0.391232
           -0.391531
           -0.391884
            -0.39227
           -0.392693
           -0.393151
           -0.393639
           -0.394149
           -0.394678
           -0.395219
           -0.395765
           -0.396312
            -0.39686
           -0.397402
           -0.397933
           -0.398457
            -0.39896
           -0.399444
           -0.399904
           -0.400347
           -0.400759
           -0.401149
           -0.401508
           -0.401837
           -0.402133
           -0.402404
           -0.402645
           -0.402859
           -0.403044
           -0.403205
           -0.403342
           -0.403454
           -0.403548
           -0.403623
           -0.403684
           -0.403725
            -0.40376
           -0.403783
           -0.403797
           -0.403808
           -0.403812
           -0.403827
           -0.403836
           -0.403851
           -0.403875
           -0.403908
           -0.403954
           -0.404008
           -0.404077
            -0.40416
           -0.404264
           -0.404384
           -0.404516
           -0.404662
           -0.404837
           -0.405027
           -0.405235
           -0.405455
           -0.405701
           -0.405958
           -0.406229
           -0.406516
           -0.406812
           -0.407118
           -0.407433
           -0.407753
           -0.408077
            -0.40841
           -0.408739
           -0.409068
           -0.409394
           -0.409717
            -0.41003
           -0.410341
            -0.41065
           -0.410947
           -0.411223
           -0.411487
           -0.411738
            -0.41197
           -0.412181
           -0.412374
            -0.41255
           -0.412703
           -0.412837
           -0.412947
           -0.413037
           -0.413102
           -0.413151
           -0.413169
           -0.413167
           -0.413145
           -0.413099
           -0.413025
           -0.412933
           -0.412817
           -0.412679
           -0.412522
           -0.412336
           -0.412131
            -0.41191
           -0.411671
           -0.411414
           -0.411139
           -0.410848
           -0.410542
           -0.410224
            -0.40989
           -0.409549
           -0.409192
           -0.408823
           -0.408448
           -0.408067
           -0.407681
            -0.40729
           -0.406895
           -0.406496
           -0.406094
           -0.405693
           -0.405299
           -0.404903
           -0.404513
           -0.404132
           -0.403758
           -0.403394
           -0.403043
           -0.402701
           -0.402378
           -0.402064
           -0.401764
           -0.401484
           -0.401223
           -0.400982
           -0.400751
           -0.400549
           -0.400367
           -0.400211
           -0.400074
           -0.399956
           -0.399873
           -0.399804
           -0.399758
           -0.399732
           -0.399734
           -0.399753
           -0.399793
           -0.399861
           -0.399946
           -0.400048
           -0.400161
           -0.400294
            -0.40044
           -0.400594
           -0.400757
           -0.400922
           -0.401094
           -0.401265
           -0.401438
             -0.4016
           -0.401745
           -0.401881
           -0.401994
           -0.402082
           -0.402154
           -0.402182
           -0.402178
           -0.402119
           -0.402007
           -0.401843
           -0.401615
           -0.401321
           -0.400944
           -0.400482
            -0.39992
           -0.399266
           -0.398499
           -0.397613
           -0.396601
           -0.395457
           -0.394163
           -0.392718
           -0.391115
           -0.389339
           -0.387386
           -0.385249
           -0.382923
           -0.380405
           -0.377691
           -0.374778
           -0.371668
           -0.368368
           -0.364887
           -0.361229
           -0.357418
           -0.353467
           -0.349398
           -0.345245
            -0.34104
           -0.336817
           -0.332611
            -0.32847
           -0.324433
           -0.320561
           -0.316888
           -0.313463
           -0.310328
           -0.307517
           -0.305063
           -0.302996
           -0.301318
           -0.300054
           -0.299197
           -0.298736
           -0.298665
           -0.298952
           -0.299566
           -0.300474
           -0.301637
           -0.303018
           -0.304576
           -0.306268
           -0.308064
           -0.309921
           -0.311808
           -0.313695
            -0.31556
           -0.317374
           -0.319121
           -0.320789
            -0.32236
           -0.323835
           -0.325207
           -0.326465
           -0.327613
           -0.328646
           -0.329569
           -0.330385
             -0.3311
           -0.331713
           -0.332232
           -0.332662
           -0.333009
           -0.333273
           -0.333476
           -0.333609
           -0.333687
           -0.333708
           -0.333692
           -0.333626
           -0.333532
           -0.333405
           -0.333251
           -0.333078
           -0.332888
           -0.332684
           -0.332467
           -0.332252
           -0.332026
           -0.331797
           -0.331563
           -0.331328
           -0.331093
           -0.330858
           -0.330621
           -0.330383
           -0.330149
           -0.329923
             -0.3297
           -0.329477
           -0.329266
           -0.329064
           -0.328873
           -0.328699
           -0.328546
           -0.328411
           -0.328312
           -0.328248
           -0.328231
           -0.328271
            -0.32836
           -0.328526
            -0.32876
           -0.329079
           -0.329479
           -0.329978
           -0.330571
           -0.331265
           -0.332066
           -0.332965
           -0.333972
           -0.335068
           -0.336258
           -0.337539
             -0.3389
           -0.340332
           -0.341821
           -0.343361
           -0.344933
           -0.346529
           -0.348139
           -0.349751
           -0.351343
           -0.352904
           -0.354433
           -0.355905
           -0.357314
           -0.358656
           -0.359908
           -0.361072
           -0.362137
           -0.363102
           -0.363958
           -0.364698
           -0.365319
           -0.365824
           -0.366207
           -0.366464
           -0.366603
           -0.366621
           -0.366523
           -0.366309
           -0.365983
           -0.365548
           -0.365005
           -0.364378
            -0.36365
           -0.362837
            -0.36195
           -0.360994
            -0.35998
           -0.358914
           -0.357807
           -0.356679
           -0.355535
           -0.354379
           -0.353234
           -0.352106
           -0.351014
           -0.349964
           -0.348973
           -0.348051
            -0.34721
           -0.346456
           -0.345801
           -0.345257
           -0.344825
           -0.344506
           -0.344313
           -0.344249
           -0.344309
           -0.344492
           -0.344799
           -0.345228
           -0.345775
           -0.346426
           -0.347185
           -0.348035
           -0.348969
           -0.349982
            -0.35106
           -0.352196
           -0.353378
           -0.354601
           -0.355856
            -0.35713
           -0.358416
           -0.359702
           -0.360995
           -0.362271
           -0.363535
           -0.364781
              -0.366
           -0.367195
           -0.368352
            -0.36948
            -0.37056
           -0.371604
           -0.372611
           -0.373576
             -0.3745
           -0.375378
           -0.376222
           -0.377023
           -0.377785
           -0.378507
           -0.379191
           -0.379835
           -0.380447
           -0.381022
           -0.381566
            -0.38208
           -0.382567
           -0.383027
            -0.38346
           -0.383868
           -0.384255
           -0.384621
            -0.38496
           -0.385288
           -0.385602
           -0.385897
           -0.386179
           -0.386447
           -0.386707
           -0.386951
           -0.387191
           -0.387421
           -0.387646
           -0.387865
            -0.38807
           -0.388287
           -0.388491
           -0.388699
           -0.388899
           -0.389098
           -0.389292
           -0.389487
           -0.389684
           -0.389875
           -0.390067
            -0.39026
            -0.39045
           -0.390641
           -0.390825
           -0.391014
           -0.391196
           -0.391377
           -0.391551
           -0.391721
           -0.391883
           -0.392038
           -0.392183
           -0.392323
           -0.392456
           -0.392577
           -0.392683
           -0.392769
           -0.392844
           -0.392898
            -0.39293
           -0.392947
            -0.39294
           -0.392902
           -0.392829
           -0.392735
           -0.392608
           -0.392449
            -0.39225
           -0.392009
           -0.391726
           -0.391401
           -0.391024
           -0.390604
           -0.390135
           -0.389611
           -0.389039
           -0.388406
           -0.387716
           -0.386964
           -0.386154
           -0.385277
           -0.384344
           -0.383355
             -0.3823
           -0.381188
            -0.38002
           -0.378796
           -0.377523
           -0.376199
           -0.374828
           -0.373418
           -0.371973
           -0.370498
           -0.368999
           -0.367488
           -0.365957
            -0.36442
            -0.36289
           -0.361366
            -0.35986
           -0.358374
            -0.35691
           -0.355481
           -0.354088
           -0.352737
           -0.351432
           -0.350163
           -0.348944
           -0.347774
           -0.346646
           -0.345563
           -0.344519
           -0.343505
           -0.342528
           -0.341578
           -0.340657
           -0.339751
           -0.338862
           -0.337987
            -0.33712
           -0.336255
           -0.335391
           -0.334526
           -0.333666
           -0.332797
           -0.331938
           -0.331075
           -0.330221
           -0.329373
           -0.328545
           -0.327737
           -0.326956
           -0.326212
           -0.325513
           -0.324858
           -0.324258
           -0.323719
           -0.323257
           -0.322862
           -0.322547
           -0.322319
           -0.322176
           -0.322125
           -0.322165
           -0.322302
           -0.322533
           -0.322856
            -0.32327
           -0.323775
           -0.324365
           -0.325037
           -0.325792
            -0.32662
           -0.327523
           -0.328492
           -0.329527
           -0.330624
           -0.331769
           -0.332967
           -0.334218
           -0.335508
           -0.336836
           -0.338198
           -0.339593
           -0.341019
           -0.342465
           -0.343934
           -0.345419
           -0.346917
           -0.348424
           -0.349937
           -0.351452
           -0.352963
           -0.354466
           -0.355966
           -0.357453
           -0.358927
           -0.360387
           -0.361823
           -0.363243
           -0.364639
           -0.366003
           -0.367347
           -0.368661
           -0.369945
           -0.371198
           -0.372423
           -0.373611
           -0.374764
            -0.37588
           -0.376964
           -0.378016
           -0.379034
           -0.380016
           -0.380965
            -0.38188
           -0.382762
            -0.38361
            -0.38443
           -0.385233
           -0.385996
           -0.386727
           -0.387438
           -0.388121
           -0.388786
           -0.389438
           -0.390054
           -0.390652
           -0.391234
           -0.391793
           -0.392333
           -0.392859
           -0.393366
           -0.393854
           -0.394325
           -0.394785
           -0.395224
           -0.395656
           -0.396076
           -0.396482
           -0.396875
           -0.397252
           -0.397615
           -0.397967
           -0.398303
           -0.398619
           -0.398926
           -0.399219
           -0.399498
           -0.399765
           -0.400013
            -0.40024
           -0.400448
           -0.400637
           -0.400817
           -0.400979
            -0.40112
           -0.401249
           -0.401351
           -0.401438
           -0.401495
           -0.401536
           -0.401558
           -0.401559
           -0.401536
           -0.401492
           -0.401425
           -0.401339
           -0.401229
           -0.401101
           -0.400947
           -0.400772
           -0.400573
           -0.400355
           -0.400116
           -0.399857
           -0.399579
           -0.399284
           -0.398966
           -0.398633
           -0.398278
           -0.397921
            -0.39754
           -0.397145
           -0.396737
           -0.396316
           -0.395885
           -0.395447
           -0.394997
           -0.394545
           -0.394082
           -0.393615
           -0.393143
           -0.392664
           -0.392184
           -0.391708
           -0.391231
           -0.390758
           -0.390288
           -0.389821
           -0.389363
           -0.388911
           -0.388461
           -0.388016
           -0.387577
           -0.387147
           -0.386721
           -0.386295
           -0.385887
           -0.385483
           -0.385084
           -0.384695
           -0.384302
           -0.383911
           -0.383524
           -0.383135
           -0.382737
           -0.382347
           -0.381953
           -0.381557
           -0.381155
           -0.380741
           -0.380324
           -0.379894
           -0.379452
           -0.378996
           -0.378525
           -0.378043
           -0.377541
           -0.377018
           -0.376482
           -0.375919
           -0.375338
           -0.374737
           -0.374118
           -0.373488
           -0.372839
           -0.372175
           -0.371498
           -0.370806
           -0.370108
           -0.369409
           -0.368702
           -0.367998
           -0.367304
           -0.366619
           -0.365942
           -0.365295
           -0.364669
            -0.36408
           -0.363522
           -0.363002
            -0.36253
           -0.362107
           -0.361736
           -0.361426
           -0.361173
           -0.360997
           -0.360878
           -0.360832
           -0.360855
           -0.360947
           -0.361108
           -0.361335
           -0.361633
           -0.361998
           -0.362425
           -0.362912
           -0.363448
           -0.364041
           -0.364681
           -0.365358
           -0.366074
           -0.366821
           -0.367588
           -0.368378
           -0.369178
           -0.369985
           -0.370796
           -0.371609
           -0.372413
           -0.373209
           -0.373984
           -0.374743
           -0.375484
           -0.376192
           -0.376872
           -0.377527
           -0.378147
           -0.378733
           -0.379277
           -0.379783
           -0.380249
           -0.380672
           -0.381053
           -0.381399
           -0.381694
           -0.381956
           -0.382171
           -0.382335
           -0.382457
           -0.382533
           -0.382567
           -0.382551
           -0.382491
           -0.382384
           -0.382231
           -0.382032
           -0.381785
           -0.381486
           -0.381135
           -0.380734
           -0.380279
           -0.379775
           -0.379212
           -0.378593
           -0.377912
           -0.377176
           -0.376379
           -0.375514
           -0.374586
           -0.373583
           -0.372515
           -0.371376
           -0.370162
           -0.368872
           -0.367503
           -0.366064
           -0.364538
           -0.362932
           -0.361254
             -0.3595
            -0.35767
            -0.35577
           -0.353808
           -0.351788
             -0.3497
           -0.347575
           -0.345405
           -0.343217
           -0.341006
           -0.338785
           -0.336579
           -0.334397
           -0.332253
           -0.330165
           -0.328151
           -0.326233
           -0.324432
           -0.322761
           -0.321232
           -0.319878
           -0.318701
           -0.317728
            -0.31697
           -0.316432
           -0.316121
           -0.316044
           -0.316212
           -0.316621
           -0.317265
           -0.318141
           -0.319241
           -0.320555
           -0.322069
           -0.323764
           -0.325633
           -0.327653
           -0.329811
           -0.332079
           -0.334448
           -0.336892
           -0.339392
           -0.341932
             -0.3445
           -0.347072
           -0.349634
            -0.35217
           -0.354669
           -0.357126
           -0.359532
           -0.361859
           -0.364115
           -0.366287
           -0.368374
            -0.37038
           -0.372284
           -0.374083
           -0.375788
           -0.377391
           -0.378901
           -0.380304
           -0.381601
           -0.382803
           -0.383903
           -0.384909
           -0.385814
            -0.38663
           -0.387355
           -0.387988
           -0.388536
           -0.389005
           -0.389399
           -0.389699
           -0.389937
           -0.390098
             -0.3902
           -0.390239
           -0.390216
           -0.390138
           -0.390005
           -0.389826
           -0.389612
           -0.389356
           -0.389069
           -0.388753
           -0.388415
           -0.388054
           -0.387682
             -0.3873
           -0.386912
           -0.386521
           -0.386136
           -0.385747
           -0.385376
           -0.385009
           -0.384662
           -0.384325
           -0.384006
           -0.383701
           -0.383411
           -0.383134
            -0.38286
           -0.382601
           -0.382342
           -0.382085
           -0.381819
           -0.381539
            -0.38124
           -0.380913
           -0.380558
           -0.380154
           -0.379696
           -0.379181
           -0.378592
           -0.377924
            -0.37717
           -0.376316
           -0.375361
           -0.374293
           -0.373099
           -0.371779
           -0.370324
           -0.368729
           -0.367005
            -0.36514
           -0.363133
            -0.36099
            -0.35871
           -0.356302
            -0.35377
           -0.351128
            -0.34838
           -0.345544
           -0.342634
           -0.339668
           -0.336659
           -0.333624
           -0.330586
            -0.32756
           -0.324578
           -0.321651
           -0.318803
           -0.316054
            -0.31343
            -0.31094
             -0.3086
           -0.306429
           -0.304436
           -0.302639
           -0.301048
           -0.299667
           -0.298516
            -0.29759
           -0.296898
           -0.296451
           -0.296233
           -0.296255
            -0.29652
           -0.297022
           -0.297753
           -0.298723
           -0.299914
            -0.30132
           -0.302928
           -0.304736
           -0.306712
           -0.308849
           -0.311137
           -0.313548
           -0.316052
           -0.318639
           -0.321281
           -0.323944
           -0.326608
           -0.329242
           -0.331821
           -0.334309
           -0.336685
           -0.338914
           -0.340967
           -0.342817
           -0.344436
           -0.345804
           -0.346891
           -0.347673
           -0.348126
           -0.348237
            -0.34799
           -0.347372
           -0.346372
           -0.344991
           -0.343232
           -0.341107
           -0.338635
           -0.335848
           -0.332795
            -0.32952
           -0.326087
            -0.32256
           -0.319028
            -0.31558
           -0.312311
           -0.309319
           -0.306699
           -0.304538
           -0.302913
           -0.301896
           -0.301526
           -0.301829
           -0.302812
            -0.30445
           -0.306711
           -0.309525
           -0.312821
           -0.316501
           -0.320478
           -0.324636
           -0.328875
           -0.333097
            -0.33721
           -0.341124
           -0.344764
           -0.348064
           -0.350975
           -0.353441
           -0.355431
           -0.356925
           -0.357901
           -0.358347
           -0.358268
            -0.35767
           -0.356572
           -0.355001
           -0.352977
           -0.350554
           -0.347776
           -0.344701
           -0.341381
           -0.337901
           -0.334345
            -0.33079
           -0.327325
            -0.32404
           -0.321029
           -0.318375
           -0.316158
           -0.314445
           -0.313293
           -0.312732
           -0.312785
           -0.313459
           -0.314731
            -0.31657
           -0.318933
           -0.321756
           -0.324967
           -0.328499
           -0.332273
           -0.336208
           -0.340233
           -0.344283
           -0.348291
           -0.352205
           -0.355975
           -0.359568
            -0.36295
           -0.366097
           -0.368997
            -0.37164
           -0.374022
           -0.376146
           -0.378013
            -0.37963
           -0.381008
           -0.382152
           -0.383079
           -0.383798
           -0.384331
           -0.384685
           -0.384878
           -0.384914
           -0.384819
           -0.384604
            -0.38428
           -0.383862
           -0.383355
           -0.382783
           -0.382144
           -0.381458
           -0.380729
           -0.379975
           -0.379202
           -0.378418
           -0.377637
           -0.376865
           -0.376107
           -0.375372
           -0.374675
           -0.374014
           -0.373399
           -0.372828
           -0.372313
           -0.371854
            -0.37146
           -0.371128
           -0.370863
           -0.370666
           -0.370529
           -0.370465
           -0.370469
           -0.370539
           -0.370668
           -0.370863
           -0.371114
           -0.371419
           -0.371776
           -0.372177
            -0.37262
           -0.373093
           -0.373607
           -0.374141
           -0.374693
           -0.375262
            -0.37584
           -0.376416
           -0.376988
           -0.377546
           -0.378087
           -0.378608
           -0.379097
            -0.37955
           -0.379968
           -0.380336
           -0.380652
           -0.380918
           -0.381123
           -0.381263
           -0.381338
           -0.381343
           -0.381281
           -0.381143
           -0.380924
           -0.380626
           -0.380255
           -0.379806
           -0.379277
           -0.378673
           -0.377999
           -0.377251
           -0.376437
            -0.37557
           -0.374653
            -0.37368
           -0.372683
           -0.371668
           -0.370633
           -0.369594
           -0.368574
           -0.367579
           -0.366621
           -0.365718
            -0.36488
           -0.364122
            -0.36346
           -0.362903
           -0.362457
           -0.362143
           -0.361961
           -0.361919
           -0.362021
           -0.362271
           -0.362663
           -0.363199
           -0.363865
           -0.364669
           -0.365585
           -0.366614
            -0.36774
           -0.368947
           -0.370224
           -0.371552
           -0.372921
            -0.37431
             -0.3757
            -0.37708
           -0.378437
            -0.37975
           -0.381014
           -0.382205
           -0.383314
           -0.384338
           -0.385259
           -0.386069
           -0.386765
            -0.38734
           -0.387789
           -0.388103
           -0.388278
           -0.388318
           -0.388216
           -0.387975
           -0.387596
           -0.387085
           -0.386442
           -0.385667
           -0.384776
           -0.383769
           -0.382655
           -0.381448
            -0.38016
           -0.378797
            -0.37738
           -0.375916
           -0.374427
           -0.372926
           -0.371432
           -0.369959
           -0.368528
           -0.367159
           -0.365855
           -0.364649
           -0.363549
           -0.362565
           -0.361713
           -0.361006
           -0.360451
           -0.360059
           -0.359827
           -0.359762
           -0.359862
           -0.360121
            -0.36054
           -0.361109
           -0.361826
            -0.36268
           -0.363658
           -0.364755
           -0.365955
           -0.367249
           -0.368622
           -0.370067
           -0.371567
            -0.37311
           -0.374684
           -0.376282
           -0.377887
           -0.379492
           -0.381087
           -0.382658
           -0.384204
           -0.385707
           -0.387166
           -0.388568
           -0.389909
           -0.391181
           -0.392381
           -0.393502
           -0.394539
           -0.395481
           -0.396339
           -0.397091
           -0.397744
           -0.398289
           -0.398732
           -0.399058
           -0.399269
            -0.39936
           -0.399332
           -0.399179
           -0.398908
           -0.398511
           -0.397986
           -0.397337
           -0.396559
           -0.395654
           -0.394616
           -0.393456
           -0.392172
           -0.390762
           -0.389232
           -0.387581
           -0.385813
           -0.383931
           -0.381939
           -0.379845
           -0.377656
           -0.375381
           -0.373012
           -0.370563
           -0.368045
           -0.365463
           -0.362826
           -0.360143
           -0.357419
           -0.354657
           -0.351877
           -0.349076
           -0.346262
            -0.34344
           -0.340612
           -0.337785
           -0.334967
           -0.332153
           -0.329349
           -0.326558
           -0.323781
           -0.321012
           -0.318255
           -0.315517
           -0.312787
           -0.310062
           -0.307358
            -0.30467
           -0.302004
           -0.299363
           -0.296761
           -0.294209
           -0.291723
           -0.289309
           -0.286991
           -0.284791
           -0.282726
           -0.280824
           -0.279113
           -0.277612
           -0.276357
           -0.275369
           -0.274679
           -0.274294
           -0.274248
           -0.274553
           -0.275218
           -0.276267
           -0.277688
            -0.27949
           -0.281661
           -0.284194
           -0.287079
           -0.290292
           -0.293805
           -0.297596
           -0.301629
           -0.305876
           -0.310301
            -0.31487
           -0.319549
           -0.324298
           -0.329088
           -0.333884
           -0.338655
            -0.34337
           -0.348013
           -0.352547
            -0.35695
           -0.361215
           -0.365323
            -0.36926
           -0.373015
            -0.37658
           -0.379956
           -0.383128
           -0.386104
           -0.388881
            -0.39146
           -0.393841
           -0.396033
           -0.398037
           -0.399862
           -0.401511
           -0.402991
           -0.404306
           -0.405462
           -0.406473
           -0.407342
           -0.408072
            -0.40868
           -0.409167
           -0.409539
           -0.409804
           -0.409971
           -0.410043
           -0.410027
           -0.409928
            -0.40975
             -0.4095
           -0.409179
           -0.408798
           -0.408352
           -0.407848
           -0.407294
           -0.406692
           -0.406043
           -0.405348
           -0.404613
           -0.403842
           -0.403028
           -0.402177
           -0.401298
           -0.400388
           -0.399446
           -0.398479
           -0.397471
           -0.396438
           -0.395383
           -0.394301
           -0.393195
           -0.392063
           -0.390901
           -0.389717
           -0.388509
           -0.387277
           -0.386019
           -0.384743
           -0.383444
           -0.382129
           -0.380789
           -0.379433
            -0.37806
           -0.376666
           -0.375257
           -0.373826
           -0.372386
            -0.37093
           -0.369466
           -0.367993
            -0.36651
           -0.365026
           -0.363536
           -0.362049
           -0.360563
           -0.359088
           -0.357621
           -0.356167
           -0.354727
           -0.353313
           -0.351921
           -0.350558
           -0.349229
           -0.347936
           -0.346686
            -0.34548
           -0.344324
           -0.343225
           -0.342187
           -0.341221
           -0.340307
           -0.339465
           -0.338691
           -0.337997
           -0.337383
           -0.336846
           -0.336389
           -0.336015
            -0.33572
           -0.335509
            -0.33538
           -0.335331
           -0.335361
           -0.335468
            -0.33565
           -0.335898
           -0.336222
           -0.336607
           -0.337055
           -0.337558
           -0.338116
           -0.338723
           -0.339375
           -0.340066
           -0.340793
           -0.341549
           -0.342336
           -0.343141
           -0.343967
            -0.34481
           -0.345659
           -0.346509
           -0.347373
           -0.348235
            -0.34909
           -0.349944
           -0.350793
           -0.351634
            -0.35246
           -0.353272
           -0.354068
           -0.354847
           -0.355607
           -0.356347
           -0.357065
           -0.357768
           -0.358439
           -0.359092
           -0.359717
           -0.360326
           -0.360905
           -0.361464
              -0.362
           -0.362505
           -0.362992
           -0.363458
           -0.363901
           -0.364319
           -0.364717
           -0.365087
            -0.36544
           -0.365775
           -0.366085
           -0.366377
           -0.366648
           -0.366901
           -0.367138
           -0.367357
           -0.367562
           -0.367755
           -0.367926
           -0.368084
           -0.368225
           -0.368351
           -0.368465
            -0.36856
           -0.368645
           -0.368719
           -0.368787
            -0.36884
           -0.368878
           -0.368907
           -0.368929
           -0.368942
           -0.368947
           -0.368941
           -0.368924
           -0.368898
           -0.368862
           -0.368831
           -0.368783
           -0.368725
           -0.368664
           -0.368592
            -0.36851
           -0.368424
           -0.368331
           -0.368229
           -0.368121
           -0.368002
           -0.367872
           -0.367733
           -0.367584
           -0.367425
           -0.367257
           -0.367077
           -0.366889
           -0.366687
           -0.366473
           -0.366248
            -0.36601
           -0.365756
           -0.365488
           -0.365209
           -0.364909
            -0.36459
           -0.364252
           -0.363902
           -0.363531
           -0.363138
           -0.362727
           -0.362297
           -0.361842
           -0.361366
           -0.360864
           -0.360339
           -0.359793
           -0.359214
           -0.358607
           -0.357974
           -0.357312
           -0.356621
           -0.355896
           -0.355141
           -0.354354
           -0.353533
           -0.352677
           -0.351793
           -0.350877
           -0.349928
            -0.34895
           -0.347938
            -0.34689
           -0.345817
           -0.344715
           -0.343582
           -0.342428
           -0.341246
           -0.340044
           -0.338827
           -0.337593
           -0.336352
           -0.335108
           -0.333866
           -0.332624
           -0.331386
           -0.330164
           -0.328962
           -0.327787
           -0.326645
           -0.325543
           -0.324487
           -0.323485
           -0.322546
           -0.321674
           -0.320872
           -0.320156
           -0.319522
           -0.318983
           -0.318538
           -0.318203
           -0.317975
           -0.317854
           -0.317848
           -0.317957
           -0.318176
            -0.31851
           -0.318961
           -0.319521
           -0.320191
           -0.320968
            -0.32185
           -0.322826
           -0.323889
           -0.325043
            -0.32627
           -0.327566
            -0.32893
            -0.33035
           -0.331814
           -0.333323
           -0.334869
           -0.336436
           -0.338024
           -0.339618
           -0.341218
           -0.342819
           -0.344413
           -0.345986
           -0.347545
           -0.349079
           -0.350583
           -0.352054
           -0.353492
            -0.35489
            -0.35624
           -0.357552
           -0.358812
           -0.360026
           -0.361194
           -0.362311
           -0.363378
           -0.364391
           -0.365355
           -0.366268
           -0.367129
           -0.367938
           -0.368697
             -0.3694
           -0.370058
           -0.370667
            -0.37122
           -0.371732
           -0.372194
           -0.372614
           -0.372984
           -0.373311
           -0.373593
           -0.373834
           -0.374027
           -0.374179
           -0.374294
            -0.37436
           -0.374386
           -0.374375
           -0.374319
           -0.374221
           -0.374079
           -0.373893
           -0.373667
           -0.373408
           -0.373094
           -0.372741
           -0.372344
             -0.3719
           -0.371407
           -0.370864
           -0.370267
           -0.369623
           -0.368921
           -0.368165
            -0.36735
           -0.366473
           -0.365531
           -0.364514
           -0.363431
           -0.362275
           -0.361039
           -0.359725
           -0.358316
           -0.356821
           -0.355235
            -0.35355
           -0.351761
           -0.349868
           -0.347867
           -0.345753
           -0.343518
           -0.341165
           -0.338691
           -0.336094
           -0.333369
           -0.330526
           -0.327562
           -0.324476
           -0.321279
           -0.317973
           -0.314557
           -0.311058
           -0.307475
           -0.303824
           -0.300123
           -0.296381
           -0.292613
           -0.288844
           -0.285094
           -0.281381
           -0.277718
            -0.27413
           -0.270633
           -0.267252
           -0.263996
           -0.260882
            -0.25791
           -0.255103
           -0.252452
           -0.249967
           -0.247652
           -0.245507
           -0.243525
           -0.241704
           -0.240047
           -0.238543
           -0.237192
           -0.235991
           -0.234946
           -0.234066
           -0.233335
           -0.232783
           -0.232415
           -0.232247
            -0.23229
            -0.23256
           -0.233075
           -0.233852
           -0.234898
           -0.236224
           -0.237835
           -0.239737
            -0.24192
           -0.244368
           -0.247086
           -0.250051
           -0.253237
           -0.256616
           -0.260154
           -0.263828
           -0.267598
           -0.271433
           -0.275299
           -0.279167
           -0.283005
           -0.286787
           -0.290485
           -0.294085
            -0.29757
           -0.300923
           -0.304136
             -0.3072
           -0.310115
           -0.312885
           -0.315501
           -0.317979
           -0.320329
           -0.322544
           -0.324647
           -0.326643
           -0.328546
            -0.33036
             -0.3321
           -0.333783
            -0.33541
           -0.337005
           -0.338564
           -0.340097
           -0.341616
           -0.343127
           -0.344632
           -0.346127
           -0.347628
           -0.349127
           -0.350623
           -0.352121
           -0.353613
           -0.355098
           -0.356571
            -0.35803
           -0.359471
           -0.360888
           -0.362269
           -0.363616
           -0.364929
           -0.366196
           -0.367415
           -0.368585
           -0.369699
           -0.370757
           -0.371751
           -0.372683
           -0.373543
           -0.374338
           -0.375065
           -0.375724
           -0.376311
           -0.376822
           -0.377259
           -0.377617
           -0.377906
           -0.378119
           -0.378263
           -0.378331
           -0.378323
           -0.378242
           -0.378088
           -0.377861
           -0.377559
           -0.377174
           -0.376719
           -0.376187
           -0.375577
           -0.374885
           -0.374106
            -0.37325
           -0.372311
           -0.371284
           -0.370165
           -0.368967
           -0.367661
           -0.366272
           -0.364793
           -0.363219
           -0.361548
            -0.35978
           -0.357909
           -0.355947
           -0.353892
           -0.351741
           -0.349506
           -0.347184
           -0.344791
           -0.342332
           -0.339814
           -0.337248
           -0.334651
           -0.332027
           -0.329401
           -0.326788
           -0.324196
           -0.321657
           -0.319182
           -0.316798
           -0.314517
            -0.31236
           -0.310347
           -0.308488
           -0.306801
           -0.305294
           -0.303985
           -0.302874
           -0.301962
           -0.301255
           -0.300743
           -0.300421
           -0.300288
           -0.300325
           -0.300514
           -0.300853
           -0.301316
           -0.301904
           -0.302578
           -0.303334
           -0.304149
           -0.305004
           -0.305894
           -0.306803
           -0.307717
           -0.308624
           -0.309519
           -0.310397
           -0.311243
           -0.312063
           -0.312857
           -0.313619
           -0.314344
           -0.315041
           -0.315711
           -0.316352
           -0.316971
            -0.31757
           -0.318148
           -0.318717
           -0.319284
           -0.319836
           -0.320383
           -0.320934
           -0.321484
           -0.322049
           -0.322623
           -0.323206
           -0.323803
           -0.324414
           -0.325041
           -0.325684
           -0.326343
           -0.327019
           -0.327706
           -0.328411
           -0.329133
           -0.329868
           -0.330615
           -0.331374
           -0.332136
           -0.332909
           -0.333687
           -0.334472
           -0.335264
           -0.336054
           -0.336844
           -0.337622
           -0.338402
           -0.339173
           -0.339936
           -0.340684
           -0.341427
           -0.342153
           -0.342865
           -0.343568
           -0.344251
           -0.344914
           -0.345558
           -0.346189
           -0.346795
           -0.347385
           -0.347955
           -0.348509
           -0.349034
           -0.349541
           -0.350026
            -0.35049
           -0.350923
           -0.351343
           -0.351744
           -0.352129
           -0.352488
           -0.352828
           -0.353153
           -0.353458
            -0.35374
            -0.35401
            -0.35426
           -0.354491
           -0.354713
            -0.35492
           -0.355112
           -0.355294
           -0.355464
           -0.355628
           -0.355777
           -0.355916
           -0.356044
           -0.356166
            -0.35628
           -0.356389
           -0.356489
           -0.356585
            -0.35667
           -0.356746
            -0.35682
            -0.35689
           -0.356957
           -0.357015
           -0.357071
           -0.357119
           -0.357164
           -0.357197
           -0.357222
           -0.357243
           -0.357248
            -0.35725
           -0.357238
           -0.357212
           -0.357174
           -0.357119
            -0.35705
            -0.35696
           -0.356856
           -0.356726
           -0.356573
           -0.356397
           -0.356193
           -0.355959
             -0.3557
           -0.355403
           -0.355071
           -0.354703
            -0.35429
           -0.353839
           -0.353338
            -0.35279
           -0.352192
            -0.35154
           -0.350833
           -0.350075
           -0.349257
           -0.348378
           -0.347427
           -0.346418
           -0.345339
           -0.344194
           -0.342976
           -0.341687
           -0.340325
            -0.33889
           -0.337383
             -0.3358
           -0.334145
           -0.332416
           -0.330611
            -0.32874
           -0.326794
            -0.32478
             -0.3227
           -0.320567
           -0.318369
           -0.316115
           -0.313812
           -0.311468
           -0.309079
           -0.306658
           -0.304206
           -0.301737
           -0.299258
           -0.296771
           -0.294288
           -0.291818
           -0.289367
           -0.286946
           -0.284566
           -0.282236
           -0.279962
           -0.277757
           -0.275631
           -0.273596
           -0.271668
           -0.269852
            -0.26816
           -0.266606
           -0.265208
           -0.263974
           -0.262911
           -0.262036
           -0.261358
           -0.260892
           -0.260637
           -0.260612
           -0.260817
           -0.261265
           -0.261954
           -0.262879
            -0.26405
           -0.265461
           -0.267094
           -0.268957
            -0.27103
           -0.273306
           -0.275767
           -0.278401
           -0.281186
           -0.284103
           -0.287142
           -0.290276
           -0.293489
           -0.296758
           -0.300071
           -0.303419
           -0.306767
            -0.31011
            -0.31343
           -0.316715
           -0.319959
           -0.323141
           -0.326251
            -0.32929
           -0.332251
           -0.335122
           -0.337892
           -0.340564
           -0.343132
           -0.345594
           -0.347947
           -0.350184
           -0.352302
           -0.354305
           -0.356196
           -0.357967
           -0.359616
           -0.361154
           -0.362569
           -0.363852
           -0.365026
           -0.366076
           -0.367013
            -0.36783
           -0.368532
           -0.369111
           -0.369568
           -0.369906
           -0.370121
           -0.370217
           -0.370185
           -0.370029
           -0.369752
           -0.369345
           -0.368813
           -0.368152
            -0.36736
           -0.366425
           -0.365364
           -0.364167
           -0.362831
           -0.361358
           -0.359746
           -0.357995
           -0.356106
           -0.354084
           -0.351928
           -0.349648
           -0.347243
           -0.344721
           -0.342091
           -0.339361
           -0.336542
           -0.333653
           -0.330693
            -0.32769
           -0.324655
           -0.321614
           -0.318581
           -0.315574
           -0.312618
           -0.309739
           -0.306958
           -0.304291
            -0.30177
           -0.299417
           -0.297253
           -0.295303
           -0.293579
           -0.292095
            -0.29087
           -0.289919
           -0.289249
           -0.288868
           -0.288778
           -0.288966
           -0.289434
           -0.290177
           -0.291174
           -0.292421
            -0.29389
           -0.295566
           -0.297429
           -0.299447
           -0.301604
           -0.303876
           -0.306221
           -0.308627
           -0.311068
           -0.313523
           -0.315966
            -0.31838
           -0.320748
           -0.323056
           -0.325284
           -0.327431
            -0.32948
           -0.331433
           -0.333273
           -0.335003
           -0.336622
           -0.338127
           -0.339522
           -0.340804
           -0.341982
           -0.343054
           -0.344029
            -0.34491
           -0.345705
           -0.346412
           -0.347046
           -0.347597
           -0.348081
           -0.348503
           -0.348871
            -0.34918
            -0.34945
           -0.349673
           -0.349862
           -0.350021
            -0.35015
           -0.350259
           -0.350351
           -0.350435
           -0.350505
           -0.350571
           -0.350634
           -0.350705
           -0.350771
           -0.350847
            -0.35093
           -0.351027
           -0.351138
           -0.351262
           -0.351403
           -0.351561
           -0.351738
           -0.351926
           -0.352134
           -0.352356
           -0.352594
           -0.352837
           -0.353089
           -0.353349
            -0.35361
           -0.353868
           -0.354126
           -0.354374
           -0.354608
           -0.354833
            -0.35504
           -0.355217
           -0.355376
           -0.355502
           -0.355592
           -0.355644
           -0.355666
           -0.355639
           -0.355566
           -0.355443
           -0.355275
           -0.355046
           -0.354758
           -0.354418
           -0.354014
           -0.353553
            -0.35303
           -0.352447
           -0.351812
           -0.351108
           -0.350353
           -0.349535
           -0.348669
           -0.347746
           -0.346779
           -0.345761
           -0.344706
           -0.343603
           -0.342469
             -0.3413
           -0.340112
           -0.338905
           -0.337682
           -0.336442
           -0.335198
           -0.333954
           -0.332719
           -0.331496
           -0.330293
           -0.329104
           -0.327944
           -0.326814
           -0.325719
           -0.324664
           -0.323652
           -0.322687
           -0.321775
           -0.320911
           -0.320101
            -0.31934
           -0.318636
           -0.317983
           -0.317385
           -0.316834
           -0.316335
           -0.315885
           -0.315479
           -0.315112
            -0.31478
           -0.314487
           -0.314224
           -0.313981
           -0.313763
           -0.313559
           -0.313362
           -0.313171
            -0.31298
           -0.312792
           -0.312594
            -0.31239
           -0.312171
           -0.311934
           -0.311678
           -0.311397
            -0.31109
           -0.310759
             -0.3104
           -0.310019
           -0.309607
           -0.309166
           -0.308698
           -0.308208
           -0.307693
           -0.307159
           -0.306611
           -0.306044
            -0.30547
           -0.304887
           -0.304307
           -0.303732
           -0.303166
           -0.302625
           -0.302104
           -0.301615
           -0.301163
           -0.300759
           -0.300403
           -0.300111
            -0.29988
           -0.299723
           -0.299648
           -0.299655
           -0.299754
           -0.299954
           -0.300253
           -0.300655
           -0.301161
            -0.30178
            -0.30251
           -0.303352
           -0.304307
           -0.305366
           -0.306534
           -0.307805
           -0.309178
           -0.310647
           -0.312212
           -0.313862
           -0.315592
           -0.317395
           -0.319266
           -0.321191
           -0.323169
           -0.325189
           -0.327243
           -0.329328
           -0.331435
           -0.333549
           -0.335676
           -0.337805
           -0.339933
           -0.342053
           -0.344151
            -0.34623
           -0.348282
           -0.350304
           -0.352292
           -0.354245
            -0.35616
           -0.358037
           -0.359871
           -0.361657
           -0.363396
           -0.365082
           -0.366723
           -0.368319
            -0.36986
           -0.371348
           -0.372785
           -0.374178
           -0.375512
           -0.376799
           -0.378038
           -0.379227
           -0.380365
           -0.381453
             -0.3825
           -0.383501
           -0.384458
           -0.385369
           -0.386237
           -0.387066
            -0.38785
           -0.388595
           -0.389305
           -0.389981
           -0.390616
           -0.391212
            -0.39178
           -0.392312
           -0.392807
           -0.393273
           -0.393706
           -0.394111
           -0.394478
           -0.394818
           -0.395127
            -0.39541
           -0.395665
           -0.395896
             -0.3961
           -0.396278
           -0.396429
            -0.39656
            -0.39666
           -0.396736
           -0.396789
           -0.396823
           -0.396837
           -0.396826
           -0.396801
           -0.396755
           -0.396685
           -0.396601
           -0.396504
           -0.396385
           -0.396252
           -0.396102
           -0.395942
           -0.395775
           -0.395594
           -0.395404
           -0.395208
           -0.395006
           -0.394804
           -0.394596
           -0.394388
           -0.394185
           -0.393994
           -0.393801
            -0.39362
           -0.393451
           -0.393293
           -0.393154
           -0.393034
           -0.392932
           -0.392858
           -0.392807
           -0.392783
           -0.392788
           -0.392824
           -0.392891
           -0.392986
            -0.39312
           -0.393288
            -0.39349
           -0.393727
           -0.393994
           -0.394298
           -0.394634
           -0.395004
           -0.395398
           -0.395822
            -0.39627
           -0.396742
           -0.397231
           -0.397736
           -0.398251
           -0.398778
           -0.399309
           -0.399841
           -0.400373
           -0.400896
           -0.401412
            -0.40191
           -0.402384
           -0.402837
           -0.403262
           -0.403661
           -0.404016
           -0.404333
           -0.404607
           -0.404837
            -0.40502
           -0.405146
           -0.405219
           -0.405234
           -0.405189
           -0.405083
           -0.404912
           -0.404678
           -0.404373
           -0.403995
           -0.403555
           -0.403046
           -0.402467
           -0.401822
           -0.401101
           -0.400311
           -0.399447
           -0.398517
           -0.397513
           -0.396432
           -0.395291
           -0.394077
           -0.392788
           -0.391427
           -0.389996
           -0.388488
           -0.386911
           -0.385252
           -0.383511
           -0.381695
           -0.379791
             -0.3778
           -0.375722
           -0.373568
           -0.371327
              -0.369
           -0.366596
           -0.364117
           -0.361574
            -0.35897
           -0.356325
           -0.353652
           -0.350974
           -0.348307
           -0.345683
           -0.343131
            -0.34068
           -0.338366
           -0.336223
           -0.334286
           -0.332585
           -0.331165
           -0.330039
            -0.32925
           -0.328812
           -0.328739
           -0.329034
           -0.329709
           -0.330753
           -0.332156
           -0.333901
           -0.335966
           -0.338314
           -0.340918
           -0.343749
           -0.346766
            -0.34993
           -0.353207
           -0.356572
           -0.359982
            -0.36341
           -0.366835
           -0.370235
           -0.373589
           -0.376874
           -0.380084
           -0.383211
           -0.386247
           -0.389189
           -0.392032
           -0.394777
           -0.397416
           -0.399959
            -0.40241
           -0.404764
           -0.407036
           -0.409225
           -0.411328
           -0.413358
           -0.415316
           -0.417197
           -0.419028
           -0.420799
           -0.422507
           -0.424162
           -0.425759
           -0.427316
           -0.428826
           -0.430288
           -0.431709
           -0.433089
           -0.434427
           -0.435726
            -0.43699
            -0.43822
           -0.439414
            -0.44057
           -0.441692
           -0.442779
           -0.443835
           -0.444853
           -0.445839
           -0.446798
           -0.447721
           -0.448611
           -0.449469
           -0.450299
           -0.451088
           -0.451845
           -0.452572
           -0.453273
           -0.453937
           -0.454563
           -0.455159
           -0.455724
           -0.456249
           -0.456735
           -0.457188
           -0.457601
           -0.457978
           -0.458306
           -0.458588
           -0.458832
           -0.459028
           -0.459176
           -0.459269
           -0.459298
           -0.459275
           -0.459192
            -0.45904
           -0.458818
           -0.458532
           -0.458163
           -0.457702
           -0.457154
            -0.45652
           -0.455788
           -0.454964
           -0.454032
           -0.452992
           -0.451838
           -0.450576
           -0.449198
           -0.447698
           -0.446077
           -0.444343
           -0.442492
           -0.440534
           -0.438462
           -0.436296
           -0.434036
           -0.431687
           -0.429269
           -0.426797
           -0.424278
           -0.421741
           -0.419206
           -0.416683
             -0.4142
           -0.411779
           -0.409437
           -0.407205
           -0.405097
           -0.403123
            -0.40131
           -0.399664
           -0.398194
           -0.396901
           -0.395793
           -0.394865
           -0.394108
           -0.393515
           -0.393058
           -0.392726
           -0.392502
           -0.392361
            -0.39228
           -0.392232
           -0.392197
           -0.392151
            -0.39207
           -0.391943
           -0.391754
           -0.391499
           -0.391153
           -0.390719
           -0.390197
           -0.389594
           -0.388914
           -0.388166
           -0.387357
           -0.386519
           -0.385669
            -0.38482
           -0.384001
           -0.383236
           -0.382546
           -0.381967
           -0.381516
           -0.381224
           -0.381106
           -0.381182
            -0.38146
           -0.381962
           -0.382692
            -0.38365
           -0.384834
           -0.386239
           -0.387844
           -0.389644
           -0.391617
           -0.393735
            -0.39598
           -0.398311
           -0.400706
           -0.403126
           -0.405544
            -0.40792
           -0.410227
           -0.412434
           -0.414507
           -0.416424
           -0.418151
           -0.419677
           -0.420965
           -0.422006
           -0.422779
           -0.423273
           -0.423474
           -0.423378
           -0.422974
           -0.422259
           -0.421233
            -0.41991
           -0.418274
           -0.416342
           -0.414123
           -0.411639
           -0.408903
           -0.405934
           -0.402759
           -0.399406
           -0.395904
            -0.39229
             -0.3886
           -0.384879
           -0.381152
           -0.377472
           -0.373876
           -0.370408
           -0.367094
           -0.363972
           -0.361071
           -0.358411
           -0.356023
           -0.353916
             -0.3521
            -0.35058
           -0.349349
           -0.348401
           -0.347732
           -0.347328
           -0.347171
           -0.347246
           -0.347526
           -0.348004
           -0.348659
           -0.349471
           -0.350432
           -0.351526
           -0.352742
           -0.354064
           -0.355493
            -0.35702
           -0.358637
           -0.360335
           -0.362114
           -0.363958
           -0.365867
            -0.36783
           -0.369833
           -0.371866
           -0.373918
           -0.375969
           -0.378005
            -0.38001
           -0.381965
           -0.383845
           -0.385644
           -0.387332
           -0.388895
           -0.390318
           -0.391583
           -0.392683
           -0.393603
           -0.394341
            -0.39489
           -0.395244
           -0.395403
           -0.395383
           -0.395185
           -0.394814
           -0.394294
           -0.393641
           -0.392874
           -0.392009
           -0.391084
           -0.390122
           -0.389141
            -0.38818
           -0.387268
           -0.386434
             -0.3857
           -0.385102
           -0.384652
           -0.384377
           -0.384296
           -0.384424
           -0.384772
           -0.385354
           -0.386163
           -0.387198
            -0.38846
           -0.389926
           -0.391595
           -0.393446
           -0.395462
           -0.397627
           -0.399914
           -0.402307
           -0.404782
           -0.407319
           -0.409893
           -0.412485
            -0.41508
            -0.41766
           -0.420217
            -0.42273
           -0.425194
           -0.427596
           -0.429927
           -0.432181
           -0.434359
           -0.436452
            -0.43846
           -0.440381
           -0.442215
           -0.443957
           -0.445613
           -0.447183
           -0.448666
           -0.450063
           -0.451369
           -0.452596
           -0.453736
           -0.454791
           -0.455766
           -0.456659
           -0.457474
           -0.458203
           -0.458856
           -0.459431
           -0.459926
           -0.460342
           -0.460681
            -0.46094
           -0.461124
           -0.461234
            -0.46127
           -0.461231
           -0.461113
           -0.460933
           -0.460682
           -0.460358
           -0.459967
           -0.459503
           -0.458981
           -0.458395
           -0.457744
           -0.457028
           -0.456253
           -0.455422
           -0.454537
           -0.453593
           -0.452594
           -0.451541
           -0.450442
           -0.449295
           -0.448103
           -0.446864
            -0.44558
           -0.444255
           -0.442894
           -0.441497
           -0.440066
           -0.438607
           -0.437113
           -0.435598
           -0.434063
           -0.432513
           -0.430939
           -0.429362
           -0.427785
           -0.426203
           -0.424633
           -0.423076
           -0.421534
           -0.420012
            -0.41852
           -0.417066
           -0.415651
           -0.414286
           -0.412972
           -0.411721
           -0.410527
           -0.409408
           -0.408375
           -0.407409
           -0.406527
           -0.405725
           -0.405006
           -0.404377
           -0.403842
           -0.403392
           -0.403027
           -0.402745
           -0.402538
           -0.402413
           -0.402357
            -0.40237
           -0.402445
           -0.402578
           -0.402765
           -0.402997
           -0.403265
            -0.40357
           -0.403907
           -0.404273
           -0.404665
           -0.405072
           -0.405494
           -0.405927
           -0.406358
           -0.406799
           -0.407237
           -0.407678
           -0.408122
           -0.408564
           -0.409003
           -0.409436
           -0.409869
           -0.410299
           -0.410717
           -0.411129
           -0.411533
           -0.411928
           -0.412312
           -0.412682
           -0.413038
           -0.413376
           -0.413695
           -0.413991
           -0.414259
           -0.414501
           -0.414706
           -0.414882
           -0.415022
           -0.415116
           -0.415169
           -0.415172
           -0.415133
           -0.415046
           -0.414909
           -0.414726
           -0.414494
           -0.414213
           -0.413891
           -0.413533
           -0.413136
           -0.412705
            -0.41226
           -0.411799
           -0.411332
           -0.410865
           -0.410414
           -0.409985
           -0.409581
            -0.40922
           -0.408907
           -0.408657
           -0.408473
           -0.408363
           -0.408331
           -0.408381
           -0.408516
           -0.408746
           -0.409061
           -0.409467
            -0.40996
           -0.410533
           -0.411183
           -0.411902
           -0.412681
           -0.413512
           -0.414388
           -0.415298
           -0.416228
           -0.417169
            -0.41811
           -0.419042
            -0.41996
           -0.420856
           -0.421713
           -0.422529
           -0.423298
           -0.424016
           -0.424673
           -0.425263
           -0.425796
           -0.426263
           -0.426662
              -0.427
           -0.427268
           -0.427477
           -0.427622
           -0.427705
           -0.427728
           -0.427707
           -0.427639
           -0.427524
           -0.427375
            -0.42719
           -0.426976
           -0.426742
           -0.426489
           -0.426225
           -0.425953
           -0.425683
           -0.425414
           -0.425152
           -0.424906
            -0.42468
           -0.424475
           -0.424295
           -0.424146
           -0.424026
           -0.423944
           -0.423891
           -0.423874
            -0.42389
           -0.423936
           -0.424015
           -0.424122
           -0.424256
            -0.42441
           -0.424571
           -0.424746
           -0.424921
           -0.425094
           -0.425252
           -0.425387
           -0.425487
           -0.425543
           -0.425545
            -0.42548
           -0.425335
           -0.425102
           -0.424766
           -0.424319
           -0.423738
           -0.423015
           -0.422134
           -0.421091
           -0.419863
           -0.418444
           -0.416819
           -0.414982
           -0.412921
           -0.410638
           -0.408123
           -0.405378
           -0.402406
           -0.399218
           -0.395829
           -0.392257
           -0.388526
           -0.384676
           -0.380741
           -0.376766
           -0.372801
           -0.368913
           -0.365166
           -0.361625
           -0.358352
           -0.355424
           -0.352902
           -0.350846
           -0.349295
           -0.348293
            -0.34787
           -0.348033
           -0.348781
           -0.350097
           -0.351953
           -0.354302
           -0.357097
           -0.360271
           -0.363771
           -0.367525
           -0.371465
           -0.375529
           -0.379654
           -0.383791
           -0.387885
           -0.391899
             -0.3958
           -0.399552
           -0.403136
           -0.406526
            -0.40972
           -0.412706
           -0.415482
           -0.418053
           -0.420412
           -0.422571
           -0.424536
           -0.426311
           -0.427896
           -0.429308
           -0.430558
           -0.431642
           -0.432573
           -0.433373
           -0.434029
           -0.434555
           -0.434956
            -0.43524
           -0.435409
           -0.435468
           -0.435425
           -0.435279
           -0.435036
           -0.434692
           -0.434254
           -0.433718
           -0.433086
           -0.432357
           -0.431537
           -0.430616
           -0.429599
           -0.428483
           -0.427266
           -0.425944
           -0.424516
           -0.422981
           -0.421339
           -0.419583
            -0.41772
           -0.415737
           -0.413641
           -0.411425
           -0.409088
           -0.406641
           -0.404079
           -0.401413
            -0.39863
           -0.395751
           -0.392783
           -0.389726
           -0.386601
           -0.383422
           -0.380203
           -0.376963
           -0.373715
           -0.370489
           -0.367307
           -0.364186
           -0.361155
            -0.35825
            -0.35548
           -0.352873
           -0.350451
           -0.348233
           -0.346239
           -0.344481
           -0.342972
           -0.341719
           -0.340723
           -0.339982
           -0.339492
           -0.339244
            -0.33922
           -0.339411
           -0.339802
           -0.340372
           -0.341099
           -0.341966
           -0.342952
           -0.344041
            -0.34522
           -0.346471
           -0.347777
           -0.349126
           -0.350507
           -0.351914
           -0.353343
           -0.354786
           -0.356237
           -0.357699
           -0.359164
            -0.36064
           -0.362119
           -0.363609
           -0.365104
           -0.366604
           -0.368118
           -0.369641
           -0.371165
             -0.3727
           -0.374236
           -0.375774
           -0.377314
           -0.378854
           -0.380387
           -0.381907
            -0.38342
           -0.384922
           -0.386399
           -0.387856
           -0.389284
           -0.390686
           -0.392047
           -0.393369
           -0.394649
           -0.395886
           -0.397075
           -0.398202
           -0.399289
           -0.400315
           -0.401287
           -0.402202
           -0.403057
           -0.403848
           -0.404579
            -0.40525
            -0.40586
           -0.406411
           -0.406899
           -0.407337
            -0.40771
           -0.408025
           -0.408288
           -0.408502
           -0.408668
           -0.408784
           -0.408858
           -0.408889
           -0.408878
           -0.408828
            -0.40875
           -0.408639
           -0.408504
           -0.408344
           -0.408165
           -0.407971
           -0.407767
           -0.407545
           -0.407327
           -0.407106
            -0.40689
           -0.406681
           -0.406482
           -0.406299
           -0.406129
           -0.405978
           -0.405843
           -0.405735
           -0.405654
           -0.405599
           -0.405571
           -0.405564
           -0.405583
           -0.405624
           -0.405692
           -0.405789
           -0.405908
           -0.406045
             -0.4062
           -0.406367
           -0.406544
           -0.406722
           -0.406905
           -0.407083
           -0.407253
            -0.40741
           -0.407551
           -0.407669
           -0.407756
           -0.407806
           -0.407818
           -0.407784
           -0.407699
           -0.407563
            -0.40737
           -0.407109
           -0.406779
           -0.406379
           -0.405893
           -0.405328
           -0.404676
           -0.403933
           -0.403098
            -0.40217
            -0.40115
           -0.400034
           -0.398824
           -0.397516
           -0.396114
            -0.39462
           -0.393036
           -0.391368
           -0.389621
           -0.387809
           -0.385936
           -0.384011
           -0.382042
           -0.380045
           -0.378036
           -0.376027
           -0.374034
           -0.372073
           -0.370166
            -0.36833
           -0.366579
           -0.364932
           -0.363392
           -0.361991
            -0.36074
           -0.359645
           -0.358714
           -0.357962
           -0.357391
           -0.357012
           -0.356811
           -0.356797
           -0.356961
           -0.357297
           -0.357795
           -0.358444
           -0.359238
           -0.360152
           -0.361186
           -0.362315
           -0.363538
           -0.364832
           -0.366182
           -0.367582
           -0.369012
           -0.370469
           -0.371938
           -0.373415
           -0.374892
           -0.376358
           -0.377807
           -0.379241
           -0.380654
           -0.382042
           -0.383401
            -0.38473
           -0.386028
           -0.387298
           -0.388538
           -0.389745
           -0.390927
           -0.392078
           -0.393201
           -0.394292
           -0.395358
           -0.396401
           -0.397418
           -0.398404
           -0.399373
           -0.400318
           -0.401245
            -0.40214
           -0.403017
           -0.403872
           -0.404707
           -0.405517
           -0.406303
           -0.407068
           -0.407814
           -0.408536
           -0.409236
            -0.40991
           -0.410561
           -0.411187
           -0.411792
            -0.41237
            -0.41292
           -0.413451
           -0.413953
           -0.414432
           -0.414881
           -0.415305
             -0.4157
           -0.416074
           -0.416417
           -0.416736
           -0.417027
            -0.41729
            -0.41752
           -0.417726
           -0.417901
           -0.418044
           -0.418163
           -0.418251
           -0.418304
           -0.418326
           -0.418314
           -0.418275
           -0.418207
             -0.4181
            -0.41796
           -0.417791
           -0.417581
           -0.417334
           -0.417043
           -0.416718
           -0.416353
           -0.415947
           -0.415502
           -0.415011
           -0.414476
           -0.413895
           -0.413269
           -0.412591
           -0.411867
            -0.41109
           -0.410261
           -0.409377
           -0.408438
            -0.40744
           -0.406388
           -0.405279
           -0.404106
           -0.402871
           -0.401573
           -0.400215
           -0.398792
           -0.397315
           -0.395771
           -0.394167
           -0.392505
           -0.390787
            -0.38901
            -0.38718
           -0.385301
           -0.383374
           -0.381408
           -0.379404
           -0.377367
           -0.375305
           -0.373227
           -0.371136
           -0.369046
           -0.366952
           -0.364874
           -0.362813
           -0.360782
           -0.358788
           -0.356837
           -0.354937
           -0.353093
           -0.351321
           -0.349617
           -0.347993
           -0.346455
           -0.345003
           -0.343635
           -0.342361
            -0.34118
           -0.340088
           -0.339083
           -0.338166
           -0.337333
           -0.336575
           -0.335894
           -0.335282
           -0.334726
            -0.33423
           -0.333786
           -0.333375
           -0.332998
           -0.332647
           -0.332317
           -0.332003
           -0.331697
           -0.331396
           -0.331094
           -0.330783
           -0.330473
           -0.330155
           -0.329834
           -0.329507
           -0.329176
           -0.328847
            -0.32852
           -0.328209
           -0.327913
           -0.327642
           -0.327402
           -0.327199
           -0.327051
           -0.326961
            -0.32694
           -0.326994
           -0.327121
           -0.327339
           -0.327655
           -0.328066
           -0.328577
           -0.329189
           -0.329903
           -0.330711
           -0.331618
            -0.33261
           -0.333689
           -0.334833
           -0.336057
           -0.337334
           -0.338657
           -0.340018
           -0.341403
           -0.342799
           -0.344208
           -0.345613
           -0.346999
           -0.348369
           -0.349706
           -0.351009
            -0.35227
           -0.353483
            -0.35464
           -0.355742
           -0.356786
            -0.35776
           -0.358677
           -0.359531
            -0.36032
           -0.361042
           -0.361695
           -0.362285
           -0.362808
           -0.363265
           -0.363657
           -0.363984
           -0.364247
           -0.364444
           -0.364577
           -0.364653
           -0.364673
           -0.364631
           -0.364524
           -0.364364
           -0.364157
           -0.363898
           -0.363595
            -0.36324
           -0.362855
            -0.36244
           -0.361995
           -0.361529
           -0.361052
           -0.360571
           -0.360094
           -0.359631
           -0.359192
           -0.358788
           -0.358426
           -0.358117
           -0.357877
           -0.357714
           -0.357634
           -0.357653
           -0.357767
           -0.357987
            -0.35832
           -0.358767
           -0.359329
            -0.36001
           -0.360807
           -0.361721
           -0.362745
           -0.363867
           -0.365086
           -0.366391
           -0.367771
           -0.369211
           -0.370703
            -0.37223
           -0.373782
           -0.375347
           -0.376914
           -0.378469
           -0.379993
           -0.381491
           -0.382937
           -0.384324
           -0.385643
           -0.386886
           -0.388052
           -0.389113
           -0.390088
           -0.390971
           -0.391744
           -0.392413
           -0.392962
           -0.393402
           -0.393717
           -0.393919
           -0.393997
            -0.39396
           -0.393804
           -0.393529
           -0.393133
           -0.392628
           -0.391999
           -0.391263
           -0.390426
           -0.389471
           -0.388425
            -0.38728
           -0.386043
           -0.384723
           -0.383326
           -0.381859
           -0.380336
           -0.378764
           -0.377154
            -0.37552
           -0.373867
           -0.372217
           -0.370579
           -0.368972
             -0.3674
           -0.365888
            -0.36445
           -0.363097
           -0.361844
           -0.360707
           -0.359691
           -0.358808
           -0.358071
           -0.357484
           -0.357056
           -0.356785
           -0.356679
           -0.356736
           -0.356947
           -0.357311
           -0.357829
           -0.358481
           -0.359267
           -0.360169
           -0.361178
           -0.362286
           -0.363477
           -0.364741
           -0.366063
            -0.36743
           -0.368831
           -0.370246
           -0.371669
           -0.373096
           -0.374508
           -0.375897
           -0.377258
           -0.378586
           -0.379867
           -0.381097
            -0.38228
           -0.383387
           -0.384433
           -0.385406
            -0.38631
           -0.387137
           -0.387883
           -0.388542
           -0.389122
           -0.389617
           -0.390023
           -0.390339
           -0.390573
           -0.390716
           -0.390764
           -0.390734
            -0.39061
           -0.390404
           -0.390109
           -0.389734
           -0.389277
            -0.38874
           -0.388138
           -0.387472
           -0.386747
           -0.385968
           -0.385143
           -0.384289
           -0.383407
           -0.382518
           -0.381626
           -0.380742
           -0.379884
           -0.379067
           -0.378299
           -0.377598
           -0.376976
           -0.376446
           -0.376026
           -0.375721
           -0.375549
           -0.375502
           -0.375603
           -0.375859
           -0.376264
           -0.376824
           -0.377536
           -0.378398
           -0.379406
           -0.380553
           -0.381824
           -0.383216
           -0.384718
            -0.38631
           -0.387989
           -0.389739
           -0.391539
           -0.393378
           -0.395247
           -0.397133
           -0.399027
           -0.400903
            -0.40276
           -0.404582
           -0.406369
           -0.408109
           -0.409793
           -0.411417
           -0.412976
           -0.414467
           -0.415875
           -0.417201
           -0.418447
           -0.419606
           -0.420673
           -0.421649
           -0.422536
           -0.423326
           -0.424018
           -0.424611
           -0.425101
           -0.425485
           -0.425764
           -0.425927
           -0.425983
            -0.42592
           -0.425731
           -0.425418
           -0.424974
           -0.424391
           -0.423662
           -0.422782
           -0.421744
           -0.420535
           -0.419157
           -0.417597
           -0.415842
           -0.413892
            -0.41174
           -0.409375
           -0.406792
           -0.403986
           -0.400967
           -0.397723
           -0.394259
           -0.390579
           -0.386704
           -0.382641
           -0.378425
           -0.374071
            -0.36962
           -0.365114
           -0.360595
            -0.35612
           -0.351752
           -0.347546
           -0.343578
            -0.33991
           -0.336598
           -0.333707
            -0.33129
           -0.329394
           -0.328057
           -0.327298
           -0.327125
           -0.327531
           -0.328496
           -0.329995
           -0.331989
           -0.334415
           -0.337223
           -0.340349
           -0.343728
             -0.3473
              -0.351
           -0.354772
           -0.358567
           -0.362332
           -0.366036
           -0.369636
           -0.373106
           -0.376423
           -0.379577
           -0.382557
           -0.385353
           -0.387965
           -0.390387
           -0.392627
           -0.394685
            -0.39657
           -0.398295
           -0.399853
           -0.401268
           -0.402549
            -0.40369
            -0.40472
            -0.40564
            -0.40645
           -0.407168
           -0.407799
           -0.408341
           -0.408817
           -0.409223
           -0.409565
            -0.40985
           -0.410088
           -0.410277
           -0.410422
           -0.410525
           -0.410591
           -0.410626
           -0.410629
           -0.410603
           -0.410547
           -0.410471
           -0.410364
            -0.41024
           -0.410087
           -0.409911
           -0.409715
           -0.409498
           -0.409262
           -0.409005
            -0.40873
            -0.40843
           -0.408109
           -0.407765
           -0.407397
           -0.407007
           -0.406597
           -0.406157
           -0.405692
           -0.405203
           -0.404691
           -0.404149
           -0.403581
           -0.402983
           -0.402356
           -0.401699
           -0.401011
           -0.400294
           -0.399548
           -0.398769
           -0.397966
           -0.397124
           -0.396252
           -0.395353
           -0.394425
           -0.393471
           -0.392492
           -0.391489
           -0.390466
           -0.389417
           -0.388357
           -0.387287
           -0.386209
           -0.385127
           -0.384047
           -0.382967
           -0.381898
           -0.380843
           -0.379805
           -0.378797
           -0.377817
           -0.376867
           -0.375957
            -0.37509
           -0.374268
           -0.373495
           -0.372777
           -0.372108
           -0.371492
           -0.370928
            -0.37042
           -0.369961
           -0.369552
           -0.369189
           -0.368872
            -0.36859
           -0.368339
           -0.368116
           -0.367913
           -0.367733
           -0.367558
            -0.36739
           -0.367218
           -0.367042
           -0.366851
           -0.366649
           -0.366429
           -0.366181
           -0.365908
           -0.365605
           -0.365277
           -0.364922
           -0.364539
            -0.36413
           -0.363693
           -0.363238
           -0.362765
           -0.362276
            -0.36177
           -0.361259
           -0.360744
           -0.360224
           -0.359707
           -0.359187
           -0.358679
           -0.358181
            -0.35769
           -0.357219
           -0.356769
           -0.356346
           -0.355954
           -0.355583
           -0.355248
           -0.354955
           -0.354705
             -0.3545
           -0.354349
           -0.354257
           -0.354235
           -0.354284
           -0.354406
           -0.354618
           -0.354917
           -0.355303
           -0.355787
           -0.356356
            -0.35703
           -0.357789
            -0.35864
           -0.359573
           -0.360591
           -0.361676
            -0.36282
           -0.364007
           -0.365226
           -0.366463
             -0.3677
           -0.368922
           -0.370116
            -0.37126
           -0.372349
           -0.373353
           -0.374259
           -0.375053
           -0.375722
           -0.376255
           -0.376645
           -0.376884
           -0.376959
           -0.376873
           -0.376625
           -0.376218
           -0.375643
           -0.374926
            -0.37407
           -0.373085
           -0.371983
           -0.370779
           -0.369502
           -0.368164
           -0.366793
           -0.365415
           -0.364039
           -0.362702
           -0.361423
           -0.360228
           -0.359131
           -0.358151
           -0.357303
           -0.356611
           -0.356082
           -0.355711
           -0.355516
           -0.355487
           -0.355633
           -0.355936
           -0.356396
           -0.357001
           -0.357738
           -0.358588
           -0.359539
           -0.360582
           -0.361704
           -0.362881
           -0.364112
           -0.365374
           -0.366652
           -0.367947
            -0.36924
           -0.370524
           -0.371805
           -0.373061
           -0.374297
           -0.375506
           -0.376687
           -0.377839
           -0.378957
           -0.380048
           -0.381095
           -0.382109
           -0.383093
           -0.384036
            -0.38494
           -0.385813
            -0.38664
           -0.387436
           -0.388183
           -0.388886
           -0.389547
            -0.39015
            -0.39071
            -0.39121
            -0.39165
            -0.39203
           -0.392336
           -0.392577
           -0.392739
           -0.392819
           -0.392813
           -0.392718
           -0.392527
            -0.39223
           -0.391826
            -0.39131
           -0.390668
           -0.389905
           -0.389023
           -0.388003
           -0.386844
           -0.385548
           -0.384106
           -0.382514
           -0.380769
           -0.378872
           -0.376825
           -0.374625
           -0.372277
           -0.369778
            -0.36714
           -0.364374
            -0.36148
           -0.358468
           -0.355356
           -0.352153
           -0.348891
           -0.345565
           -0.342213
           -0.338849
           -0.335504
           -0.332198
           -0.328965
           -0.325825
           -0.322808
           -0.319944
           -0.317255
           -0.314759
           -0.312486
           -0.310451
           -0.308669
           -0.307154
           -0.305912
           -0.304945
           -0.304258
            -0.30384
           -0.303692
             -0.3038
           -0.304153
           -0.304741
           -0.305538
           -0.306535
           -0.307714
           -0.309042
           -0.310511
           -0.312104
           -0.313803
           -0.315584
           -0.317435
           -0.319335
           -0.321272
           -0.323232
           -0.325205
           -0.327174
           -0.329124
            -0.33106
           -0.332961
            -0.33482
           -0.336631
            -0.33839
            -0.34009
           -0.341723
           -0.343289
           -0.344778
           -0.346186
           -0.347518
           -0.348767
           -0.349927
           -0.350998
           -0.351987
           -0.352883
           -0.353681
           -0.354394
           -0.355022
           -0.355558
           -0.356001
           -0.356353
           -0.356615
           -0.356797
           -0.356889
           -0.356897
           -0.356827
            -0.35668
           -0.356449
            -0.35614
           -0.355761
           -0.355306
           -0.354785
           -0.354197
           -0.353546
           -0.352836
           -0.352069
           -0.351249
            -0.35038
           -0.349466
           -0.348511
           -0.347521
             -0.3465
           -0.345455
            -0.34439
           -0.343308
           -0.342219
           -0.341127
           -0.340036
           -0.338954
           -0.337888
           -0.336847
           -0.335834
           -0.334856
           -0.333915
           -0.333022
           -0.332184
           -0.331397
           -0.330675
           -0.330015
           -0.329423
           -0.328907
           -0.328466
           -0.328098
           -0.327809
           -0.327593
           -0.327456
           -0.327391
           -0.327401
           -0.327476
            -0.32762
            -0.32783
           -0.328098
           -0.328422
           -0.328797
           -0.329214
           -0.329665
           -0.330156
           -0.330677
            -0.33123
           -0.331803
           -0.332385
           -0.332979
           -0.333582
           -0.334185
           -0.334787
           -0.335383
           -0.335967
           -0.336541
           -0.337102
           -0.337647
           -0.338175
           -0.338685
           -0.339172
           -0.339636
           -0.340076
           -0.340496
           -0.340888
            -0.34126
           -0.341605
           -0.341927
           -0.342226
           -0.342502
           -0.342757
           -0.342981
           -0.343187
           -0.343369
           -0.343526
           -0.343664
           -0.343786
           -0.343888
           -0.343963
           -0.344023
           -0.344062
           -0.344081
           -0.344092
           -0.344088
           -0.344063
           -0.344021
           -0.343966
           -0.343898
           -0.343809
           -0.343713
           -0.343608
           -0.343488
           -0.343357
           -0.343216
           -0.343062
           -0.342897
           -0.342721
           -0.342536
           -0.342342
           -0.342139
           -0.341925
           -0.341698
           -0.341468
           -0.341226
           -0.340971
           -0.340712
           -0.340445
           -0.340167
           -0.339884
           -0.339594
           -0.339298
           -0.338993
           -0.338678
           -0.338356
           -0.338033
           -0.337704
           -0.337368
           -0.337025
           -0.336673
           -0.336322
           -0.335964
           -0.335598
           -0.335232
           -0.334862
           -0.334489
           -0.334117
           -0.333742
           -0.333364
           -0.332985
           -0.332607
           -0.332231
           -0.331851
           -0.331476
           -0.331102
           -0.330737
           -0.330375
           -0.330013
           -0.329654
           -0.329304
           -0.328966
           -0.328636
           -0.328313
           -0.328002
           -0.327701
           -0.327407
           -0.327125
           -0.326858
           -0.326605
           -0.326365
           -0.326141
            -0.32593
           -0.325737
           -0.325563
           -0.325399
            -0.32526
           -0.325134
           -0.325029
           -0.324938
           -0.324876
           -0.324827
           -0.324798
           -0.324789
           -0.324806
           -0.324842
           -0.324891
           -0.324961
            -0.32504
           -0.325146
            -0.32527
           -0.325414
           -0.325574
           -0.325754
            -0.32595
           -0.326158
           -0.326383
           -0.326627
           -0.326883
           -0.327156
           -0.327448
           -0.327747
           -0.328057
           -0.328371
           -0.328709
           -0.329051
           -0.329407
           -0.329771
           -0.330139
           -0.330515
           -0.330896
           -0.331289
           -0.331693
             -0.3321
            -0.33251
           -0.332925
           -0.333342
           -0.333766
           -0.334195
           -0.334623
           -0.335057
            -0.33549
           -0.335929
           -0.336369
           -0.336809
           -0.337252
           -0.337695
           -0.338141
            -0.33859
           -0.339041
           -0.339493
           -0.339947
           -0.340402
           -0.340858
           -0.341323
           -0.341778
           -0.342242
           -0.342704
           -0.343167
           -0.343636
           -0.344099
           -0.344572
           -0.345045
            -0.34552
           -0.345997
           -0.346474
           -0.346957
           -0.347444
           -0.347932
           -0.348422
           -0.348912
           -0.349411
           -0.349914
           -0.350411
           -0.350915
           -0.351422
           -0.351929
           -0.352436
           -0.352952
           -0.353471
            -0.35399
           -0.354511
           -0.355035
           -0.355557
           -0.356079
           -0.356603
           -0.357127
           -0.357661
           -0.358186
            -0.35871
           -0.359236
           -0.359759
           -0.360282
           -0.360803
           -0.361322
           -0.361837
           -0.362349
           -0.362858
           -0.363361
           -0.363862
           -0.364353
           -0.364839
           -0.365319
           -0.365792
           -0.366259
           -0.366717
           -0.367163
           -0.367599
           -0.368023
           -0.368435
           -0.368837
           -0.369224
           -0.369605
           -0.369969
           -0.370315
           -0.370644
           -0.370961
           -0.371263
           -0.371542
           -0.371802
           -0.372042
           -0.372253
           -0.372456
           -0.372632
           -0.372783
           -0.372908
           -0.373012
           -0.373091
           -0.373143
           -0.373164
            -0.37316
           -0.373124
           -0.373058
           -0.372962
           -0.372839
           -0.372676
           -0.372483
           -0.372253
           -0.371982
           -0.371679
            -0.37134
           -0.370961
           -0.370539
            -0.37008
           -0.369576
           -0.369029
            -0.36845
           -0.367824
           -0.367154
           -0.366436
           -0.365675
           -0.364878
           -0.364039
           -0.363152
           -0.362223
           -0.361249
           -0.360241
           -0.359198
           -0.358105
            -0.35698
           -0.355815
            -0.35462
           -0.353395
           -0.352143
            -0.35087
           -0.349577
           -0.348266
           -0.346941
            -0.34561
           -0.344281
           -0.342953
           -0.341635
           -0.340328
           -0.339048
           -0.337791
            -0.33657
           -0.335388
            -0.33425
            -0.33316
           -0.332122
           -0.331154
           -0.330253
           -0.329418
           -0.328659
           -0.327971
            -0.32737
           -0.326854
           -0.326419
           -0.326068
           -0.325799
           -0.325615
           -0.325511
           -0.325485
           -0.325534
           -0.325661
           -0.325857
           -0.326113
           -0.326435
           -0.326808
           -0.327234
           -0.327708
           -0.328222
           -0.328772
            -0.32935
           -0.329943
           -0.330564
           -0.331202
           -0.331853
            -0.33251
           -0.333177
           -0.333841
           -0.334501
           -0.335159
            -0.33581
           -0.336448
           -0.337078
           -0.337698
           -0.338305
           -0.338893
           -0.339462
           -0.340016
           -0.340557
            -0.34108
           -0.341575
           -0.342057
           -0.342517
           -0.342954
           -0.343373
            -0.34377
           -0.344142
           -0.344489
           -0.344816
            -0.34512
           -0.345394
           -0.345635
            -0.34585
           -0.346039
           -0.346188
           -0.346299
           -0.346363
           -0.346388
            -0.34636
           -0.346284
           -0.346149
           -0.345951
           -0.345692
           -0.345361
           -0.344955
           -0.344468
           -0.343895
           -0.343231
           -0.342477
           -0.341624
           -0.340664
           -0.339608
           -0.338442
           -0.337176
           -0.335798
           -0.334314
           -0.332726
           -0.331038
           -0.329264
           -0.327411
           -0.325471
           -0.323479
            -0.32144
           -0.319374
           -0.317299
           -0.315234
           -0.313203
           -0.311222
           -0.309323
           -0.307524
           -0.305846
           -0.304303
           -0.302921
           -0.301715
            -0.30069
           -0.299856
           -0.299218
           -0.298768
           -0.298497
           -0.298406
           -0.298478
           -0.298693
           -0.299027
           -0.299461
           -0.299965
           -0.300522
           -0.301106
           -0.301676
           -0.302219
           -0.302708
           -0.303126
           -0.303448
           -0.303668
           -0.303767
           -0.303738
           -0.303572
           -0.303271
           -0.302833
           -0.302266
           -0.301574
           -0.300759
           -0.299842
           -0.298842
           -0.297765
           -0.296632
           -0.295462
           -0.294281
           -0.293106
           -0.291963
           -0.290868
           -0.289846
           -0.288915
           -0.288099
           -0.287411
           -0.286878
           -0.286501
           -0.286296
           -0.286267
           -0.286429
           -0.286788
           -0.287341
            -0.28808
           -0.289012
            -0.29013
           -0.291424
            -0.29288
           -0.294487
           -0.296234
           -0.298108
           -0.300094
           -0.302173
           -0.304333
           -0.306559
           -0.308838
           -0.311153
           -0.313488
           -0.315835
           -0.318182
            -0.32051
           -0.322813
           -0.325083
            -0.32731
           -0.329487
           -0.331611
            -0.33367
           -0.335665
           -0.337591
           -0.339439
           -0.341213
           -0.342909
           -0.344527
           -0.346062
           -0.347516
           -0.348886
           -0.350181
           -0.351397
            -0.35253
           -0.353586
            -0.35456
           -0.355461
           -0.356287
           -0.357035
           -0.357718
           -0.358329
           -0.358871
           -0.359341
           -0.359747
           -0.360088
           -0.360366
           -0.360576
            -0.36073
           -0.360825
           -0.360864
            -0.36084
           -0.360761
           -0.360624
           -0.360429
           -0.360177
           -0.359863
           -0.359494
           -0.359063
            -0.35858
           -0.358039
           -0.357445
           -0.356789
           -0.356076
           -0.355305
           -0.354473
           -0.353582
           -0.352638
           -0.351629
           -0.350558
           -0.349426
           -0.348242
           -0.347001
           -0.345699
           -0.344349
           -0.342941
           -0.341484
           -0.339972
           -0.338417
           -0.336822
           -0.335183
           -0.333513
           -0.331816
           -0.330089
           -0.328342
           -0.326579
           -0.324816
           -0.323048
           -0.321285
           -0.319527
           -0.317791
           -0.316079
           -0.314397
           -0.312752
           -0.311142
           -0.309583
           -0.308063
           -0.306598
            -0.30518
           -0.303812
           -0.302498
           -0.301225
           -0.299995
           -0.298804
           -0.297638
           -0.296502
           -0.295379
           -0.294261
           -0.293139
           -0.291996
           -0.290836
           -0.289628
           -0.288372
           -0.287038
           -0.285648
           -0.284164
           -0.282587
             -0.2809
           -0.279099
           -0.277175
           -0.275129
           -0.272956
           -0.270652
           -0.268226
           -0.265683
           -0.263028
           -0.260281
           -0.257455
           -0.254591
           -0.251698
           -0.248816
           -0.245978
           -0.243211
            -0.24057
            -0.23809
           -0.235818
           -0.233787
           -0.232031
           -0.230597
           -0.229496
           -0.228757
           -0.228395
           -0.228411
           -0.228805
           -0.229562
           -0.230661
           -0.232073
           -0.233765
           -0.235697
           -0.237825
           -0.240102
            -0.24249
           -0.244936
           -0.247397
            -0.24984
           -0.252224
           -0.254512
           -0.256683
           -0.258709
           -0.260577
           -0.262268
           -0.263776
           -0.265098
           -0.266231
           -0.267172
            -0.26793
           -0.268516
           -0.268937
           -0.269199
           -0.269321
           -0.269318
           -0.269207
           -0.269002
            -0.26873
           -0.268404
           -0.268043
           -0.267669
           -0.267304
           -0.266957
           -0.266659
           -0.266418
           -0.266256
           -0.266196
           -0.266243
           -0.266409
           -0.266713
           -0.267157
            -0.26776
           -0.268514
           -0.269429
           -0.270496
           -0.271717
           -0.273082
           -0.274582
           -0.276215
           -0.277963
           -0.279822
           -0.281776
           -0.283808
           -0.285896
           -0.288039
           -0.290216
           -0.292412
           -0.294611
           -0.296807
           -0.298978
           -0.301124
           -0.303223
           -0.305275
           -0.307271
           -0.309208
           -0.311076
           -0.312872
           -0.314589
            -0.31623
           -0.317794
           -0.319276
           -0.320682
            -0.32201
           -0.323266
           -0.324443
           -0.325548
           -0.326581
           -0.327545
           -0.328446
           -0.329282
           -0.330055
           -0.330772
           -0.331437
           -0.332051
           -0.332617
           -0.333131
           -0.333609
           -0.334043
           -0.334446
           -0.334813
           -0.335146
            -0.33545
           -0.335723
           -0.335972
           -0.336199
           -0.336406
           -0.336586
           -0.336746
           -0.336892
            -0.33702
           -0.337133
           -0.337229
           -0.337315
           -0.337388
           -0.337448
           -0.337497
           -0.337539
           -0.337571
           -0.337593
           -0.337609
           -0.337618
           -0.337619
           -0.337609
           -0.337597
           -0.337579
           -0.337558
           -0.337526
           -0.337488
            -0.33745
           -0.337409
            -0.33736
           -0.337304
           -0.337245
            -0.33718
           -0.337112
           -0.337039
           -0.336962
           -0.336881
           -0.336793
           -0.336702
           -0.336599
           -0.336498
           -0.336397
           -0.336297
           -0.336193
           -0.336086
           -0.335981
           -0.335872
            -0.33576
           -0.335651
           -0.335543
           -0.335442
           -0.335333
           -0.335227
           -0.335124
           -0.335027
           -0.334944
           -0.334862
           -0.334793
           -0.334727
           -0.334667
           -0.334621
           -0.334584
           -0.334558
           -0.334548
            -0.33455
           -0.334563
           -0.334595
           -0.334638
           -0.334694
           -0.334768
           -0.334852
           -0.334946
           -0.335047
           -0.335156
           -0.335278
           -0.335403
           -0.335536
           -0.335663
           -0.335784
           -0.335902
           -0.336003
            -0.33609
           -0.336153
           -0.336189
           -0.336194
           -0.336162
           -0.336078
           -0.335942
           -0.335744
           -0.335474
           -0.335133
           -0.334702
           -0.334176
           -0.333542
           -0.332796
           -0.331927
           -0.330928
           -0.329794
           -0.328514
           -0.327079
           -0.325495
           -0.323752
           -0.321853
           -0.319799
           -0.317598
           -0.315262
           -0.312792
           -0.310207
           -0.307537
           -0.304794
           -0.302013
           -0.299232
           -0.296478
           -0.293796
           -0.291236
           -0.288831
           -0.286633
           -0.284684
           -0.283033
           -0.281714
           -0.280759
           -0.280193
           -0.280037
           -0.280306
            -0.28099
           -0.282087
            -0.28359
            -0.28546
           -0.287671
           -0.290181
           -0.292954
           -0.295948
           -0.299115
           -0.302412
           -0.305795
           -0.309226
           -0.312658
           -0.316057
           -0.319395
           -0.322654
           -0.325806
           -0.328835
           -0.331733
           -0.334483
           -0.337083
           -0.339531
           -0.341817
            -0.34395
           -0.345926
            -0.34776
           -0.349454
           -0.351007
           -0.352428
           -0.353725
            -0.35491
           -0.355985
           -0.356962
           -0.357851
           -0.358642
           -0.359364
           -0.360015
           -0.360606
           -0.361127
           -0.361593
           -0.362008
           -0.362383
           -0.362714
           -0.363005
           -0.363271
           -0.363502
           -0.363709
            -0.36389
           -0.364048
           -0.364193
           -0.364318
           -0.364423
           -0.364518
           -0.364598
           -0.364669
           -0.364722
           -0.364768
           -0.364801
           -0.364822
           -0.364833
           -0.364829
           -0.364813
           -0.364787
           -0.364746
           -0.364702
           -0.364635
           -0.364558
           -0.364468
           -0.364363
            -0.36424
           -0.364102
           -0.363943
           -0.363771
           -0.363578
           -0.363379
           -0.363166
           -0.362938
           -0.362687
           -0.362425
           -0.362147
           -0.361858
           -0.361561
           -0.361247
            -0.36093
           -0.360609
            -0.36028
            -0.35995
           -0.359619
           -0.359301
           -0.358981
           -0.358668
           -0.358367
           -0.358085
            -0.35782
           -0.357578
           -0.357359
           -0.357165
           -0.357008
           -0.356884
           -0.356796
           -0.356747
           -0.356741
           -0.356785
            -0.35687
           -0.357008
           -0.357194
           -0.357433
           -0.357725
            -0.35807
            -0.35847
           -0.358926
           -0.359431
           -0.359991
           -0.360602
           -0.361267
           -0.361978
           -0.362738
           -0.363537
           -0.364381
           -0.365266
           -0.366186
            -0.36714
           -0.368122
           -0.369132
           -0.370163
           -0.371212
           -0.372279
           -0.373357
           -0.374447
           -0.375536
           -0.376622
           -0.377703
           -0.378776
           -0.379841
           -0.380885
           -0.381912
           -0.382914
           -0.383887
           -0.384831
           -0.385745
            -0.38661
            -0.38744
           -0.388223
           -0.388956
           -0.389641
           -0.390272
           -0.390848
           -0.391365
           -0.391821
           -0.392217
            -0.39255
           -0.392809
           -0.392997
            -0.39312
           -0.393175
           -0.393152
            -0.39306
           -0.392896
           -0.392657
           -0.392343
           -0.391962
           -0.391507
           -0.390976
           -0.390371
             -0.3897
           -0.388962
           -0.388161
           -0.387295
           -0.386364
           -0.385376
           -0.384333
           -0.383239
           -0.382097
           -0.380915
           -0.379691
           -0.378431
           -0.377144
           -0.375833
           -0.374503
            -0.37316
           -0.371809
           -0.370455
           -0.369102
           -0.367766
           -0.366441
           -0.365145
           -0.363871
           -0.362635
           -0.361437
           -0.360277
           -0.359171
           -0.358112
           -0.357114
           -0.356176
           -0.355308
           -0.354505
           -0.353776
           -0.353124
           -0.352551
           -0.352057
            -0.35165
           -0.351334
           -0.351105
           -0.350969
           -0.350927
           -0.350979
           -0.351124
           -0.351362
           -0.351695
           -0.352122
           -0.352646
           -0.353252
           -0.353941
            -0.35471
           -0.355556
            -0.35647
           -0.357453
           -0.358487
           -0.359564
           -0.360687
           -0.361841
           -0.363011
           -0.364197
           -0.365383
           -0.366567
           -0.367738
           -0.368889
            -0.37001
           -0.371096
           -0.372132
           -0.373124
           -0.374062
           -0.374948
           -0.375768
            -0.37653
           -0.377227
           -0.377866
           -0.378434
            -0.37894
           -0.379384
           -0.379764
           -0.380087
           -0.380355
           -0.380568
           -0.380729
           -0.380843
           -0.380912
           -0.380939
           -0.380937
           -0.380901
           -0.380832
           -0.380743
           -0.380631
           -0.380505
           -0.380374
           -0.380232
           -0.380088
           -0.379949
           -0.379822
           -0.379697
           -0.379592
           -0.379499
           -0.379436
             -0.3794
           -0.379395
           -0.379425
           -0.379491
           -0.379598
            -0.37975
           -0.379946
           -0.380197
           -0.380494
           -0.380837
           -0.381233
           -0.381678
           -0.382178
           -0.382727
           -0.383324
           -0.383974
           -0.384667
           -0.385401
           -0.386177
           -0.386991
           -0.387841
           -0.388722
           -0.389634
           -0.390568
           -0.391524
           -0.392494
           -0.393479
           -0.394472
           -0.395474
           -0.396476
           -0.397476
           -0.398471
            -0.39946
           -0.400429
            -0.40138
           -0.402316
           -0.403233
           -0.404124
           -0.404989
           -0.405826
            -0.40663
           -0.407395
           -0.408129
           -0.408828
           -0.409485
           -0.410092
           -0.410667
           -0.411203
           -0.411691
           -0.412137
           -0.412537
           -0.412896
           -0.413207
           -0.413475
           -0.413693
           -0.413864
           -0.413989
           -0.414067
           -0.414091
           -0.414074
           -0.414006
            -0.41389
           -0.413722
           -0.413512
           -0.413251
           -0.412932
           -0.412569
           -0.412152
            -0.41169
           -0.411173
           -0.410607
           -0.409987
           -0.409313
           -0.408592
           -0.407824
           -0.406996
           -0.406116
           -0.405177
           -0.404195
           -0.403163
           -0.402078
           -0.400941
           -0.399751
            -0.39851
            -0.39722
           -0.395888
           -0.394501
           -0.393081
           -0.391618
           -0.390125
           -0.388591
           -0.387037
           -0.385445
            -0.38384
           -0.382221
           -0.380591
           -0.378959
           -0.377331
           -0.375715
           -0.374124
           -0.372567
           -0.371054
            -0.36959
           -0.368187
           -0.366853
           -0.365611
           -0.364454
           -0.363399
           -0.362458
           -0.361639
           -0.360947
           -0.360389
            -0.35997
             -0.3597
           -0.359582
           -0.359614
           -0.359799
            -0.36014
           -0.360641
            -0.36129
           -0.362085
           -0.363015
           -0.364076
           -0.365269
           -0.366567
           -0.367977
           -0.369481
           -0.371069
            -0.37274
           -0.374465
           -0.376254
           -0.378086
            -0.37995
           -0.381846
           -0.383752
           -0.385666
           -0.387579
           -0.389486
           -0.391384
           -0.393257
           -0.395103
           -0.396917
           -0.398696
           -0.400435
           -0.402129
           -0.403777
           -0.405381
           -0.406925
           -0.408426
           -0.409874
           -0.411269
           -0.412604
           -0.413883
           -0.415101
            -0.41627
           -0.417379
           -0.418432
           -0.419431
           -0.420371
            -0.42125
           -0.422082
           -0.422858
           -0.423575
           -0.424241
           -0.424854
           -0.425416
           -0.425923
           -0.426376
           -0.426781
           -0.427135
            -0.42744
           -0.427694
             -0.4279
           -0.428058
           -0.428168
           -0.428228
           -0.428237
           -0.428207
           -0.428132
           -0.428011
            -0.42785
           -0.427639
           -0.427387
           -0.427092
           -0.426758
            -0.42638
           -0.425964
           -0.425506
           -0.425004
           -0.424469
           -0.423896
           -0.423288
           -0.422646
           -0.421971
           -0.421264
           -0.420526
           -0.419758
           -0.418964
           -0.418143
           -0.417301
           -0.416435
           -0.415545
           -0.414641
            -0.41372
           -0.412786
            -0.41185
           -0.410903
            -0.40995
           -0.408997
           -0.408043
           -0.407093
            -0.40615
           -0.405221
           -0.404305
           -0.403399
           -0.402516
           -0.401659
           -0.400831
           -0.400028
            -0.39926
           -0.398534
            -0.39784
           -0.397185
            -0.39658
           -0.396011
           -0.395494
           -0.395028
           -0.394608
           -0.394245
           -0.393929
           -0.393666
           -0.393461
           -0.393303
           -0.393201
           -0.393151
           -0.393143
           -0.393187
           -0.393283
           -0.393421
           -0.393596
           -0.393818
           -0.394071
           -0.394359
           -0.394674
           -0.395021
           -0.395384
           -0.395773
           -0.396172
            -0.39658
           -0.396998
           -0.397416
           -0.397833
           -0.398242
           -0.398644
           -0.399038
           -0.399413
           -0.399763
           -0.400094
           -0.400402
           -0.400673
           -0.400914
           -0.401119
           -0.401292
           -0.401425
           -0.401516
           -0.401566
           -0.401571
           -0.401542
           -0.401462
           -0.401343
           -0.401189
           -0.400989
           -0.400748
            -0.40047
           -0.400156
           -0.399804
           -0.399422
           -0.399009
           -0.398572
            -0.39811
           -0.397629
           -0.397129
           -0.396625
           -0.396117
           -0.395606
           -0.395097
           -0.394593
           -0.394102
           -0.393629
           -0.393184
           -0.392759
            -0.39237
           -0.392014
           -0.391697
           -0.391422
           -0.391194
           -0.391022
           -0.390898
            -0.39083
           -0.390827
            -0.39088
           -0.390995
           -0.391172
           -0.391416
           -0.391716
           -0.392086
           -0.392518
           -0.393011
           -0.393566
           -0.394179
           -0.394851
           -0.395579
           -0.396361
           -0.397188
            -0.39807
           -0.398995
           -0.399954
           -0.400958
           -0.401993
           -0.403059
           -0.404151
           -0.405268
           -0.406398
           -0.407552
           -0.408708
           -0.409872
           -0.411034
           -0.412193
           -0.413345
           -0.414486
            -0.41561
           -0.416717
           -0.417799
           -0.418847
           -0.419874
           -0.420865
           -0.421812
           -0.422711
           -0.423572
           -0.424388
           -0.425151
           -0.425857
           -0.426515
           -0.427117
           -0.427658
           -0.428138
           -0.428555
            -0.42891
           -0.429201
            -0.42943
           -0.429597
           -0.429696
           -0.429734
           -0.429707
           -0.429608
           -0.429442
           -0.429209
           -0.428911
           -0.428554
            -0.42812
           -0.427627
           -0.427072
           -0.426447
           -0.425761
           -0.425008
           -0.424189
           -0.423307
           -0.422359
           -0.421349
           -0.420264
           -0.419112
            -0.41789
           -0.416596
           -0.415231
           -0.413793
           -0.412285
             -0.4107
           -0.409042
           -0.407306
           -0.405498
           -0.403616
           -0.401664
           -0.399637
            -0.39754
           -0.395381
           -0.393161
           -0.390895
           -0.388579
           -0.386235
           -0.383878
           -0.381519
           -0.379178
           -0.376866
           -0.374608
           -0.372429
           -0.370348
           -0.368389
            -0.36658
           -0.364936
           -0.363482
           -0.362237
           -0.361218
           -0.360444
           -0.359914
           -0.359636
           -0.359616
           -0.359843
           -0.360321
           -0.361034
           -0.361965
           -0.363096
           -0.364404
           -0.365868
           -0.367467
           -0.369173
           -0.370958
           -0.372807
           -0.374695
           -0.376595
           -0.378489
           -0.380374
           -0.382221
           -0.384022
           -0.385769
           -0.387456
           -0.389074
           -0.390619
           -0.392097
           -0.393497
           -0.394829
           -0.396099
           -0.397307
           -0.398451
           -0.399542
            -0.40058
            -0.40158
            -0.40253
           -0.403443
            -0.40433
           -0.405191
           -0.406033
           -0.406857
           -0.407663
           -0.408457
           -0.409245
           -0.410027
           -0.410805
           -0.411579
           -0.412357
           -0.413128
           -0.413894
           -0.414662
           -0.415431
           -0.416197
           -0.416964
           -0.417725
           -0.418489
            -0.41925
           -0.420002
           -0.420743
           -0.421481
           -0.422209
           -0.422935
           -0.423643
           -0.424345
           -0.425042
           -0.425714
           -0.426377
            -0.42702
           -0.427646
           -0.428257
           -0.428851
           -0.429431
           -0.430001
           -0.430549
           -0.431078
           -0.431594
           -0.432092
           -0.432574
           -0.433039
           -0.433482
           -0.433911
           -0.434323
           -0.434712
           -0.435083
           -0.435439
            -0.43577
           -0.436088
           -0.436388
           -0.436668
           -0.436933
           -0.437181
           -0.437412
           -0.437619
           -0.437807
            -0.43798
           -0.438135
           -0.438264
            -0.43838
           -0.438471
            -0.43854
           -0.438595
           -0.438627
           -0.438635
           -0.438623
           -0.438591
           -0.438532
           -0.438453
           -0.438348
           -0.438219
           -0.438071
           -0.437897
           -0.437698
           -0.437472
           -0.437221
           -0.436948
           -0.436647
           -0.436325
           -0.435976
           -0.435599
           -0.435195
           -0.434772
           -0.434327
           -0.433853
           -0.433352
           -0.432834
           -0.432288
           -0.431716
           -0.431126
           -0.430519
           -0.429892
           -0.429241
           -0.428562
           -0.427871
           -0.427163
           -0.426442
           -0.425701
           -0.424949
           -0.424183
           -0.423411
           -0.422629
           -0.421836
           -0.421043
           -0.420246
           -0.419446
           -0.418651
           -0.417868
           -0.417084
           -0.416316
           -0.415554
           -0.414813
           -0.414091
           -0.413384
           -0.412709
           -0.412059
           -0.411435
           -0.410848
             -0.4103
            -0.40979
           -0.409327
           -0.408908
           -0.408546
           -0.408227
           -0.407966
           -0.407752
            -0.40759
           -0.407493
           -0.407452
           -0.407475
           -0.407554
           -0.407693
           -0.407891
           -0.408152
           -0.408469
           -0.408843
           -0.409273
           -0.409757
           -0.410292
           -0.410882
           -0.411515
            -0.41219
            -0.41291
           -0.413662
           -0.414448
           -0.415264
           -0.416104
            -0.41697
           -0.417854
           -0.418752
           -0.419659
           -0.420579
             -0.4215
           -0.422429
           -0.423352
           -0.424274
           -0.425187
           -0.426091
            -0.42698
           -0.427854
            -0.42871
           -0.429548
           -0.430362
           -0.431152
           -0.431922
           -0.432659
           -0.433369
           -0.434051
           -0.434705
           -0.435325
           -0.435909
           -0.436467
           -0.436989
           -0.437475
           -0.437927
           -0.438343
           -0.438729
           -0.439077
           -0.439386
           -0.439662
             -0.4399
           -0.440104
           -0.440268
           -0.440394
           -0.440483
            -0.44053
           -0.440544
           -0.440517
           -0.440451
           -0.440346
           -0.440199
           -0.440018
           -0.439795
           -0.439535
           -0.439243
           -0.438905
           -0.438526
           -0.438111
           -0.437656
           -0.437164
           -0.436636
           -0.436074
           -0.435479
           -0.434856
           -0.434199
           -0.433509
           -0.432798
           -0.432064
            -0.43131
           -0.430544
           -0.429759
           -0.428964
           -0.428163
           -0.427361
           -0.426557
