#            T_STEP:
             2.72019
             2.72059
             2.72106
             2.72159
             2.72218
             2.72283
             2.72355
             2.72433
             2.72518
             2.72608
             2.72705
             2.72809
             2.72919
             2.73035
             2.73157
             2.73286
             2.73422
             2.73563
             2.73712
             2.73866
             2.74027
             2.74195
             2.74368
             2.74549
             2.74735
             2.74928
             2.75128
             2.75334
             2.75546
             2.75765
              2.7599
             2.76221
             2.76459
             2.76703
             2.76954
             2.77211
             2.77474
             2.77743
             2.78018
               2.783
             2.78588
             2.78882
             2.79182
             2.79488
               2.798
             2.80117
             2.80441
              2.8077
             2.81105
             2.81446
             2.81792
             2.82143
               2.825
             2.82862
             2.83229
             2.83601
             2.83978
             2.84359
             2.84745
             2.85135
             2.85529
             2.85927
             2.86328
             2.86733
             2.87141
             2.87552
             2.87966
             2.88382
               2.888
              2.8922
             2.89641
             2.90063
             2.90485
             2.90908
              2.9133
             2.91751
             2.92171
             2.92588
             2.93003
             2.93415
             2.93823
             2.94226
             2.94623
             2.95014
             2.95398
             2.95774
             2.96141
             2.96497
             2.96842
             2.97175
             2.97494
             2.97798
             2.98085
             2.98355
             2.98604
             2.98833
             2.99038
             2.99219
             2.99372
             2.99496
             2.99589
             2.99649
             2.99672
             2.99657
             2.99601
               2.995
             2.99352
             2.99154
             2.98903
             2.98595
             2.98226
             2.97794
             2.97294
             2.96723
             2.96077
             2.95353
             2.94545
             2.93651
             2.92666
             2.91587
              2.9041
             2.89131
             2.87749
             2.86258
             2.84658
             2.82946
             2.81121
             2.79182
             2.77128
             2.74962
             2.72684
             2.70299
              2.6781
             2.65222
             2.62545
             2.59785
             2.56953
             2.54062
             2.51125
             2.48157
             2.45177
             2.42202
             2.39254
             2.36353
             2.33523
             2.30785
             2.28166
             2.25687
             2.23373
             2.21247
             2.19329
             2.17641
             2.16199
              2.1502
             2.14115
             2.13494
             2.13164
             2.13127
             2.13382
             2.13926
              2.1475
             2.15844
             2.17195
             2.18786
               2.206
             2.22616
             2.24812
             2.27168
             2.29659
             2.32264
             2.34959
             2.37723
             2.40535
             2.43374
             2.46222
             2.49063
             2.51879
             2.54657
             2.57385
             2.60053
             2.62649
             2.65168
             2.67602
             2.69947
             2.72199
             2.74355
             2.76414
             2.78374
             2.80237
             2.82003
             2.83673
             2.85249
             2.86734
              2.8813
              2.8944
             2.90668
             2.91816
             2.92889
              2.9389
             2.94821
             2.95688
             2.96493
              2.9724
             2.97932
             2.98573
             2.99166
             2.99713
             3.00219
             3.00685
             3.01115
              3.0151
             3.01875
              3.0221
             3.02518
             3.02802
             3.03062
             3.03301
              3.0352
             3.03722
             3.03906
             3.04075
              3.0423
             3.04372
             3.04501
             3.04619
             3.04726
             3.04823
              3.0491
             3.04989
             3.05059
             3.05121
             3.05175
             3.05221
              3.0526
             3.05292
             3.05316
             3.05333
             3.05343
             3.05345
             3.05341
             3.05328
             3.05308
              3.0528
             3.05244
               3.052
             3.05146
             3.05084
             3.05013
             3.04931
             3.04839
             3.04736
             3.04622
             3.04496
             3.04356
             3.04203
             3.04035
             3.03852
             3.03652
             3.03434
             3.03197
              3.0294
              3.0266
             3.02357
             3.02029
             3.01673
             3.01288
             3.00871
              3.0042
             2.99932
             2.99406
             2.98837
             2.98224
             2.97563
             2.96851
             2.96085
             2.95261
             2.94378
             2.93432
              2.9242
              2.9134
             2.90189
             2.88968
             2.87673
             2.86307
             2.84869
             2.83361
             2.81788
             2.80152
             2.78461
             2.76723
             2.74946
             2.73142
             2.71324
             2.69506
             2.67704
             2.65934
             2.64215
             2.62566
             2.61004
             2.59547
             2.58214
              2.5702
             2.55979
             2.55103
             2.54403
             2.53884
             2.53552
             2.53407
             2.53447
             2.53668
             2.54062
              2.5462
              2.5533
             2.56178
              2.5715
             2.58231
             2.59404
             2.60653
             2.61962
             2.63316
             2.64699
             2.66097
             2.67499
              2.6889
             2.70262
             2.71605
             2.72911
             2.74173
             2.75386
             2.76545
             2.77647
              2.7869
             2.79673
             2.80595
             2.81455
             2.82256
             2.82997
              2.8368
             2.84308
             2.84883
             2.85407
             2.85882
             2.86312
             2.86699
             2.87045
             2.87355
             2.87629
             2.87872
             2.88084
              2.8827
              2.8843
             2.88568
             2.88686
             2.88785
             2.88867
             2.88934
             2.88988
              2.8903
             2.89061
             2.89083
             2.89096
             2.89102
             2.89102
             2.89096
             2.89085
             2.89069
              2.8905
             2.89027
                2.89
              2.8897
             2.88937
             2.88901
             2.88862
             2.88819
             2.88773
             2.88724
              2.8867
             2.88612
             2.88549
             2.88481
             2.88407
             2.88327
              2.8824
             2.88146
             2.88043
             2.87931
              2.8781
             2.87679
             2.87537
             2.87382
             2.87216
             2.87036
             2.86842
             2.86633
             2.86409
             2.86169
             2.85912
             2.85637
             2.85344
             2.85032
             2.84701
             2.84349
             2.83978
             2.83585
             2.83171
             2.82735
             2.82278
             2.81799
             2.81297
             2.80774
             2.80229
             2.79663
             2.79075
             2.78467
             2.77839
             2.77192
             2.76526
             2.75843
             2.75144
              2.7443
             2.73702
             2.72963
             2.72213
             2.71455
             2.70691
             2.69922
              2.6915
             2.68379
             2.67609
             2.66844
             2.66085
             2.65335
             2.64596
             2.63871
             2.63161
             2.62468
             2.61796
             2.61145
             2.60519
             2.59917
             2.59343
             2.58797
             2.58281
             2.57797
             2.57346
             2.56927
             2.56544
             2.56195
             2.55882
             2.55605
             2.55365
             2.55161
             2.54993
             2.54861
             2.54765
             2.54704
             2.54678
             2.54686
             2.54727
             2.54801
             2.54905
              2.5504
             2.55203
             2.55395
             2.55614
             2.55858
             2.56126
             2.56418
             2.56731
             2.57065
             2.57419
              2.5779
             2.58179
             2.58582
                2.59
             2.59431
             2.59874
             2.60327
             2.60788
             2.61257
             2.61733
             2.62213
             2.62697
             2.63183
              2.6367
             2.64157
             2.64643
             2.65125
             2.65604
             2.66078
             2.66545
             2.67005
             2.67457
             2.67899
             2.68331
             2.68751
             2.69159
             2.69554
             2.69934
               2.703
              2.7065
             2.70985
             2.71302
             2.71602
             2.71884
             2.72148
             2.72394
              2.7262
             2.72827
             2.73015
             2.73184
             2.73332
             2.73461
             2.73569
             2.73658
             2.73726
             2.73774
             2.73803
             2.73811
             2.73799
             2.73766
             2.73714
             2.73641
             2.73548
             2.73435
             2.73301
             2.73147
             2.72973
             2.72778
             2.72563
             2.72328
             2.72073
             2.71798
             2.71503
              2.7119
             2.70858
             2.70508
             2.70142
             2.69761
             2.69365
             2.68958
              2.6854
             2.68113
             2.67681
             2.67246
              2.6681
             2.66377
              2.6595
             2.65533
             2.65128
             2.64739
              2.6437
             2.64023
             2.63703
              2.6341
             2.63149
             2.62921
             2.62727
             2.62569
             2.62447
             2.62362
             2.62314
             2.62302
             2.62325
             2.62381
             2.62469
             2.62587
             2.62733
             2.62903
             2.63095
             2.63307
             2.63535
             2.63777
             2.64029
             2.64289
             2.64553
             2.64819
             2.65084
             2.65345
               2.656
             2.65848
             2.66085
             2.66312
             2.66525
             2.66723
             2.66907
             2.67075
             2.67226
              2.6736
             2.67478
             2.67578
             2.67661
             2.67727
             2.67777
              2.6781
             2.67827
             2.67828
             2.67814
             2.67785
             2.67741
             2.67683
             2.67612
             2.67527
              2.6743
              2.6732
             2.67199
             2.67067
             2.66926
             2.66775
             2.66616
              2.6645
             2.66279
             2.66103
             2.65924
             2.65744
             2.65564
             2.65387
             2.65214
             2.65047
             2.64888
             2.64739
             2.64601
             2.64475
             2.64364
             2.64268
             2.64188
             2.64124
             2.64076
             2.64044
             2.64028
             2.64027
             2.64039
             2.64063
             2.64098
             2.64142
             2.64193
             2.64249
             2.64308
             2.64369
              2.6443
             2.64489
             2.64544
             2.64595
             2.64639
             2.64677
             2.64706
             2.64726
             2.64737
             2.64737
             2.64727
             2.64706
             2.64674
              2.6463
             2.64576
              2.6451
             2.64432
             2.64343
             2.64244
             2.64133
             2.64011
             2.63878
             2.63734
             2.63579
             2.63414
             2.63239
             2.63053
             2.62856
              2.6265
             2.62433
             2.62206
              2.6197
             2.61723
             2.61468
             2.61203
             2.60929
             2.60646
             2.60356
             2.60059
             2.59754
             2.59444
             2.59129
             2.58809
             2.58487
             2.58163
             2.57838
             2.57515
             2.57194
             2.56876
             2.56564
             2.56259
             2.55962
             2.55675
               2.554
             2.55136
             2.54886
              2.5465
              2.5443
             2.54225
             2.54036
             2.53863
             2.53706
             2.53564
             2.53438
             2.53327
              2.5323
             2.53146
             2.53074
             2.53014
             2.52963
             2.52922
              2.5289
             2.52865
             2.52847
             2.52834
             2.52827
             2.52825
             2.52827
             2.52833
             2.52843
             2.52857
             2.52875
             2.52897
             2.52923
             2.52954
             2.52989
             2.53031
             2.53077
              2.5313
              2.5319
             2.53257
             2.53331
             2.53412
             2.53502
               2.536
             2.53706
              2.5382
             2.53943
             2.54074
             2.54212
             2.54358
             2.54511
              2.5467
             2.54836
             2.55006
             2.55181
              2.5536
             2.55541
             2.55725
             2.55909
             2.56094
             2.56278
              2.5646
              2.5664
             2.56816
             2.56988
             2.57156
             2.57318
             2.57473
             2.57621
             2.57762
             2.57895
              2.5802
             2.58135
             2.58242
             2.58338
             2.58426
             2.58503
              2.5857
             2.58627
             2.58673
              2.5871
             2.58735
             2.58751
             2.58755
              2.5875
             2.58734
             2.58707
              2.5867
             2.58622
             2.58564
             2.58496
             2.58417
             2.58327
             2.58227
             2.58117
             2.57996
             2.57865
             2.57724
             2.57572
              2.5741
             2.57239
             2.57057
             2.56866
             2.56666
             2.56457
              2.5624
             2.56016
             2.55784
             2.55546
             2.55303
             2.55055
             2.54803
              2.5455
             2.54294
             2.54039
             2.53785
             2.53532
             2.53283
             2.53038
             2.52798
             2.52564
             2.52337
             2.52117
             2.51904
             2.51699
             2.51502
             2.51313
              2.5113
             2.50955
             2.50785
             2.50622
             2.50463
             2.50309
              2.5016
             2.50014
             2.49873
             2.49735
             2.49602
             2.49474
             2.49353
             2.49239
             2.49134
             2.49041
             2.48961
             2.48897
             2.48851
             2.48825
             2.48822
             2.48844
             2.48892
             2.48968
             2.49072
             2.49205
             2.49366
             2.49556
             2.49772
             2.50012
             2.50275
             2.50558
             2.50857
              2.5117
             2.51493
             2.51823
             2.52157
             2.52491
             2.52823
              2.5315
             2.53468
             2.53777
             2.54074
             2.54358
             2.54626
             2.54879
             2.55114
             2.55332
             2.55532
             2.55713
             2.55876
             2.56021
             2.56147
             2.56255
             2.56344
             2.56416
             2.56471
             2.56508
             2.56529
             2.56533
             2.56521
             2.56493
              2.5645
             2.56391
             2.56318
              2.5623
             2.56128
             2.56013
             2.55884
             2.55742
             2.55588
             2.55421
             2.55244
             2.55055
             2.54856
             2.54648
             2.54431
             2.54207
             2.53976
             2.53739
             2.53498
             2.53254
             2.53007
              2.5276
             2.52514
              2.5227
             2.52029
             2.51793
             2.51563
             2.51341
             2.51128
             2.50925
             2.50732
             2.50552
             2.50384
              2.5023
             2.50089
             2.49963
             2.49851
             2.49754
             2.49671
             2.49602
             2.49546
             2.49504
             2.49474
             2.49455
             2.49447
              2.4945
              2.4946
             2.49479
             2.49505
             2.49536
             2.49572
             2.49611
             2.49654
             2.49698
             2.49744
              2.4979
             2.49836
             2.49882
             2.49928
             2.49972
             2.50016
             2.50058
             2.50101
             2.50142
             2.50183
             2.50225
             2.50267
              2.5031
             2.50355
             2.50401
             2.50449
             2.50499
             2.50553
             2.50609
             2.50668
              2.5073
             2.50796
             2.50865
             2.50937
             2.51012
              2.5109
             2.51171
             2.51254
              2.5134
             2.51427
             2.51517
             2.51608
             2.51701
             2.51795
             2.51891
             2.51986
             2.52083
              2.5218
             2.52277
             2.52374
             2.52471
             2.52568
             2.52664
              2.5276
             2.52855
              2.5295
             2.53043
             2.53135
             2.53226
             2.53315
             2.53403
             2.53488
             2.53572
             2.53654
             2.53734
             2.53811
             2.53885
             2.53957
             2.54026
             2.54091
             2.54153
             2.54212
             2.54266
             2.54317
             2.54364
             2.54406
             2.54443
             2.54476
             2.54504
             2.54527
             2.54544
             2.54556
             2.54563
             2.54564
             2.54559
             2.54547
              2.5453
             2.54507
             2.54477
             2.54441
             2.54399
              2.5435
             2.54295
             2.54234
             2.54166
             2.54092
             2.54013
             2.53927
             2.53835
             2.53738
             2.53635
             2.53528
             2.53415
             2.53298
             2.53176
             2.53051
             2.52922
             2.52789
             2.52654
             2.52516
             2.52377
             2.52235
             2.52093
             2.51949
             2.51805
             2.51661
             2.51517
             2.51374
             2.51232
              2.5109
             2.50951
             2.50813
             2.50676
             2.50542
              2.5041
             2.50281
             2.50153
             2.50029
             2.49906
             2.49786
             2.49669
             2.49554
             2.49441
             2.49331
             2.49223
             2.49117
             2.49013
             2.48911
             2.48811
             2.48712
             2.48615
             2.48519
             2.48425
             2.48332
             2.48241
              2.4815
             2.48061
             2.47973
             2.47886
             2.47799
             2.47714
              2.4763
             2.47547
             2.47464
             2.47383
             2.47303
             2.47224
             2.47146
             2.47069
             2.46994
             2.46919
             2.46847
             2.46776
             2.46706
             2.46639
             2.46573
             2.46509
             2.46448
             2.46388
             2.46331
             2.46276
             2.46224
             2.46174
             2.46127
             2.46083
             2.46041
             2.46003
             2.45968
             2.45936
             2.45907
             2.45882
              2.4586
             2.45842
             2.45828
             2.45817
             2.45811
             2.45808
              2.4581
             2.45817
             2.45828
             2.45843
             2.45864
              2.4589
             2.45921
             2.45957
             2.45999
             2.46046
             2.46099
             2.46158
             2.46223
             2.46294
              2.4637
             2.46452
              2.4654
             2.46634
             2.46732
             2.46835
             2.46943
             2.47055
              2.4717
             2.47288
             2.47409
             2.47531
             2.47655
             2.47778
             2.47902
             2.48023
             2.48143
              2.4826
             2.48372
              2.4848
             2.48582
             2.48677
             2.48766
             2.48846
             2.48918
              2.4898
             2.49032
             2.49074
             2.49106
             2.49127
             2.49138
             2.49138
             2.49128
             2.49109
             2.49081
             2.49045
             2.49003
             2.48956
             2.48904
             2.48851
             2.48797
             2.48744
             2.48695
             2.48651
             2.48613
             2.48583
             2.48562
             2.48552
             2.48553
             2.48566
             2.48591
             2.48628
             2.48676
             2.48735
             2.48803
             2.48879
             2.48963
             2.49052
             2.49145
              2.4924
             2.49335
              2.4943
             2.49523
             2.49613
             2.49698
             2.49778
             2.49852
              2.4992
              2.4998
             2.50034
              2.5008
             2.50119
             2.50151
             2.50176
             2.50195
             2.50207
             2.50213
             2.50214
             2.50209
             2.50199
             2.50184
             2.50165
             2.50142
             2.50115
             2.50085
             2.50051
             2.50014
             2.49975
             2.49933
             2.49889
             2.49842
             2.49795
             2.49745
             2.49695
             2.49644
             2.49593
             2.49542
             2.49491
             2.49441
             2.49392
             2.49345
               2.493
             2.49257
             2.49217
             2.49179
             2.49145
             2.49115
             2.49088
             2.49066
             2.49047
             2.49033
             2.49023
             2.49018
             2.49016
              2.4902
             2.49027
             2.49038
             2.49053
             2.49072
             2.49094
             2.49119
             2.49147
             2.49177
             2.49209
             2.49243
             2.49279
             2.49315
             2.49352
             2.49389
             2.49425
             2.49461
             2.49497
             2.49531
             2.49563
             2.49594
             2.49622
             2.49648
             2.49672
             2.49692
              2.4971
             2.49724
             2.49735
             2.49742
             2.49746
             2.49746
             2.49742
             2.49734
             2.49722
             2.49706
             2.49685
             2.49661
             2.49632
             2.49599
             2.49561
             2.49519
             2.49473
             2.49422
             2.49366
             2.49307
             2.49242
             2.49173
               2.491
             2.49022
              2.4894
             2.48852
             2.48761
             2.48664
             2.48563
             2.48458
             2.48348
             2.48233
             2.48113
             2.47989
             2.47861
             2.47727
              2.4759
             2.47447
             2.47301
              2.4715
             2.46995
             2.46835
             2.46672
             2.46504
             2.46333
             2.46157
             2.45978
             2.45796
              2.4561
             2.45421
             2.45229
             2.45034
             2.44837
             2.44637
             2.44436
             2.44232
             2.44028
             2.43822
             2.43615
             2.43408
               2.432
             2.42994
             2.42788
             2.42583
              2.4238
              2.4218
             2.41982
             2.41787
             2.41597
             2.41411
              2.4123
             2.41055
             2.40886
             2.40724
             2.40569
             2.40422
             2.40283
             2.40154
             2.40034
             2.39923
             2.39823
             2.39733
             2.39653
             2.39585
             2.39527
              2.3948
             2.39444
             2.39419
             2.39404
               2.394
             2.39405
              2.3942
             2.39444
             2.39477
             2.39517
             2.39565
              2.3962
              2.3968
             2.39746
             2.39816
             2.39891
             2.39969
             2.40049
             2.40132
             2.40216
               2.403
             2.40385
              2.4047
             2.40554
             2.40636
             2.40717
             2.40797
             2.40874
             2.40949
             2.41022
             2.41092
             2.41159
             2.41223
             2.41285
             2.41344
               2.414
             2.41454
             2.41506
             2.41555
             2.41602
             2.41647
              2.4169
             2.41731
             2.41771
              2.4181
             2.41848
             2.41884
              2.4192
             2.41954
             2.41988
             2.42022
             2.42054
             2.42086
             2.42118
             2.42148
             2.42178
             2.42207
             2.42235
             2.42261
             2.42286
              2.4231
             2.42332
             2.42351
             2.42368
             2.42383
             2.42394
             2.42401
             2.42405
             2.42405
               2.424
              2.4239
             2.42375
             2.42354
             2.42326
             2.42292
             2.42252
             2.42203
             2.42148
             2.42084
             2.42012
             2.41932
             2.41844
             2.41747
             2.41641
             2.41528
             2.41406
             2.41277
              2.4114
             2.40997
             2.40849
             2.40696
             2.40539
              2.4038
             2.40219
              2.4006
             2.39902
             2.39749
               2.396
              2.3946
             2.39328
             2.39206
             2.39097
             2.39001
              2.3892
             2.38854
             2.38804
             2.38771
             2.38754
             2.38753
             2.38768
             2.38798
             2.38842
             2.38899
             2.38968
             2.39046
             2.39133
             2.39227
             2.39327
             2.39431
             2.39538
             2.39646
             2.39754
             2.39861
             2.39967
              2.4007
             2.40169
             2.40264
             2.40355
             2.40441
             2.40522
             2.40598
             2.40668
             2.40733
             2.40792
             2.40845
             2.40893
             2.40936
             2.40974
             2.41007
             2.41035
             2.41058
             2.41076
             2.41091
             2.41101
             2.41107
              2.4111
             2.41109
             2.41105
             2.41097
             2.41087
             2.41074
             2.41058
              2.4104
             2.41019
             2.40997
             2.40973
             2.40947
             2.40919
              2.4089
              2.4086
             2.40828
             2.40796
             2.40762
             2.40728
             2.40693
             2.40657
             2.40621
             2.40585
             2.40547
              2.4051
             2.40472
             2.40434
             2.40395
             2.40356
             2.40317
             2.40277
             2.40237
             2.40197
             2.40156
             2.40115
             2.40074
             2.40031
             2.39989
             2.39945
             2.39901
             2.39857
             2.39811
             2.39765
             2.39718
              2.3967
             2.39621
             2.39571
              2.3952
             2.39467
             2.39414
              2.3936
             2.39304
             2.39248
              2.3919
             2.39131
             2.39071
              2.3901
             2.38948
             2.38885
             2.38822
             2.38757
             2.38692
             2.38626
              2.3856
             2.38494
             2.38427
              2.3836
             2.38294
             2.38227
             2.38161
             2.38095
             2.38029
             2.37964
             2.37898
             2.37834
             2.37769
             2.37705
              2.3764
             2.37575
             2.37509
             2.37442
             2.37373
             2.37302
             2.37229
             2.37152
             2.37072
             2.36986
             2.36896
             2.36799
             2.36696
             2.36586
             2.36469
             2.36343
             2.36209
             2.36067
             2.35917
             2.35759
             2.35595
             2.35425
              2.3525
             2.35073
             2.34896
              2.3472
             2.34548
             2.34383
             2.34228
             2.34085
             2.33957
             2.33846
             2.33756
             2.33686
             2.33639
             2.33616
             2.33615
             2.33637
             2.33681
             2.33744
             2.33825
             2.33921
             2.34028
             2.34144
             2.34265
             2.34388
              2.3451
             2.34627
             2.34738
              2.3484
              2.3493
             2.35007
              2.3507
             2.35118
             2.35149
             2.35165
             2.35164
             2.35147
             2.35115
             2.35068
             2.35008
             2.34935
             2.34851
             2.34756
             2.34653
             2.34543
             2.34426
             2.34305
              2.3418
             2.34054
             2.33926
             2.33798
              2.3367
             2.33543
             2.33418
             2.33294
             2.33171
              2.3305
              2.3293
              2.3281
              2.3269
              2.3257
             2.32448
             2.32325
             2.32199
              2.3207
             2.31939
             2.31806
              2.3167
             2.31533
             2.31395
             2.31258
             2.31124
             2.30995
             2.30873
              2.3076
              2.3066
             2.30574
             2.30507
              2.3046
             2.30437
             2.30439
             2.30469
             2.30528
             2.30617
             2.30737
             2.30887
             2.31068
             2.31276
             2.31512
             2.31773
             2.32056
             2.32358
             2.32676
             2.33007
             2.33348
             2.33694
             2.34044
             2.34393
              2.3474
             2.35081
             2.35414
             2.35736
             2.36048
             2.36346
             2.36629
             2.36897
             2.37149
             2.37385
             2.37603
             2.37805
              2.3799
             2.38158
             2.38309
             2.38444
             2.38563
             2.38667
             2.38755
             2.38829
             2.38889
             2.38935
             2.38968
             2.38988
             2.38996
             2.38991
             2.38975
             2.38948
              2.3891
             2.38861
             2.38802
             2.38732
             2.38652
             2.38563
             2.38464
             2.38355
             2.38237
              2.3811
             2.37974
             2.37829
             2.37675
             2.37513
             2.37343
             2.37164
             2.36979
             2.36786
             2.36586
              2.3638
             2.36168
             2.35951
              2.3573
             2.35504
             2.35277
             2.35047
             2.34816
             2.34586
             2.34357
              2.3413
             2.33907
             2.33689
             2.33477
             2.33272
             2.33075
             2.32888
              2.3271
             2.32544
              2.3239
             2.32247
             2.32118
             2.32002
               2.319
              2.3181
             2.31735
             2.31672
             2.31622
             2.31585
              2.3156
             2.31547
             2.31544
             2.31552
             2.31569
             2.31596
             2.31631
             2.31673
             2.31722
             2.31778
             2.31839
             2.31905
             2.31975
             2.32048
             2.32123
             2.32201
             2.32279
             2.32358
             2.32435
             2.32512
             2.32586
             2.32657
             2.32723
             2.32785
             2.32842
             2.32892
             2.32935
              2.3297
             2.32996
             2.33014
             2.33022
             2.33021
              2.3301
             2.32988
             2.32957
             2.32916
             2.32865
             2.32806
             2.32738
             2.32663
             2.32581
             2.32494
             2.32404
             2.32311
             2.32217
             2.32123
             2.32032
             2.31945
             2.31863
             2.31789
             2.31724
             2.31668
             2.31623
             2.31591
             2.31571
             2.31564
             2.31571
             2.31591
             2.31624
             2.31669
             2.31725
             2.31792
             2.31869
             2.31954
             2.32046
             2.32144
             2.32246
             2.32352
             2.32459
             2.32568
             2.32676
             2.32783
             2.32887
             2.32989
             2.33088
             2.33183
             2.33273
             2.33359
              2.3344
             2.33516
             2.33587
             2.33653
             2.33715
             2.33771
             2.33822
             2.33869
             2.33911
             2.33949
             2.33983
             2.34013
             2.34039
             2.34061
              2.3408
             2.34096
             2.34108
             2.34117
             2.34122
             2.34124
             2.34123
             2.34118
              2.3411
             2.34097
              2.3408
             2.34059
             2.34033
             2.34001
             2.33963
             2.33919
             2.33868
              2.3381
             2.33742
             2.33666
             2.33579
             2.33481
             2.33372
             2.33249
             2.33113
             2.32963
             2.32797
             2.32615
             2.32416
             2.32201
             2.31969
             2.31719
             2.31454
             2.31174
             2.30881
             2.30576
             2.30262
             2.29944
             2.29624
             2.29307
                2.29
             2.28706
             2.28431
             2.28182
             2.27964
             2.27782
             2.27641
             2.27543
             2.27492
             2.27488
             2.27532
             2.27622
             2.27755
             2.27927
             2.28135
             2.28373
             2.28636
             2.28917
             2.29212
             2.29515
              2.2982
             2.30124
             2.30423
             2.30714
             2.30993
              2.3126
             2.31512
              2.3175
             2.31971
             2.32177
             2.32367
             2.32542
             2.32702
             2.32849
             2.32982
             2.33102
             2.33211
             2.33309
             2.33398
             2.33476
             2.33547
             2.33609
             2.33663
             2.33711
             2.33752
             2.33787
             2.33816
             2.33839
             2.33857
             2.33869
             2.33876
             2.33877
             2.33874
             2.33864
              2.3385
              2.3383
             2.33805
             2.33774
             2.33737
             2.33695
             2.33647
             2.33594
             2.33534
             2.33469
             2.33397
              2.3332
             2.33238
             2.33149
             2.33055
             2.32956
             2.32852
             2.32743
              2.3263
             2.32512
             2.32391
             2.32267
              2.3214
             2.32011
             2.31881
             2.31749
             2.31618
             2.31487
             2.31357
              2.3123
             2.31105
             2.30984
             2.30867
             2.30756
              2.3065
              2.3055
             2.30457
             2.30372
             2.30294
             2.30224
             2.30163
              2.3011
             2.30066
              2.3003
             2.30002
             2.29983
             2.29971
             2.29966
             2.29968
             2.29977
             2.29991
             2.30011
             2.30035
             2.30063
             2.30094
             2.30128
             2.30164
             2.30202
              2.3024
              2.3028
              2.3032
              2.3036
             2.30399
             2.30439
             2.30478
             2.30518
             2.30557
             2.30596
             2.30635
             2.30674
             2.30715
             2.30756
             2.30799
             2.30843
              2.3089
             2.30939
              2.3099
             2.31044
             2.31101
             2.31161
             2.31224
              2.3129
             2.31359
             2.31432
             2.31507
             2.31584
             2.31664
             2.31745
             2.31828
             2.31912
             2.31997
             2.32082
             2.32167
             2.32251
             2.32334
             2.32416
             2.32495
             2.32572
             2.32647
             2.32718
             2.32786
             2.32851
             2.32911
             2.32967
             2.33019
             2.33067
             2.33109
             2.33147
              2.3318
             2.33208
             2.33231
              2.3325
             2.33263
             2.33271
             2.33275
             2.33273
             2.33267
             2.33256
             2.33241
             2.33221
             2.33197
             2.33168
             2.33136
               2.331
             2.33059
             2.33016
             2.32969
             2.32919
             2.32866
              2.3281
             2.32752
             2.32691
             2.32628
             2.32563
             2.32497
              2.3243
             2.32361
             2.32292
             2.32222
             2.32152
             2.32082
             2.32012
             2.31942
             2.31874
             2.31807
             2.31741
             2.31677
             2.31615
             2.31555
             2.31497
             2.31442
             2.31391
             2.31342
             2.31297
             2.31255
             2.31217
             2.31182
             2.31152
             2.31125
             2.31103
             2.31085
             2.31071
             2.31061
             2.31055
             2.31053
             2.31056
             2.31062
             2.31071
             2.31085
             2.31101
             2.31121
             2.31144
             2.31169
             2.31197
             2.31227
             2.31258
             2.31292
             2.31326
             2.31361
             2.31397
             2.31433
             2.31469
             2.31504
             2.31539
             2.31572
             2.31604
             2.31635
             2.31663
              2.3169
             2.31713
             2.31734
             2.31752
             2.31767
             2.31778
             2.31786
              2.3179
             2.31791
             2.31787
              2.3178
             2.31769
             2.31754
             2.31735
             2.31713
             2.31687
             2.31658
             2.31625
              2.3159
             2.31552
             2.31512
              2.3147
             2.31426
             2.31381
             2.31336
             2.31291
             2.31245
             2.31201
             2.31158
             2.31117
             2.31078
             2.31041
             2.31008
             2.30978
             2.30952
              2.3093
             2.30912
             2.30898
             2.30889
             2.30884
             2.30883
             2.30885
             2.30892
             2.30901
             2.30913
             2.30927
             2.30942
             2.30958
             2.30974
             2.30989
             2.31002
             2.31012
             2.31019
              2.3102
             2.31016
             2.31005
             2.30985
             2.30957
             2.30918
             2.30868
             2.30806
              2.3073
              2.3064
             2.30535
             2.30413
             2.30274
             2.30117
             2.29941
             2.29747
             2.29532
             2.29299
             2.29046
             2.28773
             2.28483
             2.28175
              2.2785
             2.27512
             2.27161
               2.268
             2.26433
             2.26062
             2.25691
             2.25325
             2.24967
             2.24622
             2.24295
             2.23989
             2.23708
             2.23457
             2.23239
             2.23057
             2.22912
             2.22807
             2.22742
             2.22717
             2.22732
             2.22785
             2.22875
             2.22999
             2.23156
             2.23341
             2.23552
             2.23785
             2.24038
             2.24307
             2.24589
             2.24882
             2.25181
             2.25485
             2.25791
             2.26098
             2.26403
             2.26704
                2.27
              2.2729
             2.27573
             2.27847
             2.28112
             2.28368
             2.28614
              2.2885
             2.29075
             2.29289
             2.29493
             2.29687
              2.2987
             2.30042
             2.30205
             2.30358
             2.30502
             2.30637
             2.30763
             2.30881
              2.3099
             2.31093
             2.31187
             2.31275
             2.31357
             2.31432
             2.31501
             2.31564
             2.31622
             2.31675
             2.31723
             2.31767
             2.31806
             2.31841
             2.31873
               2.319
             2.31924
             2.31944
             2.31961
             2.31975
             2.31986
             2.31994
                2.32
             2.32003
             2.32003
             2.32001
             2.31997
              2.3199
             2.31982
             2.31972
              2.3196
             2.31947
             2.31932
             2.31916
             2.31899
             2.31881
             2.31863
             2.31843
             2.31823
             2.31803
             2.31783
             2.31762
             2.31742
             2.31721
             2.31701
             2.31681
             2.31662
             2.31643
             2.31625
             2.31607
              2.3159
             2.31574
             2.31558
             2.31542
             2.31527
             2.31512
             2.31497
             2.31482
             2.31467
             2.31452
             2.31437
             2.31421
             2.31404
             2.31385
             2.31366
             2.31345
             2.31322
             2.31297
              2.3127
             2.31241
             2.31209
             2.31174
             2.31136
             2.31094
             2.31049
                2.31
             2.30948
             2.30891
              2.3083
             2.30765
             2.30695
             2.30621
             2.30542
             2.30458
              2.3037
             2.30277
             2.30179
             2.30077
              2.2997
             2.29859
             2.29743
             2.29623
             2.29499
             2.29372
             2.29241
             2.29106
             2.28969
             2.28829
             2.28687
             2.28543
             2.28397
             2.28251
             2.28104
             2.27957
             2.27811
             2.27665
             2.27521
             2.27379
              2.2724
             2.27104
             2.26971
             2.26842
             2.26718
             2.26598
             2.26483
             2.26373
             2.26269
             2.26171
             2.26078
             2.25992
             2.25911
             2.25835
             2.25765
               2.257
              2.2564
             2.25585
             2.25533
             2.25485
              2.2544
             2.25398
             2.25357
             2.25318
             2.25279
             2.25241
             2.25202
             2.25161
              2.2512
             2.25076
             2.25029
              2.2498
             2.24927
              2.2487
             2.24809
             2.24744
             2.24675
             2.24602
             2.24524
             2.24443
             2.24358
             2.24269
             2.24177
             2.24082
             2.23985
             2.23887
             2.23787
             2.23687
             2.23587
             2.23488
              2.2339
             2.23295
             2.23204
             2.23116
             2.23033
             2.22955
             2.22883
             2.22818
             2.22761
             2.22711
              2.2267
             2.22637
             2.22613
             2.22599
             2.22594
             2.22599
             2.22613
             2.22637
             2.22671
             2.22714
             2.22766
             2.22826
             2.22895
             2.22972
             2.23057
             2.23148
             2.23245
             2.23349
             2.23457
              2.2357
             2.23686
             2.23806
             2.23928
             2.24052
             2.24177
             2.24303
             2.24429
             2.24555
             2.24679
             2.24802
             2.24924
             2.25043
             2.25159
             2.25273
             2.25383
              2.2549
             2.25594
             2.25694
              2.2579
             2.25883
             2.25971
             2.26056
             2.26137
             2.26214
             2.26287
             2.26357
             2.26423
             2.26486
             2.26545
             2.26601
             2.26654
             2.26705
             2.26752
             2.26797
              2.2684
              2.2688
             2.26917
             2.26953
             2.26986
             2.27018
             2.27047
             2.27075
               2.271
             2.27124
             2.27146
             2.27166
             2.27185
             2.27201
             2.27216
             2.27228
             2.27239
             2.27247
             2.27253
             2.27257
             2.27258
             2.27256
             2.27252
             2.27245
             2.27234
             2.27221
             2.27204
             2.27183
             2.27159
              2.2713
             2.27098
             2.27061
             2.27019
             2.26973
             2.26922
             2.26865
             2.26804
             2.26737
             2.26665
             2.26587
             2.26504
             2.26415
              2.2632
              2.2622
             2.26114
             2.26003
             2.25886
             2.25764
             2.25637
             2.25505
             2.25369
              2.2523
             2.25086
              2.2494
             2.24792
             2.24642
              2.2449
             2.24339
             2.24188
             2.24038
              2.2389
             2.23746
             2.23605
             2.23469
             2.23339
             2.23215
             2.23098
             2.22989
             2.22889
             2.22798
             2.22717
             2.22646
             2.22586
             2.22537
             2.22498
             2.22471
             2.22455
              2.2245
             2.22455
             2.22471
             2.22497
             2.22533
             2.22577
              2.2263
             2.22691
              2.2276
             2.22835
             2.22916
             2.23002
             2.23093
             2.23188
             2.23286
             2.23387
              2.2349
             2.23594
             2.23699
             2.23805
              2.2391
             2.24014
             2.24118
             2.24219
             2.24319
             2.24416
             2.24511
             2.24602
              2.2469
             2.24774
             2.24855
             2.24931
             2.25002
             2.25069
             2.25131
             2.25188
              2.2524
             2.25286
             2.25327
             2.25362
             2.25391
             2.25413
              2.2543
              2.2544
             2.25443
             2.25439
             2.25428
             2.25409
             2.25383
             2.25348
             2.25305
             2.25253
             2.25192
              2.2512
             2.25039
             2.24946
             2.24843
             2.24727
             2.24598
             2.24456
             2.24299
             2.24128
             2.23942
              2.2374
             2.23521
             2.23285
             2.23033
             2.22763
             2.22477
             2.22175
             2.21857
             2.21527
             2.21184
             2.20833
             2.20476
             2.20116
             2.19759
             2.19409
              2.1907
             2.18749
             2.18451
             2.18182
             2.17947
              2.1775
             2.17595
             2.17486
             2.17424
              2.1741
             2.17444
             2.17523
             2.17644
             2.17804
             2.17999
             2.18221
             2.18468
             2.18732
             2.19007
              2.1929
             2.19575
             2.19858
             2.20135
             2.20402
             2.20657
             2.20899
             2.21124
             2.21333
             2.21524
             2.21698
             2.21853
             2.21989
             2.22108
              2.2221
             2.22294
             2.22362
             2.22415
             2.22452
             2.22475
             2.22484
              2.2248
             2.22464
             2.22437
             2.22399
             2.22352
             2.22295
              2.2223
             2.22158
              2.2208
             2.21996
             2.21906
             2.21813
             2.21717
             2.21618
             2.21517
             2.21416
             2.21314
             2.21213
             2.21113
             2.21015
              2.2092
             2.20828
              2.2074
             2.20656
             2.20576
             2.20502
             2.20432
             2.20368
              2.2031
             2.20257
              2.2021
             2.20169
             2.20133
             2.20103
             2.20078
             2.20058
             2.20042
             2.20031
             2.20024
             2.20021
             2.20021
             2.20024
             2.20029
             2.20037
             2.20046
             2.20057
             2.20069
             2.20082
             2.20095
             2.20109
             2.20123
             2.20137
             2.20151
             2.20164
             2.20178
              2.2019
             2.20203
             2.20215
             2.20227
             2.20239
              2.2025
             2.20262
             2.20273
             2.20284
             2.20295
             2.20307
             2.20318
              2.2033
             2.20342
             2.20354
             2.20367
              2.2038
             2.20393
             2.20406
             2.20419
             2.20433
             2.20447
             2.20461
             2.20474
             2.20488
             2.20501
             2.20514
             2.20527
             2.20539
              2.2055
             2.20562
             2.20572
             2.20582
             2.20591
             2.20599
             2.20607
             2.20613
             2.20619
             2.20625
             2.20629
             2.20633
             2.20636
             2.20638
              2.2064
             2.20641
             2.20642
             2.20642
             2.20641
             2.20641
             2.20639
             2.20637
             2.20635
             2.20633
              2.2063
             2.20626
             2.20623
             2.20618
             2.20613
             2.20608
             2.20602
             2.20595
             2.20587
             2.20579
              2.2057
              2.2056
             2.20549
             2.20537
             2.20524
              2.2051
             2.20495
             2.20479
             2.20462
             2.20444
             2.20426
             2.20406
             2.20386
             2.20365
             2.20344
             2.20322
               2.203
             2.20277
             2.20255
             2.20232
              2.2021
             2.20188
             2.20166
             2.20145
             2.20124
             2.20104
             2.20084
             2.20065
             2.20047
              2.2003
             2.20013
             2.19997
             2.19982
             2.19967
             2.19953
             2.19939
             2.19926
             2.19913
             2.19901
             2.19888
             2.19875
             2.19862
             2.19849
             2.19835
             2.19821
             2.19805
             2.19788
              2.1977
             2.19751
              2.1973
             2.19706
             2.19681
             2.19653
             2.19623
              2.1959
             2.19554
             2.19515
             2.19472
             2.19426
             2.19376
             2.19322
             2.19265
             2.19204
             2.19139
              2.1907
             2.18998
             2.18923
             2.18845
             2.18765
             2.18683
               2.186
             2.18517
             2.18434
             2.18352
             2.18273
             2.18197
             2.18125
             2.18059
                2.18
             2.17948
             2.17905
             2.17872
             2.17848
             2.17837
             2.17836
             2.17848
             2.17873
             2.17909
             2.17958
             2.18019
             2.18091
             2.18175
             2.18268
              2.1837
             2.18481
             2.18599
             2.18723
             2.18852
             2.18984
             2.19119
             2.19256
             2.19394
             2.19531
             2.19668
             2.19802
             2.19934
             2.20062
             2.20187
             2.20308
             2.20424
             2.20535
             2.20641
             2.20741
             2.20836
             2.20925
             2.21009
             2.21087
             2.21159
             2.21226
             2.21286
             2.21341
             2.21391
             2.21434
             2.21472
             2.21505
             2.21532
             2.21553
             2.21569
              2.2158
             2.21585
             2.21585
             2.21579
             2.21568
             2.21552
              2.2153
             2.21503
              2.2147
             2.21431
             2.21387
             2.21338
             2.21282
             2.21221
             2.21154
             2.21081
             2.21002
             2.20917
             2.20827
              2.2073
             2.20627
             2.20518
             2.20402
             2.20281
             2.20153
              2.2002
              2.1988
             2.19734
             2.19583
             2.19426
             2.19262
             2.19094
              2.1892
              2.1874
             2.18556
             2.18367
             2.18173
             2.17974
             2.17772
             2.17565
             2.17355
             2.17142
             2.16925
             2.16705
             2.16483
             2.16258
             2.16032
             2.15803
             2.15573
             2.15342
             2.15111
             2.14879
             2.14648
             2.14417
             2.14188
             2.13962
             2.13739
              2.1352
             2.13307
             2.13102
             2.12904
             2.12718
             2.12543
             2.12383
             2.12238
             2.12112
             2.12006
             2.11921
             2.11861
             2.11825
             2.11816
             2.11834
             2.11879
             2.11952
             2.12052
             2.12179
              2.1233
             2.12504
             2.12699
             2.12913
             2.13142
             2.13385
             2.13639
             2.13899
             2.14165
             2.14433
               2.147
             2.14965
             2.15224
             2.15478
             2.15723
             2.15959
             2.16184
             2.16397
             2.16598
             2.16787
             2.16962
             2.17125
             2.17274
              2.1741
             2.17533
             2.17643
              2.1774
             2.17826
             2.17899
             2.17962
             2.18014
             2.18055
             2.18087
              2.1811
             2.18125
             2.18131
              2.1813
             2.18123
              2.1811
             2.18092
             2.18068
             2.18041
             2.18011
             2.17978
             2.17944
             2.17908
             2.17872
             2.17835
               2.178
             2.17765
             2.17733
             2.17702
             2.17674
              2.1765
             2.17628
             2.17611
             2.17596
             2.17586
              2.1758
             2.17577
             2.17578
             2.17582
              2.1759
             2.17601
             2.17614
             2.17629
             2.17647
             2.17665
             2.17685
             2.17705
             2.17725
             2.17745
             2.17763
             2.17781
             2.17797
             2.17811
             2.17822
              2.1783
             2.17836
             2.17838
             2.17837
             2.17832
             2.17823
             2.17811
             2.17794
             2.17773
             2.17748
             2.17719
             2.17685
             2.17648
             2.17607
             2.17561
             2.17512
             2.17459
             2.17403
             2.17343
              2.1728
             2.17214
             2.17144
             2.17073
             2.16998
             2.16922
             2.16843
             2.16763
             2.16681
             2.16598
             2.16513
             2.16428
             2.16342
             2.16256
              2.1617
             2.16084
             2.15998
             2.15913
             2.15829
             2.15746
             2.15665
             2.15585
             2.15507
             2.15432
             2.15358
             2.15288
              2.1522
             2.15155
             2.15093
             2.15034
             2.14979
             2.14927
             2.14879
             2.14835
             2.14794
             2.14757
             2.14725
             2.14696
             2.14671
              2.1465
             2.14633
              2.1462
             2.14611
             2.14605
             2.14603
             2.14604
             2.14609
             2.14616
             2.14627
              2.1464
             2.14656
             2.14674
             2.14694
             2.14717
              2.1474
             2.14765
             2.14791
             2.14818
             2.14845
             2.14873
               2.149
             2.14927
             2.14953
             2.14978
             2.15002
             2.15024
             2.15044
             2.15062
             2.15077
              2.1509
               2.151
             2.15106
              2.1511
             2.15109
             2.15105
             2.15096
             2.15084
             2.15067
             2.15046
              2.1502
              2.1499
             2.14956
             2.14917
             2.14874
             2.14827
             2.14776
             2.14721
             2.14663
             2.14601
             2.14537
              2.1447
             2.14401
             2.14331
              2.1426
             2.14188
             2.14117
             2.14046
             2.13977
             2.13911
             2.13847
             2.13786
              2.1373
             2.13679
             2.13634
             2.13594
             2.13561
             2.13536
             2.13517
             2.13507
             2.13505
              2.1351
             2.13524
             2.13546
             2.13576
             2.13614
             2.13658
              2.1371
             2.13767
             2.13831
             2.13899
             2.13972
             2.14048
             2.14127
             2.14208
              2.1429
             2.14373
             2.14455
             2.14537
             2.14616
             2.14694
             2.14768
             2.14838
             2.14904
             2.14966
             2.15022
             2.15073
             2.15118
             2.15157
             2.15189
             2.15214
             2.15232
             2.15243
             2.15247
             2.15243
             2.15232
             2.15213
             2.15187
             2.15153
             2.15112
             2.15064
             2.15009
             2.14946
             2.14877
             2.14801
             2.14719
              2.1463
             2.14536
             2.14437
             2.14332
             2.14223
             2.14109
             2.13992
             2.13871
             2.13747
              2.1362
             2.13492
             2.13362
             2.13231
             2.13099
             2.12967
             2.12835
             2.12704
             2.12574
             2.12445
             2.12318
             2.12193
              2.1207
              2.1195
             2.11832
             2.11718
             2.11606
             2.11498
             2.11394
             2.11293
             2.11196
             2.11103
             2.11014
             2.10929
             2.10848
             2.10771
               2.107
             2.10632
              2.1057
             2.10512
             2.10458
              2.1041
             2.10367
             2.10328
             2.10295
             2.10266
             2.10243
             2.10224
              2.1021
               2.102
             2.10195
             2.10194
             2.10198
             2.10205
             2.10217
             2.10231
             2.10249
              2.1027
             2.10294
             2.10321
              2.1035
             2.10381
             2.10414
             2.10448
             2.10484
             2.10521
             2.10559
             2.10598
             2.10638
             2.10678
             2.10719
              2.1076
             2.10802
             2.10844
             2.10886
             2.10928
              2.1097
             2.11013
             2.11056
             2.11099
             2.11142
             2.11185
             2.11229
             2.11273
             2.11317
             2.11362
             2.11407
             2.11453
             2.11499
             2.11545
             2.11591
             2.11638
             2.11685
             2.11731
             2.11777
             2.11823
             2.11868
             2.11913
             2.11956
             2.11998
             2.12039
             2.12078
             2.12115
              2.1215
             2.12183
             2.12213
              2.1224
             2.12264
             2.12286
             2.12304
             2.12319
              2.1233
             2.12338
             2.12343
             2.12344
             2.12341
             2.12336
             2.12327
             2.12315
               2.123
             2.12283
             2.12262
              2.1224
             2.12216
             2.12189
             2.12162
             2.12133
             2.12103
             2.12074
             2.12043
             2.12014
             2.11985
             2.11956
             2.11929
             2.11904
             2.11881
              2.1186
             2.11841
             2.11826
             2.11813
             2.11803
             2.11797
             2.11794
             2.11794
             2.11798
             2.11805
             2.11816
              2.1183
             2.11848
             2.11869
             2.11892
             2.11919
             2.11947
             2.11979
             2.12012
             2.12047
             2.12083
             2.12121
              2.1216
             2.12199
             2.12239
             2.12279
             2.12319
             2.12358
             2.12397
             2.12435
             2.12472
             2.12507
             2.12541
             2.12574
             2.12605
             2.12633
              2.1266
             2.12685
             2.12707
             2.12727
             2.12745
              2.1276
             2.12773
             2.12783
              2.1279
             2.12795
             2.12797
             2.12797
             2.12794
             2.12788
              2.1278
             2.12768
             2.12755
             2.12739
              2.1272
             2.12698
             2.12675
             2.12648
             2.12619
             2.12588
             2.12554
             2.12518
              2.1248
             2.12439
             2.12396
             2.12351
             2.12303
             2.12254
             2.12202
             2.12148
             2.12093
             2.12036
             2.11976
             2.11915
             2.11853
             2.11789
             2.11723
             2.11656
             2.11587
             2.11518
             2.11447
             2.11376
             2.11303
              2.1123
             2.11157
             2.11083
             2.11009
             2.10935
             2.10861
             2.10788
             2.10715
             2.10643
             2.10572
             2.10502
             2.10434
             2.10368
             2.10304
             2.10243
             2.10183
             2.10127
             2.10074
             2.10025
             2.09979
             2.09937
             2.09899
             2.09866
             2.09838
             2.09814
             2.09795
             2.09782
             2.09774
             2.09772
             2.09775
             2.09784
             2.09798
             2.09818
             2.09843
             2.09874
              2.0991
             2.09951
             2.09997
             2.10048
             2.10103
             2.10162
             2.10226
             2.10292
             2.10362
             2.10434
             2.10509
             2.10586
             2.10664
             2.10744
             2.10824
             2.10904
             2.10985
             2.11065
             2.11144
             2.11221
             2.11297
             2.11371
             2.11443
             2.11511
             2.11577
             2.11639
             2.11698
             2.11752
             2.11802
             2.11848
             2.11889
             2.11924
             2.11955
             2.11981
                2.12
             2.12015
             2.12024
             2.12027
             2.12024
             2.12016
             2.12002
             2.11983
             2.11959
              2.1193
             2.11896
             2.11858
             2.11816
             2.11771
             2.11723
             2.11672
              2.1162
             2.11568
             2.11514
             2.11462
              2.1141
             2.11361
             2.11315
             2.11271
             2.11232
             2.11198
             2.11169
             2.11145
             2.11127
             2.11116
              2.1111
             2.11111
             2.11117
             2.11129
             2.11146
             2.11167
             2.11191
             2.11219
             2.11248
             2.11277
             2.11306
             2.11333
             2.11358
             2.11378
             2.11393
             2.11402
             2.11403
             2.11394
             2.11376
             2.11347
             2.11306
             2.11252
             2.11185
             2.11103
             2.11006
             2.10895
             2.10767
             2.10624
             2.10464
             2.10289
             2.10098
             2.09893
             2.09672
             2.09438
             2.09191
             2.08933
             2.08664
             2.08385
               2.081
             2.07809
             2.07514
             2.07218
             2.06922
             2.06628
             2.06338
             2.06055
             2.05781
             2.05517
             2.05265
             2.05026
             2.04803
             2.04595
             2.04405
             2.04233
             2.04079
             2.03943
             2.03826
             2.03727
             2.03645
             2.03581
             2.03534
             2.03503
             2.03487
             2.03485
             2.03496
              2.0352
             2.03555
             2.03602
             2.03658
             2.03724
             2.03798
             2.03881
             2.03971
             2.04067
             2.04171
              2.0428
             2.04394
             2.04514
             2.04638
             2.04767
             2.04899
             2.05035
             2.05174
             2.05315
             2.05459
             2.05605
             2.05752
               2.059
             2.06049
             2.06199
             2.06348
             2.06498
             2.06647
             2.06795
             2.06942
             2.07087
             2.07232
             2.07374
             2.07515
             2.07655
             2.07792
             2.07928
             2.08063
             2.08196
             2.08328
             2.08458
             2.08588
             2.08717
             2.08845
             2.08972
             2.09099
             2.09225
             2.09351
             2.09477
             2.09602
             2.09726
              2.0985
             2.09974
             2.10096
             2.10217
             2.10337
             2.10456
             2.10572
             2.10687
               2.108
              2.1091
             2.11017
             2.11121
             2.11222
              2.1132
             2.11414
             2.11505
             2.11592
             2.11674
             2.11753
             2.11828
             2.11898
             2.11964
             2.12026
             2.12083
             2.12136
             2.12185
              2.1223
             2.12271
             2.12307
             2.12339
             2.12368
             2.12392
             2.12413
              2.1243
             2.12443
             2.12453
             2.12459
             2.12462
             2.12461
             2.12457
              2.1245
              2.1244
             2.12427
             2.12411
             2.12393
             2.12371
             2.12347
              2.1232
             2.12291
              2.1226
             2.12226
             2.12189
             2.12151
             2.12111
             2.12068
             2.12024
             2.11978
              2.1193
              2.1188
             2.11829
             2.11776
             2.11722
             2.11667
              2.1161
             2.11553
             2.11495
             2.11436
             2.11376
             2.11316
             2.11255
             2.11195
             2.11134
             2.11074
             2.11013
             2.10953
             2.10894
             2.10836
             2.10778
             2.10722
             2.10667
             2.10614
             2.10562
             2.10512
             2.10464
             2.10419
             2.10376
             2.10335
             2.10297
             2.10261
             2.10229
               2.102
             2.10174
             2.10151
             2.10131
             2.10115
             2.10102
             2.10093
             2.10088
             2.10085
             2.10086
             2.10091
             2.10099
             2.10111
             2.10125
             2.10143
             2.10164
             2.10187
             2.10213
             2.10242
             2.10274
             2.10307
             2.10343
              2.1038
             2.10419
              2.1046
             2.10501
             2.10544
             2.10588
             2.10633
             2.10677
             2.10723
             2.10768
             2.10813
             2.10858
             2.10903
             2.10947
              2.1099
             2.11033
             2.11075
             2.11115
             2.11155
             2.11193
              2.1123
             2.11265
             2.11299
             2.11332
             2.11363
             2.11392
             2.11419
             2.11445
             2.11469
             2.11492
             2.11512
             2.11531
             2.11548
             2.11563
             2.11577
             2.11589
             2.11599
             2.11607
             2.11613
             2.11618
             2.11622
             2.11623
             2.11623
             2.11621
             2.11618
             2.11613
             2.11607
             2.11599
              2.1159
             2.11579
             2.11567
             2.11554
             2.11539
             2.11523
             2.11506
             2.11488
             2.11468
             2.11448
             2.11426
             2.11403
             2.11379
             2.11355
             2.11329
             2.11303
             2.11275
             2.11247
             2.11219
             2.11189
             2.11159
             2.11128
             2.11097
             2.11065
             2.11033
             2.11001
             2.10968
             2.10935
             2.10901
             2.10868
             2.10834
               2.108
             2.10766
             2.10731
             2.10697
             2.10663
             2.10629
             2.10595
             2.10561
             2.10528
             2.10494
             2.10461
             2.10427
             2.10394
             2.10362
             2.10329
             2.10296
             2.10264
             2.10232
             2.10199
             2.10167
             2.10135
             2.10103
             2.10071
             2.10038
             2.10005
             2.09972
             2.09939
             2.09905
             2.09871
             2.09836
             2.09801
             2.09764
             2.09727
             2.09689
              2.0965
              2.0961
             2.09569
             2.09526
             2.09482
             2.09438
             2.09391
             2.09344
             2.09295
             2.09245
             2.09194
             2.09142
             2.09089
             2.09034
             2.08979
             2.08924
             2.08867
             2.08811
             2.08754
             2.08698
             2.08642
             2.08586
             2.08532
             2.08479
             2.08427
             2.08377
             2.08329
             2.08283
              2.0824
               2.082
             2.08163
             2.08129
             2.08099
             2.08073
              2.0805
             2.08032
             2.08017
             2.08007
             2.08001
             2.07999
             2.08001
             2.08007
             2.08017
             2.08031
             2.08048
             2.08069
             2.08092
             2.08119
             2.08148
              2.0818
             2.08213
             2.08248
             2.08285
             2.08323
             2.08362
             2.08402
             2.08442
             2.08482
             2.08522
             2.08561
               2.086
             2.08638
             2.08675
             2.08711
             2.08745
             2.08778
             2.08808
             2.08837
             2.08864
             2.08888
              2.0891
             2.08929
             2.08945
             2.08959
              2.0897
             2.08977
             2.08982
             2.08983
              2.0898
             2.08975
             2.08965
             2.08952
             2.08936
             2.08915
             2.08891
             2.08863
             2.08831
             2.08794
             2.08754
              2.0871
             2.08662
              2.0861
             2.08554
             2.08493
             2.08429
             2.08362
              2.0829
             2.08215
             2.08136
             2.08054
             2.07969
              2.0788
             2.07789
             2.07695
             2.07599
               2.075
               2.074
             2.07298
             2.07194
             2.07089
             2.06984
             2.06878
             2.06771
             2.06665
             2.06559
             2.06453
             2.06349
             2.06245
             2.06143
             2.06042
             2.05943
             2.05846
             2.05751
             2.05659
             2.05569
             2.05482
             2.05398
             2.05316
             2.05238
             2.05163
             2.05092
             2.05024
              2.0496
             2.04899
             2.04843
              2.0479
             2.04742
             2.04698
             2.04658
             2.04623
             2.04592
             2.04566
             2.04544
             2.04527
             2.04515
             2.04507
             2.04503
             2.04504
             2.04509
             2.04518
             2.04531
             2.04548
             2.04568
             2.04591
             2.04617
             2.04645
             2.04676
             2.04708
             2.04742
             2.04777
             2.04813
             2.04849
             2.04886
             2.04922
             2.04958
             2.04994
             2.05029
             2.05062
             2.05094
             2.05125
             2.05154
             2.05182
             2.05208
             2.05231
             2.05253
             2.05273
             2.05291
             2.05307
             2.05322
             2.05334
             2.05345
             2.05354
             2.05362
             2.05368
             2.05373
             2.05377
              2.0538
             2.05382
             2.05383
             2.05385
             2.05385
             2.05386
             2.05387
             2.05387
             2.05389
              2.0539
             2.05392
             2.05395
             2.05399
             2.05404
             2.05409
             2.05416
             2.05424
             2.05433
             2.05443
             2.05455
             2.05467
             2.05481
             2.05496
             2.05512
             2.05529
             2.05548
             2.05567
             2.05586
             2.05607
             2.05628
             2.05649
             2.05671
             2.05693
             2.05715
             2.05737
             2.05759
             2.05781
             2.05802
             2.05823
             2.05843
             2.05862
             2.05881
             2.05898
             2.05915
              2.0593
             2.05944
             2.05957
             2.05969
              2.0598
             2.05988
             2.05996
             2.06002
             2.06006
             2.06009
             2.06011
             2.06011
             2.06009
             2.06006
             2.06001
             2.05995
             2.05987
             2.05978
             2.05967
             2.05955
             2.05942
             2.05927
             2.05911
             2.05894
             2.05876
             2.05856
             2.05836
             2.05814
             2.05792
             2.05769
             2.05745
             2.05721
             2.05696
              2.0567
             2.05644
             2.05618
             2.05592
             2.05565
             2.05539
             2.05512
             2.05486
             2.05459
             2.05434
             2.05408
             2.05383
             2.05359
             2.05335
             2.05313
             2.05291
              2.0527
              2.0525
             2.05231
             2.05214
             2.05198
             2.05183
             2.05169
             2.05157
             2.05146
             2.05137
              2.0513
             2.05124
             2.05119
             2.05116
             2.05115
             2.05115
             2.05117
              2.0512
             2.05124
              2.0513
             2.05136
             2.05144
             2.05153
             2.05163
             2.05173
             2.05184
             2.05195
             2.05207
             2.05218
              2.0523
              2.0524
              2.0525
             2.05259
             2.05267
             2.05273
             2.05277
             2.05279
             2.05278
             2.05274
             2.05267
             2.05256
             2.05241
             2.05221
             2.05196
             2.05165
             2.05128
             2.05084
             2.05033
             2.04974
             2.04906
              2.0483
             2.04744
             2.04647
              2.0454
             2.04422
             2.04291
             2.04149
             2.03994
             2.03826
             2.03645
              2.0345
             2.03243
             2.03023
             2.02791
             2.02547
             2.02293
              2.0203
             2.01759
             2.01482
             2.01202
              2.0092
              2.0064
             2.00364
             2.00096
             1.99838
             1.99593
             1.99365
             1.99156
             1.98969
             1.98806
             1.98668
             1.98557
             1.98472
             1.98415
             1.98385
             1.98379
             1.98398
             1.98439
             1.98499
             1.98576
             1.98668
             1.98772
             1.98885
             1.99004
             1.99128
             1.99254
             1.99379
             1.99503
             1.99624
             1.99741
             1.99852
             1.99957
             2.00055
             2.00147
              2.0023
             2.00307
             2.00376
             2.00437
             2.00492
             2.00539
              2.0058
             2.00615
             2.00643
             2.00667
             2.00685
             2.00698
             2.00707
             2.00712
             2.00714
             2.00713
             2.00709
             2.00702
             2.00694
             2.00684
             2.00672
              2.0066
             2.00646
             2.00632
             2.00617
             2.00602
             2.00586
             2.00571
             2.00555
             2.00539
             2.00524
             2.00508
             2.00493
             2.00477
             2.00462
             2.00447
             2.00432
             2.00418
             2.00404
             2.00392
              2.0038
              2.0037
             2.00361
             2.00354
              2.0035
             2.00349
             2.00352
             2.00358
             2.00369
             2.00384
             2.00405
             2.00432
             2.00465
             2.00505
             2.00551
             2.00604
             2.00664
             2.00731
             2.00804
             2.00884
             2.00969
             2.01059
             2.01155
             2.01254
             2.01356
             2.01461
             2.01568
             2.01675
             2.01782
             2.01888
             2.01992
             2.02094
             2.02192
             2.02286
             2.02375
             2.02459
             2.02536
             2.02607
             2.02671
             2.02728
             2.02778
             2.02819
             2.02853
             2.02878
             2.02896
             2.02905
             2.02907
               2.029
             2.02886
             2.02864
             2.02835
             2.02799
             2.02757
             2.02708
             2.02654
             2.02595
             2.02531
             2.02463
             2.02392
             2.02319
             2.02243
             2.02167
              2.0209
             2.02014
             2.01939
             2.01866
             2.01796
              2.0173
             2.01669
             2.01613
             2.01562
             2.01519
             2.01482
             2.01453
             2.01432
             2.01419
             2.01415
             2.01419
             2.01431
             2.01451
              2.0148
             2.01516
             2.01559
             2.01609
             2.01666
             2.01728
             2.01795
             2.01867
             2.01943
             2.02022
             2.02103
             2.02187
             2.02272
             2.02357
             2.02443
             2.02529
             2.02614
             2.02699
             2.02782
             2.02863
             2.02942
             2.03019
             2.03094
             2.03167
             2.03236
             2.03303
             2.03368
             2.03429
             2.03488
             2.03544
             2.03598
             2.03649
             2.03697
             2.03742
             2.03786
             2.03826
             2.03865
             2.03901
             2.03936
             2.03968
             2.03999
             2.04028
             2.04055
             2.04081
             2.04105
             2.04129
              2.0415
             2.04171
             2.04191
              2.0421
             2.04228
             2.04245
             2.04262
             2.04278
             2.04293
             2.04308
             2.04323
             2.04337
             2.04351
             2.04365
             2.04379
             2.04392
             2.04405
             2.04418
             2.04431
             2.04444
             2.04457
              2.0447
             2.04483
             2.04495
             2.04508
              2.0452
             2.04533
             2.04545
             2.04557
             2.04568
              2.0458
              2.0459
             2.04601
             2.04611
              2.0462
             2.04629
             2.04637
             2.04644
              2.0465
             2.04655
             2.04659
             2.04661
             2.04662
             2.04661
             2.04659
             2.04655
             2.04649
              2.0464
             2.04629
             2.04616
               2.046
             2.04581
              2.0456
             2.04535
             2.04507
             2.04475
              2.0444
             2.04402
              2.0436
             2.04313
             2.04263
             2.04209
             2.04151
             2.04089
             2.04022
             2.03952
             2.03878
               2.038
             2.03719
             2.03634
             2.03545
             2.03454
              2.0336
             2.03264
             2.03166
             2.03066
             2.02964
             2.02863
              2.0276
             2.02658
             2.02557
             2.02456
             2.02357
             2.02259
             2.02164
             2.02071
             2.01981
             2.01894
             2.01809
             2.01728
              2.0165
             2.01575
             2.01502
             2.01433
             2.01366
             2.01301
             2.01238
             2.01176
             2.01116
             2.01057
             2.00999
             2.00941
             2.00883
             2.00825
             2.00768
              2.0071
             2.00652
             2.00595
             2.00537
              2.0048
             2.00424
             2.00368
             2.00314
             2.00262
             2.00213
             2.00166
             2.00122
             2.00082
             2.00046
             2.00015
             1.99989
             1.99968
             1.99953
             1.99944
             1.99941
             1.99943
             1.99953
             1.99968
             1.99989
             2.00017
             2.00051
              2.0009
             2.00135
             2.00185
             2.00241
             2.00301
             2.00366
             2.00435
             2.00507
             2.00584
             2.00664
             2.00747
             2.00833
             2.00922
             2.01013
             2.01106
             2.01201
             2.01297
             2.01395
             2.01494
             2.01594
             2.01694
             2.01795
             2.01895
             2.01996
             2.02097
             2.02197
             2.02296
             2.02394
             2.02492
             2.02588
             2.02682
             2.02775
             2.02867
             2.02956
             2.03044
              2.0313
             2.03213
             2.03294
             2.03374
              2.0345
             2.03525
             2.03597
             2.03667
             2.03735
               2.038
             2.03864
             2.03925
             2.03984
             2.04041
             2.04095
             2.04148
             2.04199
             2.04248
             2.04296
             2.04342
             2.04386
             2.04429
              2.0447
              2.0451
             2.04548
             2.04586
             2.04622
             2.04656
              2.0469
             2.04723
             2.04755
             2.04785
             2.04815
             2.04844
             2.04872
             2.04899
             2.04925
              2.0495
             2.04974
             2.04997
              2.0502
             2.05041
             2.05062
             2.05081
               2.051
             2.05117
             2.05133
             2.05149
             2.05163
             2.05176
             2.05188
             2.05198
             2.05208
             2.05216
             2.05223
             2.05228
             2.05232
             2.05235
             2.05236
             2.05236
             2.05235
             2.05232
             2.05227
             2.05221
             2.05214
             2.05205
             2.05195
             2.05183
              2.0517
             2.05156
              2.0514
             2.05123
             2.05104
             2.05084
             2.05063
             2.05041
             2.05018
             2.04993
             2.04968
             2.04941
             2.04914
             2.04886
             2.04857
             2.04828
             2.04798
             2.04768
             2.04737
             2.04706
             2.04674
             2.04643
             2.04611
             2.04579
             2.04548
             2.04516
             2.04485
             2.04454
             2.04423
             2.04392
             2.04362
             2.04332
             2.04303
             2.04274
             2.04246
             2.04218
              2.0419
             2.04163
             2.04137
              2.0411
             2.04084
             2.04058
             2.04032
             2.04007
             2.03981
             2.03955
             2.03929
             2.03902
             2.03876
             2.03848
              2.0382
             2.03792
             2.03762
             2.03732
               2.037
             2.03668
             2.03634
             2.03599
             2.03563
             2.03526
             2.03487
             2.03447
             2.03406
             2.03364
             2.03321
             2.03276
             2.03231
             2.03185
             2.03138
             2.03092
             2.03045
             2.02998
             2.02951
             2.02906
             2.02861
             2.02818
             2.02776
             2.02737
               2.027
             2.02665
             2.02634
             2.02605
             2.02581
              2.0256
             2.02544
             2.02531
             2.02524
             2.02521
             2.02522
             2.02528
             2.02539
             2.02555
             2.02574
             2.02599
             2.02627
              2.0266
             2.02696
             2.02735
             2.02778
             2.02823
             2.02871
              2.0292
             2.02971
             2.03024
             2.03077
             2.03131
             2.03186
              2.0324
             2.03293
             2.03346
             2.03398
             2.03448
             2.03498
             2.03545
              2.0359
             2.03634
             2.03675
             2.03714
              2.0375
             2.03784
             2.03815
             2.03843
             2.03869
             2.03891
             2.03911
             2.03928
             2.03942
             2.03953
             2.03961
             2.03966
             2.03969
             2.03968
             2.03964
             2.03957
             2.03946
             2.03933
             2.03916
             2.03896
             2.03873
             2.03846
             2.03816
             2.03782
             2.03745
             2.03704
             2.03658
             2.03609
             2.03556
             2.03498
             2.03436
             2.03369
             2.03298
             2.03221
              2.0314
             2.03054
             2.02963
             2.02866
             2.02765
             2.02658
             2.02546
             2.02429
             2.02307
             2.02181
              2.0205
             2.01915
             2.01776
             2.01634
              2.0149
             2.01344
             2.01196
             2.01048
             2.00901
             2.00756
             2.00613
             2.00474
              2.0034
             2.00212
             2.00092
             1.99981
             1.99879
             1.99789
             1.99711
             1.99646
             1.99596
              1.9956
             1.99539
             1.99534
             1.99545
             1.99572
             1.99615
             1.99673
             1.99746
             1.99833
             1.99934
             2.00047
             2.00172
             2.00306
              2.0045
             2.00601
             2.00759
             2.00922
             2.01089
             2.01258
             2.01429
               2.016
             2.01771
              2.0194
             2.02107
             2.02271
             2.02431
             2.02586
             2.02737
             2.02882
             2.03021
             2.03154
             2.03281
             2.03402
             2.03516
             2.03623
             2.03723
             2.03817
             2.03903
             2.03984
             2.04057
             2.04124
             2.04185
             2.04239
             2.04287
              2.0433
             2.04367
             2.04398
             2.04424
             2.04444
              2.0446
             2.04471
             2.04478
              2.0448
             2.04479
             2.04473
             2.04465
             2.04453
             2.04439
             2.04422
             2.04403
             2.04382
             2.04359
             2.04335
             2.04311
             2.04285
             2.04259
             2.04233
             2.04208
             2.04182
             2.04157
             2.04133
              2.0411
             2.04088
             2.04066
             2.04046
             2.04027
             2.04008
              2.0399
             2.03973
             2.03956
             2.03939
             2.03921
             2.03903
             2.03883
             2.03861
             2.03837
              2.0381
              2.0378
             2.03745
             2.03706
             2.03661
             2.03611
             2.03554
              2.0349
             2.03418
             2.03339
              2.0325
             2.03154
             2.03048
             2.02933
             2.02808
             2.02674
             2.02531
             2.02379
             2.02219
              2.0205
             2.01874
              2.0169
             2.01501
             2.01307
             2.01109
             2.00909
             2.00706
             2.00504
             2.00303
             2.00104
             1.99909
             1.99719
             1.99536
             1.99361
             1.99195
             1.99039
             1.98894
             1.98762
             1.98642
             1.98536
             1.98444
             1.98368
             1.98306
              1.9826
             1.98229
             1.98215
             1.98217
             1.98234
             1.98268
             1.98317
             1.98381
             1.98461
             1.98555
             1.98662
             1.98782
             1.98914
             1.99057
             1.99209
             1.99369
             1.99537
             1.99709
             1.99885
             2.00062
              2.0024
             2.00415
             2.00587
             2.00753
             2.00911
             2.01059
             2.01196
              2.0132
             2.01428
             2.01519
             2.01591
             2.01643
             2.01674
             2.01681
             2.01664
             2.01623
             2.01556
             2.01463
             2.01346
             2.01204
              2.0104
             2.00854
             2.00651
             2.00433
             2.00204
             1.99969
             1.99734
             1.99505
             1.99287
             1.99088
             1.98914
              1.9877
             1.98663
             1.98595
              1.9857
             1.98591
             1.98656
             1.98765
             1.98916
             1.99103
             1.99322
             1.99567
             1.99832
             2.00108
             2.00391
             2.00672
             2.00946
             2.01207
             2.01449
             2.01669
             2.01863
             2.02027
              2.0216
             2.02259
             2.02324
             2.02353
             2.02348
             2.02309
             2.02236
             2.02131
             2.01996
             2.01835
              2.0165
             2.01445
             2.01224
             2.00993
             2.00756
             2.00519
             2.00288
              2.0007
             1.99869
             1.99693
             1.99545
             1.99432
             1.99355
             1.99317
             1.99321
             1.99366
              1.9945
             1.99573
              1.9973
             1.99918
             2.00132
             2.00367
             2.00619
             2.00881
             2.01149
             2.01419
             2.01686
             2.01946
             2.02198
             2.02437
             2.02662
             2.02872
             2.03066
             2.03242
             2.03401
             2.03543
             2.03667
             2.03775
             2.03867
             2.03943
             2.04005
             2.04054
             2.04089
             2.04113
             2.04125
             2.04128
             2.04122
             2.04108
             2.04086
             2.04058
             2.04024
             2.03986
             2.03943
             2.03897
             2.03849
             2.03798
             2.03747
             2.03695
             2.03643
             2.03591
             2.03541
             2.03492
             2.03446
             2.03402
             2.03361
             2.03323
             2.03289
             2.03258
             2.03232
              2.0321
             2.03192
             2.03178
              2.0317
             2.03165
             2.03165
              2.0317
             2.03179
             2.03192
             2.03208
             2.03229
             2.03252
             2.03279
             2.03308
              2.0334
             2.03374
              2.0341
             2.03447
             2.03484
             2.03522
             2.03561
             2.03599
             2.03636
             2.03672
             2.03706
             2.03739
             2.03769
             2.03797
             2.03822
             2.03843
             2.03861
             2.03875
             2.03884
             2.03889
              2.0389
             2.03885
             2.03876
             2.03862
             2.03842
             2.03817
             2.03787
             2.03752
             2.03711
             2.03666
             2.03617
             2.03563
             2.03505
             2.03444
              2.0338
             2.03313
             2.03245
             2.03176
             2.03107
             2.03039
             2.02973
             2.02909
             2.02849
             2.02793
             2.02743
             2.02698
             2.02661
             2.02632
             2.02611
             2.02599
             2.02596
             2.02603
             2.02619
             2.02645
             2.02681
             2.02725
             2.02779
              2.0284
             2.02909
             2.02984
             2.03064
             2.03149
             2.03238
             2.03329
             2.03421
             2.03514
             2.03606
             2.03696
             2.03784
             2.03868
             2.03947
             2.04021
             2.04089
              2.0415
             2.04204
             2.04251
             2.04289
             2.04319
             2.04339
             2.04351
             2.04354
             2.04347
             2.04331
             2.04305
             2.04271
             2.04228
             2.04177
             2.04117
              2.0405
             2.03976
             2.03896
              2.0381
             2.03719
             2.03624
             2.03527
             2.03428
             2.03328
             2.03228
              2.0313
             2.03035
             2.02944
             2.02857
             2.02777
             2.02704
             2.02638
             2.02582
             2.02535
             2.02498
             2.02472
             2.02456
             2.02452
             2.02458
             2.02476
             2.02504
             2.02542
             2.02589
             2.02646
             2.02712
             2.02785
             2.02865
             2.02951
             2.03043
             2.03139
             2.03239
             2.03342
             2.03447
             2.03553
              2.0366
             2.03767
             2.03873
             2.03977
              2.0408
              2.0418
             2.04277
             2.04371
              2.0446
             2.04545
             2.04625
               2.047
             2.04769
             2.04832
             2.04889
             2.04939
             2.04983
             2.05019
             2.05048
              2.0507
             2.05084
              2.0509
             2.05089
             2.05079
             2.05061
             2.05034
             2.04999
             2.04956
             2.04904
             2.04844
             2.04775
             2.04698
             2.04612
             2.04518
             2.04416
             2.04306
             2.04188
             2.04062
              2.0393
              2.0379
             2.03644
             2.03492
             2.03334
             2.03171
             2.03003
             2.02831
             2.02655
             2.02476
             2.02294
              2.0211
             2.01925
             2.01738
              2.0155
             2.01362
             2.01174
             2.00985
             2.00797
              2.0061
             2.00423
             2.00237
             2.00052
             1.99867
             1.99683
               1.995
             1.99318
             1.99137
             1.98956
             1.98777
             1.98599
             1.98424
              1.9825
              1.9808
             1.97914
             1.97754
               1.976
             1.97453
             1.97316
             1.97189
             1.97075
             1.96975
             1.96892
             1.96826
             1.96779
             1.96754
              1.9675
              1.9677
             1.96815
             1.96884
             1.96979
             1.97099
             1.97244
             1.97413
             1.97605
             1.97819
             1.98053
             1.98306
             1.98574
             1.98857
             1.99152
             1.99457
             1.99768
             2.00085
             2.00404
             2.00723
             2.01041
             2.01355
             2.01664
             2.01966
              2.0226
             2.02545
             2.02818
             2.03081
             2.03331
             2.03569
             2.03794
             2.04006
             2.04204
             2.04389
             2.04561
              2.0472
             2.04866
                2.05
             2.05122
             2.05231
              2.0533
             2.05418
             2.05495
             2.05562
              2.0562
             2.05669
              2.0571
             2.05743
             2.05767
             2.05785
             2.05797
             2.05801
               2.058
             2.05794
             2.05782
             2.05765
             2.05744
             2.05719
             2.05689
             2.05656
             2.05619
             2.05579
             2.05536
             2.05489
              2.0544
             2.05389
             2.05335
             2.05278
              2.0522
             2.05159
             2.05096
             2.05031
             2.04964
             2.04895
             2.04825
             2.04753
             2.04679
             2.04603
             2.04526
             2.04447
             2.04366
             2.04284
             2.04201
             2.04116
             2.04029
             2.03941
             2.03852
             2.03762
              2.0367
             2.03577
             2.03483
             2.03388
             2.03292
             2.03195
             2.03097
             2.02999
               2.029
             2.02801
             2.02702
             2.02603
             2.02504
             2.02406
             2.02308
             2.02211
             2.02115
             2.02021
             2.01928
             2.01837
             2.01749
             2.01662
             2.01579
             2.01499
             2.01422
             2.01349
             2.01279
             2.01214
             2.01153
             2.01097
             2.01046
                2.01
             2.00959
             2.00923
             2.00892
             2.00868
             2.00848
             2.00834
             2.00825
             2.00822
             2.00824
             2.00831
             2.00843
              2.0086
             2.00882
             2.00907
             2.00937
             2.00971
             2.01008
             2.01049
             2.01092
             2.01138
             2.01187
             2.01237
             2.01289
             2.01343
             2.01398
             2.01454
             2.01511
             2.01568
             2.01626
             2.01683
              2.0174
             2.01797
             2.01854
             2.01909
             2.01964
             2.02018
             2.02071
             2.02123
             2.02173
             2.02223
              2.0227
             2.02317
             2.02362
             2.02405
             2.02447
             2.02487
             2.02526
             2.02563
             2.02599
             2.02633
             2.02665
             2.02696
             2.02725
             2.02753
              2.0278
             2.02805
             2.02828
              2.0285
             2.02871
             2.02891
             2.02909
             2.02926
             2.02942
             2.02956
              2.0297
             2.02982
             2.02994
             2.03004
             2.03013
             2.03022
             2.03029
             2.03036
             2.03042
             2.03047
             2.03051
             2.03055
             2.03058
              2.0306
             2.03061
             2.03062
             2.03062
             2.03062
             2.03061
             2.03059
             2.03057
             2.03055
             2.03051
             2.03048
             2.03043
             2.03039
             2.03033
             2.03027
             2.03021
             2.03014
             2.03007
             2.02998
              2.0299
              2.0298
             2.02971
              2.0296
             2.02949
             2.02937
             2.02924
             2.02911
             2.02896
             2.02881
             2.02865
             2.02848
              2.0283
             2.02811
             2.02791
              2.0277
             2.02748
             2.02725
               2.027
             2.02674
             2.02646
             2.02618
             2.02587
             2.02555
             2.02522
             2.02487
              2.0245
             2.02411
             2.02371
             2.02328
             2.02284
             2.02238
             2.02189
             2.02139
             2.02087
             2.02032
             2.01975
             2.01916
             2.01855
             2.01792
             2.01727
             2.01659
              2.0159
             2.01518
             2.01445
             2.01369
             2.01293
             2.01214
             2.01134
             2.01053
             2.00971
             2.00889
             2.00806
             2.00723
              2.0064
             2.00557
             2.00476
             2.00396
             2.00318
             2.00241
             2.00168
             2.00098
             2.00031
             1.99968
              1.9991
             1.99857
             1.99809
             1.99767
             1.99731
             1.99701
             1.99679
             1.99664
             1.99655
             1.99655
             1.99662
             1.99677
             1.99699
             1.99729
             1.99767
             1.99812
             1.99863
             1.99922
             1.99987
             2.00058
             2.00135
             2.00217
             2.00304
             2.00394
             2.00489
             2.00587
             2.00687
              2.0079
             2.00895
                2.01
             2.01107
             2.01213
              2.0132
             2.01426
             2.01531
             2.01635
             2.01737
             2.01837
             2.01935
             2.02031
             2.02124
             2.02214
             2.02301
             2.02386
             2.02467
             2.02545
             2.02619
              2.0269
             2.02758
             2.02822
             2.02883
              2.0294
             2.02994
             2.03045
             2.03092
             2.03136
             2.03177
             2.03214
             2.03248
             2.03279
             2.03307
             2.03332
             2.03354
             2.03372
             2.03388
             2.03401
             2.03411
             2.03419
             2.03423
             2.03425
             2.03424
              2.0342
             2.03414
             2.03404
             2.03392
             2.03377
              2.0336
             2.03339
             2.03316
             2.03289
             2.03259
             2.03226
              2.0319
             2.03151
             2.03108
             2.03061
             2.03011
             2.02957
             2.02898
             2.02835
             2.02768
             2.02696
             2.02619
             2.02536
             2.02449
             2.02355
             2.02256
              2.0215
             2.02038
             2.01918
             2.01792
             2.01659
             2.01517
             2.01369
             2.01212
             2.01047
             2.00874
             2.00692
             2.00503
             2.00305
               2.001
             1.99886
             1.99666
             1.99439
             1.99206
             1.98967
             1.98724
             1.98477
             1.98228
             1.97977
             1.97726
             1.97476
             1.97228
             1.96984
             1.96745
             1.96512
             1.96287
              1.9607
             1.95862
             1.95664
             1.95476
               1.953
             1.95134
              1.9498
             1.94837
             1.94705
             1.94584
             1.94473
             1.94373
             1.94283
             1.94203
             1.94133
             1.94074
             1.94026
             1.93989
             1.93965
             1.93954
             1.93957
             1.93975
              1.9401
             1.94062
             1.94131
              1.9422
             1.94327
             1.94454
             1.94599
             1.94763
             1.94944
             1.95142
             1.95354
             1.95579
             1.95815
             1.96059
             1.96311
             1.96566
             1.96824
             1.97082
             1.97337
             1.97589
             1.97836
             1.98076
             1.98309
             1.98532
             1.98747
             1.98951
             1.99146
             1.99331
             1.99505
             1.99671
             1.99827
             1.99975
             2.00115
             2.00248
             2.00375
             2.00496
             2.00612
             2.00724
             2.00833
             2.00939
             2.01043
             2.01145
             2.01247
             2.01347
             2.01447
             2.01547
             2.01647
             2.01747
             2.01847
             2.01947
             2.02046
             2.02145
             2.02244
             2.02341
             2.02437
             2.02531
             2.02623
             2.02713
             2.02801
             2.02886
             2.02967
             2.03045
             2.03119
              2.0319
             2.03256
             2.03318
             2.03375
             2.03428
             2.03477
              2.0352
             2.03559
             2.03593
             2.03622
             2.03646
             2.03666
              2.0368
             2.03689
             2.03694
             2.03694
             2.03688
             2.03678
             2.03663
             2.03642
             2.03617
             2.03586
             2.03551
              2.0351
             2.03464
             2.03412
             2.03355
             2.03292
             2.03224
              2.0315
             2.03069
             2.02983
              2.0289
             2.02791
             2.02686
             2.02574
             2.02456
             2.02331
             2.02201
             2.02063
              2.0192
             2.01771
             2.01617
             2.01457
             2.01293
             2.01125
             2.00954
             2.00781
             2.00606
             2.00431
             2.00257
             2.00085
             1.99916
             1.99751
             1.99592
              1.9944
             1.99296
             1.99162
             1.99038
             1.98925
             1.98825
             1.98738
             1.98664
             1.98603
             1.98555
             1.98521
               1.985
             1.98491
             1.98493
             1.98506
             1.98529
              1.9856
             1.98599
             1.98644
             1.98694
             1.98748
             1.98805
             1.98864
             1.98924
             1.98985
             1.99046
             1.99105
             1.99164
              1.9922
             1.99275
             1.99328
             1.99379
             1.99427
             1.99474
             1.99518
             1.99561
             1.99602
             1.99642
              1.9968
             1.99718
             1.99755
             1.99792
             1.99829
             1.99866
             1.99903
              1.9994
             1.99978
             2.00017
             2.00057
             2.00098
              2.0014
             2.00182
             2.00226
             2.00271
             2.00318
             2.00365
             2.00413
             2.00462
             2.00512
             2.00562
             2.00613
             2.00665
             2.00717
             2.00769
             2.00822
             2.00874
             2.00927
             2.00979
             2.01031
             2.01082
             2.01133
             2.01183
             2.01233
             2.01281
             2.01329
             2.01375
             2.01421
             2.01465
             2.01508
              2.0155
             2.01591
              2.0163
             2.01668
             2.01704
             2.01739
             2.01773
             2.01805
             2.01836
             2.01865
             2.01893
              2.0192
             2.01945
             2.01969
             2.01991
             2.02013
             2.02033
             2.02052
              2.0207
             2.02087
             2.02102
             2.02117
             2.02131
             2.02144
             2.02156
             2.02167
             2.02178
             2.02188
             2.02197
             2.02206
             2.02214
             2.02222
             2.02229
             2.02235
             2.02242
             2.02248
             2.02253
             2.02258
             2.02263
             2.02267
             2.02271
             2.02274
             2.02277
              2.0228
             2.02282
             2.02284
             2.02285
             2.02286
             2.02285
             2.02284
             2.02283
              2.0228
             2.02276
             2.02272
             2.02266
             2.02258
              2.0225
             2.02239
             2.02227
             2.02214
             2.02198
              2.0218
              2.0216
             2.02138
             2.02113
             2.02086
             2.02055
             2.02022
             2.01985
             2.01945
             2.01902
             2.01855
             2.01804
              2.0175
             2.01691
             2.01628
             2.01561
             2.01489
             2.01413
             2.01332
             2.01246
             2.01155
              2.0106
             2.00959
             2.00854
             2.00743
             2.00628
             2.00508
             2.00383
             2.00253
             2.00119
             1.99981
             1.99838
             1.99692
             1.99541
             1.99388
             1.99231
             1.99072
             1.98911
             1.98747
             1.98583
             1.98417
             1.98252
             1.98086
             1.97921
             1.97758
             1.97597
             1.97438
             1.97282
             1.97131
             1.96984
             1.96842
             1.96707
             1.96578
             1.96457
             1.96344
             1.96241
             1.96148
             1.96065
             1.95994
             1.95936
             1.95891
             1.95859
             1.95843
             1.95841
             1.95855
             1.95885
              1.9593
             1.95992
              1.9607
             1.96164
             1.96274
             1.96398
             1.96536
             1.96688
             1.96852
             1.97027
             1.97213
             1.97407
              1.9761
             1.97818
             1.98033
             1.98251
             1.98472
             1.98694
             1.98918
             1.99141
             1.99362
             1.99581
             1.99797
             2.00009
             2.00217
              2.0042
             2.00617
             2.00808
             2.00993
             2.01171
             2.01343
             2.01507
             2.01663
             2.01812
             2.01953
             2.02087
             2.02213
             2.02331
             2.02441
             2.02543
             2.02637
             2.02723
             2.02801
             2.02872
             2.02934
             2.02989
             2.03035
             2.03074
             2.03104
             2.03127
             2.03141
             2.03148
             2.03146
             2.03136
             2.03117
              2.0309
             2.03055
             2.03011
             2.02958
             2.02896
             2.02825
             2.02745
             2.02656
             2.02557
              2.0245
             2.02333
             2.02207
             2.02073
             2.01929
             2.01777
             2.01617
             2.01448
             2.01273
             2.01091
             2.00903
              2.0071
             2.00513
             2.00313
             2.00111
             1.99908
             1.99705
             1.99505
             1.99308
             1.99116
              1.9893
             1.98753
             1.98585
             1.98428
             1.98284
             1.98154
             1.98039
             1.97941
              1.9786
             1.97796
             1.97752
             1.97726
              1.9772
             1.97732
             1.97763
             1.97813
             1.97879
             1.97962
              1.9806
             1.98172
             1.98296
              1.9843
             1.98574
             1.98725
             1.98881
             1.99042
             1.99204
             1.99368
              1.9953
             1.99691
             1.99849
             2.00003
             2.00151
             2.00294
             2.00431
             2.00561
             2.00683
             2.00799
             2.00907
             2.01007
               2.011
             2.01186
             2.01264
             2.01336
             2.01401
              2.0146
             2.01513
              2.0156
             2.01602
             2.01638
             2.01671
             2.01699
             2.01723
             2.01744
             2.01762
             2.01777
              2.0179
             2.01801
             2.01809
             2.01817
             2.01823
             2.01828
             2.01833
             2.01837
             2.01841
             2.01846
              2.0185
             2.01855
             2.01861
             2.01867
             2.01875
             2.01883
             2.01893
             2.01903
             2.01915
             2.01927
             2.01941
             2.01956
             2.01971
             2.01988
             2.02004
             2.02022
             2.02039
             2.02056
             2.02073
              2.0209
             2.02106
             2.02121
             2.02135
             2.02147
             2.02158
             2.02166
             2.02172
             2.02176
             2.02177
             2.02176
             2.02171
             2.02162
             2.02151
             2.02135
             2.02116
             2.02094
             2.02067
             2.02036
             2.02001
             2.01963
              2.0192
             2.01873
             2.01823
             2.01769
             2.01711
             2.01649
             2.01585
             2.01517
             2.01447
             2.01373
             2.01298
              2.0122
             2.01141
              2.0106
             2.00978
             2.00896
             2.00813
              2.0073
             2.00647
             2.00566
             2.00485
             2.00406
             2.00328
             2.00253
              2.0018
              2.0011
             2.00042
             1.99978
             1.99917
             1.99859
             1.99805
             1.99754
             1.99707
             1.99664
             1.99624
             1.99588
             1.99555
             1.99525
             1.99498
             1.99473
             1.99451
             1.99432
             1.99414
             1.99398
             1.99383
             1.99369
             1.99356
             1.99344
             1.99331
             1.99319
             1.99306
             1.99292
             1.99277
             1.99261
             1.99244
             1.99225
             1.99205
             1.99183
             1.99159
             1.99133
             1.99106
             1.99076
             1.99045
             1.99012
             1.98978
             1.98942
             1.98905
             1.98868
             1.98829
              1.9879
             1.98752
             1.98713
             1.98676
              1.9864
             1.98605
             1.98572
             1.98542
             1.98515
             1.98492
             1.98472
             1.98457
             1.98447
             1.98442
             1.98442
             1.98449
             1.98462
             1.98482
             1.98509
             1.98543
             1.98584
             1.98633
             1.98689
             1.98753
             1.98823
             1.98901
             1.98986
             1.99078
             1.99176
              1.9928
              1.9939
             1.99505
             1.99625
             1.99749
             1.99878
             2.00009
             2.00144
             2.00281
              2.0042
             2.00561
             2.00702
             2.00844
             2.00986
             2.01128
             2.01269
             2.01409
             2.01547
             2.01684
             2.01819
             2.01952
             2.02082
              2.0221
             2.02335
             2.02457
             2.02576
             2.02691
             2.02804
             2.02913
             2.03019
             2.03122
             2.03221
             2.03317
             2.03409
             2.03498
             2.03584
             2.03666
             2.03746
             2.03822
             2.03895
             2.03964
             2.04031
             2.04095
             2.04156
             2.04214
             2.04269
             2.04322
             2.04372
             2.04419
             2.04464
             2.04506
             2.04546
             2.04584
             2.04619
             2.04652
             2.04683
             2.04711
             2.04738
             2.04763
             2.04785
             2.04806
             2.04825
             2.04842
             2.04857
             2.04871
             2.04882
             2.04893
             2.04901
             2.04908
             2.04913
             2.04917
             2.04919
              2.0492
             2.04919
             2.04917
             2.04914
             2.04909
             2.04904
             2.04897
             2.04889
              2.0488
              2.0487
              2.0486
             2.04848
             2.04836
             2.04824
              2.0481
             2.04797
             2.04783
              2.0477
             2.04756
             2.04742
             2.04729
             2.04717
             2.04704
             2.04693
             2.04683
             2.04674
             2.04666
             2.04659
             2.04654
              2.0465
             2.04649
             2.04649
             2.04652
             2.04656
             2.04663
             2.04672
             2.04683
             2.04696
             2.04712
              2.0473
             2.04751
             2.04773
             2.04797
             2.04824
             2.04852
             2.04882
             2.04913
             2.04946
             2.04979
             2.05014
             2.05049
             2.05084
              2.0512
             2.05155
              2.0519
             2.05224
             2.05257
             2.05289
             2.05319
             2.05347
             2.05374
             2.05397
             2.05419
             2.05437
             2.05452
             2.05464
             2.05473
             2.05478
             2.05479
             2.05476
             2.05469
             2.05457
             2.05442
             2.05421
             2.05397
             2.05367
             2.05333
             2.05295
             2.05251
             2.05203
             2.05151
             2.05093
             2.05031
             2.04964
             2.04893
             2.04816
             2.04735
              2.0465
             2.04559
             2.04464
             2.04363
             2.04258
             2.04147
             2.04031
              2.0391
             2.03783
             2.03651
             2.03513
             2.03369
             2.03219
             2.03065
             2.02904
             2.02739
             2.02569
             2.02396
              2.0222
             2.02042
             2.01863
             2.01685
              2.0151
              2.0134
             2.01177
             2.01023
              2.0088
             2.00751
             2.00638
             2.00543
             2.00468
             2.00416
             2.00386
             2.00381
             2.00401
             2.00446
             2.00516
             2.00609
             2.00726
             2.00863
              2.0102
             2.01193
             2.01382
             2.01583
             2.01793
             2.02012
             2.02236
             2.02463
             2.02692
              2.0292
             2.03146
              2.0337
             2.03589
             2.03803
             2.04012
             2.04214
             2.04411
               2.046
             2.04783
             2.04959
             2.05129
             2.05292
              2.0545
             2.05601
             2.05747
             2.05887
             2.06023
             2.06153
             2.06279
             2.06401
             2.06519
             2.06633
             2.06743
              2.0685
             2.06954
             2.07054
             2.07152
             2.07247
             2.07339
             2.07428
             2.07515
             2.07599
             2.07681
              2.0776
             2.07837
             2.07912
             2.07985
             2.08055
             2.08123
             2.08189
             2.08252
             2.08314
             2.08373
              2.0843
             2.08486
             2.08538
             2.08589
             2.08638
             2.08684
             2.08729
             2.08771
              2.0881
             2.08848
             2.08883
             2.08916
             2.08946
             2.08974
             2.08999
             2.09021
              2.0904
             2.09056
             2.09069
             2.09079
             2.09085
             2.09088
             2.09086
              2.0908
              2.0907
             2.09055
             2.09036
             2.09011
              2.0898
             2.08944
             2.08902
             2.08853
             2.08798
             2.08736
             2.08666
             2.08589
             2.08505
             2.08413
             2.08313
             2.08205
              2.0809
             2.07967
             2.07836
             2.07698
             2.07553
             2.07402
             2.07246
             2.07085
              2.0692
             2.06752
             2.06583
             2.06414
             2.06246
              2.0608
             2.05919
             2.05763
             2.05614
             2.05473
             2.05342
             2.05221
             2.05111
             2.05013
             2.04927
             2.04853
             2.04791
             2.04741
             2.04701
             2.04671
             2.04649
             2.04633
             2.04624
             2.04618
             2.04615
             2.04612
             2.04609
             2.04604
             2.04596
             2.04583
             2.04566
             2.04543
             2.04514
             2.04479
             2.04439
             2.04394
             2.04344
              2.0429
             2.04235
             2.04178
             2.04121
             2.04067
             2.04016
              2.0397
             2.03932
             2.03902
             2.03882
             2.03874
             2.03879
             2.03898
             2.03932
             2.03981
             2.04044
             2.04123
             2.04217
             2.04325
             2.04445
             2.04576
             2.04718
             2.04867
             2.05022
             2.05182
             2.05343
             2.05504
             2.05662
             2.05816
             2.05963
             2.06101
             2.06228
             2.06344
             2.06445
             2.06531
               2.066
             2.06652
             2.06685
             2.06698
             2.06692
             2.06665
             2.06618
             2.06549
             2.06461
             2.06351
             2.06223
             2.06075
             2.05909
             2.05727
             2.05529
             2.05317
             2.05094
             2.04861
              2.0462
             2.04374
             2.04126
             2.03878
             2.03633
             2.03394
             2.03162
             2.02941
             2.02733
             2.02539
             2.02363
             2.02203
             2.02063
             2.01942
              2.0184
             2.01758
             2.01696
             2.01651
             2.01624
             2.01613
             2.01618
             2.01637
             2.01669
             2.01712
             2.01767
             2.01831
             2.01904
             2.01985
             2.02073
             2.02168
              2.0227
             2.02378
             2.02491
              2.0261
             2.02733
              2.0286
             2.02991
             2.03124
              2.0326
             2.03396
             2.03533
             2.03669
             2.03802
             2.03932
             2.04058
             2.04177
              2.0429
             2.04394
             2.04489
             2.04573
             2.04646
             2.04708
             2.04757
             2.04793
             2.04817
             2.04828
             2.04826
             2.04813
             2.04789
             2.04754
             2.04711
              2.0466
             2.04603
             2.04541
             2.04477
             2.04412
             2.04348
             2.04288
             2.04232
             2.04183
             2.04143
             2.04113
             2.04095
              2.0409
             2.04099
             2.04122
             2.04161
             2.04214
             2.04283
             2.04367
             2.04465
             2.04576
               2.047
             2.04834
             2.04978
             2.05131
              2.0529
             2.05455
             2.05624
             2.05796
             2.05969
             2.06142
             2.06314
             2.06484
             2.06652
             2.06816
             2.06976
             2.07131
             2.07281
             2.07426
             2.07566
               2.077
             2.07828
              2.0795
             2.08066
             2.08177
             2.08281
              2.0838
             2.08473
              2.0856
             2.08642
             2.08718
             2.08788
             2.08853
             2.08913
             2.08967
             2.09016
             2.09059
             2.09098
             2.09131
             2.09158
             2.09181
             2.09198
             2.09211
             2.09218
             2.09221
             2.09218
             2.09211
             2.09198
             2.09182
              2.0916
             2.09134
             2.09103
             2.09068
             2.09029
             2.08986
             2.08938
             2.08887
             2.08831
             2.08772
             2.08709
             2.08643
             2.08573
               2.085
             2.08423
             2.08344
             2.08261
             2.08176
             2.08087
             2.07997
             2.07904
             2.07808
             2.07711
             2.07611
              2.0751
             2.07408
             2.07305
               2.072
             2.07095
              2.0699
             2.06885
              2.0678
             2.06676
             2.06573
             2.06471
             2.06372
             2.06275
             2.06181
             2.06089
             2.06002
             2.05918
             2.05839
             2.05765
             2.05695
              2.0563
             2.05572
             2.05518
             2.05471
             2.05429
             2.05393
             2.05363
             2.05338
             2.05319
             2.05306
             2.05297
             2.05293
             2.05294
             2.05299
             2.05308
              2.0532
             2.05336
             2.05354
             2.05374
             2.05397
             2.05421
             2.05447
             2.05474
             2.05502
             2.05531
              2.0556
             2.05589
             2.05618
             2.05648
             2.05678
             2.05707
             2.05736
             2.05765
             2.05794
             2.05822
              2.0585
             2.05878
             2.05905
             2.05931
             2.05957
             2.05981
             2.06005
             2.06028
             2.06049
             2.06069
             2.06087
             2.06103
             2.06117
             2.06128
             2.06138
             2.06144
             2.06148
             2.06148
             2.06145
              2.0614
             2.06131
             2.06118
             2.06103
             2.06084
             2.06063
             2.06039
             2.06012
             2.05984
             2.05954
             2.05924
             2.05893
             2.05862
             2.05832
             2.05803
             2.05776
             2.05752
             2.05731
             2.05715
             2.05702
             2.05695
             2.05693
             2.05696
             2.05706
             2.05721
             2.05742
             2.05769
             2.05802
             2.05841
             2.05884
             2.05932
             2.05984
             2.06039
             2.06097
             2.06158
             2.06219
             2.06282
             2.06345
             2.06407
             2.06468
             2.06527
             2.06584
             2.06638
             2.06689
             2.06737
              2.0678
              2.0682
             2.06856
             2.06887
             2.06914
             2.06936
             2.06954
             2.06968
             2.06977
             2.06983
             2.06985
             2.06984
             2.06979
             2.06972
             2.06962
             2.06949
             2.06935
             2.06919
             2.06902
             2.06885
             2.06867
             2.06848
             2.06831
             2.06813
             2.06797
             2.06782
             2.06768
             2.06756
             2.06746
             2.06738
             2.06732
             2.06729
             2.06727
             2.06728
             2.06732
             2.06737
             2.06744
             2.06753
             2.06763
             2.06774
             2.06786
             2.06797
             2.06809
             2.06819
             2.06828
             2.06834
             2.06838
             2.06838
             2.06834
             2.06824
             2.06809
             2.06786
             2.06756
             2.06717
             2.06669
              2.0661
              2.0654
             2.06458
             2.06363
             2.06255
             2.06133
             2.05995
             2.05843
             2.05675
             2.05492
             2.05294
             2.05082
             2.04856
             2.04618
             2.04369
             2.04113
              2.0385
             2.03586
             2.03322
             2.03063
             2.02814
             2.02578
              2.0236
             2.02165
             2.01997
              2.0186
             2.01757
             2.01691
             2.01662
             2.01673
             2.01723
             2.01811
             2.01934
              2.0209
             2.02276
             2.02488
             2.02721
             2.02971
             2.03233
             2.03504
             2.03779
             2.04054
             2.04327
             2.04595
             2.04854
             2.05104
             2.05343
             2.05569
             2.05782
             2.05981
             2.06166
             2.06338
             2.06495
             2.06639
              2.0677
             2.06888
             2.06994
             2.07088
             2.07171
             2.07244
             2.07306
             2.07359
             2.07403
             2.07438
             2.07465
             2.07484
             2.07495
             2.07499
             2.07496
             2.07487
              2.0747
             2.07447
             2.07418
             2.07382
              2.0734
             2.07292
             2.07237
             2.07176
             2.07108
             2.07033
             2.06952
             2.06864
             2.06769
             2.06667
             2.06558
             2.06441
             2.06316
             2.06184
             2.06044
             2.05896
             2.05741
             2.05577
             2.05407
             2.05228
             2.05043
             2.04851
             2.04653
              2.0445
             2.04242
              2.0403
             2.03815
             2.03599
             2.03383
             2.03168
             2.02956
             2.02748
             2.02546
             2.02352
             2.02167
             2.01994
             2.01832
             2.01685
             2.01552
             2.01435
             2.01335
             2.01251
             2.01185
             2.01135
             2.01102
             2.01086
             2.01084
             2.01097
             2.01123
              2.0116
             2.01209
             2.01266
             2.01332
             2.01405
             2.01483
             2.01566
             2.01653
             2.01743
             2.01835
             2.01929
             2.02024
              2.0212
             2.02217
             2.02314
             2.02412
              2.0251
             2.02609
             2.02708
             2.02808
             2.02908
             2.03009
              2.0311
             2.03212
             2.03314
             2.03416
             2.03519
             2.03622
             2.03725
             2.03827
             2.03929
              2.0403
              2.0413
             2.04228
             2.04325
             2.04421
             2.04514
             2.04604
             2.04693
             2.04778
              2.0486
             2.04939
             2.05015
             2.05087
             2.05155
              2.0522
             2.05281
             2.05338
              2.0539
             2.05439
             2.05484
             2.05525
             2.05561
             2.05594
             2.05623
             2.05648
             2.05669
             2.05687
             2.05701
             2.05712
              2.0572
             2.05725
             2.05727
             2.05726
             2.05723
             2.05717
              2.0571
             2.05701
              2.0569
             2.05678
             2.05665
             2.05652
             2.05637
             2.05623
             2.05608
             2.05594
              2.0558
             2.05567
             2.05554
             2.05543
             2.05533
             2.05524
             2.05517
             2.05512
             2.05508
             2.05506
             2.05505
             2.05507
              2.0551
             2.05515
             2.05521
             2.05529
             2.05538
             2.05548
             2.05559
             2.05571
             2.05583
             2.05595
             2.05607
             2.05618
             2.05628
             2.05638
             2.05645
             2.05651
             2.05655
             2.05656
             2.05653
             2.05648
             2.05639
             2.05626
             2.05609
             2.05586
             2.05559
             2.05527
             2.05489
             2.05446
             2.05397
             2.05341
             2.05279
             2.05211
             2.05137
             2.05056
             2.04968
             2.04875
             2.04775
             2.04669
             2.04558
             2.04442
             2.04321
             2.04196
             2.04068
             2.03936
             2.03804
              2.0367
             2.03536
             2.03403
             2.03273
             2.03146
             2.03023
             2.02907
             2.02797
             2.02694
             2.02601
             2.02518
             2.02445
             2.02383
             2.02333
             2.02295
             2.02269
             2.02256
             2.02255
             2.02266
             2.02288
             2.02321
             2.02364
             2.02417
             2.02478
             2.02547
             2.02622
             2.02703
             2.02789
             2.02879
             2.02972
             2.03068
             2.03165
             2.03263
             2.03361
              2.0346
             2.03557
             2.03654
              2.0375
             2.03844
             2.03936
             2.04027
             2.04115
             2.04202
             2.04287
             2.04369
              2.0445
             2.04529
             2.04605
              2.0468
             2.04753
             2.04825
             2.04894
             2.04962
             2.05028
             2.05093
             2.05156
             2.05217
             2.05277
             2.05336
             2.05393
             2.05448
             2.05502
             2.05555
             2.05606
             2.05655
             2.05703
              2.0575
             2.05795
             2.05838
              2.0588
              2.0592
             2.05959
             2.05995
             2.06031
             2.06064
             2.06096
             2.06126
             2.06154
             2.06181
             2.06205
             2.06228
             2.06249
             2.06269
             2.06286
             2.06302
             2.06315
             2.06327
             2.06337
             2.06344
              2.0635
             2.06354
             2.06355
             2.06355
             2.06352
             2.06347
              2.0634
             2.06331
             2.06319
             2.06305
             2.06289
              2.0627
             2.06249
             2.06224
             2.06197
             2.06168
             2.06135
               2.061
             2.06061
             2.06019
             2.05974
             2.05926
             2.05874
             2.05819
              2.0576
             2.05697
             2.05631
             2.05561
             2.05486
             2.05408
             2.05326
             2.05239
             2.05149
             2.05054
             2.04955
             2.04853
             2.04746
             2.04635
              2.0452
             2.04401
              2.0428
             2.04154
             2.04026
             2.03895
             2.03761
             2.03626
             2.03488
              2.0335
             2.03211
             2.03071
             2.02931
             2.02793
             2.02655
              2.0252
             2.02387
             2.02257
              2.0213
             2.02007
             2.01889
             2.01776
             2.01667
             2.01565
             2.01468
             2.01377
             2.01292
             2.01213
              2.0114
             2.01073
             2.01012
             2.00956
             2.00906
             2.00861
              2.0082
             2.00783
             2.00749
             2.00719
             2.00692
             2.00667
             2.00643
             2.00621
               2.006
              2.0058
             2.00559
             2.00539
             2.00519
             2.00498
             2.00477
             2.00455
             2.00433
             2.00411
             2.00389
             2.00367
             2.00347
             2.00327
             2.00309
             2.00293
              2.0028
              2.0027
             2.00264
             2.00263
             2.00266
             2.00275
              2.0029
              2.0031
             2.00338
             2.00372
             2.00413
              2.0046
             2.00514
             2.00574
             2.00641
             2.00712
             2.00789
              2.0087
             2.00955
             2.01043
             2.01134
             2.01226
              2.0132
             2.01413
             2.01507
             2.01599
             2.01691
              2.0178
             2.01866
              2.0195
             2.02031
             2.02108
             2.02182
             2.02251
             2.02316
             2.02377
             2.02434
             2.02487
             2.02535
             2.02578
             2.02617
             2.02652
             2.02682
             2.02708
              2.0273
             2.02747
             2.02761
              2.0277
             2.02775
             2.02775
             2.02772
             2.02766
             2.02755
             2.02741
             2.02724
             2.02704
              2.0268
             2.02655
             2.02627
             2.02597
             2.02566
             2.02535
             2.02503
             2.02471
              2.0244
             2.02411
             2.02384
              2.0236
             2.02339
             2.02323
             2.02312
             2.02307
             2.02307
             2.02315
             2.02329
             2.02351
             2.02381
             2.02419
             2.02464
             2.02518
             2.02578
             2.02647
             2.02722
             2.02803
              2.0289
             2.02981
             2.03077
             2.03177
             2.03279
             2.03382
             2.03487
             2.03591
             2.03695
             2.03797
             2.03896
             2.03992
             2.04085
             2.04173
             2.04256
             2.04334
             2.04405
             2.04471
             2.04529
             2.04581
             2.04625
             2.04662
             2.04691
             2.04712
             2.04726
             2.04731
             2.04729
             2.04718
               2.047
             2.04674
              2.0464
             2.04598
             2.04549
             2.04493
              2.0443
              2.0436
             2.04283
             2.04201
             2.04113
              2.0402
             2.03922
              2.0382
             2.03716
             2.03608
             2.03499
             2.03389
             2.03279
              2.0317
             2.03063
             2.02959
             2.02858
             2.02762
             2.02672
             2.02589
             2.02513
             2.02445
             2.02386
             2.02337
             2.02298
              2.0227
             2.02252
             2.02245
             2.02248
             2.02263
             2.02287
             2.02321
             2.02365
             2.02417
             2.02478
             2.02545
             2.02619
             2.02699
             2.02783
             2.02871
             2.02962
             2.03055
              2.0315
             2.03245
              2.0334
             2.03434
             2.03527
             2.03618
             2.03706
             2.03792
             2.03874
             2.03952
             2.04026
             2.04096
             2.04161
             2.04221
             2.04276
             2.04326
              2.0437
             2.04408
             2.04441
             2.04469
              2.0449
             2.04506
             2.04515
             2.04519
             2.04516
             2.04508
             2.04494
             2.04475
              2.0445
              2.0442
             2.04384
             2.04344
               2.043
             2.04252
               2.042
             2.04145
             2.04088
              2.0403
              2.0397
             2.03911
             2.03852
             2.03795
              2.0374
             2.03689
             2.03643
             2.03601
             2.03566
             2.03538
             2.03518
             2.03506
             2.03503
              2.0351
             2.03527
             2.03554
             2.03591
             2.03639
             2.03696
             2.03763
              2.0384
             2.03924
             2.04017
             2.04117
             2.04223
             2.04335
             2.04451
             2.04571
             2.04694
             2.04819
             2.04944
              2.0507
             2.05195
             2.05319
              2.0544
              2.0556
             2.05675
             2.05788
             2.05896
                2.06
             2.06099
             2.06193
             2.06281
             2.06364
             2.06441
             2.06512
             2.06578
             2.06637
             2.06689
             2.06735
             2.06775
             2.06808
             2.06833
             2.06852
             2.06863
             2.06867
             2.06862
              2.0685
             2.06829
             2.06799
              2.0676
             2.06712
             2.06653
             2.06584
             2.06503
             2.06412
             2.06307
             2.06191
             2.06061
             2.05917
              2.0576
             2.05588
             2.05401
             2.05199
             2.04983
             2.04752
             2.04507
             2.04249
             2.03978
             2.03697
             2.03407
             2.03111
              2.0281
              2.0251
             2.02212
             2.01921
             2.01641
             2.01377
             2.01132
             2.00911
             2.00719
             2.00558
             2.00432
             2.00343
             2.00292
              2.0028
             2.00307
             2.00372
             2.00472
             2.00604
             2.00766
             2.00952
             2.01161
             2.01386
             2.01624
              2.0187
             2.02122
             2.02374
             2.02625
             2.02872
             2.03112
             2.03343
             2.03565
             2.03775
             2.03974
              2.0416
             2.04334
             2.04496
             2.04645
             2.04783
             2.04909
             2.05023
             2.05128
             2.05222
             2.05308
             2.05384
             2.05453
             2.05514
             2.05568
             2.05616
             2.05658
             2.05694
             2.05726
             2.05753
             2.05776
             2.05795
             2.05811
             2.05824
             2.05833
              2.0584
             2.05845
             2.05847
             2.05847
             2.05846
             2.05842
             2.05837
              2.0583
             2.05821
             2.05812
               2.058
             2.05787
             2.05773
             2.05757
              2.0574
             2.05721
             2.05701
              2.0568
             2.05657
             2.05633
             2.05607
             2.05579
              2.0555
             2.05519
             2.05487
             2.05452
             2.05416
             2.05378
             2.05338
             2.05296
             2.05253
             2.05207
             2.05159
             2.05109
             2.05057
             2.05003
             2.04947
             2.04889
             2.04829
             2.04767
             2.04704
             2.04639
             2.04572
             2.04504
             2.04434
             2.04364
             2.04292
              2.0422
             2.04148
             2.04076
             2.04004
             2.03933
             2.03863
             2.03794
             2.03726
             2.03661
             2.03597
             2.03537
             2.03479
             2.03424
             2.03372
             2.03324
             2.03279
             2.03238
               2.032
             2.03166
             2.03136
             2.03108
             2.03084
             2.03063
             2.03044
             2.03027
             2.03013
             2.02999
             2.02987
             2.02976
             2.02964
             2.02953
             2.02941
             2.02929
             2.02915
               2.029
             2.02883
             2.02865
             2.02845
             2.02823
               2.028
             2.02774
             2.02747
             2.02718
             2.02688
             2.02656
             2.02624
              2.0259
             2.02556
             2.02522
             2.02487
             2.02452
             2.02418
             2.02384
             2.02351
             2.02319
             2.02287
             2.02257
             2.02229
             2.02202
             2.02177
             2.02155
             2.02135
             2.02118
             2.02104
             2.02094
             2.02088
             2.02087
              2.0209
             2.02099
             2.02113
             2.02132
             2.02158
              2.0219
             2.02229
             2.02274
             2.02324
             2.02381
             2.02444
             2.02511
             2.02584
              2.0266
             2.02739
              2.0282
             2.02902
             2.02985
             2.03066
             2.03146
             2.03222
             2.03294
             2.03361
             2.03421
             2.03474
             2.03519
             2.03555
             2.03581
             2.03596
             2.03602
             2.03596
             2.03579
             2.03552
             2.03514
             2.03466
             2.03409
             2.03344
              2.0327
              2.0319
             2.03105
             2.03016
             2.02925
             2.02833
             2.02742
             2.02653
             2.02567
             2.02488
             2.02415
              2.0235
             2.02294
             2.02247
             2.02212
             2.02188
             2.02175
             2.02173
             2.02183
             2.02203
             2.02234
             2.02274
             2.02323
             2.02379
             2.02443
             2.02513
             2.02587
             2.02666
             2.02748
             2.02831
             2.02917
             2.03003
             2.03089
             2.03175
              2.0326
             2.03344
             2.03427
             2.03507
             2.03586
             2.03663
             2.03737
             2.03809
             2.03879
             2.03947
             2.04012
             2.04075
             2.04135
             2.04193
             2.04249
             2.04301
             2.04351
             2.04398
             2.04442
             2.04482
             2.04519
             2.04552
             2.04582
             2.04607
             2.04628
             2.04644
             2.04654
              2.0466
             2.04659
             2.04653
              2.0464
              2.0462
             2.04593
             2.04559
             2.04516
             2.04466
             2.04406
             2.04338
             2.04261
             2.04175
             2.04078
             2.03972
             2.03856
              2.0373
             2.03593
             2.03447
              2.0329
             2.03124
             2.02948
             2.02764
             2.02571
              2.0237
             2.02162
             2.01949
             2.01731
             2.01509
             2.01285
             2.01061
             2.00838
             2.00618
             2.00402
             2.00193
             1.99992
             1.99801
             1.99622
             1.99455
             1.99304
             1.99168
              1.9905
             1.98949
             1.98866
             1.98801
             1.98755
             1.98727
             1.98718
             1.98725
             1.98748
             1.98787
             1.98841
             1.98907
             1.98985
             1.99074
             1.99172
             1.99278
             1.99391
              1.9951
             1.99633
              1.9976
             1.99889
              2.0002
             2.00151
             2.00282
             2.00412
             2.00541
             2.00668
             2.00792
             2.00913
              2.0103
             2.01143
             2.01252
             2.01357
             2.01456
              2.0155
             2.01638
             2.01722
             2.01799
              2.0187
             2.01936
             2.01996
             2.02049
             2.02097
             2.02138
             2.02174
             2.02204
             2.02227
             2.02245
             2.02257
             2.02263
             2.02264
             2.02259
             2.02249
             2.02234
             2.02213
             2.02188
             2.02158
             2.02123
             2.02084
              2.0204
             2.01993
             2.01942
             2.01887
             2.01829
             2.01768
             2.01705
             2.01639
             2.01571
             2.01501
              2.0143
             2.01358
             2.01285
             2.01212
             2.01139
             2.01067
             2.00996
             2.00927
             2.00859
             2.00794
             2.00731
             2.00671
             2.00615
             2.00563
             2.00515
             2.00471
             2.00432
             2.00397
             2.00368
             2.00343
             2.00324
             2.00309
               2.003
             2.00296
             2.00296
             2.00301
             2.00311
             2.00325
             2.00342
             2.00364
             2.00389
             2.00417
             2.00447
              2.0048
             2.00515
             2.00551
             2.00589
             2.00628
             2.00668
             2.00708
             2.00748
             2.00788
             2.00828
             2.00867
             2.00905
             2.00943
             2.00979
             2.01015
             2.01049
             2.01081
             2.01113
             2.01142
              2.0117
             2.01197
             2.01221
             2.01245
             2.01266
             2.01286
             2.01304
             2.01321
             2.01336
              2.0135
             2.01362
             2.01372
             2.01381
             2.01389
             2.01396
             2.01401
             2.01405
             2.01408
             2.01409
              2.0141
             2.01409
             2.01408
             2.01405
             2.01401
             2.01397
             2.01391
             2.01385
             2.01378
              2.0137
             2.01361
             2.01351
             2.01341
              2.0133
             2.01318
             2.01306
             2.01293
             2.01279
             2.01265
              2.0125
             2.01235
             2.01218
             2.01202
             2.01184
             2.01167
             2.01148
             2.01129
              2.0111
              2.0109
              2.0107
             2.01049
             2.01028
             2.01006
             2.00984
             2.00961
             2.00939
             2.00915
             2.00892
             2.00868
             2.00844
             2.00819
             2.00795
              2.0077
             2.00745
              2.0072
             2.00694
             2.00669
             2.00644
             2.00619
             2.00593
             2.00568
             2.00544
             2.00519
             2.00495
             2.00471
             2.00447
             2.00424
             2.00401
             2.00379
             2.00358
             2.00337
             2.00317
             2.00297
             2.00278
             2.00261
             2.00244
             2.00228
             2.00213
             2.00199
             2.00186
             2.00174
             2.00164
             2.00154
             2.00146
             2.00139
             2.00133
             2.00129
             2.00126
             2.00124
             2.00123
             2.00124
             2.00126
             2.00129
             2.00133
             2.00139
             2.00146
             2.00154
             2.00164
             2.00175
             2.00186
             2.00199
             2.00213
             2.00228
             2.00245
             2.00262
              2.0028
             2.00299
             2.00319
             2.00339
             2.00361
             2.00383
             2.00406
             2.00429
             2.00453
             2.00478
             2.00503
             2.00529
             2.00555
             2.00582
             2.00609
             2.00636
             2.00664
             2.00692
              2.0072
             2.00748
             2.00777
             2.00806
             2.00835
             2.00864
             2.00894
             2.00923
             2.00953
             2.00982
             2.01012
             2.01042
             2.01072
             2.01102
             2.01133
             2.01163
             2.01193
             2.01224
             2.01255
             2.01285
             2.01316
             2.01347
             2.01378
              2.0141
             2.01441
             2.01472
             2.01504
             2.01536
             2.01568
               2.016
             2.01632
             2.01665
             2.01698
              2.0173
             2.01763
             2.01797
              2.0183
             2.01864
             2.01898
             2.01932
             2.01966
                2.02
             2.02034
             2.02069
             2.02104
             2.02138
             2.02173
             2.02208
             2.02243
             2.02279
             2.02314
             2.02349
             2.02384
             2.02419
             2.02454
             2.02489
             2.02524
             2.02558
             2.02593
             2.02627
             2.02661
             2.02694
             2.02727
              2.0276
             2.02793
             2.02825
             2.02856
             2.02887
             2.02917
             2.02947
             2.02976
             2.03005
             2.03032
             2.03059
             2.03085
              2.0311
             2.03134
             2.03157
             2.03179
               2.032
              2.0322
             2.03239
             2.03256
             2.03272
             2.03287
               2.033
             2.03312
             2.03322
             2.03331
             2.03338
             2.03343
             2.03346
             2.03348
             2.03348
             2.03345
             2.03341
             2.03335
             2.03326
             2.03315
             2.03302
             2.03287
             2.03269
             2.03249
             2.03226
             2.03201
             2.03173
             2.03142
             2.03109
             2.03073
             2.03034
             2.02992
             2.02948
               2.029
              2.0285
             2.02796
              2.0274
             2.02681
             2.02619
             2.02554
             2.02487
             2.02417
             2.02344
             2.02269
             2.02191
             2.02112
              2.0203
             2.01947
             2.01862
             2.01775
             2.01688
               2.016
             2.01511
             2.01422
             2.01334
             2.01246
             2.01159
             2.01074
              2.0099
             2.00908
             2.00829
             2.00753
             2.00681
             2.00612
             2.00547
             2.00487
             2.00431
              2.0038
             2.00335
             2.00294
              2.0026
             2.00231
             2.00207
             2.00189
             2.00177
              2.0017
             2.00168
             2.00171
              2.0018
             2.00193
              2.0021
             2.00231
             2.00256
             2.00284
             2.00316
              2.0035
             2.00386
             2.00425
             2.00465
             2.00507
             2.00549
             2.00593
             2.00637
             2.00681
             2.00725
             2.00769
             2.00813
             2.00857
             2.00899
             2.00941
             2.00982
             2.01023
             2.01062
               2.011
             2.01137
             2.01173
             2.01207
              2.0124
             2.01272
             2.01303
             2.01332
              2.0136
             2.01387
             2.01412
             2.01435
             2.01457
             2.01477
             2.01495
             2.01512
             2.01526
             2.01538
             2.01548
             2.01555
             2.01559
             2.01561
             2.01559
             2.01554
             2.01545
             2.01532
             2.01514
             2.01492
             2.01465
             2.01433
             2.01395
             2.01351
               2.013
             2.01243
              2.0118
             2.01109
             2.01031
             2.00946
             2.00854
             2.00755
             2.00649
             2.00537
             2.00418
             2.00294
             2.00165
             2.00032
             1.99896
             1.99759
              1.9962
             1.99483
             1.99347
             1.99216
             1.99089
             1.98969
             1.98858
             1.98755
             1.98663
             1.98583
             1.98514
             1.98459
             1.98416
             1.98386
             1.98368
             1.98362
             1.98367
             1.98381
             1.98403
             1.98432
             1.98465
             1.98502
              1.9854
             1.98578
             1.98614
             1.98646
             1.98674
             1.98696
              1.9871
             1.98717
             1.98715
             1.98704
             1.98684
             1.98655
             1.98617
             1.98571
             1.98517
             1.98456
             1.98389
             1.98317
             1.98242
             1.98164
             1.98085
             1.98007
             1.97931
             1.97858
              1.9779
             1.97728
             1.97674
             1.97628
             1.97592
             1.97567
             1.97554
             1.97552
             1.97563
             1.97587
             1.97624
             1.97674
             1.97736
             1.97811
             1.97897
             1.97994
             1.98101
             1.98217
             1.98342
             1.98475
             1.98613
             1.98757
             1.98906
             1.99058
             1.99212
             1.99368
             1.99524
             1.99681
             1.99836
              1.9999
             2.00141
              2.0029
             2.00435
             2.00576
             2.00714
             2.00847
             2.00975
             2.01099
             2.01217
              2.0133
             2.01438
              2.0154
             2.01637
             2.01728
             2.01814
             2.01895
             2.01971
             2.02041
             2.02106
             2.02166
             2.02221
             2.02272
             2.02317
             2.02358
             2.02394
             2.02425
             2.02453
             2.02476
             2.02494
             2.02509
             2.02519
             2.02526
             2.02528
             2.02526
             2.02521
             2.02512
             2.02499
             2.02482
             2.02461
             2.02436
             2.02408
             2.02376
             2.02339
               2.023
             2.02256
             2.02208
             2.02157
             2.02101
             2.02042
             2.01978
             2.01911
              2.0184
             2.01765
             2.01686
             2.01603
             2.01516
             2.01426
             2.01332
             2.01235
             2.01134
              2.0103
             2.00924
             2.00815
             2.00703
              2.0059
             2.00475
             2.00358
             2.00241
             2.00123
             2.00005
             1.99887
              1.9977
             1.99655
             1.99541
             1.99429
             1.99319
             1.99212
             1.99107
             1.99006
             1.98908
             1.98814
             1.98723
             1.98635
              1.9855
             1.98468
             1.98388
             1.98311
             1.98235
              1.9816
             1.98085
              1.9801
             1.97934
             1.97857
             1.97776
             1.97692
             1.97604
             1.97511
             1.97413
             1.97307
             1.97195
             1.97075
             1.96947
              1.9681
             1.96665
             1.96511
             1.96349
              1.9618
             1.96003
              1.9582
             1.95632
             1.95441
             1.95248
             1.95056
             1.94867
             1.94683
             1.94507
             1.94342
              1.9419
             1.94055
             1.93938
             1.93842
             1.93769
              1.9372
             1.93696
             1.93697
             1.93723
             1.93774
             1.93847
             1.93941
             1.94053
             1.94182
             1.94324
             1.94475
             1.94634
             1.94797
             1.94961
             1.95124
             1.95282
             1.95435
              1.9558
             1.95715
             1.95839
             1.95952
             1.96053
             1.96141
             1.96216
             1.96279
              1.9633
             1.96369
             1.96397
             1.96415
             1.96423
             1.96423
             1.96416
             1.96403
             1.96385
             1.96363
             1.96339
             1.96314
              1.9629
             1.96267
             1.96247
             1.96231
             1.96221
             1.96216
              1.9622
             1.96231
             1.96251
             1.96281
             1.96321
             1.96372
             1.96432
             1.96504
             1.96585
             1.96676
             1.96776
             1.96885
             1.97002
             1.97126
             1.97256
             1.97391
             1.97531
             1.97673
             1.97818
             1.97964
             1.98111
             1.98257
             1.98402
             1.98544
             1.98684
             1.98821
             1.98954
             1.99083
             1.99207
             1.99327
             1.99442
             1.99551
             1.99655
             1.99754
             1.99848
             1.99936
              2.0002
             2.00098
             2.00172
             2.00241
             2.00305
             2.00365
             2.00421
             2.00472
              2.0052
             2.00565
             2.00606
             2.00644
             2.00678
              2.0071
             2.00739
             2.00766
             2.00791
             2.00813
             2.00833
             2.00851
             2.00868
             2.00883
             2.00897
             2.00909
              2.0092
             2.00929
             2.00938
             2.00945
             2.00952
             2.00958
             2.00962
             2.00967
              2.0097
             2.00973
             2.00975
             2.00977
             2.00978
             2.00978
             2.00978
             2.00978
             2.00977
             2.00976
             2.00974
             2.00972
              2.0097
             2.00967
             2.00964
             2.00961
             2.00957
             2.00953
             2.00949
             2.00944
             2.00939
             2.00934
             2.00928
             2.00922
             2.00916
              2.0091
             2.00903
             2.00896
              2.0089
             2.00882
             2.00875
             2.00868
              2.0086
             2.00853
             2.00846
             2.00838
             2.00831
             2.00824
             2.00817
              2.0081
             2.00804
             2.00798
             2.00793
             2.00788
             2.00784
              2.0078
             2.00777
             2.00774
             2.00773
             2.00772
             2.00772
             2.00773
             2.00775
             2.00778
             2.00782
             2.00787
             2.00792
             2.00798
             2.00805
             2.00813
             2.00821
             2.00829
             2.00837
             2.00846
             2.00854
             2.00862
             2.00869
             2.00874
             2.00879
             2.00881
             2.00882
             2.00879
             2.00874
             2.00865
             2.00851
             2.00834
              2.0081
             2.00782
             2.00746
             2.00704
             2.00654
             2.00596
              2.0053
             2.00454
             2.00368
             2.00273
             2.00167
             2.00051
             1.99925
             1.99788
             1.99641
             1.99485
             1.99321
             1.99149
              1.9897
             1.98788
             1.98602
             1.98417
             1.98233
             1.98055
             1.97884
             1.97724
             1.97578
             1.97448
             1.97338
             1.97251
             1.97187
              1.9715
             1.97139
             1.97157
             1.97203
             1.97276
             1.97376
               1.975
             1.97647
             1.97815
             1.97999
             1.98199
              1.9841
             1.98629
             1.98855
             1.99083
             1.99311
             1.99538
             1.99761
             1.99979
             2.00189
             2.00391
             2.00584
             2.00768
             2.00941
             2.01104
             2.01257
             2.01399
             2.01531
             2.01653
             2.01766
              2.0187
             2.01964
             2.02051
              2.0213
             2.02202
             2.02267
             2.02326
              2.0238
             2.02428
             2.02471
             2.02509
             2.02544
             2.02575
             2.02603
             2.02628
              2.0265
              2.0267
             2.02687
             2.02703
             2.02717
             2.02729
              2.0274
             2.02749
             2.02758
             2.02765
             2.02771
             2.02777
             2.02781
             2.02785
             2.02788
              2.0279
             2.02792
             2.02792
             2.02792
             2.02791
             2.02789
             2.02787
             2.02783
             2.02779
             2.02774
             2.02768
              2.0276
             2.02752
             2.02743
             2.02733
             2.02721
             2.02709
             2.02696
             2.02681
             2.02666
             2.02649
             2.02632
             2.02613
             2.02594
             2.02574
             2.02553
             2.02532
             2.02511
             2.02489
             2.02467
             2.02445
             2.02423
             2.02402
             2.02381
             2.02361
             2.02343
             2.02325
             2.02309
             2.02294
             2.02281
             2.02271
             2.02262
             2.02256
             2.02253
             2.02253
             2.02255
             2.02261
              2.0227
             2.02283
             2.02299
             2.02318
             2.02341
             2.02368
             2.02398
             2.02432
             2.02469
              2.0251
             2.02554
             2.02601
             2.02652
             2.02705
             2.02762
              2.0282
             2.02882
             2.02945
             2.03011
             2.03078
             2.03146
             2.03216
             2.03287
             2.03359
             2.03431
             2.03504
             2.03576
             2.03648
              2.0372
              2.0379
              2.0386
             2.03928
             2.03995
              2.0406
             2.04122
             2.04183
             2.04241
             2.04296
             2.04348
             2.04397
             2.04443
             2.04485
             2.04523
             2.04558
             2.04588
             2.04614
             2.04636
             2.04654
             2.04666
             2.04675
             2.04678
             2.04677
             2.04671
              2.0466
             2.04644
             2.04623
             2.04597
             2.04566
             2.04531
             2.04491
             2.04446
             2.04397
             2.04343
             2.04285
             2.04223
             2.04157
             2.04088
             2.04015
             2.03939
              2.0386
             2.03778
             2.03694
             2.03608
             2.03521
             2.03432
             2.03343
             2.03253
             2.03163
             2.03073
             2.02984
             2.02896
             2.02809
             2.02724
             2.02641
             2.02561
             2.02484
              2.0241
             2.02339
             2.02272
              2.0221
             2.02152
             2.02098
              2.0205
             2.02006
             2.01968
             2.01935
             2.01908
             2.01887
             2.01872
             2.01863
              2.0186
             2.01864
             2.01874
              2.0189
             2.01912
             2.01941
             2.01975
             2.02016
             2.02062
             2.02113
             2.02169
              2.0223
             2.02296
             2.02365
             2.02437
             2.02511
             2.02588
             2.02666
             2.02745
             2.02824
             2.02903
             2.02981
             2.03058
             2.03132
             2.03205
             2.03274
              2.0334
             2.03403
             2.03462
             2.03517
             2.03567
             2.03614
             2.03656
             2.03694
             2.03728
             2.03758
             2.03783
             2.03805
             2.03823
             2.03837
             2.03847
             2.03855
              2.0386
             2.03862
             2.03861
             2.03859
             2.03854
             2.03848
             2.03841
             2.03833
             2.03824
             2.03814
             2.03804
             2.03795
             2.03786
             2.03778
             2.03771
             2.03765
             2.03761
             2.03758
             2.03758
              2.0376
             2.03765
             2.03772
             2.03782
             2.03795
             2.03812
             2.03832
             2.03855
             2.03881
             2.03911
             2.03944
              2.0398
              2.0402
             2.04063
             2.04109
             2.04158
              2.0421
             2.04264
             2.04321
              2.0438
              2.0444
             2.04503
             2.04566
             2.04631
             2.04697
             2.04763
              2.0483
             2.04896
             2.04963
             2.05029
             2.05095
              2.0516
             2.05223
             2.05286
             2.05347
             2.05406
             2.05463
             2.05519
             2.05572
             2.05623
             2.05672
             2.05719
             2.05762
             2.05803
             2.05842
             2.05877
              2.0591
              2.0594
             2.05967
              2.0599
             2.06011
             2.06029
             2.06043
             2.06055
             2.06063
             2.06068
              2.0607
             2.06069
             2.06064
             2.06056
             2.06045
             2.06031
             2.06014
             2.05993
             2.05968
             2.05941
              2.0591
             2.05875
             2.05838
             2.05797
             2.05752
             2.05704
             2.05652
             2.05597
             2.05539
             2.05477
             2.05411
             2.05342
              2.0527
             2.05194
             2.05115
             2.05033
             2.04947
             2.04858
             2.04766
             2.04672
             2.04574
             2.04474
             2.04372
             2.04268
             2.04163
             2.04055
             2.03947
             2.03839
              2.0373
             2.03622
             2.03514
             2.03408
             2.03305
             2.03204
             2.03106
             2.03012
             2.02924
             2.02841
             2.02763
             2.02693
              2.0263
             2.02575
             2.02529
             2.02492
             2.02464
             2.02446
             2.02438
             2.02441
             2.02453
             2.02476
             2.02509
             2.02552
             2.02605
             2.02667
             2.02737
             2.02816
             2.02903
             2.02997
             2.03097
             2.03203
             2.03314
              2.0343
             2.03549
             2.03671
             2.03795
             2.03921
             2.04048
             2.04176
             2.04304
             2.04431
             2.04557
             2.04682
             2.04805
             2.04926
             2.05044
              2.0516
             2.05273
             2.05383
              2.0549
             2.05594
             2.05694
              2.0579
             2.05883
             2.05972
             2.06057
             2.06138
             2.06216
              2.0629
              2.0636
             2.06427
             2.06489
             2.06548
             2.06604
             2.06655
             2.06703
             2.06748
             2.06788
             2.06826
              2.0686
              2.0689
             2.06917
             2.06941
             2.06961
             2.06978
             2.06992
             2.07002
             2.07009
             2.07014
             2.07015
             2.07013
             2.07008
                2.07
             2.06989
             2.06975
             2.06958
             2.06938
             2.06916
             2.06891
             2.06863
             2.06832
             2.06799
             2.06763
             2.06725
             2.06685
             2.06642
             2.06597
              2.0655
             2.06501
              2.0645
             2.06397
             2.06342
             2.06286
             2.06228
             2.06169
             2.06109
             2.06047
             2.05985
             2.05923
             2.05859
             2.05796
             2.05732
             2.05668
             2.05605
             2.05542
              2.0548
             2.05419
             2.05359
               2.053
             2.05243
             2.05188
             2.05134
             2.05083
             2.05034
             2.04988
             2.04945
             2.04904
             2.04866
             2.04832
             2.04801
             2.04773
             2.04748
             2.04728
              2.0471
             2.04696
             2.04686
             2.04679
             2.04676
             2.04676
             2.04679
             2.04685
             2.04694
             2.04706
             2.04721
             2.04738
             2.04757
             2.04778
             2.04801
             2.04825
             2.04851
             2.04878
             2.04905
             2.04933
              2.0496
             2.04988
             2.05016
             2.05042
             2.05068
             2.05093
             2.05117
             2.05139
             2.05159
             2.05177
             2.05193
             2.05207
             2.05218
             2.05227
             2.05233
             2.05237
             2.05237
             2.05235
              2.0523
             2.05222
             2.05212
             2.05199
             2.05183
             2.05164
             2.05143
              2.0512
             2.05094
             2.05067
             2.05038
             2.05007
             2.04975
             2.04942
             2.04909
             2.04875
             2.04841
             2.04807
             2.04773
             2.04741
             2.04709
             2.04679
             2.04651
             2.04625
             2.04602
              2.0458
             2.04562
             2.04547
             2.04536
             2.04527
             2.04523
             2.04523
             2.04526
             2.04534
             2.04546
             2.04562
             2.04582
             2.04607
             2.04635
             2.04668
             2.04705
             2.04746
             2.04791
              2.0484
             2.04892
             2.04947
             2.05006
             2.05067
             2.05132
             2.05199
             2.05268
             2.05339
             2.05412
             2.05486
             2.05562
             2.05639
             2.05716
             2.05793
             2.05871
             2.05948
             2.06025
             2.06101
             2.06177
              2.0625
             2.06322
             2.06392
             2.06461
             2.06526
             2.06589
              2.0665
             2.06707
             2.06761
             2.06812
              2.0686
             2.06903
             2.06943
             2.06979
             2.07011
             2.07039
             2.07063
             2.07083
             2.07098
             2.07109
             2.07116
             2.07118
             2.07116
             2.07109
             2.07098
             2.07083
             2.07063
             2.07039
              2.0701
             2.06978
              2.0694
             2.06899
             2.06853
             2.06803
             2.06748
             2.06689
             2.06626
             2.06558
             2.06486
             2.06409
             2.06327
             2.06241
              2.0615
             2.06055
             2.05954
             2.05849
             2.05738
             2.05623
             2.05502
             2.05376
             2.05246
             2.05111
             2.04971
             2.04827
             2.04679
             2.04527
             2.04373
             2.04217
              2.0406
             2.03903
             2.03746
             2.03592
             2.03442
             2.03297
             2.03158
             2.03027
             2.02907
             2.02797
               2.027
             2.02617
             2.02549
             2.02498
             2.02462
             2.02444
             2.02443
             2.02458
              2.0249
             2.02537
             2.02599
             2.02675
             2.02762
              2.0286
             2.02966
              2.0308
             2.03199
             2.03322
             2.03448
             2.03574
             2.03701
             2.03826
             2.03949
             2.04069
             2.04186
             2.04298
             2.04406
             2.04509
             2.04608
             2.04701
              2.0479
             2.04875
             2.04955
             2.05031
             2.05104
             2.05173
             2.05239
             2.05303
             2.05364
             2.05423
             2.05481
             2.05537
             2.05592
             2.05645
             2.05699
             2.05751
             2.05803
             2.05855
             2.05907
             2.05958
              2.0601
             2.06061
             2.06112
             2.06164
             2.06215
             2.06266
             2.06317
             2.06368
             2.06418
             2.06468
             2.06518
             2.06567
             2.06616
             2.06664
             2.06711
             2.06758
             2.06804
             2.06849
             2.06893
             2.06936
             2.06978
             2.07019
             2.07059
             2.07098
             2.07135
             2.07172
             2.07207
             2.07242
             2.07275
             2.07307
             2.07337
             2.07367
             2.07395
             2.07422
             2.07448
             2.07473
             2.07496
             2.07519
              2.0754
              2.0756
             2.07579
             2.07596
             2.07613
             2.07628
             2.07642
             2.07655
             2.07666
             2.07676
             2.07685
             2.07693
             2.07699
             2.07704
             2.07708
              2.0771
              2.0771
              2.0771
             2.07707
             2.07704
             2.07698
             2.07691
             2.07683
             2.07673
             2.07661
             2.07648
             2.07633
             2.07617
             2.07598
             2.07578
             2.07557
             2.07534
             2.07509
             2.07482
             2.07454
             2.07424
             2.07392
             2.07359
             2.07324
             2.07288
              2.0725
              2.0721
             2.07169
             2.07127
             2.07083
             2.07038
             2.06992
             2.06945
             2.06896
             2.06847
             2.06797
             2.06746
             2.06694
             2.06641
             2.06589
             2.06536
             2.06483
             2.06429
             2.06376
             2.06324
             2.06272
              2.0622
              2.0617
              2.0612
             2.06072
             2.06025
              2.0598
             2.05936
             2.05895
             2.05856
              2.0582
             2.05786
             2.05755
             2.05727
             2.05702
             2.05681
             2.05663
             2.05649
             2.05638
             2.05632
             2.05629
              2.0563
             2.05635
             2.05645
             2.05658
             2.05675
             2.05696
             2.05721
              2.0575
             2.05782
             2.05818
             2.05857
             2.05899
             2.05944
             2.05991
             2.06041
             2.06094
             2.06148
             2.06204
             2.06262
             2.06321
             2.06381
             2.06442
             2.06503
             2.06565
             2.06627
             2.06688
              2.0675
              2.0681
             2.06871
              2.0693
             2.06988
             2.07045
             2.07101
             2.07155
             2.07208
             2.07259
             2.07308
             2.07355
             2.07401
             2.07444
             2.07486
             2.07525
             2.07562
             2.07597
             2.07629
             2.07659
             2.07687
             2.07713
             2.07736
             2.07757
             2.07775
             2.07791
             2.07805
             2.07816
             2.07824
              2.0783
             2.07833
             2.07834
             2.07832
             2.07828
             2.07821
             2.07811
             2.07799
             2.07784
             2.07766
             2.07746
             2.07724
             2.07698
             2.07671
              2.0764
             2.07607
             2.07572
             2.07535
             2.07495
             2.07453
             2.07409
             2.07364
             2.07316
             2.07268
             2.07217
             2.07166
             2.07114
             2.07061
             2.07007
             2.06954
