#           PE_STEP:
           -0.428163
           -0.428964
           -0.429759
           -0.430544
            -0.43131
           -0.432064
           -0.432798
           -0.433509
           -0.434199
           -0.434856
           -0.435479
           -0.436074
           -0.436636
           -0.437164
           -0.437656
           -0.438111
           -0.438526
           -0.438905
           -0.439243
           -0.439535
           -0.439795
           -0.440018
           -0.440199
           -0.440346
           -0.440451
           -0.440517
           -0.440544
            -0.44053
           -0.440483
           -0.440394
           -0.440268
           -0.440104
             -0.4399
           -0.439662
           -0.439386
           -0.439077
           -0.438729
           -0.438343
           -0.437927
           -0.437475
           -0.436989
           -0.436467
           -0.435909
           -0.435325
           -0.434705
           -0.434051
           -0.433369
           -0.432659
           -0.431922
           -0.431152
           -0.430362
           -0.429548
            -0.42871
           -0.427854
            -0.42698
           -0.426091
           -0.425187
           -0.424274
           -0.423352
           -0.422429
             -0.4215
           -0.420579
           -0.419659
           -0.418752
           -0.417854
            -0.41697
           -0.416104
           -0.415264
           -0.414448
           -0.413662
            -0.41291
            -0.41219
           -0.411515
           -0.410882
           -0.410292
           -0.409757
           -0.409273
           -0.408843
           -0.408469
           -0.408152
           -0.407891
           -0.407693
           -0.407554
           -0.407475
           -0.407452
           -0.407493
            -0.40759
           -0.407752
           -0.407966
           -0.408227
           -0.408546
           -0.408908
           -0.409327
            -0.40979
             -0.4103
           -0.410848
           -0.411435
           -0.412059
           -0.412709
           -0.413384
           -0.414091
           -0.414813
           -0.415554
           -0.416316
           -0.417084
           -0.417868
           -0.418651
           -0.419446
           -0.420246
           -0.421043
           -0.421836
           -0.422629
           -0.423411
           -0.424183
           -0.424949
           -0.425701
           -0.426442
           -0.427163
           -0.427871
           -0.428562
           -0.429241
           -0.429892
           -0.430519
           -0.431126
           -0.431716
           -0.432288
           -0.432834
           -0.433352
           -0.433853
           -0.434327
           -0.434772
           -0.435195
           -0.435599
           -0.435976
           -0.436325
           -0.436647
           -0.436948
           -0.437221
           -0.437472
           -0.437698
           -0.437897
           -0.438071
           -0.438219
           -0.438348
           -0.438453
           -0.438532
           -0.438591
           -0.438623
           -0.438635
           -0.438627
           -0.438595
            -0.43854
           -0.438471
            -0.43838
           -0.438264
           -0.438135
            -0.43798
           -0.437807
           -0.437619
           -0.437412
           -0.437181
           -0.436933
           -0.436668
           -0.436388
           -0.436088
            -0.43577
           -0.435439
           -0.435083
           -0.434712
           -0.434323
           -0.433911
           -0.433482
           -0.433039
           -0.432574
           -0.432092
           -0.431594
           -0.431078
           -0.430549
           -0.430001
           -0.429431
           -0.428851
           -0.428257
           -0.427646
            -0.42702
           -0.426377
           -0.425714
           -0.425042
           -0.424345
           -0.423643
           -0.422935
           -0.422209
           -0.421481
           -0.420743
           -0.420002
            -0.41925
           -0.418489
           -0.417725
           -0.416964
           -0.416197
           -0.415431
           -0.414662
           -0.413894
           -0.413128
           -0.412357
           -0.411579
           -0.410805
           -0.410027
           -0.409245
           -0.408457
           -0.407663
           -0.406857
           -0.406033
           -0.405191
            -0.40433
           -0.403443
            -0.40253
            -0.40158
            -0.40058
           -0.399542
           -0.398451
           -0.397307
           -0.396099
           -0.394829
           -0.393497
           -0.392097
           -0.390619
           -0.389074
           -0.387456
           -0.385769
           -0.384022
           -0.382221
           -0.380374
           -0.378489
           -0.376595
           -0.374695
           -0.372807
           -0.370958
           -0.369173
           -0.367467
           -0.365868
           -0.364404
           -0.363096
           -0.361965
           -0.361034
           -0.360321
           -0.359843
           -0.359616
           -0.359636
           -0.359914
           -0.360444
           -0.361218
           -0.362237
           -0.363482
           -0.364936
            -0.36658
           -0.368389
           -0.370348
           -0.372429
           -0.374608
           -0.376866
           -0.379178
           -0.381519
           -0.383878
           -0.386235
           -0.388579
           -0.390895
           -0.393161
           -0.395381
            -0.39754
           -0.399637
           -0.401664
           -0.403616
           -0.405498
           -0.407306
           -0.409042
             -0.4107
           -0.412285
           -0.413793
           -0.415231
           -0.416596
            -0.41789
           -0.419112
           -0.420264
           -0.421349
           -0.422359
           -0.423307
           -0.424189
           -0.425008
           -0.425761
           -0.426447
           -0.427072
           -0.427627
            -0.42812
           -0.428554
           -0.428911
           -0.429209
           -0.429442
           -0.429608
           -0.429707
           -0.429734
           -0.429696
           -0.429597
            -0.42943
           -0.429201
            -0.42891
           -0.428555
           -0.428138
           -0.427658
           -0.427117
           -0.426515
           -0.425857
           -0.425151
           -0.424388
           -0.423572
           -0.422711
           -0.421812
           -0.420865
           -0.419874
           -0.418847
           -0.417799
           -0.416717
            -0.41561
           -0.414486
           -0.413345
           -0.412193
           -0.411034
           -0.409872
           -0.408708
           -0.407552
           -0.406398
           -0.405268
           -0.404151
           -0.403059
           -0.401993
           -0.400958
           -0.399954
           -0.398995
            -0.39807
           -0.397188
           -0.396361
           -0.395579
           -0.394851
           -0.394179
           -0.393566
           -0.393011
           -0.392518
           -0.392086
           -0.391716
           -0.391416
           -0.391172
           -0.390995
            -0.39088
           -0.390827
            -0.39083
           -0.390898
           -0.391022
           -0.391194
           -0.391422
           -0.391697
           -0.392014
            -0.39237
           -0.392759
           -0.393184
           -0.393629
           -0.394102
           -0.394593
           -0.395097
           -0.395606
           -0.396117
           -0.396625
           -0.397129
           -0.397629
            -0.39811
           -0.398572
           -0.399009
           -0.399422
           -0.399804
           -0.400156
            -0.40047
           -0.400748
           -0.400989
           -0.401189
           -0.401343
           -0.401462
           -0.401542
           -0.401571
           -0.401566
           -0.401516
           -0.401425
           -0.401292
           -0.401119
           -0.400914
           -0.400673
           -0.400402
           -0.400094
           -0.399763
           -0.399413
           -0.399038
           -0.398644
           -0.398242
           -0.397833
           -0.397416
           -0.396998
            -0.39658
           -0.396172
           -0.395773
           -0.395384
           -0.395021
           -0.394674
           -0.394359
           -0.394071
           -0.393818
           -0.393596
           -0.393421
           -0.393283
           -0.393187
           -0.393143
           -0.393151
           -0.393201
           -0.393303
           -0.393461
           -0.393666
           -0.393929
           -0.394245
           -0.394608
           -0.395028
           -0.395494
           -0.396011
            -0.39658
           -0.397185
            -0.39784
           -0.398534
            -0.39926
           -0.400028
           -0.400831
           -0.401659
           -0.402516
           -0.403399
           -0.404305
           -0.405221
            -0.40615
           -0.407093
           -0.408043
           -0.408997
            -0.40995
           -0.410903
            -0.41185
           -0.412786
            -0.41372
           -0.414641
           -0.415545
           -0.416435
           -0.417301
           -0.418143
           -0.418964
           -0.419758
           -0.420526
           -0.421264
           -0.421971
           -0.422646
           -0.423288
           -0.423896
           -0.424469
           -0.425004
           -0.425506
           -0.425964
            -0.42638
           -0.426758
           -0.427092
           -0.427387
           -0.427639
            -0.42785
           -0.428011
           -0.428132
           -0.428207
           -0.428237
           -0.428228
           -0.428168
           -0.428058
             -0.4279
           -0.427694
            -0.42744
           -0.427135
           -0.426781
           -0.426376
           -0.425923
           -0.425416
           -0.424854
           -0.424241
           -0.423575
           -0.422858
           -0.422082
            -0.42125
           -0.420371
           -0.419431
           -0.418432
           -0.417379
            -0.41627
           -0.415101
           -0.413883
           -0.412604
           -0.411269
           -0.409874
           -0.408426
           -0.406925
           -0.405381
           -0.403777
           -0.402129
           -0.400435
           -0.398696
           -0.396917
           -0.395103
           -0.393257
           -0.391384
           -0.389486
           -0.387579
           -0.385666
           -0.383752
           -0.381846
            -0.37995
           -0.378086
           -0.376254
           -0.374465
            -0.37274
           -0.371069
           -0.369481
           -0.367977
           -0.366567
           -0.365269
           -0.364076
           -0.363015
           -0.362085
            -0.36129
           -0.360641
            -0.36014
           -0.359799
           -0.359614
           -0.359582
             -0.3597
            -0.35997
           -0.360389
           -0.360947
           -0.361639
           -0.362458
           -0.363399
           -0.364454
           -0.365611
           -0.366853
           -0.368187
            -0.36959
           -0.371054
           -0.372567
           -0.374124
           -0.375715
           -0.377331
           -0.378959
           -0.380591
           -0.382221
            -0.38384
           -0.385445
           -0.387037
           -0.388591
           -0.390125
           -0.391618
           -0.393081
           -0.394501
           -0.395888
            -0.39722
            -0.39851
           -0.399751
           -0.400941
           -0.402078
           -0.403163
           -0.404195
           -0.405177
           -0.406116
           -0.406996
           -0.407824
           -0.408592
           -0.409313
           -0.409987
           -0.410607
           -0.411173
            -0.41169
           -0.412152
           -0.412569
           -0.412932
           -0.413251
           -0.413512
           -0.413722
            -0.41389
           -0.414006
           -0.414074
           -0.414091
           -0.414067
           -0.413989
           -0.413864
           -0.413693
           -0.413475
           -0.413207
           -0.412896
           -0.412537
           -0.412137
           -0.411691
           -0.411203
           -0.410667
           -0.410092
           -0.409485
           -0.408828
           -0.408129
           -0.407395
            -0.40663
           -0.405826
           -0.404989
           -0.404124
           -0.403233
           -0.402316
            -0.40138
           -0.400429
            -0.39946
           -0.398471
           -0.397476
           -0.396476
           -0.395474
           -0.394472
           -0.393479
           -0.392494
           -0.391524
           -0.390568
           -0.389634
           -0.388722
           -0.387841
           -0.386991
           -0.386177
           -0.385401
           -0.384667
           -0.383974
           -0.383324
           -0.382727
           -0.382178
           -0.381678
           -0.381233
           -0.380837
           -0.380494
           -0.380197
           -0.379946
            -0.37975
           -0.379598
           -0.379491
           -0.379425
           -0.379395
             -0.3794
           -0.379436
           -0.379499
           -0.379592
           -0.379697
           -0.379822
           -0.379949
           -0.380088
           -0.380232
           -0.380374
           -0.380505
           -0.380631
           -0.380743
           -0.380832
           -0.380901
           -0.380937
           -0.380939
           -0.380912
           -0.380843
           -0.380729
           -0.380568
           -0.380355
           -0.380087
           -0.379764
           -0.379384
            -0.37894
           -0.378434
           -0.377866
           -0.377227
            -0.37653
           -0.375768
           -0.374948
           -0.374062
           -0.373124
           -0.372132
           -0.371096
            -0.37001
           -0.368889
           -0.367738
           -0.366567
           -0.365383
           -0.364197
           -0.363011
           -0.361841
           -0.360687
           -0.359564
           -0.358487
           -0.357453
            -0.35647
           -0.355556
            -0.35471
           -0.353941
           -0.353252
           -0.352646
           -0.352122
           -0.351695
           -0.351362
           -0.351124
           -0.350979
           -0.350927
           -0.350969
           -0.351105
           -0.351334
            -0.35165
           -0.352057
           -0.352551
           -0.353124
           -0.353776
           -0.354505
           -0.355308
           -0.356176
           -0.357114
           -0.358112
           -0.359171
           -0.360277
           -0.361437
           -0.362635
           -0.363871
           -0.365145
           -0.366441
           -0.367766
           -0.369102
           -0.370455
           -0.371809
            -0.37316
           -0.374503
           -0.375833
           -0.377144
           -0.378431
           -0.379691
           -0.380915
           -0.382097
           -0.383239
           -0.384333
           -0.385376
           -0.386364
           -0.387295
           -0.388161
           -0.388962
             -0.3897
           -0.390371
           -0.390976
           -0.391507
           -0.391962
           -0.392343
           -0.392657
           -0.392896
            -0.39306
           -0.393152
           -0.393175
            -0.39312
           -0.392997
           -0.392809
            -0.39255
           -0.392217
           -0.391821
           -0.391365
           -0.390848
           -0.390272
           -0.389641
           -0.388956
           -0.388223
            -0.38744
            -0.38661
           -0.385745
           -0.384831
           -0.383887
           -0.382914
           -0.381912
           -0.380885
           -0.379841
           -0.378776
           -0.377703
           -0.376622
           -0.375536
           -0.374447
           -0.373357
           -0.372279
           -0.371212
           -0.370163
           -0.369132
           -0.368122
            -0.36714
           -0.366186
           -0.365266
           -0.364381
           -0.363537
           -0.362738
           -0.361978
           -0.361267
           -0.360602
           -0.359991
           -0.359431
           -0.358926
            -0.35847
            -0.35807
           -0.357725
           -0.357433
           -0.357194
           -0.357008
            -0.35687
           -0.356785
           -0.356741
           -0.356747
           -0.356796
           -0.356884
           -0.357008
           -0.357165
           -0.357359
           -0.357578
            -0.35782
           -0.358085
           -0.358367
           -0.358668
           -0.358981
           -0.359301
           -0.359619
            -0.35995
            -0.36028
           -0.360609
            -0.36093
           -0.361247
           -0.361561
           -0.361858
           -0.362147
           -0.362425
           -0.362687
           -0.362938
           -0.363166
           -0.363379
           -0.363578
           -0.363771
           -0.363943
           -0.364102
            -0.36424
           -0.364363
           -0.364468
           -0.364558
           -0.364635
           -0.364702
           -0.364746
           -0.364787
           -0.364813
           -0.364829
           -0.364833
           -0.364822
           -0.364801
           -0.364768
           -0.364722
           -0.364669
           -0.364598
           -0.364518
           -0.364423
           -0.364318
           -0.364193
           -0.364048
            -0.36389
           -0.363709
           -0.363502
           -0.363271
           -0.363005
           -0.362714
           -0.362383
           -0.362008
           -0.361593
           -0.361127
           -0.360606
           -0.360015
           -0.359364
           -0.358642
           -0.357851
           -0.356962
           -0.355985
            -0.35491
           -0.353725
           -0.352428
           -0.351007
           -0.349454
            -0.34776
           -0.345926
            -0.34395
           -0.341817
           -0.339531
           -0.337083
           -0.334483
           -0.331733
           -0.328835
           -0.325806
           -0.322654
           -0.319395
           -0.316057
           -0.312658
           -0.309226
           -0.305795
           -0.302412
           -0.299115
           -0.295948
           -0.292954
           -0.290181
           -0.287671
            -0.28546
            -0.28359
           -0.282087
            -0.28099
           -0.280306
           -0.280037
           -0.280193
           -0.280759
           -0.281714
           -0.283033
           -0.284684
           -0.286633
           -0.288831
           -0.291236
           -0.293796
           -0.296478
           -0.299232
           -0.302013
           -0.304794
           -0.307537
           -0.310207
           -0.312792
           -0.315262
           -0.317598
           -0.319799
           -0.321853
           -0.323752
           -0.325495
           -0.327079
           -0.328514
           -0.329794
           -0.330928
           -0.331927
           -0.332796
           -0.333542
           -0.334176
           -0.334702
           -0.335133
           -0.335474
           -0.335744
           -0.335942
           -0.336078
           -0.336162
           -0.336194
           -0.336189
           -0.336153
            -0.33609
           -0.336003
           -0.335902
           -0.335784
           -0.335663
           -0.335536
           -0.335403
           -0.335278
           -0.335156
           -0.335047
           -0.334946
           -0.334852
           -0.334768
           -0.334694
           -0.334638
           -0.334595
           -0.334563
            -0.33455
           -0.334548
           -0.334558
           -0.334584
           -0.334621
           -0.334667
           -0.334727
           -0.334793
           -0.334862
           -0.334944
           -0.335027
           -0.335124
           -0.335227
           -0.335333
           -0.335442
           -0.335543
           -0.335651
            -0.33576
           -0.335872
           -0.335981
           -0.336086
           -0.336193
           -0.336297
           -0.336397
           -0.336498
           -0.336599
           -0.336702
           -0.336793
           -0.336881
           -0.336962
           -0.337039
           -0.337112
            -0.33718
           -0.337245
           -0.337304
            -0.33736
           -0.337409
            -0.33745
           -0.337488
           -0.337526
           -0.337558
           -0.337579
           -0.337597
           -0.337609
           -0.337619
           -0.337618
           -0.337609
           -0.337593
           -0.337571
           -0.337539
           -0.337497
           -0.337448
           -0.337388
           -0.337315
           -0.337229
           -0.337133
            -0.33702
           -0.336892
           -0.336746
           -0.336586
           -0.336406
           -0.336199
           -0.335972
           -0.335723
            -0.33545
           -0.335146
           -0.334813
           -0.334446
           -0.334043
           -0.333609
           -0.333131
           -0.332617
           -0.332051
           -0.331437
           -0.330772
           -0.330055
           -0.329282
           -0.328446
           -0.327545
           -0.326581
           -0.325548
           -0.324443
           -0.323266
            -0.32201
           -0.320682
           -0.319276
           -0.317794
            -0.31623
           -0.314589
           -0.312872
           -0.311076
           -0.309208
           -0.307271
           -0.305275
           -0.303223
           -0.301124
           -0.298978
           -0.296807
           -0.294611
           -0.292412
           -0.290216
           -0.288039
           -0.285896
           -0.283808
           -0.281776
           -0.279822
           -0.277963
           -0.276215
           -0.274582
           -0.273082
           -0.271717
           -0.270496
           -0.269429
           -0.268514
            -0.26776
           -0.267157
           -0.266713
           -0.266409
           -0.266243
           -0.266196
           -0.266256
           -0.266418
           -0.266659
           -0.266957
           -0.267304
           -0.267669
           -0.268043
           -0.268404
            -0.26873
           -0.269002
           -0.269207
           -0.269318
           -0.269321
           -0.269199
           -0.268937
           -0.268516
            -0.26793
           -0.267172
           -0.266231
           -0.265098
           -0.263776
           -0.262268
           -0.260577
           -0.258709
           -0.256683
           -0.254512
           -0.252224
            -0.24984
           -0.247397
           -0.244936
            -0.24249
           -0.240102
           -0.237825
           -0.235697
           -0.233765
           -0.232073
           -0.230661
           -0.229562
           -0.228805
           -0.228411
           -0.228395
           -0.228757
           -0.229496
           -0.230597
           -0.232031
           -0.233787
           -0.235818
            -0.23809
            -0.24057
           -0.243211
           -0.245978
           -0.248816
           -0.251698
           -0.254591
           -0.257455
           -0.260281
           -0.263028
           -0.265683
           -0.268226
           -0.270652
           -0.272956
           -0.275129
           -0.277175
           -0.279099
             -0.2809
           -0.282587
           -0.284164
           -0.285648
           -0.287038
           -0.288372
           -0.289628
           -0.290836
           -0.291996
           -0.293139
           -0.294261
           -0.295379
           -0.296502
           -0.297638
           -0.298804
           -0.299995
           -0.301225
           -0.302498
           -0.303812
            -0.30518
           -0.306598
           -0.308063
           -0.309583
           -0.311142
           -0.312752
           -0.314397
           -0.316079
           -0.317791
           -0.319527
           -0.321285
           -0.323048
           -0.324816
           -0.326579
           -0.328342
           -0.330089
           -0.331816
           -0.333513
           -0.335183
           -0.336822
           -0.338417
           -0.339972
           -0.341484
           -0.342941
           -0.344349
           -0.345699
           -0.347001
           -0.348242
           -0.349426
           -0.350558
           -0.351629
           -0.352638
           -0.353582
           -0.354473
           -0.355305
           -0.356076
           -0.356789
           -0.357445
           -0.358039
            -0.35858
           -0.359063
           -0.359494
           -0.359863
           -0.360177
           -0.360429
           -0.360624
           -0.360761
            -0.36084
           -0.360864
           -0.360825
            -0.36073
           -0.360576
           -0.360366
           -0.360088
           -0.359747
           -0.359341
           -0.358871
           -0.358329
           -0.357718
           -0.357035
           -0.356287
           -0.355461
            -0.35456
           -0.353586
            -0.35253
           -0.351397
           -0.350181
           -0.348886
           -0.347516
           -0.346062
           -0.344527
           -0.342909
           -0.341213
           -0.339439
           -0.337591
           -0.335665
            -0.33367
           -0.331611
           -0.329487
            -0.32731
           -0.325083
           -0.322813
            -0.32051
           -0.318182
           -0.315835
           -0.313488
           -0.311153
           -0.308838
           -0.306559
           -0.304333
           -0.302173
           -0.300094
           -0.298108
           -0.296234
           -0.294487
            -0.29288
           -0.291424
            -0.29013
           -0.289012
            -0.28808
           -0.287341
           -0.286788
           -0.286429
           -0.286267
           -0.286296
           -0.286501
           -0.286878
           -0.287411
           -0.288099
           -0.288915
           -0.289846
           -0.290868
           -0.291963
           -0.293106
           -0.294281
           -0.295462
           -0.296632
           -0.297765
           -0.298842
           -0.299842
           -0.300759
           -0.301574
           -0.302266
           -0.302833
           -0.303271
           -0.303572
           -0.303738
           -0.303767
           -0.303668
           -0.303448
           -0.303126
           -0.302708
           -0.302219
           -0.301676
           -0.301106
           -0.300522
           -0.299965
           -0.299461
           -0.299027
           -0.298693
           -0.298478
           -0.298406
           -0.298497
           -0.298768
           -0.299218
           -0.299856
            -0.30069
           -0.301715
           -0.302921
           -0.304303
           -0.305846
           -0.307524
           -0.309323
           -0.311222
           -0.313203
           -0.315234
           -0.317299
           -0.319374
            -0.32144
           -0.323479
           -0.325471
           -0.327411
           -0.329264
           -0.331038
           -0.332726
           -0.334314
           -0.335798
           -0.337176
           -0.338442
           -0.339608
           -0.340664
           -0.341624
           -0.342477
           -0.343231
           -0.343895
           -0.344468
           -0.344955
           -0.345361
           -0.345692
           -0.345951
           -0.346149
           -0.346284
            -0.34636
           -0.346388
           -0.346363
           -0.346299
           -0.346188
           -0.346039
            -0.34585
           -0.345635
           -0.345394
            -0.34512
           -0.344816
           -0.344489
           -0.344142
            -0.34377
           -0.343373
           -0.342954
           -0.342517
           -0.342057
           -0.341575
            -0.34108
           -0.340557
           -0.340016
           -0.339462
           -0.338893
           -0.338305
           -0.337698
           -0.337078
           -0.336448
            -0.33581
           -0.335159
           -0.334501
           -0.333841
           -0.333177
            -0.33251
           -0.331853
           -0.331202
           -0.330564
           -0.329943
            -0.32935
           -0.328772
           -0.328222
           -0.327708
           -0.327234
           -0.326808
           -0.326435
           -0.326113
           -0.325857
           -0.325661
           -0.325534
           -0.325485
           -0.325511
           -0.325615
           -0.325799
           -0.326068
           -0.326419
           -0.326854
            -0.32737
           -0.327971
           -0.328659
           -0.329418
           -0.330253
           -0.331154
           -0.332122
            -0.33316
            -0.33425
           -0.335388
            -0.33657
           -0.337791
           -0.339048
           -0.340328
           -0.341635
           -0.342953
           -0.344281
            -0.34561
           -0.346941
           -0.348266
           -0.349577
            -0.35087
           -0.352143
           -0.353395
            -0.35462
           -0.355815
            -0.35698
           -0.358105
           -0.359198
           -0.360241
           -0.361249
           -0.362223
           -0.363152
           -0.364039
           -0.364878
           -0.365675
           -0.366436
           -0.367154
           -0.367824
            -0.36845
           -0.369029
           -0.369576
            -0.37008
           -0.370539
           -0.370961
            -0.37134
           -0.371679
           -0.371982
           -0.372253
           -0.372483
           -0.372676
           -0.372839
           -0.372962
           -0.373058
           -0.373124
            -0.37316
           -0.373164
           -0.373143
           -0.373091
           -0.373012
           -0.372908
           -0.372783
           -0.372632
           -0.372456
           -0.372253
           -0.372042
           -0.371802
           -0.371542
           -0.371263
           -0.370961
           -0.370644
           -0.370315
           -0.369969
           -0.369605
           -0.369224
           -0.368837
           -0.368435
           -0.368023
           -0.367599
           -0.367163
           -0.366717
           -0.366259
           -0.365792
           -0.365319
           -0.364839
           -0.364353
           -0.363862
           -0.363361
           -0.362858
           -0.362349
           -0.361837
           -0.361322
           -0.360803
           -0.360282
           -0.359759
           -0.359236
            -0.35871
           -0.358186
           -0.357661
           -0.357127
           -0.356603
           -0.356079
           -0.355557
           -0.355035
           -0.354511
            -0.35399
           -0.353471
           -0.352952
           -0.352436
           -0.351929
           -0.351422
           -0.350915
           -0.350411
           -0.349914
           -0.349411
           -0.348912
           -0.348422
           -0.347932
           -0.347444
           -0.346957
           -0.346474
           -0.345997
            -0.34552
           -0.345045
           -0.344572
           -0.344099
           -0.343636
           -0.343167
           -0.342704
           -0.342242
           -0.341778
           -0.341323
           -0.340858
           -0.340402
           -0.339947
           -0.339493
           -0.339041
            -0.33859
           -0.338141
           -0.337695
           -0.337252
           -0.336809
           -0.336369
           -0.335929
            -0.33549
           -0.335057
           -0.334623
           -0.334195
           -0.333766
           -0.333342
           -0.332925
            -0.33251
             -0.3321
           -0.331693
           -0.331289
           -0.330896
           -0.330515
           -0.330139
           -0.329771
           -0.329407
           -0.329051
           -0.328709
           -0.328371
           -0.328057
           -0.327747
           -0.327448
           -0.327156
           -0.326883
           -0.326627
           -0.326383
           -0.326158
            -0.32595
           -0.325754
           -0.325574
           -0.325414
            -0.32527
           -0.325146
            -0.32504
           -0.324961
           -0.324891
           -0.324842
           -0.324806
           -0.324789
           -0.324798
           -0.324827
           -0.324876
           -0.324938
           -0.325029
           -0.325134
            -0.32526
           -0.325399
           -0.325563
           -0.325737
            -0.32593
           -0.326141
           -0.326365
           -0.326605
           -0.326858
           -0.327125
           -0.327407
           -0.327701
           -0.328002
           -0.328313
           -0.328636
           -0.328966
           -0.329304
           -0.329654
           -0.330013
           -0.330375
           -0.330737
           -0.331102
           -0.331476
           -0.331851
           -0.332231
           -0.332607
           -0.332985
           -0.333364
           -0.333742
           -0.334117
           -0.334489
           -0.334862
           -0.335232
           -0.335598
           -0.335964
           -0.336322
           -0.336673
           -0.337025
           -0.337368
           -0.337704
           -0.338033
           -0.338356
           -0.338678
           -0.338993
           -0.339298
           -0.339594
           -0.339884
           -0.340167
           -0.340445
           -0.340712
           -0.340971
           -0.341226
           -0.341468
           -0.341698
           -0.341925
           -0.342139
           -0.342342
           -0.342536
           -0.342721
           -0.342897
           -0.343062
           -0.343216
           -0.343357
           -0.343488
           -0.343608
           -0.343713
           -0.343809
           -0.343898
           -0.343966
           -0.344021
           -0.344063
           -0.344088
           -0.344092
           -0.344081
           -0.344062
           -0.344023
           -0.343963
           -0.343888
           -0.343786
           -0.343664
           -0.343526
           -0.343369
           -0.343187
           -0.342981
           -0.342757
           -0.342502
           -0.342226
           -0.341927
           -0.341605
            -0.34126
           -0.340888
           -0.340496
           -0.340076
           -0.339636
           -0.339172
           -0.338685
           -0.338175
           -0.337647
           -0.337102
           -0.336541
           -0.335967
           -0.335383
           -0.334787
           -0.334185
           -0.333582
           -0.332979
           -0.332385
           -0.331803
            -0.33123
           -0.330677
           -0.330156
           -0.329665
           -0.329214
           -0.328797
           -0.328422
           -0.328098
            -0.32783
            -0.32762
           -0.327476
           -0.327401
           -0.327391
           -0.327456
           -0.327593
           -0.327809
           -0.328098
           -0.328466
           -0.328907
           -0.329423
           -0.330015
           -0.330675
           -0.331397
           -0.332184
           -0.333022
           -0.333915
           -0.334856
           -0.335834
           -0.336847
           -0.337888
           -0.338954
           -0.340036
           -0.341127
           -0.342219
           -0.343308
            -0.34439
           -0.345455
             -0.3465
           -0.347521
           -0.348511
           -0.349466
            -0.35038
           -0.351249
           -0.352069
           -0.352836
           -0.353546
           -0.354197
           -0.354785
           -0.355306
           -0.355761
            -0.35614
           -0.356449
            -0.35668
           -0.356827
           -0.356897
           -0.356889
           -0.356797
           -0.356615
           -0.356353
           -0.356001
           -0.355558
           -0.355022
           -0.354394
           -0.353681
           -0.352883
           -0.351987
           -0.350998
           -0.349927
           -0.348767
           -0.347518
           -0.346186
           -0.344778
           -0.343289
           -0.341723
            -0.34009
            -0.33839
           -0.336631
            -0.33482
           -0.332961
            -0.33106
           -0.329124
           -0.327174
           -0.325205
           -0.323232
           -0.321272
           -0.319335
           -0.317435
           -0.315584
           -0.313803
           -0.312104
           -0.310511
           -0.309042
           -0.307714
           -0.306535
           -0.305538
           -0.304741
           -0.304153
             -0.3038
           -0.303692
            -0.30384
           -0.304258
           -0.304945
           -0.305912
           -0.307154
           -0.308669
           -0.310451
           -0.312486
           -0.314759
           -0.317255
           -0.319944
           -0.322808
           -0.325825
           -0.328965
           -0.332198
           -0.335504
           -0.338849
           -0.342213
           -0.345565
           -0.348891
           -0.352153
           -0.355356
           -0.358468
            -0.36148
           -0.364374
            -0.36714
           -0.369778
           -0.372277
           -0.374625
           -0.376825
           -0.378872
           -0.380769
           -0.382514
           -0.384106
           -0.385548
           -0.386844
           -0.388003
           -0.389023
           -0.389905
           -0.390668
            -0.39131
           -0.391826
            -0.39223
           -0.392527
           -0.392718
           -0.392813
           -0.392819
           -0.392739
           -0.392577
           -0.392336
            -0.39203
            -0.39165
            -0.39121
            -0.39071
            -0.39015
           -0.389547
           -0.388886
           -0.388183
           -0.387436
            -0.38664
           -0.385813
            -0.38494
           -0.384036
           -0.383093
           -0.382109
           -0.381095
           -0.380048
           -0.378957
           -0.377839
           -0.376687
           -0.375506
           -0.374297
           -0.373061
           -0.371805
           -0.370524
            -0.36924
           -0.367947
           -0.366652
           -0.365374
           -0.364112
           -0.362881
           -0.361704
           -0.360582
           -0.359539
           -0.358588
           -0.357738
           -0.357001
           -0.356396
           -0.355936
           -0.355633
           -0.355487
           -0.355516
           -0.355711
           -0.356082
           -0.356611
           -0.357303
           -0.358151
           -0.359131
           -0.360228
           -0.361423
           -0.362702
           -0.364039
           -0.365415
           -0.366793
           -0.368164
           -0.369502
           -0.370779
           -0.371983
           -0.373085
            -0.37407
           -0.374926
           -0.375643
           -0.376218
           -0.376625
           -0.376873
           -0.376959
           -0.376884
           -0.376645
           -0.376255
           -0.375722
           -0.375053
           -0.374259
           -0.373353
           -0.372349
            -0.37126
           -0.370116
           -0.368922
             -0.3677
           -0.366463
           -0.365226
           -0.364007
            -0.36282
           -0.361676
           -0.360591
           -0.359573
            -0.35864
           -0.357789
            -0.35703
           -0.356356
           -0.355787
           -0.355303
           -0.354917
           -0.354618
           -0.354406
           -0.354284
           -0.354235
           -0.354257
           -0.354349
             -0.3545
           -0.354705
           -0.354955
           -0.355248
           -0.355583
           -0.355954
           -0.356346
           -0.356769
           -0.357219
            -0.35769
           -0.358181
           -0.358679
           -0.359187
           -0.359707
           -0.360224
           -0.360744
           -0.361259
            -0.36177
           -0.362276
           -0.362765
           -0.363238
           -0.363693
            -0.36413
           -0.364539
           -0.364922
           -0.365277
           -0.365605
           -0.365908
           -0.366181
           -0.366429
           -0.366649
           -0.366851
           -0.367042
           -0.367218
            -0.36739
           -0.367558
           -0.367733
           -0.367913
           -0.368116
           -0.368339
            -0.36859
           -0.368872
           -0.369189
           -0.369552
           -0.369961
            -0.37042
           -0.370928
           -0.371492
           -0.372108
           -0.372777
           -0.373495
           -0.374268
            -0.37509
           -0.375957
           -0.376867
           -0.377817
           -0.378797
           -0.379805
           -0.380843
           -0.381898
           -0.382967
           -0.384047
           -0.385127
           -0.386209
           -0.387287
           -0.388357
           -0.389417
           -0.390466
           -0.391489
           -0.392492
           -0.393471
           -0.394425
           -0.395353
           -0.396252
           -0.397124
           -0.397966
           -0.398769
           -0.399548
           -0.400294
           -0.401011
           -0.401699
           -0.402356
           -0.402983
           -0.403581
           -0.404149
           -0.404691
           -0.405203
           -0.405692
           -0.406157
           -0.406597
           -0.407007
           -0.407397
           -0.407765
           -0.408109
            -0.40843
            -0.40873
           -0.409005
           -0.409262
           -0.409498
           -0.409715
           -0.409911
           -0.410087
            -0.41024
           -0.410364
           -0.410471
           -0.410547
           -0.410603
           -0.410629
           -0.410626
           -0.410591
           -0.410525
           -0.410422
           -0.410277
           -0.410088
            -0.40985
           -0.409565
           -0.409223
           -0.408817
           -0.408341
           -0.407799
           -0.407168
            -0.40645
            -0.40564
            -0.40472
            -0.40369
           -0.402549
           -0.401268
           -0.399853
           -0.398295
            -0.39657
           -0.394685
           -0.392627
           -0.390387
           -0.387965
           -0.385353
           -0.382557
           -0.379577
           -0.376423
           -0.373106
           -0.369636
           -0.366036
           -0.362332
           -0.358567
           -0.354772
              -0.351
             -0.3473
           -0.343728
           -0.340349
           -0.337223
           -0.334415
           -0.331989
           -0.329995
           -0.328496
           -0.327531
           -0.327125
           -0.327298
           -0.328057
           -0.329394
            -0.33129
           -0.333707
           -0.336598
            -0.33991
           -0.343578
           -0.347546
           -0.351752
            -0.35612
           -0.360595
           -0.365114
            -0.36962
           -0.374071
           -0.378425
           -0.382641
           -0.386704
           -0.390579
           -0.394259
           -0.397723
           -0.400967
           -0.403986
           -0.406792
           -0.409375
            -0.41174
           -0.413892
           -0.415842
           -0.417597
           -0.419157
           -0.420535
           -0.421744
           -0.422782
           -0.423662
           -0.424391
           -0.424974
           -0.425418
           -0.425731
            -0.42592
           -0.425983
           -0.425927
           -0.425764
           -0.425485
           -0.425101
           -0.424611
           -0.424018
           -0.423326
           -0.422536
           -0.421649
           -0.420673
           -0.419606
           -0.418447
           -0.417201
           -0.415875
           -0.414467
           -0.412976
           -0.411417
           -0.409793
           -0.408109
           -0.406369
           -0.404582
            -0.40276
           -0.400903
           -0.399027
           -0.397133
           -0.395247
           -0.393378
           -0.391539
           -0.389739
           -0.387989
            -0.38631
           -0.384718
           -0.383216
           -0.381824
           -0.380553
           -0.379406
           -0.378398
           -0.377536
           -0.376824
           -0.376264
           -0.375859
           -0.375603
           -0.375502
           -0.375549
           -0.375721
           -0.376026
           -0.376446
           -0.376976
           -0.377598
           -0.378299
           -0.379067
           -0.379884
           -0.380742
           -0.381626
           -0.382518
           -0.383407
           -0.384289
           -0.385143
           -0.385968
           -0.386747
           -0.387472
           -0.388138
            -0.38874
           -0.389277
           -0.389734
           -0.390109
           -0.390404
            -0.39061
           -0.390734
           -0.390764
           -0.390716
           -0.390573
           -0.390339
           -0.390023
           -0.389617
           -0.389122
           -0.388542
           -0.387883
           -0.387137
            -0.38631
           -0.385406
           -0.384433
           -0.383387
            -0.38228
           -0.381097
           -0.379867
           -0.378586
           -0.377258
           -0.375897
           -0.374508
           -0.373096
           -0.371669
           -0.370246
           -0.368831
            -0.36743
           -0.366063
           -0.364741
           -0.363477
           -0.362286
           -0.361178
           -0.360169
           -0.359267
           -0.358481
           -0.357829
           -0.357311
           -0.356947
           -0.356736
           -0.356679
           -0.356785
           -0.357056
           -0.357484
           -0.358071
           -0.358808
           -0.359691
           -0.360707
           -0.361844
           -0.363097
            -0.36445
           -0.365888
             -0.3674
           -0.368972
           -0.370579
           -0.372217
           -0.373867
            -0.37552
           -0.377154
           -0.378764
           -0.380336
           -0.381859
           -0.383326
           -0.384723
           -0.386043
            -0.38728
           -0.388425
           -0.389471
           -0.390426
           -0.391263
           -0.391999
           -0.392628
           -0.393133
           -0.393529
           -0.393804
            -0.39396
           -0.393997
           -0.393919
           -0.393717
           -0.393402
           -0.392962
           -0.392413
           -0.391744
           -0.390971
           -0.390088
           -0.389113
           -0.388052
           -0.386886
           -0.385643
           -0.384324
           -0.382937
           -0.381491
           -0.379993
           -0.378469
           -0.376914
           -0.375347
           -0.373782
            -0.37223
           -0.370703
           -0.369211
           -0.367771
           -0.366391
           -0.365086
           -0.363867
           -0.362745
           -0.361721
           -0.360807
            -0.36001
           -0.359329
           -0.358767
            -0.35832
           -0.357987
           -0.357767
           -0.357653
           -0.357634
           -0.357714
           -0.357877
           -0.358117
           -0.358426
           -0.358788
           -0.359192
           -0.359631
           -0.360094
           -0.360571
           -0.361052
           -0.361529
           -0.361995
            -0.36244
           -0.362855
            -0.36324
           -0.363595
           -0.363898
           -0.364157
           -0.364364
           -0.364524
           -0.364631
           -0.364673
           -0.364653
           -0.364577
           -0.364444
           -0.364247
           -0.363984
           -0.363657
           -0.363265
           -0.362808
           -0.362285
           -0.361695
           -0.361042
            -0.36032
           -0.359531
           -0.358677
            -0.35776
           -0.356786
           -0.355742
            -0.35464
           -0.353483
            -0.35227
           -0.351009
           -0.349706
           -0.348369
           -0.346999
           -0.345613
           -0.344208
           -0.342799
           -0.341403
           -0.340018
           -0.338657
           -0.337334
           -0.336057
           -0.334833
           -0.333689
            -0.33261
           -0.331618
           -0.330711
           -0.329903
           -0.329189
           -0.328577
           -0.328066
           -0.327655
           -0.327339
           -0.327121
           -0.326994
            -0.32694
           -0.326961
           -0.327051
           -0.327199
           -0.327402
           -0.327642
           -0.327913
           -0.328209
            -0.32852
           -0.328847
           -0.329176
           -0.329507
           -0.329834
           -0.330155
           -0.330473
           -0.330783
           -0.331094
           -0.331396
           -0.331697
           -0.332003
           -0.332317
           -0.332647
           -0.332998
           -0.333375
           -0.333786
            -0.33423
           -0.334726
           -0.335282
           -0.335894
           -0.336575
           -0.337333
           -0.338166
           -0.339083
           -0.340088
            -0.34118
           -0.342361
           -0.343635
           -0.345003
           -0.346455
           -0.347993
           -0.349617
           -0.351321
           -0.353093
           -0.354937
           -0.356837
           -0.358788
           -0.360782
           -0.362813
           -0.364874
           -0.366952
           -0.369046
           -0.371136
           -0.373227
           -0.375305
           -0.377367
           -0.379404
           -0.381408
           -0.383374
           -0.385301
            -0.38718
            -0.38901
           -0.390787
           -0.392505
           -0.394167
           -0.395771
           -0.397315
           -0.398792
           -0.400215
           -0.401573
           -0.402871
           -0.404106
           -0.405279
           -0.406388
            -0.40744
           -0.408438
           -0.409377
           -0.410261
            -0.41109
           -0.411867
           -0.412591
           -0.413269
           -0.413895
           -0.414476
           -0.415011
           -0.415502
           -0.415947
           -0.416353
           -0.416718
           -0.417043
           -0.417334
           -0.417581
           -0.417791
            -0.41796
             -0.4181
           -0.418207
           -0.418275
           -0.418314
           -0.418326
           -0.418304
           -0.418251
           -0.418163
           -0.418044
           -0.417901
           -0.417726
            -0.41752
            -0.41729
           -0.417027
           -0.416736
           -0.416417
           -0.416074
             -0.4157
           -0.415305
           -0.414881
           -0.414432
           -0.413953
           -0.413451
            -0.41292
            -0.41237
           -0.411792
           -0.411187
           -0.410561
            -0.40991
           -0.409236
           -0.408536
           -0.407814
           -0.407068
           -0.406303
           -0.405517
           -0.404707
           -0.403872
           -0.403017
            -0.40214
           -0.401245
           -0.400318
           -0.399373
           -0.398404
           -0.397418
           -0.396401
           -0.395358
           -0.394292
           -0.393201
           -0.392078
           -0.390927
           -0.389745
           -0.388538
           -0.387298
           -0.386028
            -0.38473
           -0.383401
           -0.382042
           -0.380654
           -0.379241
           -0.377807
           -0.376358
           -0.374892
           -0.373415
           -0.371938
           -0.370469
           -0.369012
           -0.367582
           -0.366182
           -0.364832
           -0.363538
           -0.362315
           -0.361186
           -0.360152
           -0.359238
           -0.358444
           -0.357795
           -0.357297
           -0.356961
           -0.356797
           -0.356811
           -0.357012
           -0.357391
           -0.357962
           -0.358714
           -0.359645
            -0.36074
           -0.361991
           -0.363392
           -0.364932
           -0.366579
            -0.36833
           -0.370166
           -0.372073
           -0.374034
           -0.376027
           -0.378036
           -0.380045
           -0.382042
           -0.384011
           -0.385936
           -0.387809
           -0.389621
           -0.391368
           -0.393036
            -0.39462
           -0.396114
           -0.397516
           -0.398824
           -0.400034
            -0.40115
            -0.40217
           -0.403098
           -0.403933
           -0.404676
           -0.405328
           -0.405893
           -0.406379
           -0.406779
           -0.407109
            -0.40737
           -0.407563
           -0.407699
           -0.407784
           -0.407818
           -0.407806
           -0.407756
           -0.407669
           -0.407551
            -0.40741
           -0.407253
           -0.407083
           -0.406905
           -0.406722
           -0.406544
           -0.406367
             -0.4062
           -0.406045
           -0.405908
           -0.405789
           -0.405692
           -0.405624
           -0.405583
           -0.405564
           -0.405571
           -0.405599
           -0.405654
           -0.405735
           -0.405843
           -0.405978
           -0.406129
           -0.406299
           -0.406482
           -0.406681
            -0.40689
           -0.407106
           -0.407327
           -0.407545
           -0.407767
           -0.407971
           -0.408165
           -0.408344
           -0.408504
           -0.408639
            -0.40875
           -0.408828
           -0.408878
           -0.408889
           -0.408858
           -0.408784
           -0.408668
           -0.408502
           -0.408288
           -0.408025
            -0.40771
           -0.407337
           -0.406899
           -0.406411
            -0.40586
            -0.40525
           -0.404579
           -0.403848
           -0.403057
           -0.402202
           -0.401287
           -0.400315
           -0.399289
           -0.398202
           -0.397075
           -0.395886
           -0.394649
           -0.393369
           -0.392047
           -0.390686
           -0.389284
           -0.387856
           -0.386399
           -0.384922
            -0.38342
           -0.381907
           -0.380387
           -0.378854
           -0.377314
           -0.375774
           -0.374236
             -0.3727
           -0.371165
           -0.369641
           -0.368118
           -0.366604
           -0.365104
           -0.363609
           -0.362119
            -0.36064
           -0.359164
           -0.357699
           -0.356237
           -0.354786
           -0.353343
           -0.351914
           -0.350507
           -0.349126
           -0.347777
           -0.346471
            -0.34522
           -0.344041
           -0.342952
           -0.341966
           -0.341099
           -0.340372
           -0.339802
           -0.339411
            -0.33922
           -0.339244
           -0.339492
           -0.339982
           -0.340723
           -0.341719
           -0.342972
           -0.344481
           -0.346239
           -0.348233
           -0.350451
           -0.352873
            -0.35548
            -0.35825
           -0.361155
           -0.364186
           -0.367307
           -0.370489
           -0.373715
           -0.376963
           -0.380203
           -0.383422
           -0.386601
           -0.389726
           -0.392783
           -0.395751
            -0.39863
           -0.401413
           -0.404079
           -0.406641
           -0.409088
           -0.411425
           -0.413641
           -0.415737
            -0.41772
           -0.419583
           -0.421339
           -0.422981
           -0.424516
           -0.425944
           -0.427266
           -0.428483
           -0.429599
           -0.430616
           -0.431537
           -0.432357
           -0.433086
           -0.433718
           -0.434254
           -0.434692
           -0.435036
           -0.435279
           -0.435425
           -0.435468
           -0.435409
            -0.43524
           -0.434956
           -0.434555
           -0.434029
           -0.433373
           -0.432573
           -0.431642
           -0.430558
           -0.429308
           -0.427896
           -0.426311
           -0.424536
           -0.422571
           -0.420412
           -0.418053
           -0.415482
           -0.412706
            -0.40972
           -0.406526
           -0.403136
           -0.399552
             -0.3958
           -0.391899
           -0.387885
           -0.383791
           -0.379654
           -0.375529
           -0.371465
           -0.367525
           -0.363771
           -0.360271
           -0.357097
           -0.354302
           -0.351953
           -0.350097
           -0.348781
           -0.348033
            -0.34787
           -0.348293
           -0.349295
           -0.350846
           -0.352902
           -0.355424
           -0.358352
           -0.361625
           -0.365166
           -0.368913
           -0.372801
           -0.376766
           -0.380741
           -0.384676
           -0.388526
           -0.392257
           -0.395829
           -0.399218
           -0.402406
           -0.405378
           -0.408123
           -0.410638
           -0.412921
           -0.414982
           -0.416819
           -0.418444
           -0.419863
           -0.421091
           -0.422134
           -0.423015
           -0.423738
           -0.424319
           -0.424766
           -0.425102
           -0.425335
            -0.42548
           -0.425545
           -0.425543
           -0.425487
           -0.425387
           -0.425252
           -0.425094
           -0.424921
           -0.424746
           -0.424571
            -0.42441
           -0.424256
           -0.424122
           -0.424015
           -0.423936
            -0.42389
           -0.423874
           -0.423891
           -0.423944
           -0.424026
           -0.424146
           -0.424295
           -0.424475
            -0.42468
           -0.424906
           -0.425152
           -0.425414
           -0.425683
           -0.425953
           -0.426225
           -0.426489
           -0.426742
           -0.426976
            -0.42719
           -0.427375
           -0.427524
           -0.427639
           -0.427707
           -0.427728
           -0.427705
           -0.427622
           -0.427477
           -0.427268
              -0.427
           -0.426662
           -0.426263
           -0.425796
           -0.425263
           -0.424673
           -0.424016
           -0.423298
           -0.422529
           -0.421713
           -0.420856
            -0.41996
           -0.419042
            -0.41811
           -0.417169
           -0.416228
           -0.415298
           -0.414388
           -0.413512
           -0.412681
           -0.411902
           -0.411183
           -0.410533
            -0.40996
           -0.409467
           -0.409061
           -0.408746
           -0.408516
           -0.408381
           -0.408331
           -0.408363
           -0.408473
           -0.408657
           -0.408907
            -0.40922
           -0.409581
           -0.409985
           -0.410414
           -0.410865
           -0.411332
           -0.411799
            -0.41226
           -0.412705
           -0.413136
           -0.413533
           -0.413891
           -0.414213
           -0.414494
           -0.414726
           -0.414909
           -0.415046
           -0.415133
           -0.415172
           -0.415169
           -0.415116
           -0.415022
           -0.414882
           -0.414706
           -0.414501
           -0.414259
           -0.413991
           -0.413695
           -0.413376
           -0.413038
           -0.412682
           -0.412312
           -0.411928
           -0.411533
           -0.411129
           -0.410717
           -0.410299
           -0.409869
           -0.409436
           -0.409003
           -0.408564
           -0.408122
           -0.407678
           -0.407237
           -0.406799
           -0.406358
           -0.405927
           -0.405494
           -0.405072
           -0.404665
           -0.404273
           -0.403907
            -0.40357
           -0.403265
           -0.402997
           -0.402765
           -0.402578
           -0.402445
            -0.40237
           -0.402357
           -0.402413
           -0.402538
           -0.402745
           -0.403027
           -0.403392
           -0.403842
           -0.404377
           -0.405006
           -0.405725
           -0.406527
           -0.407409
           -0.408375
           -0.409408
           -0.410527
           -0.411721
           -0.412972
           -0.414286
           -0.415651
           -0.417066
            -0.41852
           -0.420012
           -0.421534
           -0.423076
           -0.424633
           -0.426203
           -0.427785
           -0.429362
           -0.430939
           -0.432513
           -0.434063
           -0.435598
           -0.437113
           -0.438607
           -0.440066
           -0.441497
           -0.442894
           -0.444255
            -0.44558
           -0.446864
           -0.448103
           -0.449295
           -0.450442
           -0.451541
           -0.452594
           -0.453593
           -0.454537
           -0.455422
           -0.456253
           -0.457028
           -0.457744
           -0.458395
           -0.458981
           -0.459503
           -0.459967
           -0.460358
           -0.460682
           -0.460933
           -0.461113
           -0.461231
            -0.46127
           -0.461234
           -0.461124
            -0.46094
           -0.460681
           -0.460342
           -0.459926
           -0.459431
           -0.458856
           -0.458203
           -0.457474
           -0.456659
           -0.455766
           -0.454791
           -0.453736
           -0.452596
           -0.451369
           -0.450063
           -0.448666
           -0.447183
           -0.445613
           -0.443957
           -0.442215
           -0.440381
            -0.43846
           -0.436452
           -0.434359
           -0.432181
           -0.429927
           -0.427596
           -0.425194
            -0.42273
           -0.420217
            -0.41766
            -0.41508
           -0.412485
           -0.409893
           -0.407319
           -0.404782
           -0.402307
           -0.399914
           -0.397627
           -0.395462
           -0.393446
           -0.391595
           -0.389926
            -0.38846
           -0.387198
           -0.386163
           -0.385354
           -0.384772
           -0.384424
           -0.384296
           -0.384377
           -0.384652
           -0.385102
             -0.3857
           -0.386434
           -0.387268
            -0.38818
           -0.389141
           -0.390122
           -0.391084
           -0.392009
           -0.392874
           -0.393641
           -0.394294
           -0.394814
           -0.395185
           -0.395383
           -0.395403
           -0.395244
            -0.39489
           -0.394341
           -0.393603
           -0.392683
           -0.391583
           -0.390318
           -0.388895
           -0.387332
           -0.385644
           -0.383845
           -0.381965
            -0.38001
           -0.378005
           -0.375969
           -0.373918
           -0.371866
           -0.369833
            -0.36783
           -0.365867
           -0.363958
           -0.362114
           -0.360335
           -0.358637
            -0.35702
           -0.355493
           -0.354064
           -0.352742
           -0.351526
           -0.350432
           -0.349471
           -0.348659
           -0.348004
           -0.347526
           -0.347246
           -0.347171
           -0.347328
           -0.347732
           -0.348401
           -0.349349
            -0.35058
             -0.3521
           -0.353916
           -0.356023
           -0.358411
           -0.361071
           -0.363972
           -0.367094
           -0.370408
           -0.373876
           -0.377472
           -0.381152
           -0.384879
             -0.3886
            -0.39229
           -0.395904
           -0.399406
           -0.402759
           -0.405934
           -0.408903
           -0.411639
           -0.414123
           -0.416342
           -0.418274
            -0.41991
           -0.421233
           -0.422259
           -0.422974
           -0.423378
           -0.423474
           -0.423273
           -0.422779
           -0.422006
           -0.420965
           -0.419677
           -0.418151
           -0.416424
           -0.414507
           -0.412434
           -0.410227
            -0.40792
           -0.405544
           -0.403126
           -0.400706
           -0.398311
            -0.39598
           -0.393735
           -0.391617
           -0.389644
           -0.387844
           -0.386239
           -0.384834
            -0.38365
           -0.382692
           -0.381962
            -0.38146
           -0.381182
           -0.381106
           -0.381224
           -0.381516
           -0.381967
           -0.382546
           -0.383236
           -0.384001
            -0.38482
           -0.385669
           -0.386519
           -0.387357
           -0.388166
           -0.388914
           -0.389594
           -0.390197
           -0.390719
           -0.391153
           -0.391499
           -0.391754
           -0.391943
            -0.39207
           -0.392151
           -0.392197
           -0.392232
            -0.39228
           -0.392361
           -0.392502
           -0.392726
           -0.393058
           -0.393515
           -0.394108
           -0.394865
           -0.395793
           -0.396901
           -0.398194
           -0.399664
            -0.40131
           -0.403123
           -0.405097
           -0.407205
           -0.409437
           -0.411779
             -0.4142
           -0.416683
           -0.419206
           -0.421741
           -0.424278
           -0.426797
           -0.429269
           -0.431687
           -0.434036
           -0.436296
           -0.438462
           -0.440534
           -0.442492
           -0.444343
           -0.446077
           -0.447698
           -0.449198
           -0.450576
           -0.451838
           -0.452992
           -0.454032
           -0.454964
           -0.455788
            -0.45652
           -0.457154
           -0.457702
           -0.458163
           -0.458532
           -0.458818
            -0.45904
           -0.459192
           -0.459275
           -0.459298
           -0.459269
           -0.459176
           -0.459028
           -0.458832
           -0.458588
           -0.458306
           -0.457978
           -0.457601
           -0.457188
           -0.456735
           -0.456249
           -0.455724
           -0.455159
           -0.454563
           -0.453937
           -0.453273
           -0.452572
           -0.451845
           -0.451088
           -0.450299
           -0.449469
           -0.448611
           -0.447721
           -0.446798
           -0.445839
           -0.444853
           -0.443835
           -0.442779
           -0.441692
            -0.44057
           -0.439414
            -0.43822
            -0.43699
           -0.435726
           -0.434427
           -0.433089
           -0.431709
           -0.430288
           -0.428826
           -0.427316
           -0.425759
           -0.424162
           -0.422507
           -0.420799
           -0.419028
           -0.417197
           -0.415316
           -0.413358
           -0.411328
           -0.409225
           -0.407036
           -0.404764
            -0.40241
           -0.399959
           -0.397416
           -0.394777
           -0.392032
           -0.389189
           -0.386247
           -0.383211
           -0.380084
           -0.376874
           -0.373589
           -0.370235
           -0.366835
            -0.36341
           -0.359982
           -0.356572
           -0.353207
            -0.34993
           -0.346766
           -0.343749
           -0.340918
           -0.338314
           -0.335966
           -0.333901
           -0.332156
           -0.330753
           -0.329709
           -0.329034
           -0.328739
           -0.328812
            -0.32925
           -0.330039
           -0.331165
           -0.332585
           -0.334286
           -0.336223
           -0.338366
            -0.34068
           -0.343131
           -0.345683
           -0.348307
           -0.350974
           -0.353652
           -0.356325
            -0.35897
           -0.361574
           -0.364117
           -0.366596
              -0.369
           -0.371327
           -0.373568
           -0.375722
             -0.3778
           -0.379791
           -0.381695
           -0.383511
           -0.385252
           -0.386911
           -0.388488
           -0.389996
           -0.391427
           -0.392788
           -0.394077
           -0.395291
           -0.396432
           -0.397513
           -0.398517
           -0.399447
           -0.400311
           -0.401101
           -0.401822
           -0.402467
           -0.403046
           -0.403555
           -0.403995
           -0.404373
           -0.404678
           -0.404912
           -0.405083
           -0.405189
           -0.405234
           -0.405219
           -0.405146
            -0.40502
           -0.404837
           -0.404607
           -0.404333
           -0.404016
           -0.403661
           -0.403262
           -0.402837
           -0.402384
            -0.40191
           -0.401412
           -0.400896
           -0.400373
           -0.399841
           -0.399309
           -0.398778
           -0.398251
           -0.397736
           -0.397231
           -0.396742
            -0.39627
           -0.395822
           -0.395398
           -0.395004
           -0.394634
           -0.394298
           -0.393994
           -0.393727
            -0.39349
           -0.393288
            -0.39312
           -0.392986
           -0.392891
           -0.392824
           -0.392788
           -0.392783
           -0.392807
           -0.392858
           -0.392932
           -0.393034
           -0.393154
           -0.393293
           -0.393451
            -0.39362
           -0.393801
           -0.393994
           -0.394185
           -0.394388
           -0.394596
           -0.394804
           -0.395006
           -0.395208
           -0.395404
           -0.395594
           -0.395775
           -0.395942
           -0.396102
           -0.396252
           -0.396385
           -0.396504
           -0.396601
           -0.396685
           -0.396755
           -0.396801
           -0.396826
           -0.396837
           -0.396823
           -0.396789
           -0.396736
            -0.39666
            -0.39656
           -0.396429
           -0.396278
             -0.3961
           -0.395896
           -0.395665
            -0.39541
           -0.395127
           -0.394818
           -0.394478
           -0.394111
           -0.393706
           -0.393273
           -0.392807
           -0.392312
            -0.39178
           -0.391212
           -0.390616
           -0.389981
           -0.389305
           -0.388595
            -0.38785
           -0.387066
           -0.386237
           -0.385369
           -0.384458
           -0.383501
             -0.3825
           -0.381453
           -0.380365
           -0.379227
           -0.378038
           -0.376799
           -0.375512
           -0.374178
           -0.372785
           -0.371348
            -0.36986
           -0.368319
           -0.366723
           -0.365082
           -0.363396
           -0.361657
           -0.359871
           -0.358037
            -0.35616
           -0.354245
           -0.352292
           -0.350304
           -0.348282
            -0.34623
           -0.344151
           -0.342053
           -0.339933
           -0.337805
           -0.335676
           -0.333549
           -0.331435
           -0.329328
           -0.327243
           -0.325189
           -0.323169
           -0.321191
           -0.319266
           -0.317395
           -0.315592
           -0.313862
           -0.312212
           -0.310647
           -0.309178
           -0.307805
           -0.306534
           -0.305366
           -0.304307
           -0.303352
            -0.30251
            -0.30178
           -0.301161
           -0.300655
           -0.300253
           -0.299954
           -0.299754
           -0.299655
           -0.299648
           -0.299723
            -0.29988
           -0.300111
           -0.300403
           -0.300759
           -0.301163
           -0.301615
           -0.302104
           -0.302625
           -0.303166
           -0.303732
           -0.304307
           -0.304887
            -0.30547
           -0.306044
           -0.306611
           -0.307159
           -0.307693
           -0.308208
           -0.308698
           -0.309166
           -0.309607
           -0.310019
             -0.3104
           -0.310759
            -0.31109
           -0.311397
           -0.311678
           -0.311934
           -0.312171
            -0.31239
           -0.312594
           -0.312792
            -0.31298
           -0.313171
           -0.313362
           -0.313559
           -0.313763
           -0.313981
           -0.314224
           -0.314487
            -0.31478
           -0.315112
           -0.315479
           -0.315885
           -0.316335
           -0.316834
           -0.317385
           -0.317983
           -0.318636
            -0.31934
           -0.320101
           -0.320911
           -0.321775
           -0.322687
           -0.323652
           -0.324664
           -0.325719
           -0.326814
           -0.327944
           -0.329104
           -0.330293
           -0.331496
           -0.332719
           -0.333954
           -0.335198
           -0.336442
           -0.337682
           -0.338905
           -0.340112
             -0.3413
           -0.342469
           -0.343603
           -0.344706
           -0.345761
           -0.346779
           -0.347746
           -0.348669
           -0.349535
           -0.350353
           -0.351108
           -0.351812
           -0.352447
            -0.35303
           -0.353553
           -0.354014
           -0.354418
           -0.354758
           -0.355046
           -0.355275
           -0.355443
           -0.355566
           -0.355639
           -0.355666
           -0.355644
           -0.355592
           -0.355502
           -0.355376
           -0.355217
            -0.35504
           -0.354833
           -0.354608
           -0.354374
           -0.354126
           -0.353868
            -0.35361
           -0.353349
           -0.353089
           -0.352837
           -0.352594
           -0.352356
           -0.352134
           -0.351926
           -0.351738
           -0.351561
           -0.351403
           -0.351262
           -0.351138
           -0.351027
            -0.35093
           -0.350847
           -0.350771
           -0.350705
           -0.350634
           -0.350571
           -0.350505
           -0.350435
           -0.350351
           -0.350259
            -0.35015
           -0.350021
           -0.349862
           -0.349673
            -0.34945
            -0.34918
           -0.348871
           -0.348503
           -0.348081
           -0.347597
           -0.347046
           -0.346412
           -0.345705
            -0.34491
           -0.344029
           -0.343054
           -0.341982
           -0.340804
           -0.339522
           -0.338127
           -0.336622
           -0.335003
           -0.333273
           -0.331433
            -0.32948
           -0.327431
           -0.325284
           -0.323056
           -0.320748
            -0.31838
           -0.315966
           -0.313523
           -0.311068
           -0.308627
           -0.306221
           -0.303876
           -0.301604
           -0.299447
           -0.297429
           -0.295566
            -0.29389
           -0.292421
           -0.291174
           -0.290177
           -0.289434
           -0.288966
           -0.288778
           -0.288868
           -0.289249
           -0.289919
            -0.29087
           -0.292095
           -0.293579
           -0.295303
           -0.297253
           -0.299417
            -0.30177
           -0.304291
           -0.306958
           -0.309739
           -0.312618
           -0.315574
           -0.318581
           -0.321614
           -0.324655
            -0.32769
           -0.330693
           -0.333653
           -0.336542
           -0.339361
           -0.342091
           -0.344721
           -0.347243
           -0.349648
           -0.351928
           -0.354084
           -0.356106
           -0.357995
           -0.359746
           -0.361358
           -0.362831
           -0.364167
           -0.365364
           -0.366425
            -0.36736
           -0.368152
           -0.368813
           -0.369345
           -0.369752
           -0.370029
           -0.370185
           -0.370217
           -0.370121
           -0.369906
           -0.369568
           -0.369111
           -0.368533
            -0.36783
           -0.367013
           -0.366076
           -0.365026
           -0.363852
           -0.362569
           -0.361154
           -0.359616
           -0.357967
           -0.356196
           -0.354305
           -0.352302
           -0.350184
           -0.347947
           -0.345594
           -0.343132
           -0.340564
           -0.337892
           -0.335122
           -0.332251
            -0.32929
           -0.326251
           -0.323141
           -0.319959
           -0.316715
            -0.31343
            -0.31011
           -0.306767
           -0.303419
           -0.300071
           -0.296758
           -0.293489
           -0.290276
           -0.287142
           -0.284103
           -0.281186
           -0.278401
           -0.275767
           -0.273306
            -0.27103
           -0.268957
           -0.267094
           -0.265461
            -0.26405
           -0.262879
           -0.261954
           -0.261265
           -0.260817
           -0.260612
           -0.260637
           -0.260892
           -0.261358
           -0.262036
           -0.262911
           -0.263974
           -0.265208
           -0.266606
            -0.26816
           -0.269852
           -0.271668
           -0.273596
           -0.275631
           -0.277757
           -0.279962
           -0.282236
           -0.284566
           -0.286946
           -0.289367
           -0.291818
           -0.294288
           -0.296771
           -0.299258
           -0.301737
           -0.304206
           -0.306658
           -0.309079
           -0.311468
           -0.313812
           -0.316115
           -0.318369
           -0.320567
             -0.3227
            -0.32478
           -0.326794
            -0.32874
           -0.330611
           -0.332416
           -0.334145
             -0.3358
           -0.337383
            -0.33889
           -0.340325
           -0.341687
           -0.342976
           -0.344194
           -0.345339
           -0.346418
           -0.347427
           -0.348378
           -0.349257
           -0.350075
           -0.350833
            -0.35154
           -0.352192
            -0.35279
           -0.353338
           -0.353839
            -0.35429
           -0.354703
           -0.355071
           -0.355403
             -0.3557
           -0.355959
           -0.356193
           -0.356397
           -0.356573
           -0.356726
           -0.356856
            -0.35696
            -0.35705
           -0.357119
           -0.357174
           -0.357212
           -0.357238
            -0.35725
           -0.357248
           -0.357243
           -0.357222
           -0.357197
           -0.357164
           -0.357119
           -0.357071
           -0.357015
           -0.356957
            -0.35689
            -0.35682
           -0.356746
            -0.35667
           -0.356585
           -0.356489
           -0.356389
            -0.35628
           -0.356166
           -0.356044
           -0.355916
           -0.355777
           -0.355628
           -0.355464
           -0.355294
           -0.355112
            -0.35492
           -0.354713
           -0.354491
            -0.35426
            -0.35401
            -0.35374
           -0.353458
           -0.353153
           -0.352828
           -0.352488
           -0.352129
           -0.351744
           -0.351343
           -0.350923
            -0.35049
           -0.350026
           -0.349541
           -0.349034
           -0.348509
           -0.347955
           -0.347385
           -0.346795
           -0.346189
           -0.345558
           -0.344914
           -0.344251
           -0.343568
           -0.342865
           -0.342153
           -0.341427
           -0.340684
           -0.339936
           -0.339173
           -0.338402
           -0.337622
           -0.336844
           -0.336054
           -0.335264
           -0.334472
           -0.333687
           -0.332909
           -0.332136
           -0.331374
           -0.330615
           -0.329868
           -0.329133
           -0.328411
           -0.327706
           -0.327019
           -0.326343
           -0.325684
           -0.325041
           -0.324414
           -0.323803
           -0.323206
           -0.322623
           -0.322049
           -0.321484
           -0.320934
           -0.320383
           -0.319836
           -0.319284
           -0.318717
           -0.318148
            -0.31757
           -0.316971
           -0.316352
           -0.315711
           -0.315041
           -0.314344
           -0.313619
           -0.312857
           -0.312063
           -0.311243
           -0.310397
           -0.309519
           -0.308624
           -0.307717
           -0.306803
           -0.305894
           -0.305004
           -0.304149
           -0.303334
           -0.302578
           -0.301904
           -0.301316
           -0.300852
           -0.300514
           -0.300325
           -0.300288
           -0.300421
           -0.300743
           -0.301255
           -0.301962
           -0.302874
           -0.303985
           -0.305294
           -0.306801
           -0.308488
           -0.310347
            -0.31236
           -0.314517
           -0.316798
           -0.319182
           -0.321657
           -0.324196
           -0.326788
           -0.329401
           -0.332027
           -0.334651
           -0.337248
           -0.339814
           -0.342332
           -0.344791
           -0.347184
           -0.349506
           -0.351741
           -0.353892
           -0.355947
           -0.357909
            -0.35978
           -0.361548
           -0.363219
           -0.364793
           -0.366272
           -0.367661
           -0.368967
           -0.370165
           -0.371284
           -0.372311
            -0.37325
           -0.374106
           -0.374885
           -0.375577
           -0.376187
           -0.376719
           -0.377174
           -0.377559
           -0.377861
           -0.378088
           -0.378242
           -0.378323
           -0.378331
           -0.378263
           -0.378119
           -0.377906
           -0.377617
           -0.377259
           -0.376822
           -0.376311
           -0.375724
           -0.375065
           -0.374338
           -0.373543
           -0.372683
           -0.371751
           -0.370757
           -0.369699
           -0.368585
           -0.367415
           -0.366196
           -0.364929
           -0.363616
           -0.362269
           -0.360888
           -0.359471
            -0.35803
           -0.356571
           -0.355098
           -0.353613
           -0.352121
           -0.350623
           -0.349127
           -0.347628
           -0.346127
           -0.344632
           -0.343127
           -0.341616
           -0.340097
           -0.338564
           -0.337005
            -0.33541
           -0.333783
             -0.3321
            -0.33036
           -0.328546
           -0.326643
           -0.324647
           -0.322544
           -0.320329
           -0.317979
           -0.315501
           -0.312885
           -0.310115
             -0.3072
           -0.304136
           -0.300923
            -0.29757
           -0.294085
           -0.290485
           -0.286787
           -0.283005
           -0.279167
           -0.275299
           -0.271433
           -0.267598
           -0.263828
           -0.260154
           -0.256616
           -0.253237
           -0.250051
           -0.247086
           -0.244368
            -0.24192
           -0.239737
           -0.237835
           -0.236224
           -0.234898
           -0.233852
           -0.233075
            -0.23256
           -0.232289
           -0.232247
           -0.232415
           -0.232783
           -0.233335
           -0.234066
           -0.234946
           -0.235991
           -0.237192
           -0.238543
           -0.240047
           -0.241704
           -0.243525
           -0.245507
           -0.247652
           -0.249967
           -0.252452
           -0.255103
            -0.25791
           -0.260882
           -0.263996
           -0.267252
           -0.270633
            -0.27413
           -0.277718
           -0.281381
           -0.285094
           -0.288844
           -0.292613
           -0.296381
           -0.300123
           -0.303824
           -0.307475
           -0.311058
           -0.314557
           -0.317973
           -0.321279
           -0.324476
           -0.327562
           -0.330526
           -0.333369
           -0.336094
           -0.338691
           -0.341165
           -0.343518
           -0.345753
           -0.347867
           -0.349868
           -0.351761
            -0.35355
           -0.355235
           -0.356821
           -0.358316
           -0.359725
           -0.361039
           -0.362275
           -0.363431
           -0.364514
           -0.365531
           -0.366473
            -0.36735
           -0.368165
           -0.368921
           -0.369623
           -0.370267
           -0.370864
           -0.371407
             -0.3719
           -0.372344
           -0.372741
           -0.373094
           -0.373408
           -0.373667
           -0.373893
           -0.374079
           -0.374221
           -0.374319
           -0.374375
           -0.374386
            -0.37436
           -0.374294
           -0.374179
           -0.374027
           -0.373834
           -0.373593
           -0.373311
           -0.372984
           -0.372614
           -0.372194
           -0.371732
            -0.37122
           -0.370667
           -0.370058
             -0.3694
           -0.368697
           -0.367938
           -0.367129
           -0.366268
           -0.365355
           -0.364391
           -0.363378
           -0.362311
           -0.361194
           -0.360026
           -0.358812
           -0.357552
            -0.35624
            -0.35489
           -0.353492
           -0.352054
           -0.350583
           -0.349079
           -0.347545
           -0.345986
           -0.344413
           -0.342819
           -0.341218
           -0.339618
           -0.338024
           -0.336436
           -0.334869
           -0.333323
           -0.331814
            -0.33035
            -0.32893
           -0.327566
            -0.32627
           -0.325043
           -0.323889
           -0.322826
            -0.32185
           -0.320968
           -0.320191
           -0.319521
           -0.318961
            -0.31851
           -0.318176
           -0.317957
           -0.317848
           -0.317854
           -0.317975
           -0.318203
           -0.318538
           -0.318983
           -0.319522
           -0.320156
           -0.320872
           -0.321674
           -0.322546
           -0.323485
           -0.324487
           -0.325543
           -0.326645
           -0.327787
           -0.328962
           -0.330164
           -0.331386
           -0.332624
           -0.333866
           -0.335108
           -0.336352
           -0.337593
           -0.338827
           -0.340044
           -0.341246
           -0.342428
           -0.343582
           -0.344715
           -0.345817
            -0.34689
           -0.347938
            -0.34895
           -0.349928
           -0.350877
           -0.351793
           -0.352677
           -0.353533
           -0.354354
           -0.355141
           -0.355896
           -0.356621
           -0.357312
           -0.357974
           -0.358607
           -0.359214
           -0.359793
           -0.360339
           -0.360864
           -0.361366
           -0.361842
           -0.362297
           -0.362727
           -0.363138
           -0.363531
           -0.363902
           -0.364252
            -0.36459
           -0.364909
           -0.365209
           -0.365488
           -0.365756
            -0.36601
           -0.366248
           -0.366473
           -0.366687
           -0.366889
           -0.367077
           -0.367257
           -0.367425
           -0.367584
           -0.367733
           -0.367872
           -0.368002
           -0.368121
           -0.368229
           -0.368331
           -0.368424
            -0.36851
           -0.368592
           -0.368664
           -0.368725
           -0.368783
           -0.368831
           -0.368862
           -0.368898
           -0.368924
           -0.368941
           -0.368947
           -0.368942
           -0.368929
           -0.368907
           -0.368878
            -0.36884
           -0.368787
           -0.368719
           -0.368645
            -0.36856
           -0.368465
           -0.368351
           -0.368225
           -0.368084
           -0.367926
           -0.367755
           -0.367562
           -0.367357
           -0.367138
           -0.366901
           -0.366648
           -0.366377
           -0.366085
           -0.365775
            -0.36544
           -0.365087
           -0.364717
           -0.364319
           -0.363901
           -0.363458
           -0.362992
           -0.362505
              -0.362
           -0.361464
           -0.360905
           -0.360326
           -0.359717
           -0.359092
           -0.358439
           -0.357768
           -0.357065
           -0.356347
           -0.355607
           -0.354847
           -0.354068
           -0.353272
            -0.35246
           -0.351634
           -0.350793
           -0.349944
            -0.34909
           -0.348235
           -0.347373
           -0.346509
           -0.345659
            -0.34481
           -0.343967
           -0.343141
           -0.342336
           -0.341549
           -0.340793
           -0.340066
           -0.339375
           -0.338723
           -0.338116
           -0.337558
           -0.337055
           -0.336607
           -0.336222
           -0.335898
            -0.33565
           -0.335468
           -0.335361
           -0.335331
            -0.33538
           -0.335509
            -0.33572
           -0.336015
           -0.336389
           -0.336846
           -0.337383
           -0.337997
           -0.338691
           -0.339465
           -0.340307
           -0.341221
           -0.342187
           -0.343225
           -0.344324
            -0.34548
           -0.346686
           -0.347936
           -0.349229
           -0.350558
           -0.351921
           -0.353313
           -0.354727
           -0.356167
           -0.357621
           -0.359088
           -0.360563
           -0.362049
           -0.363536
           -0.365026
            -0.36651
           -0.367993
           -0.369466
            -0.37093
           -0.372386
           -0.373826
           -0.375257
           -0.376666
            -0.37806
           -0.379433
           -0.380789
           -0.382129
           -0.383444
           -0.384743
           -0.386019
           -0.387277
           -0.388509
           -0.389717
           -0.390901
           -0.392063
           -0.393195
           -0.394301
           -0.395383
           -0.396438
           -0.397471
           -0.398479
           -0.399446
           -0.400388
           -0.401298
           -0.402177
           -0.403028
           -0.403842
           -0.404613
           -0.405348
           -0.406043
           -0.406692
           -0.407294
           -0.407848
           -0.408352
           -0.408798
           -0.409179
             -0.4095
            -0.40975
           -0.409928
           -0.410027
           -0.410043
           -0.409971
           -0.409804
           -0.409539
           -0.409167
            -0.40868
           -0.408072
           -0.407342
           -0.406473
           -0.405462
           -0.404306
           -0.402991
           -0.401511
           -0.399862
           -0.398037
           -0.396033
           -0.393841
            -0.39146
           -0.388881
           -0.386104
           -0.383128
           -0.379956
            -0.37658
           -0.373015
            -0.36926
           -0.365323
           -0.361215
            -0.35695
           -0.352547
           -0.348012
            -0.34337
           -0.338655
           -0.333884
           -0.329088
           -0.324298
           -0.319549
            -0.31487
           -0.310301
           -0.305876
           -0.301629
           -0.297596
           -0.293805
           -0.290292
           -0.287079
           -0.284194
           -0.281661
            -0.27949
           -0.277688
           -0.276267
           -0.275218
           -0.274553
           -0.274248
           -0.274294
           -0.274679
           -0.275369
           -0.276357
           -0.277612
           -0.279113
           -0.280824
           -0.282726
           -0.284791
           -0.286991
           -0.289309
           -0.291723
           -0.294209
           -0.296762
           -0.299363
           -0.302004
            -0.30467
           -0.307358
           -0.310062
           -0.312787
           -0.315517
           -0.318255
           -0.321012
           -0.323781
           -0.326558
           -0.329349
           -0.332153
           -0.334967
           -0.337785
           -0.340612
            -0.34344
           -0.346262
           -0.349076
           -0.351877
           -0.354657
           -0.357419
           -0.360143
           -0.362826
           -0.365463
           -0.368045
           -0.370563
           -0.373012
           -0.375381
           -0.377656
           -0.379845
           -0.381939
           -0.383931
           -0.385813
           -0.387581
           -0.389232
           -0.390762
           -0.392172
           -0.393456
           -0.394616
           -0.395654
           -0.396559
           -0.397337
           -0.397986
           -0.398511
           -0.398908
           -0.399179
           -0.399332
            -0.39936
           -0.399269
           -0.399058
           -0.398732
           -0.398289
           -0.397744
           -0.397091
           -0.396339
           -0.395481
           -0.394539
           -0.393502
           -0.392381
           -0.391181
           -0.389909
           -0.388568
           -0.387166
           -0.385707
           -0.384204
           -0.382658
           -0.381087
           -0.379492
           -0.377887
           -0.376282
           -0.374684
            -0.37311
           -0.371567
           -0.370067
           -0.368622
           -0.367249
           -0.365955
           -0.364755
           -0.363658
            -0.36268
           -0.361826
           -0.361109
            -0.36054
           -0.360121
           -0.359862
           -0.359762
           -0.359827
           -0.360059
           -0.360451
           -0.361006
           -0.361713
           -0.362565
           -0.363549
           -0.364649
           -0.365855
           -0.367159
           -0.368528
           -0.369959
           -0.371432
           -0.372926
           -0.374427
           -0.375916
            -0.37738
           -0.378797
            -0.38016
           -0.381448
           -0.382655
           -0.383769
           -0.384776
           -0.385667
           -0.386442
           -0.387085
           -0.387596
           -0.387975
           -0.388216
           -0.388318
           -0.388278
           -0.388103
           -0.387789
            -0.38734
           -0.386765
           -0.386069
           -0.385259
           -0.384338
           -0.383314
           -0.382205
           -0.381014
            -0.37975
           -0.378437
            -0.37708
             -0.3757
            -0.37431
           -0.372921
           -0.371552
           -0.370224
           -0.368947
            -0.36774
           -0.366614
           -0.365585
           -0.364669
           -0.363865
           -0.363199
           -0.362663
           -0.362271
           -0.362021
           -0.361919
           -0.361961
           -0.362143
           -0.362457
           -0.362903
            -0.36346
           -0.364122
            -0.36488
           -0.365718
           -0.366621
           -0.367579
           -0.368574
           -0.369594
           -0.370633
           -0.371668
           -0.372683
            -0.37368
           -0.374653
            -0.37557
           -0.376437
           -0.377251
           -0.377999
           -0.378673
           -0.379277
           -0.379806
           -0.380255
           -0.380626
           -0.380924
           -0.381143
           -0.381281
           -0.381343
           -0.381338
           -0.381263
           -0.381123
           -0.380918
           -0.380652
           -0.380336
           -0.379968
            -0.37955
           -0.379097
           -0.378608
           -0.378087
           -0.377546
           -0.376988
           -0.376416
            -0.37584
           -0.375262
           -0.374693
           -0.374141
           -0.373607
           -0.373093
            -0.37262
           -0.372177
           -0.371776
           -0.371419
           -0.371114
           -0.370863
           -0.370668
           -0.370539
           -0.370469
           -0.370465
           -0.370529
           -0.370666
           -0.370863
           -0.371128
            -0.37146
           -0.371854
           -0.372313
           -0.372828
           -0.373399
           -0.374014
           -0.374675
           -0.375372
           -0.376107
           -0.376865
           -0.377637
           -0.378418
           -0.379202
           -0.379975
           -0.380729
           -0.381458
           -0.382144
           -0.382783
           -0.383355
           -0.383862
            -0.38428
           -0.384604
           -0.384819
           -0.384914
           -0.384878
           -0.384685
           -0.384331
           -0.383798
           -0.383079
           -0.382152
           -0.381008
            -0.37963
           -0.378013
           -0.376146
           -0.374022
            -0.37164
           -0.368997
           -0.366097
            -0.36295
           -0.359568
           -0.355975
           -0.352205
           -0.348291
           -0.344283
           -0.340233
           -0.336208
           -0.332273
           -0.328499
           -0.324967
           -0.321756
           -0.318933
            -0.31657
           -0.314731
           -0.313459
           -0.312785
           -0.312732
           -0.313293
           -0.314445
           -0.316158
           -0.318375
           -0.321029
            -0.32404
           -0.327325
            -0.33079
           -0.334345
           -0.337901
           -0.341381
           -0.344701
           -0.347776
           -0.350554
           -0.352977
           -0.355001
           -0.356572
            -0.35767
           -0.358268
           -0.358347
           -0.357901
           -0.356925
           -0.355431
           -0.353441
           -0.350975
           -0.348064
           -0.344764
           -0.341124
            -0.33721
           -0.333097
           -0.328875
           -0.324636
           -0.320478
           -0.316501
           -0.312821
           -0.309525
           -0.306711
            -0.30445
           -0.302812
           -0.301829
           -0.301526
           -0.301896
           -0.302913
           -0.304538
           -0.306699
           -0.309319
           -0.312311
            -0.31558
           -0.319028
            -0.32256
           -0.326087
            -0.32952
           -0.332795
           -0.335848
           -0.338635
           -0.341107
           -0.343232
           -0.344991
           -0.346372
           -0.347372
            -0.34799
           -0.348237
           -0.348126
           -0.347673
           -0.346891
           -0.345804
           -0.344436
           -0.342817
           -0.340967
           -0.338914
           -0.336685
           -0.334309
           -0.331821
           -0.329242
           -0.326608
           -0.323944
           -0.321281
           -0.318639
           -0.316052
           -0.313548
           -0.311137
           -0.308849
           -0.306712
           -0.304736
           -0.302928
            -0.30132
           -0.299914
           -0.298723
           -0.297753
           -0.297022
            -0.29652
           -0.296255
           -0.296233
           -0.296451
           -0.296898
            -0.29759
           -0.298516
           -0.299667
           -0.301048
           -0.302639
           -0.304436
           -0.306429
             -0.3086
            -0.31094
            -0.31343
           -0.316054
           -0.318803
           -0.321651
           -0.324578
            -0.32756
           -0.330586
           -0.333624
           -0.336659
           -0.339668
           -0.342634
           -0.345544
            -0.34838
           -0.351128
            -0.35377
           -0.356302
            -0.35871
            -0.36099
           -0.363133
            -0.36514
           -0.367005
           -0.368729
           -0.370324
           -0.371779
           -0.373099
           -0.374293
           -0.375361
           -0.376316
            -0.37717
           -0.377924
           -0.378592
           -0.379181
           -0.379696
           -0.380154
           -0.380558
           -0.380913
            -0.38124
           -0.381539
           -0.381819
           -0.382085
           -0.382342
           -0.382601
            -0.38286
           -0.383134
           -0.383411
           -0.383701
           -0.384006
           -0.384325
           -0.384662
           -0.385009
           -0.385376
           -0.385747
           -0.386136
           -0.386521
           -0.386912
             -0.3873
           -0.387682
           -0.388054
           -0.388415
           -0.388753
           -0.389069
           -0.389355
           -0.389612
           -0.389826
           -0.390005
           -0.390138
           -0.390216
           -0.390239
             -0.3902
           -0.390098
           -0.389937
           -0.389699
           -0.389399
           -0.389005
           -0.388536
           -0.387988
           -0.387355
            -0.38663
           -0.385814
           -0.384909
           -0.383903
           -0.382803
           -0.381601
           -0.380304
           -0.378901
           -0.377391
           -0.375787
           -0.374083
           -0.372284
            -0.37038
           -0.368374
           -0.366287
           -0.364115
           -0.361859
           -0.359532
           -0.357125
           -0.354669
            -0.35217
           -0.349634
           -0.347072
             -0.3445
           -0.341932
           -0.339392
           -0.336892
           -0.334448
           -0.332079
           -0.329811
           -0.327653
           -0.325633
           -0.323764
           -0.322069
           -0.320555
           -0.319241
           -0.318141
           -0.317265
           -0.316621
           -0.316212
           -0.316044
           -0.316121
           -0.316432
            -0.31697
           -0.317728
           -0.318701
           -0.319878
           -0.321232
           -0.322761
           -0.324432
           -0.326233
           -0.328151
           -0.330165
           -0.332253
           -0.334397
           -0.336579
           -0.338785
           -0.341006
           -0.343217
           -0.345405
           -0.347575
             -0.3497
           -0.351788
           -0.353809
            -0.35577
            -0.35767
             -0.3595
           -0.361254
           -0.362932
           -0.364538
           -0.366064
           -0.367503
           -0.368872
           -0.370162
           -0.371376
           -0.372515
           -0.373583
           -0.374586
           -0.375514
           -0.376379
           -0.377176
           -0.377912
           -0.378593
           -0.379212
           -0.379775
           -0.380279
           -0.380734
           -0.381135
           -0.381486
           -0.381785
           -0.382032
           -0.382231
           -0.382384
           -0.382491
           -0.382551
           -0.382567
           -0.382533
           -0.382457
           -0.382335
           -0.382171
           -0.381956
           -0.381694
           -0.381399
           -0.381053
           -0.380672
           -0.380249
           -0.379783
           -0.379277
           -0.378733
           -0.378147
           -0.377527
           -0.376872
           -0.376192
           -0.375484
           -0.374743
           -0.373985
           -0.373209
           -0.372413
           -0.371609
           -0.370796
           -0.369985
           -0.369178
           -0.368378
           -0.367588
           -0.366821
           -0.366074
           -0.365358
           -0.364681
           -0.364041
           -0.363448
           -0.362912
           -0.362425
           -0.361998
           -0.361633
           -0.361335
           -0.361108
           -0.360947
           -0.360855
           -0.360832
           -0.360878
           -0.360997
           -0.361173
           -0.361426
           -0.361737
           -0.362107
            -0.36253
           -0.363002
           -0.363522
            -0.36408
           -0.364669
           -0.365295
           -0.365942
           -0.366619
           -0.367304
           -0.367998
           -0.368702
           -0.369409
           -0.370108
           -0.370806
           -0.371498
           -0.372175
           -0.372839
           -0.373488
           -0.374118
           -0.374737
           -0.375338
           -0.375919
           -0.376482
           -0.377018
           -0.377541
           -0.378043
           -0.378525
           -0.378996
           -0.379452
           -0.379894
           -0.380324
           -0.380741
           -0.381155
           -0.381557
           -0.381953
           -0.382347
           -0.382737
           -0.383135
           -0.383524
           -0.383911
           -0.384302
           -0.384695
           -0.385084
           -0.385483
           -0.385887
           -0.386295
           -0.386721
           -0.387147
           -0.387577
           -0.388016
           -0.388461
           -0.388911
           -0.389363
           -0.389821
           -0.390288
           -0.390758
           -0.391231
           -0.391708
           -0.392184
           -0.392664
           -0.393143
           -0.393615
           -0.394082
           -0.394545
           -0.394997
           -0.395447
           -0.395885
           -0.396316
           -0.396737
           -0.397145
            -0.39754
           -0.397921
           -0.398278
           -0.398633
           -0.398966
           -0.399284
           -0.399579
           -0.399857
           -0.400116
           -0.400355
           -0.400573
           -0.400772
           -0.400947
           -0.401101
           -0.401229
           -0.401339
           -0.401425
           -0.401492
           -0.401536
           -0.401559
           -0.401558
           -0.401536
           -0.401495
           -0.401438
           -0.401351
           -0.401248
            -0.40112
           -0.400979
           -0.400817
           -0.400637
           -0.400448
            -0.40024
           -0.400013
           -0.399765
           -0.399498
           -0.399219
           -0.398926
           -0.398619
           -0.398303
           -0.397967
           -0.397615
           -0.397252
           -0.396875
           -0.396482
           -0.396076
           -0.395656
           -0.395224
           -0.394785
           -0.394325
           -0.393854
           -0.393366
           -0.392859
           -0.392333
           -0.391793
           -0.391234
           -0.390651
           -0.390054
           -0.389438
           -0.388786
           -0.388121
           -0.387438
           -0.386727
           -0.385996
           -0.385233
            -0.38443
            -0.38361
           -0.382762
            -0.38188
           -0.380965
           -0.380016
           -0.379034
           -0.378016
           -0.376964
            -0.37588
           -0.374764
           -0.373611
           -0.372423
           -0.371198
           -0.369945
           -0.368661
           -0.367347
           -0.366003
           -0.364639
           -0.363243
           -0.361823
           -0.360387
           -0.358927
           -0.357453
           -0.355966
           -0.354466
           -0.352963
           -0.351452
           -0.349937
           -0.348424
           -0.346917
           -0.345419
           -0.343934
           -0.342465
           -0.341019
           -0.339593
           -0.338198
           -0.336836
           -0.335508
           -0.334218
           -0.332967
           -0.331769
           -0.330624
           -0.329527
           -0.328492
           -0.327523
            -0.32662
           -0.325792
           -0.325037
           -0.324365
           -0.323775
            -0.32327
           -0.322856
           -0.322533
           -0.322302
           -0.322165
           -0.322124
           -0.322176
           -0.322319
           -0.322547
           -0.322862
           -0.323257
           -0.323719
           -0.324258
           -0.324858
           -0.325513
           -0.326212
           -0.326956
           -0.327737
           -0.328545
           -0.329373
           -0.330221
           -0.331075
           -0.331938
           -0.332797
           -0.333666
           -0.334526
           -0.335391
           -0.336255
            -0.33712
           -0.337987
           -0.338862
           -0.339751
           -0.340657
           -0.341578
           -0.342528
           -0.343505
           -0.344519
           -0.345563
           -0.346646
           -0.347774
           -0.348944
           -0.350163
           -0.351432
           -0.352737
           -0.354088
           -0.355481
            -0.35691
           -0.358374
            -0.35986
           -0.361366
            -0.36289
            -0.36442
           -0.365957
           -0.367488
           -0.368999
           -0.370498
           -0.371973
           -0.373418
           -0.374828
           -0.376199
           -0.377523
           -0.378796
            -0.38002
           -0.381188
             -0.3823
           -0.383355
           -0.384344
           -0.385277
           -0.386154
           -0.386964
           -0.387716
           -0.388406
           -0.389039
           -0.389611
           -0.390135
           -0.390604
           -0.391024
           -0.391401
           -0.391726
           -0.392009
            -0.39225
           -0.392449
           -0.392608
           -0.392735
           -0.392829
           -0.392902
            -0.39294
           -0.392947
            -0.39293
           -0.392898
           -0.392844
           -0.392769
           -0.392683
           -0.392577
           -0.392456
           -0.392323
           -0.392183
           -0.392038
           -0.391883
           -0.391721
           -0.391551
           -0.391377
           -0.391196
           -0.391014
           -0.390825
           -0.390641
            -0.39045
            -0.39026
           -0.390067
           -0.389875
           -0.389684
           -0.389487
           -0.389292
           -0.389098
           -0.388899
           -0.388699
           -0.388491
           -0.388287
            -0.38807
           -0.387865
           -0.387646
           -0.387421
           -0.387191
           -0.386951
           -0.386707
           -0.386447
           -0.386179
           -0.385897
           -0.385602
           -0.385288
            -0.38496
            -0.38462
           -0.384255
           -0.383868
            -0.38346
           -0.383027
           -0.382567
            -0.38208
           -0.381566
           -0.381022
           -0.380447
           -0.379835
           -0.379191
           -0.378507
           -0.377785
           -0.377023
           -0.376222
           -0.375378
             -0.3745
           -0.373576
           -0.372611
           -0.371604
            -0.37056
            -0.36948
           -0.368352
           -0.367195
              -0.366
           -0.364781
           -0.363535
           -0.362271
           -0.360995
           -0.359702
           -0.358416
            -0.35713
           -0.355856
           -0.354601
           -0.353378
           -0.352196
            -0.35106
           -0.349982
           -0.348969
           -0.348035
           -0.347185
           -0.346426
           -0.345775
           -0.345228
           -0.344799
           -0.344492
           -0.344309
           -0.344249
           -0.344313
           -0.344506
           -0.344825
           -0.345257
           -0.345801
           -0.346456
            -0.34721
           -0.348051
           -0.348973
           -0.349964
           -0.351014
           -0.352106
           -0.353234
           -0.354379
           -0.355535
           -0.356679
           -0.357807
           -0.358914
            -0.35998
           -0.360995
            -0.36195
           -0.362837
            -0.36365
           -0.364378
           -0.365005
           -0.365548
           -0.365983
           -0.366309
           -0.366523
           -0.366621
           -0.366603
           -0.366464
           -0.366207
           -0.365824
           -0.365319
           -0.364698
           -0.363958
           -0.363102
           -0.362137
           -0.361072
           -0.359908
           -0.358656
           -0.357315
           -0.355905
           -0.354433
           -0.352904
           -0.351343
           -0.349751
           -0.348139
           -0.346529
           -0.344933
           -0.343361
           -0.341821
           -0.340332
           -0.338901
            -0.33754
           -0.336258
           -0.335069
           -0.333973
           -0.332965
           -0.332067
           -0.331266
           -0.330572
           -0.329978
            -0.32948
           -0.329079
           -0.328761
           -0.328526
            -0.32836
           -0.328271
           -0.328231
           -0.328248
           -0.328312
           -0.328411
           -0.328546
           -0.328699
           -0.328873
           -0.329065
           -0.329267
           -0.329478
             -0.3297
           -0.329923
           -0.330149
           -0.330383
           -0.330621
           -0.330858
           -0.331093
           -0.331328
           -0.331564
           -0.331797
           -0.332027
           -0.332252
           -0.332467
           -0.332684
           -0.332887
           -0.333078
           -0.333251
           -0.333405
           -0.333532
           -0.333626
           -0.333692
           -0.333708
           -0.333687
           -0.333609
           -0.333476
           -0.333273
           -0.333009
           -0.332662
           -0.332231
           -0.331713
             -0.3311
           -0.330385
           -0.329569
           -0.328646
           -0.327612
           -0.326464
           -0.325207
           -0.323834
            -0.32236
           -0.320789
           -0.319121
           -0.317374
            -0.31556
           -0.313695
           -0.311808
           -0.309921
           -0.308064
           -0.306268
           -0.304575
           -0.303018
           -0.301637
           -0.300474
           -0.299566
           -0.298952
           -0.298665
           -0.298736
           -0.299197
           -0.300054
           -0.301318
           -0.302996
           -0.305063
           -0.307517
           -0.310328
           -0.313463
           -0.316888
           -0.320561
           -0.324434
            -0.32847
           -0.332611
           -0.336817
           -0.341041
           -0.345246
           -0.349398
           -0.353467
           -0.357418
           -0.361229
           -0.364887
           -0.368368
           -0.371669
           -0.374778
           -0.377691
           -0.380405
           -0.382923
           -0.385249
           -0.387386
           -0.389339
           -0.391115
           -0.392718
           -0.394163
           -0.395457
           -0.396601
           -0.397613
             -0.3985
           -0.399266
            -0.39992
           -0.400482
           -0.400945
           -0.401321
           -0.401615
           -0.401843
           -0.402007
           -0.402119
           -0.402178
           -0.402182
           -0.402154
           -0.402082
           -0.401994
           -0.401882
           -0.401745
           -0.401601
           -0.401438
           -0.401265
           -0.401094
           -0.400922
           -0.400758
           -0.400594
            -0.40044
           -0.400295
           -0.400162
           -0.400048
           -0.399946
           -0.399861
           -0.399794
           -0.399753
           -0.399734
           -0.399732
           -0.399758
           -0.399804
           -0.399873
           -0.399956
           -0.400074
           -0.400211
           -0.400367
           -0.400549
           -0.400751
           -0.400982
           -0.401223
           -0.401484
           -0.401764
           -0.402064
           -0.402378
           -0.402701
           -0.403043
           -0.403394
           -0.403758
           -0.404132
           -0.404513
           -0.404903
           -0.405299
           -0.405693
           -0.406094
           -0.406496
           -0.406895
            -0.40729
           -0.407681
           -0.408067
           -0.408448
           -0.408823
           -0.409192
           -0.409549
            -0.40989
           -0.410224
           -0.410542
           -0.410848
           -0.411139
           -0.411414
           -0.411671
            -0.41191
           -0.412131
           -0.412336
           -0.412522
           -0.412679
           -0.412817
           -0.412933
           -0.413025
           -0.413099
           -0.413145
           -0.413167
           -0.413169
           -0.413151
           -0.413102
           -0.413037
           -0.412947
           -0.412837
           -0.412703
            -0.41255
           -0.412374
           -0.412181
            -0.41197
           -0.411738
           -0.411487
           -0.411223
           -0.410948
            -0.41065
           -0.410341
           -0.410031
           -0.409717
           -0.409394
           -0.409068
           -0.408739
            -0.40841
           -0.408077
           -0.407753
           -0.407433
           -0.407118
           -0.406812
           -0.406516
           -0.406229
           -0.405958
           -0.405701
           -0.405455
           -0.405235
           -0.405027
           -0.404837
           -0.404662
           -0.404516
           -0.404384
           -0.404264
            -0.40416
           -0.404078
           -0.404008
           -0.403954
           -0.403908
           -0.403875
           -0.403851
           -0.403837
           -0.403827
           -0.403813
           -0.403808
           -0.403797
           -0.403783
            -0.40376
           -0.403726
           -0.403684
           -0.403623
           -0.403548
           -0.403454
           -0.403342
           -0.403205
           -0.403044
           -0.402859
           -0.402646
           -0.402404
           -0.402133
           -0.401837
           -0.401508
           -0.401149
           -0.400759
           -0.400347
           -0.399904
           -0.399444
            -0.39896
           -0.398457
           -0.397933
           -0.397402
            -0.39686
           -0.396312
           -0.395765
           -0.395219
           -0.394678
            -0.39415
           -0.393639
           -0.393151
           -0.392693
            -0.39227
           -0.391884
           -0.391531
           -0.391232
           -0.390985
           -0.390788
           -0.390649
           -0.390578
           -0.390565
           -0.390618
           -0.390739
           -0.390922
           -0.391182
           -0.391505
           -0.391896
            -0.39236
           -0.392889
           -0.393485
           -0.394153
           -0.394881
           -0.395668
           -0.396518
           -0.397429
            -0.39839
           -0.399404
           -0.400475
           -0.401598
            -0.40277
           -0.403992
           -0.405254
           -0.406564
            -0.40791
           -0.409298
           -0.410722
           -0.412174
           -0.413656
           -0.415167
           -0.416699
           -0.418254
           -0.419822
            -0.42141
           -0.422999
           -0.424597
            -0.42619
           -0.427782
            -0.42937
           -0.430938
           -0.432492
           -0.434024
           -0.435536
           -0.437011
           -0.438454
           -0.439861
           -0.441227
           -0.442553
           -0.443831
           -0.445066
           -0.446247
           -0.447378
           -0.448452
           -0.449472
            -0.45043
           -0.451339
           -0.452184
           -0.452965
           -0.453683
           -0.454345
           -0.454954
           -0.455498
           -0.455983
           -0.456401
           -0.456766
           -0.457077
           -0.457327
           -0.457524
           -0.457664
            -0.45775
           -0.457786
           -0.457772
           -0.457705
           -0.457594
           -0.457436
           -0.457232
           -0.456985
           -0.456699
           -0.456372
           -0.456008
            -0.45561
           -0.455179
           -0.454718
           -0.454237
           -0.453726
           -0.453188
           -0.452633
            -0.45206
           -0.451474
           -0.450881
           -0.450279
           -0.449676
           -0.449078
            -0.44848
            -0.44789
           -0.447317
           -0.446767
           -0.446242
           -0.445739
           -0.445269
           -0.444831
           -0.444431
           -0.444076
           -0.443767
           -0.443511
           -0.443305
           -0.443158
           -0.443071
           -0.443044
           -0.443075
           -0.443162
           -0.443313
           -0.443531
           -0.443811
           -0.444148
           -0.444544
           -0.444995
           -0.445501
           -0.446059
           -0.446664
           -0.447307
           -0.447995
           -0.448718
           -0.449472
           -0.450249
           -0.451049
           -0.451865
           -0.452699
           -0.453542
           -0.454387
           -0.455231
           -0.456081
           -0.456924
           -0.457762
           -0.458585
           -0.459396
           -0.460198
            -0.46098
           -0.461747
           -0.462494
           -0.463229
           -0.463941
           -0.464643
           -0.465314
           -0.465969
           -0.466608
           -0.467227
           -0.467827
           -0.468413
           -0.468989
           -0.469549
           -0.470091
           -0.470627
           -0.471155
           -0.471669
           -0.472175
            -0.47268
           -0.473174
           -0.473664
           -0.474151
           -0.474633
           -0.475118
             -0.4756
            -0.47608
           -0.476563
            -0.47705
           -0.477539
           -0.478032
           -0.478522
           -0.479018
           -0.479511
           -0.480012
           -0.480518
           -0.481026
           -0.481532
           -0.482042
           -0.482554
           -0.483065
           -0.483576
           -0.484088
             -0.4846
           -0.485116
           -0.485625
           -0.486136
           -0.486641
           -0.487148
           -0.487646
           -0.488139
           -0.488625
           -0.489107
           -0.489583
           -0.490051
           -0.490511
           -0.490967
           -0.491409
           -0.491846
           -0.492271
            -0.49268
           -0.493077
           -0.493461
           -0.493833
           -0.494192
           -0.494535
           -0.494861
            -0.49517
           -0.495466
           -0.495741
           -0.495994
           -0.496236
           -0.496458
           -0.496659
           -0.496839
           -0.497001
            -0.49714
           -0.497259
           -0.497358
            -0.49743
           -0.497475
           -0.497495
           -0.497497
           -0.497471
           -0.497423
           -0.497353
           -0.497257
           -0.497133
           -0.496978
           -0.496804
           -0.496604
           -0.496375
           -0.496122
           -0.495842
           -0.495531
           -0.495195
           -0.494836
           -0.494444
           -0.494033
           -0.493595
           -0.493137
            -0.49265
            -0.49214
           -0.491606
           -0.491052
           -0.490481
           -0.489894
           -0.489287
           -0.488662
           -0.488025
           -0.487374
           -0.486714
           -0.486049
           -0.485374
           -0.484697
           -0.484015
           -0.483337
           -0.482663
           -0.481999
            -0.48134
           -0.480699
            -0.48007
           -0.479461
            -0.47887
           -0.478309
           -0.477775
           -0.477275
           -0.476808
           -0.476377
           -0.475979
           -0.475626
           -0.475315
           -0.475052
           -0.474835
           -0.474665
           -0.474544
           -0.474477
           -0.474461
           -0.474492
            -0.47458
           -0.474721
           -0.474912
           -0.475156
           -0.475454
           -0.475797
           -0.476189
           -0.476629
           -0.477111
           -0.477643
           -0.478212
           -0.478828
           -0.479477
           -0.480166
           -0.480884
           -0.481634
           -0.482408
           -0.483207
            -0.48403
           -0.484877
           -0.485743
           -0.486616
           -0.487507
           -0.488404
           -0.489309
            -0.49022
           -0.491128
           -0.492038
           -0.492948
            -0.49385
           -0.494745
           -0.495631
           -0.496507
           -0.497366
            -0.49821
           -0.499038
           -0.499849
           -0.500639
           -0.501404
           -0.502147
           -0.502867
            -0.50356
           -0.504226
           -0.504863
           -0.505475
            -0.50605
           -0.506591
             -0.5071
           -0.507569
           -0.508011
           -0.508411
           -0.508776
           -0.509097
           -0.509371
           -0.509607
           -0.509805
           -0.509958
           -0.510063
           -0.510118
           -0.510124
           -0.510083
           -0.509991
           -0.509849
           -0.509651
           -0.509402
           -0.509093
           -0.508726
           -0.508302
           -0.507814
            -0.50727
           -0.506662
           -0.505991
           -0.505257
           -0.504461
           -0.503599
           -0.502672
           -0.501682
           -0.500625
            -0.49951
            -0.49833
           -0.497092
           -0.495796
           -0.494438
           -0.493024
           -0.491561
           -0.490044
           -0.488484
           -0.486877
           -0.485226
           -0.483537
           -0.481811
            -0.48006
           -0.478283
           -0.476483
           -0.474663
           -0.472826
           -0.470977
           -0.469115
           -0.467248
           -0.465374
           -0.463492
           -0.461603
           -0.459705
           -0.457804
           -0.455894
           -0.453975
           -0.452045
           -0.450104
           -0.448145
           -0.446167
           -0.444171
           -0.442158
           -0.440117
           -0.438055
           -0.435964
           -0.433849
           -0.431709
           -0.429545
           -0.427365
           -0.425163
           -0.422943
            -0.42071
           -0.418469
           -0.416221
           -0.413978
            -0.41174
           -0.409515
           -0.407304
           -0.405119
           -0.402963
           -0.400841
           -0.398758
           -0.396722
            -0.39474
           -0.392813
           -0.390946
           -0.389156
           -0.387437
           -0.385802
           -0.384253
           -0.382798
           -0.381456
           -0.380221
           -0.379107
            -0.37812
           -0.377276
            -0.37658
           -0.376044
           -0.375685
           -0.375516
           -0.375548
           -0.375791
           -0.376267
           -0.376975
           -0.377945
           -0.379165
            -0.38065
            -0.38241
           -0.384445
            -0.38676
           -0.389346
           -0.392202
           -0.395311
           -0.398664
           -0.402241
           -0.406026
           -0.409992
           -0.414109
           -0.418357
           -0.422703
           -0.427118
           -0.431561
           -0.436011
           -0.440431
           -0.444805
           -0.449086
           -0.453258
           -0.457296
           -0.461179
           -0.464884
           -0.468394
           -0.471702
           -0.474787
           -0.477649
           -0.480276
           -0.482665
           -0.484809
           -0.486722
           -0.488401
           -0.489847
           -0.491073
           -0.492079
           -0.492886
            -0.49351
           -0.493948
           -0.494218
           -0.494344
           -0.494331
           -0.494202
           -0.493973
           -0.493674
           -0.493305
           -0.492893
           -0.492457
           -0.492012
            -0.49158
           -0.491171
           -0.490803
           -0.490487
           -0.490238
           -0.490062
           -0.489969
           -0.489958
            -0.49004
           -0.490212
            -0.49048
           -0.490837
            -0.49128
           -0.491799
            -0.49239
            -0.49304
            -0.49374
           -0.494478
           -0.495246
           -0.496036
           -0.496833
           -0.497629
           -0.498409
           -0.499169
           -0.499891
           -0.500575
           -0.501204
           -0.501774
           -0.502286
           -0.502726
           -0.503087
           -0.503378
           -0.503583
           -0.503706
           -0.503745
           -0.503703
           -0.503574
           -0.503359
           -0.503065
           -0.502684
           -0.502223
           -0.501688
           -0.501075
           -0.500393
           -0.499638
           -0.498819
           -0.497939
           -0.497011
           -0.496026
           -0.494995
           -0.493922
           -0.492815
           -0.491673
           -0.490507
           -0.489323
           -0.488124
            -0.48692
           -0.485715
           -0.484512
           -0.483315
           -0.482135
           -0.480983
           -0.479859
           -0.478769
           -0.477719
           -0.476719
           -0.475772
           -0.474883
           -0.474057
           -0.473298
           -0.472604
           -0.471986
           -0.471443
           -0.470981
           -0.470603
           -0.470305
           -0.470093
            -0.46996
           -0.469923
           -0.469962
           -0.470086
           -0.470283
           -0.470561
           -0.470913
           -0.471343
           -0.471843
           -0.472405
           -0.473034
           -0.473719
           -0.474468
           -0.475263
           -0.476109
              -0.477
           -0.477924
           -0.478885
           -0.479883
           -0.480906
           -0.481952
           -0.483017
           -0.484099
           -0.485191
            -0.48629
             -0.4874
           -0.488508
           -0.489616
           -0.490724
           -0.491827
           -0.492925
            -0.49401
           -0.495084
           -0.496148
           -0.497189
           -0.498212
            -0.49922
           -0.500206
           -0.501169
           -0.502103
           -0.503015
           -0.503901
           -0.504765
           -0.505596
           -0.506399
           -0.507178
           -0.507923
           -0.508634
           -0.509315
           -0.509958
           -0.510569
           -0.511146
           -0.511691
           -0.512197
           -0.512665
           -0.513103
           -0.513504
           -0.513863
           -0.514183
           -0.514463
           -0.514709
           -0.514911
           -0.515074
           -0.515202
           -0.515288
           -0.515337
           -0.515343
            -0.51531
           -0.515242
            -0.51513
           -0.514984
           -0.514797
           -0.514572
            -0.51431
           -0.514008
           -0.513677
           -0.513308
           -0.512905
           -0.512473
           -0.512009
           -0.511524
           -0.511012
           -0.510486
           -0.509928
           -0.509355
           -0.508773
           -0.508182
           -0.507585
           -0.506981
           -0.506381
           -0.505792
           -0.505211
           -0.504642
             -0.5041
           -0.503574
           -0.503078
           -0.502607
           -0.502176
           -0.501783
           -0.501432
           -0.501124
           -0.500857
           -0.500643
           -0.500485
           -0.500371
           -0.500314
           -0.500308
           -0.500356
            -0.50045
           -0.500598
           -0.500793
            -0.50103
           -0.501309
           -0.501625
           -0.501977
           -0.502361
           -0.502766
           -0.503187
           -0.503625
           -0.504075
           -0.504526
           -0.504973
           -0.505419
           -0.505851
           -0.506263
           -0.506652
           -0.507023
           -0.507355
           -0.507658
           -0.507925
           -0.508148
           -0.508327
           -0.508462
           -0.508548
           -0.508585
           -0.508566
           -0.508495
           -0.508373
           -0.508201
           -0.507984
           -0.507717
           -0.507392
           -0.507029
            -0.50661
           -0.506157
            -0.50567
           -0.505143
           -0.504586
           -0.504001
            -0.50339
            -0.50276
           -0.502104
           -0.501433
           -0.500757
           -0.500072
           -0.499378
           -0.498676
           -0.497979
           -0.497281
           -0.496592
           -0.495899
            -0.49521
           -0.494522
           -0.493844
           -0.493174
            -0.49251
           -0.491847
           -0.491193
           -0.490541
           -0.489893
           -0.489249
           -0.488611
           -0.487973
           -0.487333
             -0.4867
            -0.48607
           -0.485441
            -0.48482
           -0.484201
           -0.483593
           -0.482992
             -0.4824
            -0.48181
           -0.481237
            -0.48068
           -0.480142
           -0.479622
           -0.479132
            -0.47867
           -0.478235
           -0.477837
           -0.477475
           -0.477158
           -0.476887
           -0.476665
           -0.476494
            -0.47638
            -0.47633
            -0.47634
           -0.476415
           -0.476557
           -0.476769
           -0.477055
            -0.47741
           -0.477839
           -0.478337
           -0.478916
           -0.479569
           -0.480291
           -0.481086
            -0.48196
           -0.482899
           -0.483911
           -0.484992
           -0.486138
           -0.487347
           -0.488621
           -0.489961
           -0.491358
           -0.492812
           -0.494327
           -0.495899
           -0.497521
           -0.499191
           -0.500907
            -0.50267
           -0.504477
           -0.506318
           -0.508197
           -0.510102
           -0.512035
           -0.513993
           -0.515964
           -0.517946
           -0.519931
           -0.521913
           -0.523878
           -0.525833
            -0.52776
           -0.529654
           -0.531512
           -0.533326
           -0.535093
           -0.536792
           -0.538432
           -0.540009
           -0.541502
           -0.542917
           -0.544244
           -0.545483
            -0.54662
           -0.547658
           -0.548598
           -0.549433
           -0.550158
           -0.550774
           -0.551276
           -0.551671
           -0.551947
            -0.55211
           -0.552163
           -0.552107
           -0.551937
           -0.551662
           -0.551284
           -0.550806
           -0.550224
           -0.549551
           -0.548788
           -0.547939
           -0.547018
           -0.546025
           -0.544972
           -0.543862
           -0.542713
           -0.541519
           -0.540298
           -0.539063
           -0.537827
           -0.536597
           -0.535384
           -0.534198
           -0.533062
           -0.531971
           -0.530947
           -0.529996
           -0.529132
           -0.528357
           -0.527686
           -0.527126
           -0.526678
           -0.526353
           -0.526147
           -0.526063
           -0.526101
           -0.526255
           -0.526528
           -0.526912
           -0.527404
           -0.527997
           -0.528683
           -0.529453
           -0.530295
             -0.5312
           -0.532159
           -0.533162
           -0.534203
           -0.535262
           -0.536329
           -0.537406
           -0.538481
           -0.539533
            -0.54057
           -0.541573
           -0.542536
           -0.543462
           -0.544335
           -0.545163
           -0.545934
           -0.546638
           -0.547278
           -0.547856
           -0.548373
            -0.54882
           -0.549205
           -0.549519
           -0.549771
           -0.549963
           -0.550089
           -0.550154
           -0.550163
           -0.550118
           -0.550015
           -0.549868
           -0.549679
           -0.549444
           -0.549176
           -0.548873
           -0.548539
           -0.548183
           -0.547802
           -0.547411
           -0.547008
           -0.546601
           -0.546192
           -0.545784
           -0.545384
           -0.544993
           -0.544618
           -0.544265
           -0.543938
           -0.543636
            -0.54336
            -0.54312
           -0.542919
           -0.542758
           -0.542643
           -0.542575
           -0.542553
           -0.542586
           -0.542672
           -0.542815
            -0.54301
           -0.543265
           -0.543579
           -0.543953
           -0.544387
           -0.544883
           -0.545437
           -0.546044
           -0.546709
           -0.547433
           -0.548216
           -0.549047
           -0.549923
           -0.550852
           -0.551828
           -0.552848
           -0.553907
           -0.555004
           -0.556147
           -0.557318
           -0.558509
            -0.55973
           -0.560973
           -0.562231
           -0.563505
           -0.564793
           -0.566084
           -0.567373
           -0.568668
           -0.569954
           -0.571233
           -0.572499
           -0.573747
           -0.574981
            -0.57619
           -0.577366
           -0.578512
           -0.579622
           -0.580698
           -0.581737
           -0.582728
           -0.583677
           -0.584578
           -0.585424
           -0.586218
            -0.58696
           -0.587643
           -0.588266
           -0.588825
           -0.589322
            -0.58976
           -0.590138
           -0.590452
           -0.590706
           -0.590894
           -0.591026
           -0.591097
           -0.591118
           -0.591089
           -0.591008
           -0.590877
           -0.590709
           -0.590505
           -0.590267
           -0.590004
           -0.589724
           -0.589426
           -0.589129
           -0.588832
           -0.588537
           -0.588252
           -0.587995
           -0.587765
           -0.587571
           -0.587411
           -0.587296
           -0.587227
            -0.58721
            -0.58725
           -0.587348
           -0.587502
           -0.587717
           -0.587992
            -0.58831
           -0.588682
             -0.5891
           -0.589557
           -0.590045
           -0.590559
           -0.591089
           -0.591637
           -0.592186
           -0.592726
           -0.593247
           -0.593734
           -0.594185
           -0.594591
           -0.594931
           -0.595208
           -0.595409
           -0.595526
           -0.595535
           -0.595437
           -0.595219
           -0.594876
             -0.5944
           -0.593776
           -0.592995
           -0.592055
           -0.590951
            -0.58967
           -0.588205
           -0.586553
           -0.584718
           -0.582678
           -0.580437
              -0.578
           -0.575367
           -0.572539
           -0.569519
           -0.566319
           -0.562955
           -0.559422
           -0.555741
            -0.55194
            -0.54804
           -0.544071
           -0.540067
           -0.536047
           -0.532064
           -0.528147
           -0.524344
             -0.5207
           -0.517253
           -0.514043
           -0.511118
           -0.508506
           -0.506241
           -0.504345
           -0.502843
           -0.501747
           -0.501065
           -0.500797
           -0.500934
           -0.501471
           -0.502385
           -0.503651
           -0.505247
           -0.507144
           -0.509317
           -0.511722
           -0.514348
           -0.517151
           -0.520107
             -0.5232
           -0.526394
           -0.529676
           -0.533022
           -0.536419
            -0.53985
           -0.543313
           -0.546787
           -0.550261
           -0.553727
           -0.557188
           -0.560638
           -0.564069
           -0.567469
           -0.570836
           -0.574178
           -0.577473
           -0.580731
           -0.583933
           -0.587088
           -0.590187
           -0.593223
           -0.596198
           -0.599105
           -0.601944
            -0.60471
           -0.607402
           -0.610018
            -0.61255
           -0.614997
           -0.617355
           -0.619633
           -0.621818
           -0.623913
           -0.625924
           -0.627837
            -0.62966
           -0.631389
           -0.633021
           -0.634561
            -0.63601
           -0.637372
           -0.638647
           -0.639827
           -0.640915
           -0.641923
           -0.642841
           -0.643672
           -0.644411
           -0.645072
           -0.645646
            -0.64614
           -0.646551
           -0.646879
           -0.647128
           -0.647293
           -0.647375
            -0.64738
           -0.647304
           -0.647142
           -0.646904
           -0.646574
           -0.646171
           -0.645686
           -0.645113
           -0.644456
           -0.643714
           -0.642894
           -0.641982
           -0.640988
           -0.639908
           -0.638742
           -0.637489
           -0.636151
           -0.634724
           -0.633214
           -0.631626
           -0.629962
           -0.628216
           -0.626407
           -0.624535
           -0.622602
           -0.620626
           -0.618607
           -0.616565
           -0.614504
           -0.612441
           -0.610388
           -0.608362
            -0.60637
           -0.604435
           -0.602579
           -0.600813
           -0.599157
           -0.597619
           -0.596219
            -0.59497
           -0.593886
           -0.592969
           -0.592232
           -0.591684
            -0.59132
           -0.591149
            -0.59115
           -0.591329
           -0.591676
           -0.592182
            -0.59283
           -0.593605
           -0.594503
           -0.595502
           -0.596579
           -0.597719
           -0.598915
            -0.60014
           -0.601388
           -0.602635
           -0.603881
           -0.605109
           -0.606314
           -0.607479
           -0.608606
           -0.609685
           -0.610715
           -0.611692
           -0.612607
           -0.613468
            -0.61427
           -0.615018
           -0.615716
           -0.616356
           -0.616951
           -0.617487
           -0.617984
           -0.618438
           -0.618853
           -0.619233
           -0.619585
           -0.619903
           -0.620186
           -0.620453
           -0.620708
           -0.620937
           -0.621161
           -0.621369
           -0.621569
           -0.621756
           -0.621952
           -0.622141
           -0.622333
           -0.622526
           -0.622725
           -0.622926
           -0.623134
           -0.623356
           -0.623585
           -0.623826
           -0.624081
           -0.624344
           -0.624623
           -0.624906
           -0.625199
             -0.6255
           -0.625817
           -0.626136
           -0.626463
           -0.626792
           -0.627122
           -0.627461
           -0.627796
           -0.628125
            -0.62846
           -0.628787
           -0.629103
           -0.629416
           -0.629724
           -0.630018
           -0.630301
           -0.630572
           -0.630828
           -0.631069
           -0.631291
             -0.6315
           -0.631694
            -0.63187
           -0.632035
           -0.632186
           -0.632324
           -0.632451
           -0.632564
           -0.632666
           -0.632757
           -0.632833
           -0.632908
           -0.632976
           -0.633035
           -0.633086
           -0.633131
           -0.633169
           -0.633201
           -0.633225
           -0.633247
           -0.633261
            -0.63326
           -0.633259
           -0.633251
           -0.633234
           -0.633208
           -0.633176
           -0.633136
            -0.63308
           -0.633016
           -0.632939
            -0.63285
           -0.632747
           -0.632634
           -0.632515
            -0.63238
           -0.632227
           -0.632069
           -0.631906
           -0.631734
           -0.631551
           -0.631365
            -0.63117
           -0.630966
           -0.630761
           -0.630557
           -0.630349
           -0.630143
           -0.629939
           -0.629741
           -0.629547
           -0.629343
           -0.629144
           -0.628954
            -0.62877
           -0.628592
           -0.628416
           -0.628243
           -0.628075
           -0.627908
           -0.627738
           -0.627567
           -0.627397
            -0.62722
           -0.627042
           -0.626865
            -0.62668
           -0.626493
           -0.626296
           -0.626096
           -0.625891
           -0.625681
           -0.625476
           -0.625266
           -0.625058
           -0.624859
           -0.624666
           -0.624483
           -0.624322
           -0.624181
           -0.624067
           -0.623981
           -0.623932
           -0.623927
           -0.623977
           -0.624081
           -0.624243
           -0.624474
           -0.624772
           -0.625143
           -0.625595
           -0.626136
           -0.626748
            -0.62745
           -0.628236
           -0.629111
           -0.630081
           -0.631122
           -0.632242
           -0.633438
           -0.634701
           -0.636027
           -0.637407
           -0.638841
           -0.640308
             -0.6418
           -0.643319
           -0.644842
           -0.646371
           -0.647881
           -0.649369
           -0.650815
           -0.652214
            -0.65355
           -0.654819
              -0.656
           -0.657077
           -0.658047
           -0.658895
           -0.659611
           -0.660179
           -0.660588
           -0.660829
           -0.660889
           -0.660755
           -0.660415
           -0.659856
           -0.659081
           -0.658064
             -0.6568
           -0.655281
           -0.653497
           -0.651445
           -0.649113
            -0.64652
           -0.643652
           -0.640516
           -0.637131
            -0.63351
           -0.629679
           -0.625667
           -0.621516
           -0.617281
           -0.613001
           -0.608751
           -0.604617
           -0.600645
           -0.596949
           -0.593602
           -0.590685
           -0.588281
           -0.586452
           -0.585268
           -0.584765
           -0.584973
           -0.585905
           -0.587543
           -0.589861
           -0.592822
           -0.596363
           -0.600405
           -0.604881
           -0.609696
           -0.614783
           -0.620045
           -0.625411
           -0.630806
           -0.636167
           -0.641438
           -0.646574
           -0.651537
           -0.656298
           -0.660832
           -0.665127
           -0.669173
           -0.672951
           -0.676485
           -0.679768
           -0.682803
           -0.685598
           -0.688164
           -0.690514
           -0.692648
           -0.694581
           -0.696327
           -0.697882
           -0.699265
           -0.700485
           -0.701554
           -0.702471
           -0.703253
           -0.703899
           -0.704421
           -0.704815
           -0.705096
           -0.705262
           -0.705322
           -0.705282
           -0.705133
           -0.704884
           -0.704545
           -0.704113
            -0.70359
            -0.70298
           -0.702285
            -0.70151
           -0.700655
           -0.699724
           -0.698721
           -0.697649
           -0.696506
           -0.695302
           -0.694041
           -0.692721
           -0.691353
           -0.689933
           -0.688469
           -0.686981
           -0.685457
           -0.683904
           -0.682338
           -0.680759
           -0.679176
           -0.677598
            -0.67604
           -0.674501
            -0.67298
           -0.671512
            -0.67009
           -0.668726
           -0.667431
           -0.666221
           -0.665091
           -0.664068
           -0.663157
            -0.66236
           -0.661691
           -0.661158
           -0.660765
           -0.660522
            -0.66044
           -0.660516
           -0.660761
           -0.661168
           -0.661741
           -0.662484
           -0.663388
           -0.664449
           -0.665666
           -0.667027
           -0.668528
           -0.670168
           -0.671921
           -0.673784
           -0.675743
           -0.677779
           -0.679894
           -0.682064
           -0.684279
           -0.686531
           -0.688797
           -0.691069
           -0.693338
           -0.695599
           -0.697829
           -0.700019
            -0.70217
            -0.70427
           -0.706308
           -0.708282
           -0.710186
           -0.712016
           -0.713763
           -0.715433
           -0.717024
           -0.718536
           -0.719954
           -0.721289
           -0.722539
           -0.723707
           -0.724792
           -0.725797
           -0.726721
           -0.727564
           -0.728331
           -0.729022
           -0.729645
             -0.7302
           -0.730689
           -0.731123
           -0.731494
           -0.731804
           -0.732059
            -0.73226
           -0.732414
           -0.732524
            -0.73259
           -0.732615
           -0.732594
           -0.732537
           -0.732446
           -0.732326
           -0.732166
           -0.731982
           -0.731766
           -0.731514
           -0.731238
           -0.730935
           -0.730609
           -0.730253
           -0.729867
           -0.729453
           -0.729013
           -0.728539
           -0.728037
           -0.727506
           -0.726942
           -0.726344
           -0.725709
            -0.72504
           -0.724321
           -0.723567
           -0.722768
           -0.721923
           -0.721033
           -0.720091
           -0.719093
           -0.718049
           -0.716953
           -0.715796
           -0.714585
           -0.713314
           -0.711982
           -0.710598
           -0.709156
           -0.707658
           -0.706102
           -0.704492
           -0.702838
           -0.701137
           -0.699391
           -0.697604
           -0.695793
           -0.693952
           -0.692083
           -0.690202
           -0.688312
            -0.68642
           -0.684541
           -0.682681
           -0.680849
           -0.679054
           -0.677309
           -0.675616
           -0.673992
           -0.672444
           -0.670984
           -0.669621
           -0.668359
           -0.667206
           -0.666174
           -0.665265
           -0.664482
           -0.663838
           -0.663338
           -0.662976
            -0.66276
           -0.662693
           -0.662774
           -0.662996
           -0.663354
           -0.663844
           -0.664471
           -0.665217
           -0.666081
           -0.667061
           -0.668134
           -0.669301
           -0.670551
           -0.671869
           -0.673243
            -0.67467
           -0.676131
           -0.677617
           -0.679117
           -0.680618
           -0.682112
           -0.683594
           -0.685046
           -0.686464
           -0.687843
           -0.689172
           -0.690455
           -0.691679
           -0.692839
           -0.693937
           -0.694984
            -0.69595
           -0.696858
            -0.69771
           -0.698507
           -0.699251
           -0.699946
           -0.700604
            -0.70123
           -0.701834
           -0.702421
           -0.703008
           -0.703587
           -0.704181
           -0.704792
           -0.705431
           -0.706106
           -0.706828
           -0.707594
           -0.708431
           -0.709335
           -0.710309
           -0.711363
           -0.712503
           -0.713723
           -0.715021
           -0.716411
           -0.717888
           -0.719449
           -0.721096
            -0.72282
           -0.724619
           -0.726487
           -0.728424
           -0.730423
           -0.732469
            -0.73456
            -0.73669
           -0.738845
            -0.74103
           -0.743229
           -0.745432
           -0.747636
           -0.749835
           -0.752025
           -0.754189
           -0.756325
            -0.75842
           -0.760481
           -0.762495
           -0.764463
            -0.76638
           -0.768238
           -0.770036
           -0.771773
           -0.773443
           -0.775044
           -0.776575
           -0.778047
           -0.779439
           -0.780763
           -0.782023
           -0.783207
           -0.784321
           -0.785369
           -0.786348
           -0.787269
           -0.788122
            -0.78891
           -0.789636
           -0.790312
           -0.790931
           -0.791503
           -0.792031
           -0.792512
           -0.792951
           -0.793357
           -0.793723
           -0.794063
           -0.794378
           -0.794666
           -0.794938
           -0.795196
           -0.795437
            -0.79567
           -0.795893
           -0.796113
           -0.796331
           -0.796547
           -0.796771
           -0.797004
           -0.797238
           -0.797478
           -0.797722
           -0.797977
           -0.798247
            -0.79852
           -0.798802
           -0.799087
           -0.799385
           -0.799683
           -0.799986
           -0.800291
           -0.800602
           -0.800906
            -0.80121
           -0.801508
           -0.801797
           -0.802073
           -0.802347
            -0.80261
           -0.802846
           -0.803066
           -0.803265
           -0.803442
            -0.80359
           -0.803712
           -0.803809
           -0.803872
           -0.803909
           -0.803909
           -0.803869
           -0.803788
           -0.803667
           -0.803512
           -0.803302
           -0.803046
           -0.802745
           -0.802385
           -0.801972
           -0.801507
           -0.800985
           -0.800399
           -0.799745
           -0.799022
           -0.798227
           -0.797358
           -0.796406
            -0.79537
           -0.794238
           -0.793021
             -0.7917
           -0.790281
            -0.78875
           -0.787109
           -0.785342
           -0.783451
           -0.781425
           -0.779271
           -0.776974
           -0.774527
            -0.77194
           -0.769195
           -0.766297
           -0.763244
           -0.760024
           -0.756653
           -0.753122
           -0.749432
           -0.745597
           -0.741613
           -0.737497
           -0.733257
           -0.728912
           -0.724468
           -0.719949
            -0.71537
           -0.710769
           -0.706168
           -0.701605
           -0.697112
           -0.692733
           -0.688497
           -0.684459
           -0.680663
           -0.677154
           -0.673982
           -0.671207
           -0.668863
           -0.666995
           -0.665646
           -0.664854
           -0.664631
           -0.665004
           -0.665982
           -0.667558
           -0.669729
           -0.672468
            -0.67574
            -0.67951
           -0.683717
           -0.688314
           -0.693234
           -0.698412
            -0.70378
           -0.709284
           -0.714844
           -0.720408
           -0.725923
            -0.73134
           -0.736612
           -0.741694
           -0.746565
           -0.751196
           -0.755555
           -0.759639
           -0.763437
           -0.766944
           -0.770159
           -0.773079
            -0.77571
            -0.77807
           -0.780156
           -0.781984
           -0.783569
           -0.784918
           -0.786055
           -0.786991
           -0.787738
           -0.788321
           -0.788743
           -0.789031
           -0.789199
           -0.789265
            -0.78924
           -0.789145
           -0.788992
           -0.788793
           -0.788565
           -0.788329
           -0.788085
           -0.787854
           -0.787645
           -0.787463
           -0.787323
           -0.787225
           -0.787182
           -0.787197
           -0.787272
           -0.787411
           -0.787617
           -0.787882
            -0.78821
             -0.7886
           -0.789046
           -0.789547
           -0.790091
           -0.790674
           -0.791297
           -0.791943
           -0.792608
           -0.793285
           -0.793968
           -0.794648
           -0.795322
           -0.795974
           -0.796612
           -0.797218
           -0.797793
           -0.798324
           -0.798812
           -0.799256
           -0.799641
           -0.799979
           -0.800263
           -0.800487
           -0.800655
           -0.800767
           -0.800819
           -0.800818
           -0.800761
           -0.800645
           -0.800473
           -0.800256
            -0.79999
           -0.799678
           -0.799333
           -0.798941
           -0.798513
           -0.798059
           -0.797578
           -0.797076
           -0.796557
           -0.796026
           -0.795494
           -0.794961
           -0.794425
           -0.793895
           -0.793382
           -0.792884
           -0.792405
           -0.791954
            -0.79154
           -0.791157
           -0.790816
           -0.790521
           -0.790276
           -0.790078
           -0.789938
           -0.789851
           -0.789817
           -0.789842
           -0.789928
            -0.79008
           -0.790292
           -0.790561
           -0.790905
             -0.7913
           -0.791758
           -0.792272
           -0.792844
           -0.793473
           -0.794155
           -0.794887
           -0.795667
           -0.796492
           -0.797356
           -0.798259
           -0.799196
           -0.800158
           -0.801152
           -0.802162
           -0.803188
           -0.804226
           -0.805271
           -0.806323
           -0.807376
           -0.808427
            -0.80947
           -0.810496
           -0.811514
           -0.812509
            -0.81348
           -0.814425
           -0.815335
           -0.816216
           -0.817054
           -0.817855
           -0.818605
           -0.819313
           -0.819962
           -0.820566
           -0.821111
           -0.821598
           -0.822022
           -0.822386
           -0.822685
           -0.822919
           -0.823088
           -0.823183
           -0.823206
            -0.82316
           -0.823039
           -0.822844
           -0.822572
           -0.822223
             -0.8218
           -0.821308
           -0.820741
           -0.820106
           -0.819395
           -0.818617
            -0.81777
            -0.81686
           -0.815893
           -0.814868
           -0.813797
           -0.812682
           -0.811519
           -0.810323
           -0.809099
           -0.807853
           -0.806594
           -0.805319
           -0.804047
           -0.802776
           -0.801513
           -0.800267
           -0.799048
           -0.797852
            -0.79669
           -0.795564
            -0.79448
           -0.793445
           -0.792455
            -0.79151
           -0.790611
           -0.789753
           -0.788948
           -0.788176
           -0.787442
           -0.786739
           -0.786074
           -0.785427
           -0.784808
           -0.784195
           -0.783602
           -0.783014
           -0.782432
           -0.781855
            -0.78127
            -0.78068
           -0.780089
           -0.779491
           -0.778886
           -0.778293
           -0.777705
           -0.777119
           -0.776553
           -0.776013
           -0.775505
           -0.775033
           -0.774617
           -0.774256
           -0.773964
           -0.773751
           -0.773624
           -0.773584
           -0.773652
           -0.773825
           -0.774119
           -0.774533
           -0.775074
           -0.775736
           -0.776531
           -0.777456
           -0.778502
           -0.779668
           -0.780955
            -0.78235
           -0.783843
           -0.785431
           -0.787107
           -0.788861
           -0.790679
           -0.792549
           -0.794464
           -0.796408
           -0.798379
           -0.800354
           -0.802324
            -0.80428
           -0.806216
           -0.808126
           -0.809986
           -0.811803
           -0.813568
           -0.815267
           -0.816901
           -0.818467
           -0.819954
           -0.821361
           -0.822687
           -0.823929
           -0.825084
           -0.826155
           -0.827141
            -0.82804
           -0.828849
            -0.82957
           -0.830201
           -0.830752
           -0.831218
           -0.831601
           -0.831894
           -0.832112
           -0.832251
           -0.832306
           -0.832284
           -0.832185
              -0.832
           -0.831734
           -0.831385
           -0.830952
           -0.830433
           -0.829815
           -0.829106
           -0.828287
           -0.827361
           -0.826312
           -0.825132
           -0.823817
           -0.822343
           -0.820716
           -0.818906
           -0.816909
           -0.814721
           -0.812325
           -0.809705
           -0.806853
           -0.803772
            -0.80045
           -0.796899
           -0.793116
           -0.789117
           -0.784921
           -0.780565
            -0.77608
           -0.771516
            -0.76693
           -0.762388
           -0.757967
           -0.753737
           -0.749789
           -0.746205
           -0.743074
           -0.740477
           -0.738463
           -0.737107
           -0.736439
            -0.73649
           -0.737253
           -0.738708
            -0.74082
           -0.743548
           -0.746813
           -0.750547
           -0.754662
           -0.759074
           -0.763696
           -0.768447
           -0.773246
           -0.778032
           -0.782739
           -0.787313
           -0.791718
           -0.795925
           -0.799903
           -0.803641
           -0.807126
           -0.810359
           -0.813344
           -0.816078
           -0.818567
            -0.82083
           -0.822876
           -0.824716
           -0.826364
           -0.827833
           -0.829135
           -0.830283
           -0.831297
           -0.832183
           -0.832955
           -0.833621
           -0.834181
           -0.834656
           -0.835051
           -0.835378
           -0.835632
           -0.835822
           -0.835954
           -0.836031
           -0.836053
           -0.836026
           -0.835944
           -0.835819
           -0.835641
           -0.835415
           -0.835133
           -0.834796
           -0.834401
           -0.833951
           -0.833437
           -0.832861
           -0.832225
           -0.831524
           -0.830756
           -0.829919
           -0.829003
           -0.828008
           -0.826941
           -0.825799
           -0.824583
           -0.823296
           -0.821941
           -0.820521
           -0.819042
            -0.81751
           -0.815939
            -0.81433
           -0.812711
            -0.81109
           -0.809478
           -0.807897
           -0.806362
           -0.804898
            -0.80352
           -0.802245
           -0.801095
           -0.800093
           -0.799246
           -0.798575
           -0.798085
           -0.797792
           -0.797699
           -0.797805
           -0.798109
             -0.7986
            -0.79927
           -0.800108
           -0.801098
           -0.802216
           -0.803441
           -0.804751
           -0.806115
           -0.807518
           -0.808931
            -0.81033
           -0.811688
           -0.812987
           -0.814203
           -0.815329
           -0.816342
           -0.817238
           -0.817994
           -0.818609
           -0.819075
           -0.819393
           -0.819564
           -0.819587
           -0.819459
           -0.819196
           -0.818793
           -0.818262
           -0.817616
           -0.816864
            -0.81602
           -0.815087
           -0.814082
           -0.813019
           -0.811909
           -0.810761
           -0.809589
           -0.808417
           -0.807237
           -0.806077
           -0.804938
           -0.803839
           -0.802793
           -0.801809
           -0.800894
           -0.800061
           -0.799319
           -0.798696
           -0.798174
           -0.797777
           -0.797516
           -0.797395
           -0.797428
           -0.797636
           -0.798012
           -0.798569
           -0.799314
           -0.800255
            -0.80139
           -0.802728
           -0.804266
           -0.806006
           -0.807945
           -0.810074
           -0.812393
           -0.814884
           -0.817547
           -0.820363
            -0.82332
           -0.826399
           -0.829585
           -0.832861
           -0.836201
           -0.839597
           -0.843037
           -0.846492
           -0.849955
           -0.853398
           -0.856821
           -0.860201
           -0.863532
           -0.866792
           -0.869971
           -0.873068
            -0.87607
           -0.878968
           -0.881758
           -0.884438
              -0.887
           -0.889436
           -0.891743
           -0.893923
           -0.895971
           -0.897885
           -0.899665
           -0.901299
           -0.902789
           -0.904138
            -0.90534
           -0.906387
            -0.90728
           -0.908012
           -0.908594
           -0.909002
           -0.909243
           -0.909309
           -0.909197
           -0.908894
           -0.908402
           -0.907714
           -0.906823
           -0.905715
            -0.90439
           -0.902835
           -0.901049
           -0.899022
           -0.896749
           -0.894229
           -0.891458
           -0.888436
           -0.885161
           -0.881628
           -0.877847
           -0.873824
           -0.869571
           -0.865102
           -0.860434
           -0.855587
           -0.850596
           -0.845486
           -0.840295
           -0.835061
            -0.82982
           -0.824623
           -0.819522
           -0.814566
           -0.809799
           -0.805272
           -0.801039
            -0.79714
           -0.793616
           -0.790497
           -0.787815
           -0.785575
           -0.783794
           -0.782476
           -0.781608
           -0.781174
           -0.781157
           -0.781519
           -0.782235
           -0.783256
           -0.784553
           -0.786082
           -0.787788
           -0.789634
           -0.791586
           -0.793605
           -0.795664
           -0.797732
           -0.799801
           -0.801844
           -0.803848
           -0.805813
           -0.807738
           -0.809626
           -0.811481
           -0.813303
             -0.8151
           -0.816889
           -0.818678
            -0.82047
           -0.822279
           -0.824105
           -0.825948
           -0.827815
           -0.829701
           -0.831605
            -0.83351
           -0.835408
           -0.837292
           -0.839145
           -0.840943
            -0.84267
           -0.844309
           -0.845837
           -0.847234
           -0.848477
           -0.849551
           -0.850432
           -0.851108
           -0.851573
             -0.8518
           -0.851786
           -0.851534
           -0.851041
           -0.850304
           -0.849335
           -0.848153
           -0.846776
            -0.84523
           -0.843548
           -0.841761
           -0.839914
           -0.838056
            -0.83622
           -0.834464
           -0.832839
           -0.831394
           -0.830165
           -0.829204
           -0.828536
           -0.828196
           -0.828201
           -0.828543
           -0.829235
           -0.830272
           -0.831629
           -0.833288
           -0.835207
            -0.83736
           -0.839687
           -0.842168
           -0.844747
           -0.847392
           -0.850066
           -0.852729
           -0.855347
           -0.857906
           -0.860381
           -0.862757
           -0.865023
           -0.867171
           -0.869193
           -0.871108
           -0.872897
            -0.87457
            -0.87614
           -0.877607
           -0.878984
           -0.880283
           -0.881522
           -0.882704
           -0.883836
           -0.884927
           -0.885989
           -0.887024
           -0.888048
           -0.889051
           -0.890051
            -0.89105
           -0.892049
           -0.893053
           -0.894057
           -0.895068
           -0.896083
           -0.897101
           -0.898127
           -0.899153
           -0.900179
            -0.90121
           -0.902239
           -0.903258
           -0.904276
           -0.905281
           -0.906274
            -0.90727
           -0.908242
           -0.909202
           -0.910144
           -0.911071
           -0.911978
           -0.912882
           -0.913763
           -0.914621
           -0.915466
           -0.916298
           -0.917101
           -0.917887
           -0.918649
           -0.919396
           -0.920134
           -0.920851
           -0.921559
            -0.92225
           -0.922928
           -0.923594
           -0.924248
           -0.924887
           -0.925521
           -0.926148
           -0.926763
           -0.927374
           -0.927979
           -0.928571
           -0.929163
           -0.929748
           -0.930335
           -0.930915
           -0.931483
           -0.932051
           -0.932604
           -0.933161
           -0.933707
           -0.934249
           -0.934779
            -0.93531
            -0.93583
           -0.936341
           -0.936831
           -0.937307
           -0.937773
           -0.938221
           -0.938646
           -0.939057
           -0.939442
           -0.939802
           -0.940134
           -0.940438
           -0.940711
           -0.940941
           -0.941136
           -0.941294
           -0.941409
           -0.941471
           -0.941482
            -0.94144
           -0.941343
           -0.941189
           -0.940981
             -0.9407
           -0.940351
           -0.939939
           -0.939449
            -0.93889
           -0.938255
           -0.937538
           -0.936738
           -0.935856
           -0.934889
           -0.933837
           -0.932707
           -0.931498
           -0.930204
           -0.928845
           -0.927416
           -0.925934
           -0.924392
           -0.922813
           -0.921204
           -0.919584
           -0.917966
           -0.916366
           -0.914819
           -0.913318
           -0.911899
           -0.910595
           -0.909414
           -0.908386
           -0.907531
           -0.906866
           -0.906412
           -0.906182
           -0.906191
           -0.906448
           -0.906946
           -0.907694
           -0.908681
           -0.909899
           -0.911329
           -0.912969
           -0.914789
           -0.916767
           -0.918887
           -0.921107
           -0.923408
           -0.925773
           -0.928176
           -0.930584
           -0.932971
           -0.935328
           -0.937628
           -0.939862
           -0.942004
           -0.944052
           -0.945993
           -0.947814
           -0.949521
           -0.951101
           -0.952566
           -0.953893
             -0.9551
           -0.956175
           -0.957136
           -0.957975
           -0.958703
           -0.959319
           -0.959828
           -0.960236
           -0.960551
           -0.960781
           -0.960925
           -0.960997
              -0.961
           -0.960937
           -0.960821
           -0.960651
           -0.960436
           -0.960182
           -0.959882
           -0.959554
           -0.959202
           -0.958823
           -0.958423
           -0.958005
           -0.957577
           -0.957136
           -0.956673
             -0.9562
           -0.955716
           -0.955225
           -0.954721
           -0.954205
           -0.953683
           -0.953153
           -0.952605
           -0.952043
           -0.951461
           -0.950858
           -0.950232
           -0.949583
           -0.948905
           -0.948203
           -0.947463
           -0.946687
           -0.945875
            -0.94503
           -0.944146
           -0.943224
           -0.942264
           -0.941261
           -0.940214
            -0.93913
            -0.93801
           -0.936853
           -0.935671
           -0.934457
           -0.933223
           -0.931974
           -0.930717
           -0.929454
             -0.9282
           -0.926952
           -0.925731
           -0.924535
           -0.923379
           -0.922276
           -0.921238
           -0.920259
           -0.919373
           -0.918577
           -0.917875
           -0.917291
           -0.916816
           -0.916486
           -0.916282
           -0.916212
           -0.916301
           -0.916542
            -0.91693
           -0.917484
           -0.918196
           -0.919071
           -0.920117
           -0.921322
           -0.922683
           -0.924198
           -0.925862
           -0.927674
           -0.929622
           -0.931703
           -0.933909
           -0.936237
           -0.938679
           -0.941218
           -0.943849
           -0.946562
            -0.94935
           -0.952205
            -0.95512
           -0.958083
           -0.961087
           -0.964128
            -0.96719
           -0.970274
           -0.973368
           -0.976468
           -0.979577
           -0.982668
           -0.985747
           -0.988814
           -0.991855
            -0.99488
           -0.997874
            -1.00083
            -1.00375
            -1.00663
            -1.00947
            -1.01225
              -1.015
            -1.01768
            -1.02031
            -1.02289
            -1.02541
            -1.02786
            -1.03026
            -1.03259
            -1.03486
            -1.03706
            -1.03919
            -1.04126
            -1.04327
            -1.04521
            -1.04707
            -1.04888
            -1.05061
            -1.05228
            -1.05387
             -1.0554
            -1.05686
            -1.05824
            -1.05956
             -1.0608
            -1.06198
             -1.0631
            -1.06414
            -1.06511
            -1.06602
            -1.06686
            -1.06764
            -1.06835
            -1.06899
            -1.06956
            -1.07006
            -1.07051
            -1.07089
             -1.0712
            -1.07145
            -1.07164
            -1.07177
            -1.07184
            -1.07185
             -1.0718
            -1.07169
            -1.07153
            -1.07132
            -1.07107
            -1.07076
            -1.07041
            -1.07003
             -1.0696
            -1.06916
            -1.06868
            -1.06818
            -1.06765
            -1.06711
            -1.06656
              -1.066
            -1.06544
             -1.0649
            -1.06436
            -1.06386
            -1.06338
            -1.06292
             -1.0625
            -1.06212
            -1.06178
             -1.0615
            -1.06127
            -1.06111
            -1.06099
            -1.06094
            -1.06095
            -1.06103
            -1.06118
            -1.06138
            -1.06164
            -1.06198
            -1.06237
            -1.06282
            -1.06331
            -1.06386
            -1.06445
            -1.06508
            -1.06575
            -1.06645
            -1.06717
            -1.06791
            -1.06866
            -1.06941
            -1.07016
            -1.07091
            -1.07164
            -1.07236
            -1.07305
            -1.07372
            -1.07436
            -1.07496
            -1.07553
            -1.07605
            -1.07653
            -1.07695
            -1.07732
            -1.07763
            -1.07787
            -1.07805
            -1.07815
            -1.07817
            -1.07812
            -1.07797
            -1.07773
            -1.07741
            -1.07698
            -1.07645
            -1.07581
            -1.07507
            -1.07422
            -1.07327
            -1.07222
            -1.07106
            -1.06983
            -1.06853
            -1.06717
            -1.06578
            -1.06437
            -1.06296
            -1.06156
            -1.06022
            -1.05895
            -1.05777
            -1.05671
            -1.05577
            -1.05501
            -1.05441
            -1.05398
            -1.05374
            -1.05368
             -1.0538
            -1.05408
            -1.05452
            -1.05509
            -1.05579
            -1.05657
            -1.05742
             -1.0583
            -1.05918
            -1.06005
            -1.06088
            -1.06164
             -1.0623
            -1.06286
             -1.0633
             -1.0636
            -1.06376
            -1.06375
            -1.06359
            -1.06327
            -1.06278
            -1.06214
            -1.06134
            -1.06039
             -1.0593
            -1.05807
            -1.05673
            -1.05529
            -1.05375
            -1.05212
            -1.05042
            -1.04866
            -1.04687
            -1.04503
            -1.04318
            -1.04132
            -1.03946
            -1.03762
             -1.0358
            -1.03401
            -1.03227
            -1.03058
            -1.02896
             -1.0274
            -1.02591
            -1.02449
            -1.02315
             -1.0219
            -1.02073
            -1.01964
            -1.01863
            -1.01772
            -1.01689
            -1.01614
            -1.01547
             -1.0149
            -1.01439
            -1.01396
            -1.01361
            -1.01333
            -1.01312
            -1.01298
            -1.01291
             -1.0129
            -1.01296
            -1.01307
            -1.01324
            -1.01348
            -1.01376
             -1.0141
             -1.0145
            -1.01494
            -1.01544
            -1.01599
            -1.01657
            -1.01721
             -1.0179
            -1.01863
             -1.0194
            -1.02021
            -1.02106
            -1.02195
            -1.02287
            -1.02382
            -1.02481
            -1.02583
            -1.02687
            -1.02794
            -1.02905
            -1.03018
            -1.03133
             -1.0325
             -1.0337
            -1.03492
            -1.03615
            -1.03742
             -1.0387
            -1.03999
             -1.0413
            -1.04263
            -1.04398
            -1.04534
            -1.04672
            -1.04812
            -1.04953
            -1.05095
             -1.0524
            -1.05387
            -1.05536
            -1.05687
             -1.0584
            -1.05997
            -1.06156
            -1.06318
            -1.06483
            -1.06651
            -1.06823
            -1.06998
            -1.07177
             -1.0736
            -1.07546
            -1.07734
            -1.07927
            -1.08124
            -1.08323
            -1.08526
            -1.08734
            -1.08943
            -1.09155
             -1.0937
            -1.09586
            -1.09805
            -1.10023
            -1.10243
            -1.10463
            -1.10683
            -1.10901
            -1.11118
            -1.11333
            -1.11544
            -1.11753
            -1.11958
            -1.12158
            -1.12353
            -1.12542
            -1.12726
            -1.12902
            -1.13071
            -1.13233
            -1.13386
            -1.13531
            -1.13668
            -1.13796
            -1.13914
            -1.14023
            -1.14123
            -1.14212
            -1.14293
            -1.14364
            -1.14425
            -1.14477
            -1.14519
            -1.14551
            -1.14574
            -1.14587
            -1.14592
            -1.14587
            -1.14574
            -1.14551
            -1.14521
            -1.14483
            -1.14436
            -1.14383
            -1.14322
            -1.14254
            -1.14179
            -1.14098
            -1.14012
            -1.13919
            -1.13821
            -1.13719
            -1.13611
            -1.13498
            -1.13381
            -1.13261
            -1.13138
             -1.1301
             -1.1288
            -1.12746
            -1.12611
            -1.12473
            -1.12333
            -1.12191
            -1.12047
            -1.11903
            -1.11757
            -1.11611
            -1.11464
            -1.11316
            -1.11169
            -1.11022
            -1.10874
            -1.10728
            -1.10583
            -1.10439
            -1.10296
            -1.10155
            -1.10016
            -1.09879
            -1.09744
            -1.09612
            -1.09484
            -1.09359
            -1.09239
            -1.09122
            -1.09009
              -1.089
            -1.08797
            -1.08698
            -1.08604
            -1.08515
            -1.08431
            -1.08351
            -1.08274
            -1.08201
            -1.08132
            -1.08066
            -1.08001
            -1.07939
            -1.07876
            -1.07815
            -1.07754
            -1.07693
            -1.07631
             -1.0757
            -1.07506
            -1.07442
            -1.07378
            -1.07314
             -1.0725
            -1.07188
            -1.07127
             -1.0707
            -1.07018
            -1.06973
            -1.06935
            -1.06906
            -1.06887
             -1.0688
            -1.06886
            -1.06906
            -1.06942
            -1.06995
            -1.07066
            -1.07156
            -1.07267
            -1.07397
            -1.07548
            -1.07719
            -1.07911
            -1.08123
            -1.08355
            -1.08605
            -1.08874
             -1.0916
            -1.09461
            -1.09775
            -1.10103
            -1.10442
            -1.10788
            -1.11143
            -1.11501
            -1.11863
            -1.12226
            -1.12587
            -1.12947
            -1.13301
             -1.1365
            -1.13989
            -1.14321
             -1.1464
            -1.14948
            -1.15244
            -1.15523
            -1.15788
            -1.16037
            -1.16268
            -1.16482
            -1.16676
            -1.16853
            -1.17009
            -1.17146
            -1.17261
            -1.17354
            -1.17427
            -1.17477
            -1.17505
            -1.17509
            -1.17491
            -1.17448
             -1.1738
            -1.17287
            -1.17169
            -1.17025
            -1.16855
            -1.16658
            -1.16434
            -1.16184
            -1.15907
            -1.15604
            -1.15276
            -1.14923
            -1.14546
            -1.14147
            -1.13727
             -1.1329
            -1.12837
            -1.12372
            -1.11898
            -1.11419
            -1.10939
            -1.10463
            -1.09993
            -1.09536
            -1.09096
            -1.08678
            -1.08286
            -1.07924
            -1.07596
            -1.07304
             -1.0705
            -1.06836
            -1.06663
            -1.06531
            -1.06438
            -1.06383
            -1.06363
            -1.06377
            -1.06421
            -1.06491
            -1.06585
            -1.06699
             -1.0683
            -1.06975
             -1.0713
            -1.07294
            -1.07466
            -1.07645
            -1.07829
            -1.08016
            -1.08209
            -1.08406
            -1.08608
            -1.08818
            -1.09034
            -1.09259
            -1.09494
             -1.0974
            -1.09998
            -1.10269
            -1.10552
            -1.10849
            -1.11158
             -1.1148
            -1.11815
            -1.12161
            -1.12517
            -1.12883
            -1.13255
            -1.13634
            -1.14016
            -1.14401
            -1.14786
            -1.15169
             -1.1555
            -1.15925
            -1.16293
            -1.16653
            -1.17004
            -1.17344
            -1.17672
            -1.17988
             -1.1829
            -1.18578
            -1.18851
            -1.19109
            -1.19351
            -1.19577
            -1.19787
            -1.19981
            -1.20158
            -1.20318
            -1.20462
            -1.20589
            -1.20701
            -1.20794
            -1.20871
            -1.20931
            -1.20974
               -1.21
            -1.21008
               -1.21
            -1.20975
            -1.20933
            -1.20874
            -1.20798
            -1.20706
            -1.20597
            -1.20472
            -1.20332
            -1.20175
            -1.20004
            -1.19818
            -1.19618
            -1.19404
            -1.19178
            -1.18941
            -1.18692
            -1.18435
            -1.18168
            -1.17895
            -1.17614
             -1.1733
            -1.17041
             -1.1675
            -1.16458
            -1.16168
            -1.15879
            -1.15595
            -1.15315
            -1.15043
            -1.14778
            -1.14521
            -1.14275
             -1.1404
            -1.13817
            -1.13605
            -1.13407
            -1.13221
             -1.1305
            -1.12892
            -1.12748
            -1.12617
            -1.12499
            -1.12393
            -1.12299
            -1.12217
            -1.12144
            -1.12082
            -1.12029
            -1.11986
            -1.11949
            -1.11921
            -1.11898
            -1.11883
            -1.11875
            -1.11872
            -1.11876
            -1.11886
            -1.11904
             -1.1193
            -1.11965
            -1.12009
            -1.12064
             -1.1213
            -1.12212
            -1.12307
            -1.12419
            -1.12548
            -1.12696
            -1.12865
            -1.13057
             -1.1327
            -1.13506
            -1.13765
            -1.14048
            -1.14354
            -1.14683
            -1.15034
            -1.15406
            -1.15799
             -1.1621
            -1.16638
             -1.1708
            -1.17534
               -1.18
            -1.18473
            -1.18952
            -1.19434
            -1.19919
            -1.20404
            -1.20885
            -1.21363
            -1.21834
            -1.22298
            -1.22754
            -1.23202
            -1.23637
            -1.24061
            -1.24474
            -1.24874
             -1.2526
            -1.25632
            -1.25992
            -1.26337
            -1.26668
            -1.26983
            -1.27285
            -1.27571
            -1.27843
              -1.281
            -1.28343
            -1.28571
            -1.28784
            -1.28982
            -1.29165
            -1.29332
            -1.29484
             -1.2962
            -1.29741
            -1.29845
            -1.29934
            -1.30007
            -1.30065
            -1.30109
            -1.30136
            -1.30148
            -1.30145
            -1.30129
              -1.301
             -1.3006
             -1.3001
            -1.29948
            -1.29879
            -1.29803
            -1.29723
            -1.29641
            -1.29558
            -1.29479
            -1.29404
            -1.29338
            -1.29282
            -1.29238
            -1.29209
            -1.29197
            -1.29204
            -1.29232
            -1.29281
            -1.29352
            -1.29446
            -1.29563
            -1.29702
            -1.29862
            -1.30041
            -1.30238
            -1.30451
            -1.30677
            -1.30914
            -1.31159
            -1.31408
             -1.3166
            -1.31911
            -1.32159
              -1.324
            -1.32634
            -1.32856
            -1.33066
            -1.33261
             -1.3344
            -1.33601
            -1.33742
            -1.33862
             -1.3396
            -1.34036
            -1.34088
            -1.34116
            -1.34119
            -1.34097
            -1.34049
            -1.33976
            -1.33877
            -1.33753
            -1.33603
            -1.33429
            -1.33231
            -1.33011
            -1.32769
            -1.32508
            -1.32228
            -1.31932
            -1.31622
              -1.313
             -1.3097
            -1.30634
            -1.30295
            -1.29957
            -1.29621
            -1.29291
            -1.28971
            -1.28664
            -1.28372
            -1.28099
            -1.27849
            -1.27623
            -1.27426
            -1.27259
            -1.27125
            -1.27028
             -1.2697
            -1.26952
            -1.26978
            -1.27049
            -1.27165
             -1.2733
            -1.27542
            -1.27802
            -1.28108
            -1.28461
            -1.28856
            -1.29292
            -1.29767
            -1.30276
            -1.30815
             -1.3138
            -1.31967
             -1.3257
            -1.33186
            -1.33808
            -1.34433
            -1.35057
            -1.35675
            -1.36282
            -1.36876
            -1.37454
            -1.38013
             -1.3855
            -1.39064
            -1.39552
            -1.40013
            -1.40446
             -1.4085
            -1.41225
             -1.4157
            -1.41884
            -1.42168
            -1.42421
            -1.42644
            -1.42836
            -1.42997
            -1.43128
            -1.43229
              -1.433
            -1.43341
            -1.43352
            -1.43333
            -1.43284
            -1.43206
            -1.43097
            -1.42959
            -1.42791
            -1.42593
            -1.42365
            -1.42107
             -1.4182
            -1.41503
            -1.41156
            -1.40781
            -1.40378
            -1.39946
            -1.39486
            -1.38999
            -1.38487
            -1.37948
            -1.37386
            -1.36801
            -1.36193
            -1.35565
            -1.34917
            -1.34252
             -1.3357
            -1.32874
            -1.32165
            -1.31445
            -1.30717
            -1.29982
            -1.29243
            -1.28501
            -1.27759
            -1.27018
            -1.26282
            -1.25552
             -1.2483
            -1.24118
            -1.23419
            -1.22734
            -1.22066
            -1.21418
             -1.2079
            -1.20185
            -1.19605
            -1.19052
            -1.18527
            -1.18032
            -1.17569
            -1.17139
            -1.16746
             -1.1639
            -1.16072
            -1.15796
            -1.15561
            -1.15369
            -1.15223
            -1.15124
            -1.15072
            -1.15069
            -1.15116
            -1.15214
            -1.15364
            -1.15566
            -1.15823
            -1.16132
            -1.16494
             -1.1691
            -1.17378
            -1.17899
            -1.18471
            -1.19093
            -1.19764
            -1.20482
            -1.21247
            -1.22056
            -1.22906
            -1.23796
            -1.24722
            -1.25684
            -1.26678
              -1.277
            -1.28749
            -1.29821
            -1.30913
            -1.32021
            -1.33142
            -1.34273
            -1.35409
            -1.36548
            -1.37686
             -1.3882
            -1.39946
            -1.41062
            -1.42165
             -1.4325
            -1.44317
            -1.45361
            -1.46382
            -1.47376
            -1.48343
            -1.49282
            -1.50189
            -1.51067
             -1.5191
            -1.52722
            -1.53502
            -1.54248
            -1.54962
            -1.55643
            -1.56292
            -1.56908
            -1.57493
            -1.58047
            -1.58571
            -1.59066
            -1.59534
            -1.59974
            -1.60389
            -1.60777
            -1.61142
            -1.61484
            -1.61803
            -1.62101
             -1.6238
             -1.6264
            -1.62882
            -1.63107
            -1.63318
            -1.63513
            -1.63695
            -1.63864
            -1.64022
            -1.64169
            -1.64306
            -1.64435
            -1.64556
            -1.64668
            -1.64775
            -1.64876
            -1.64971
            -1.65062
            -1.65147
            -1.65229
            -1.65307
            -1.65382
            -1.65453
            -1.65521
            -1.65586
            -1.65647
            -1.65703
            -1.65755
              -1.658
             -1.6584
            -1.65871
            -1.65895
            -1.65909
            -1.65912
            -1.65901
            -1.65874
            -1.65831
            -1.65768
            -1.65683
            -1.65574
            -1.65437
             -1.6527
             -1.6507
            -1.64832
            -1.64554
            -1.64232
            -1.63861
            -1.63438
            -1.62959
            -1.62419
            -1.61816
            -1.61143
            -1.60398
            -1.59579
            -1.58679
            -1.57697
            -1.56629
            -1.55475
            -1.54231
            -1.52898
            -1.51475
            -1.49964
            -1.48368
            -1.46691
            -1.44937
            -1.43114
            -1.41229
            -1.39293
            -1.37315
            -1.35309
            -1.33291
            -1.31276
             -1.2928
            -1.27324
            -1.25426
            -1.23607
            -1.21888
            -1.20289
            -1.18834
            -1.17541
            -1.16432
            -1.15524
            -1.14834
            -1.14376
            -1.14161
            -1.14199
            -1.14493
            -1.15044
             -1.1585
            -1.16905
            -1.18198
            -1.19715
            -1.21439
            -1.23352
            -1.25431
            -1.27654
            -1.29998
            -1.32438
            -1.34951
            -1.37511
            -1.40098
             -1.4269
            -1.45269
            -1.47816
            -1.50316
            -1.52756
            -1.55125
            -1.57412
            -1.59611
            -1.61717
            -1.63725
            -1.65632
            -1.67439
            -1.69144
             -1.7075
            -1.72258
            -1.73669
             -1.7499
            -1.76221
            -1.77368
            -1.78433
            -1.79423
            -1.80339
            -1.81187
             -1.8197
            -1.82693
            -1.83359
            -1.83972
            -1.84536
            -1.85053
            -1.85525
            -1.85958
            -1.86353
            -1.86711
            -1.87036
            -1.87329
            -1.87594
             -1.8783
            -1.88041
            -1.88226
            -1.88388
            -1.88527
            -1.88645
            -1.88742
            -1.88819
            -1.88878
            -1.88918
             -1.8894
            -1.88944
            -1.88931
            -1.88901
            -1.88855
            -1.88791
            -1.88712
            -1.88616
            -1.88504
            -1.88376
            -1.88231
            -1.88069
             -1.8789
            -1.87696
            -1.87483
            -1.87254
            -1.87007
            -1.86741
            -1.86458
            -1.86156
            -1.85834
            -1.85493
            -1.85131
            -1.84748
            -1.84343
            -1.83916
            -1.83465
            -1.82989
            -1.82488
            -1.81959
            -1.81402
            -1.80814
            -1.80193
            -1.79538
            -1.78847
            -1.78117
            -1.77347
            -1.76532
             -1.7567
            -1.74759
            -1.73796
            -1.72777
              -1.717
            -1.70561
            -1.69359
            -1.68089
             -1.6675
            -1.65338
            -1.63852
            -1.62287
            -1.60645
            -1.58922
            -1.57117
            -1.55229
             -1.5326
            -1.51207
            -1.49074
             -1.4686
            -1.44567
            -1.42198
            -1.39756
            -1.37246
            -1.34671
            -1.32037
            -1.29352
            -1.26622
            -1.23857
            -1.21065
            -1.18258
            -1.15446
            -1.12642
            -1.09859
            -1.07112
            -1.04415
            -1.01785
           -0.992374
           -0.967883
           -0.944547
           -0.922532
           -0.902003
           -0.883113
           -0.866012
           -0.850842
           -0.837732
           -0.826799
           -0.818123
           -0.811806
           -0.807898
           -0.806439
           -0.807445
           -0.810916
           -0.816822
            -0.82512
           -0.835749
           -0.848624
           -0.863645
            -0.88069
           -0.899617
           -0.920298
           -0.942561
           -0.966257
           -0.991216
            -1.01726
            -1.04423
            -1.07195
            -1.10026
            -1.12898
            -1.15796
            -1.18705
             -1.2161
            -1.24498
            -1.27356
            -1.30174
            -1.32942
            -1.35649
            -1.38287
            -1.40847
            -1.43327
            -1.45717
            -1.48016
             -1.5022
            -1.52326
            -1.54331
            -1.56238
            -1.58043
             -1.5975
            -1.61358
            -1.62869
            -1.64285
            -1.65608
            -1.66841
            -1.67985
            -1.69047
            -1.70027
            -1.70928
            -1.71755
             -1.7251
            -1.73195
            -1.73814
             -1.7437
            -1.74866
            -1.75305
            -1.75687
            -1.76017
            -1.76298
             -1.7653
            -1.76715
            -1.76858
            -1.76959
             -1.7702
            -1.77043
             -1.7703
            -1.76983
            -1.76903
            -1.76792
            -1.76652
            -1.76483
            -1.76289
            -1.76069
            -1.75827
            -1.75562
            -1.75276
            -1.74972
            -1.74649
            -1.74309
            -1.73953
            -1.73583
            -1.73198
            -1.72802
            -1.72393
            -1.71974
            -1.71545
            -1.71106
             -1.7066
            -1.70206
            -1.69746
             -1.6928
            -1.68808
            -1.68331
            -1.67851
            -1.67367
            -1.66879
            -1.66389
            -1.65897
            -1.65403
            -1.64909
            -1.64412
            -1.63915
            -1.63418
            -1.62921
            -1.62424
            -1.61929
            -1.61434
             -1.6094
            -1.60449
            -1.59959
            -1.59471
            -1.58986
            -1.58504
            -1.58025
            -1.57549
            -1.57077
            -1.56609
            -1.56145
            -1.55686
            -1.55233
            -1.54785
            -1.54343
            -1.53907
            -1.53478
            -1.53057
            -1.52643
            -1.52238
            -1.51841
            -1.51454
            -1.51076
            -1.50709
            -1.50353
            -1.50008
            -1.49676
            -1.49356
            -1.49049
            -1.48754
            -1.48474
            -1.48207
            -1.47955
            -1.47718
            -1.47495
            -1.47287
            -1.47093
            -1.46915
            -1.46752
            -1.46603
            -1.46468
            -1.46348
            -1.46242
             -1.4615
             -1.4607
            -1.46003
            -1.45949
            -1.45906
            -1.45875
            -1.45855
            -1.45846
            -1.45847
            -1.45856
            -1.45876
            -1.45904
