#     BLOCK:           ACTUAL_P:              P_AVE:              ERROR:
           1              2.1961              2.1961                   0
           2             3.19087             2.69348            0.351705
           3             3.82842             3.07179            0.387801
           4             4.51581              3.4328             0.42701
           5             4.72405             3.69105            0.412371
           6             5.04965             3.91748             0.40102
           7             5.49807             4.14328            0.402309
           8             5.68268              4.3357             0.39537
           9             6.02996             4.52395            0.393714
          10             6.10801             4.68236            0.384891
          11               6.934             4.88705            0.400652
          12             7.13362             5.07427             0.40867
          13              6.8688             5.21231            0.399869
          14             7.13585              5.3497            0.394205
          15             7.38428             5.48534            0.390564
          16             7.92673             5.63793            0.394836
          17             7.71106             5.75988            0.389989
          18             7.99833             5.88424            0.387644
          19             8.30158             6.01147            0.387558
          20             7.85388             6.10359             0.37897
          21             7.96877              6.1924            0.371186
          22             8.35389             6.29065            0.367087
          23             8.07407             6.36819            0.359223
          24             7.52681             6.41647            0.347484
          25             7.30849             6.45215            0.335411
          26             7.34155             6.48636            0.324251
          27             7.92236             6.53954            0.316573
          28             7.85168             6.58641            0.308716
          29             7.76717             6.62712            0.300744
          30             7.81266             6.66664            0.293304
          31             7.96462             6.70851            0.286815
          32             7.59112             6.73609            0.279175
          33             7.23421             6.75119            0.271123
          34             7.42171             6.77091            0.263865
          35             7.22808             6.78397            0.256649
          36             7.45463              6.8026            0.250195
          37             7.38047             6.81822             0.24392
          38             7.84319             6.84519            0.238988
          39               8.151             6.87867            0.235194
          40             8.24728             6.91289            0.231789
          41             8.35414             6.94804            0.228786
          42             8.43185             6.98337             0.22605
          43             8.86571             7.02714            0.224992
          44             8.35957             7.05743            0.221907
          45             8.45145              7.0884            0.219127
          46             8.44471             7.11789            0.216338
          47             8.10172             7.13882            0.212746
          48             7.93011             7.15531            0.208951
          49             7.82168             7.16891            0.205129
          50             7.79453             7.18142            0.201408
          51             7.65518             7.19071            0.197673
          52             7.82479              7.2029            0.194247
          53              7.6838             7.21198            0.190794
          54             7.10945             7.21008             0.18727
          55             6.92231             7.20485            0.183938
          56             7.31583             7.20683            0.180664
          57             7.75256              7.2164            0.177748
          58             7.92814             7.22867            0.175107
          59             7.78647             7.23813            0.172394
          60             7.84095             7.24817            0.169813
          61             8.04988             7.26132            0.167537
          62             7.84861             7.27079            0.165102
          63             7.97978             7.28204            0.162865
          64              7.6075             7.28713            0.160399
          65             7.52756             7.29083            0.157974
          66             7.60524             7.29559            0.155653
          67             7.97525             7.30574             0.15366
          68             8.06224             7.31686            0.151802
          69             8.03279             7.32724            0.149956
          70             7.88538             7.33521            0.148026
          71             8.11944             7.34626            0.146352
          72             8.39604             7.36084            0.145044
          73             8.46952             7.37602             0.14385
          74             7.62509             7.37939            0.141946
          75              7.8082             7.38511            0.140168
          76             8.07935             7.39424            0.138621
          77              8.2895             7.40587            0.137308
          78             8.18179             7.41582            0.135907
          79              7.9156             7.42214            0.134334
          80              8.1528             7.43128            0.132965
          81             8.13535             7.43997            0.131607
          82             8.21732             7.44945            0.130343
          83             7.99789             7.45606             0.12894
          84             8.07374             7.46341            0.127615
          85             7.92053             7.46879            0.126227
          86             7.75328             7.47209            0.124802
          87              7.2558             7.46961            0.123393
          88             7.56313             7.47067            0.121995
          89             7.34608             7.46927            0.120632
          90             7.83278             7.47331            0.119359
          91             7.95924             7.47865            0.118167
          92             8.05587             7.48492            0.117049
          93             8.08362             7.49136            0.115968
          94             7.88507             7.49555            0.114809
          95             7.74653             7.49819            0.113631
          96             7.73966             7.50071            0.112475
          97             7.82913             7.50409            0.111367
          98             7.76721             7.50678            0.110263
          99             7.76633              7.5094             0.10918
         100             8.10014             7.51531            0.108248
         101             8.41083             7.52417            0.107539
         102             8.15856             7.53039            0.106664
         103             8.03051             7.53525            0.105739
         104             8.09552             7.54064             0.10486
         105             8.08275              7.5458            0.103988
         106             7.81347             7.54832            0.103038
         107             7.80394             7.55071            0.102102
         108             7.72067             7.55229            0.101169
         109              7.4875             7.55169            0.100243
         110             7.58555               7.552           0.0993318
         111              7.5029             7.55156           0.0984379
         112             7.36534              7.5499           0.0975731
         113              6.8885             7.54404            0.096885
         114             6.78817             7.53741           0.0962617
         115             7.40686             7.53628           0.0954314
         116             7.30547             7.53429           0.0946294
         117             7.36247             7.53282            0.093832
         118              7.4803             7.53237           0.0930379
         119              7.5054             7.53215           0.0922563
         120             7.33101             7.53047           0.0915027
         121             7.31972             7.52873           0.0907631
         122             7.26885              7.5266           0.0900441
         123             7.37841             7.52539           0.0893201
         124             7.06286             7.52166           0.0886777
         125             7.08155             7.51814           0.0880381
         126             7.49493             7.51796           0.0873396
         127             7.11294             7.51477           0.0867101
         128             6.64292             7.50796           0.0862998
         129             6.82865             7.50269           0.0857913
         130             6.88969             7.49798           0.0852608
         131             6.91077             7.49349           0.0847277
         132             7.28368              7.4919           0.0841008
         133             7.35693             7.49089           0.0834746
         134             7.06687             7.48773           0.0829116
         135             7.02934             7.48433           0.0823669
         136             7.34492              7.4833           0.0817676
         137             7.11998             7.48065           0.0812138
         138             6.92623             7.47664           0.0807246
         139             6.59854             7.47032           0.0803906
         140             6.58199             7.46397           0.0800664
         141             6.69446             7.45852           0.0796844
         142             6.72411             7.45334           0.0792909
         143             6.55536             7.44706           0.0789847
         144             7.12481             7.44483           0.0784679
         145             7.08137             7.44232           0.0779667
         146             7.34974             7.44169           0.0774353
         147             7.34623             7.44104           0.0769112
         148             7.07162             7.43854           0.0764321
         149             7.25724             7.43732           0.0759288
         150             7.35915              7.4368           0.0754244
         151             7.74467             7.43884           0.0749524
         152             8.27251             7.44433           0.0746597
         153             8.30242             7.44993           0.0743821
         154             8.48616             7.45666           0.0742028
         155              7.7731              7.4587           0.0737522
         156             8.28282             7.46399           0.0734684
         157             7.81164              7.4662           0.0730338
         158             7.68653              7.4676           0.0725849
         159             7.24944             7.46622           0.0721413
         160             7.34112             7.46544           0.0716947
         161             7.54691             7.46595           0.0712511
         162             7.39864             7.46553           0.0708125
         163             7.65032             7.46667           0.0703872
         164             7.60152             7.46749           0.0699628
         165             7.70945             7.46895           0.0695541
         166             7.38296             7.46844           0.0691371
         167             7.04689             7.46591           0.0687691
         168             7.29575              7.4649           0.0683673
         169              7.3779             7.46438           0.0679647
         170             7.28706             7.46334           0.0675729
         171             7.52587             7.46371           0.0671787
         172             7.20808             7.46222           0.0668046
         173             7.54524              7.4627           0.0664201
         174             7.88662             7.46514           0.0660831
         175             8.33535             7.47011           0.0658923
         176             7.77532             7.47184           0.0655407
         177             7.74432             7.47338           0.0651885
         178             7.16546             7.47165           0.0648452
         179             7.38143             7.47115           0.0644849
         180             7.25638             7.46996           0.0641377
         181             7.60615             7.47071           0.0637878
         182             7.71935             7.47208           0.0634519
         183             8.25578             7.47636           0.0632495
         184             7.64371             7.47727           0.0629123
         185             7.41321             7.47692           0.0625732
         186             8.27327              7.4812           0.0623831
         187             8.10212             7.48452           0.0621378
         188             7.87322             7.48659           0.0618417
         189             7.68022             7.48761            0.061523
         190             7.73975             7.48894           0.0612135
         191             7.62622             7.48966           0.0608972
         192             8.04793             7.49257           0.0606494
         193             7.41362             7.49216           0.0603365
         194             7.94367             7.49449           0.0600704
         195             8.36249             7.49894            0.059927
         196             8.32208             7.50314           0.0597682
         197             8.17908             7.50657           0.0595633
         198              8.2641             7.51039           0.0593852
         199             8.31815             7.51445           0.0592253
         200             8.21979             7.51798           0.0590341
         201             8.00177             7.52039           0.0587895
         202             7.42742             7.51993           0.0585002
         203               7.811             7.52136           0.0582296
         204             8.27928             7.52508           0.0580626
         205             7.96069              7.5272           0.0578182
         206             8.05632             7.52977           0.0575946
         207             7.94026             7.53175           0.0573505
         208             8.13183             7.53464           0.0571473
         209             8.02539             7.53699            0.056922
         210             8.04656             7.53941           0.0567027
         211             7.93806              7.5413           0.0564654
         212              7.7925             7.54249           0.0562115
         213             7.57484             7.54264           0.0559478
         214             7.65096             7.54314           0.0556887
         215             7.44793              7.5427           0.0554314
         216             7.05302             7.54043           0.0552211
         217             7.18008             7.53877           0.0549916
         218             7.51502             7.53867           0.0547395
         219             7.56323             7.53878           0.0544896
         220             7.36297             7.53798           0.0542478
         221             7.44106             7.53754           0.0540041
         222             7.71395             7.53833           0.0537667
         223             8.18082             7.54122           0.0536027
         224             7.76983             7.54224           0.0533731
         225              7.6798             7.54285           0.0531394
         226             8.08645             7.54525           0.0529587
         227             8.02471             7.54736           0.0527675
         228             8.29541             7.55065            0.052638
         229             9.01619             7.55705           0.0527957
         230             9.03108             7.56345           0.0529537
         231             8.94076             7.56942           0.0530591
         232             8.51933             7.57351           0.0529881
         233             8.48472             7.57742           0.0529048
         234              8.5323              7.5815           0.0528359
         235              8.3227             7.58466           0.0527051
         236              7.7459             7.58534           0.0524862
         237             7.81628             7.58631           0.0522738
         238              7.6114             7.58642           0.0520543
         239             7.89489             7.58771           0.0518525
         240             8.31901             7.59076           0.0517259
         241             8.45965             7.59436           0.0516367
         242             8.11101              7.5965           0.0514675
         243             7.76222             7.59718           0.0512602
         244             7.90133             7.59843           0.0510653
         245             7.64562             7.59862           0.0508572
         246              7.6811             7.59895           0.0506516
         247             7.54475             7.59873            0.050447
         248             7.67831             7.59906           0.0502446
         249             7.79572             7.59985            0.050049
         250             8.07135             7.60173           0.0498843
         251             8.41544             7.60497           0.0497908
         252             9.11793             7.61098           0.0499539
         253              8.9453             7.61625           0.0500341
         254              8.5166              7.6198           0.0499625
         255             8.11587             7.62174           0.0498044
         256             8.59812             7.62556           0.0497557
         257              8.5794             7.62927           0.0497003
         258             8.49538             7.63262           0.0496209
         259             8.85654             7.63735           0.0496539
         260             7.93689              7.6385           0.0494762
         261             8.00753             7.63992           0.0493069
         262             7.68979             7.64011           0.0491191
         263             7.72601             7.64043           0.0489334
         264             7.75987             7.64088           0.0487501
         265             7.34971             7.63979           0.0485785
         266             7.78522             7.64033            0.048399
         267             7.76869             7.64081           0.0482201
         268             7.75029             7.64122           0.0480419
         269             8.31508             7.64373           0.0479286
         270             7.38736             7.64278           0.0477605
         271             7.62966             7.64273           0.0475843
         272             7.45058             7.64202           0.0474146
         273             7.66852             7.64212            0.047241
         274             7.69239              7.6423           0.0470689
         275             7.88201             7.64317           0.0469058
         276             7.78374             7.64368           0.0467386
         277             8.56153               7.647           0.0466872
         278             8.18422             7.64893           0.0465593
         279             7.98858             7.65015           0.0464083
         280             8.03213             7.65151           0.0462626
         281             7.42423              7.6507            0.046105
         282             7.55856             7.65038           0.0459427
         283             7.49378             7.64982           0.0457837
         284             8.05589             7.65125           0.0456448
         285             8.05548             7.65267           0.0455067
         286             7.79764             7.65318           0.0453504
         287             7.45239             7.65248           0.0451978
         288             7.37905             7.65153           0.0450508
         289             7.32864             7.65041           0.0449088
         290             7.20882             7.64889           0.0447797
         291             7.31652             7.64775           0.0446404
         292             7.26587             7.64644           0.0445067
         293             7.76213             7.64683           0.0443565
         294             7.80271             7.64736           0.0442088
         295             7.74723              7.6477           0.0440602
         296             7.44466             7.64702           0.0439167
         297             7.47032             7.64642           0.0437729
         298              7.5134             7.64597           0.0436283
         299             7.72241             7.64623           0.0434831
         300             7.64793             7.64624           0.0433382
         301             7.53171             7.64586           0.0431959
         302             7.69359             7.64601           0.0430531
         303             7.40754             7.64523           0.0429182
         304             7.58289             7.64502           0.0427775
         305             7.59482             7.64486           0.0426376
         306             7.49646             7.64437            0.042501
         307             7.56632             7.64412           0.0423633
         308             7.36066              7.6432           0.0422358
         309             7.41174             7.64245           0.0421057
         310             7.46263             7.64187           0.0419739
         311             7.66669             7.64195            0.041839
         312             7.74104             7.64227           0.0417061
         313             7.85757             7.64295           0.0415786
         314             7.43368             7.64229           0.0414515
         315             7.73655             7.64259            0.041321
         316             7.76461             7.64297            0.041192
         317             7.46112              7.6424           0.0410661
         318             7.57317             7.64218           0.0409375
         319              7.1658             7.64069           0.0408364
         320             7.16291             7.63919           0.0407361
         321             7.27434             7.63806            0.040625
         322             7.53923             7.63775              0.0405
         323             7.34307             7.63684           0.0403849
         324             7.22748             7.63558             0.04028
         325             7.23766             7.63435           0.0401747
         326             7.02688             7.63249           0.0400946
         327             7.27257             7.63139           0.0399871
         328             7.29944             7.63038            0.039878
         329             7.45494             7.62984           0.0397604
         330             7.37233             7.62906           0.0396476
         331             7.18533             7.62772           0.0395504
         332              7.1082             7.62616           0.0394622
         333             7.04321             7.62441           0.0393826
         334             6.84817             7.62208           0.0393332
         335             6.94529             7.62006           0.0392676
         336             6.57332             7.61695           0.0392741
         337             7.06831             7.61532           0.0391913
         338             6.73848             7.61272           0.0391611
         339             6.99083             7.61089           0.0390885
         340             7.26054             7.60986           0.0389871
         341              7.4997             7.60954           0.0388742
         342             7.46333             7.60911           0.0387628
         343             7.35213             7.60836           0.0386571
         344             7.31398              7.6075           0.0385542
         345             7.37383             7.60683           0.0384484
         346             7.36765             7.60613           0.0383435
         347             7.18425             7.60492           0.0382522
         348             6.97202              7.6031           0.0381855
         349              7.3411             7.60235           0.0380835
         350              7.4971             7.60205           0.0379759
         351             7.43611             7.60158           0.0378706
         352             7.32099             7.60078           0.0377714
         353             7.43569             7.60031           0.0376673
         354             7.54916             7.60017           0.0375612
         355             7.35146             7.59947           0.0374619
         356             7.35727             7.59879           0.0373628
         357             7.07319             7.59731           0.0372872
         358             7.32578             7.59656           0.0371907
         359             7.81027             7.59715           0.0370919
         360             7.92768             7.59807           0.0370002
         361             7.87163             7.59883           0.0369055
         362             7.92116             7.59972           0.0368143
         363             7.72178             7.60005           0.0367144
         364             7.78096             7.60055           0.0366169
         365             7.85878             7.60126           0.0365234
         366             7.77485             7.60173           0.0364267
         367             7.91541             7.60259           0.0363375
         368             7.85338             7.60327           0.0362451
         369             7.63992             7.60337            0.036147
         370             7.35851             7.60271           0.0360554
         371             6.92936             7.60089           0.0360039
         372             7.47373             7.60055           0.0359087
         373             7.50181             7.60028           0.0358134
         374             7.64929             7.60042           0.0357179
         375             7.58189             7.60037           0.0356227
         376             7.86667             7.60107            0.035535
         377             7.71447             7.60137            0.035442
         378             7.82269             7.60196           0.0353531
         379             7.32233             7.60122           0.0352675
         380             7.06531             7.59981           0.0352029
         381             7.17412             7.59869           0.0351282
         382             7.38614             7.59814           0.0350406
         383             7.03244             7.59666           0.0349803
         384             6.79795             7.59458            0.034951
         385             7.10822             7.59332            0.034883
         386             6.73733              7.5911           0.0348631
         387             7.10221             7.58984           0.0347958
         388              6.9885             7.58829           0.0347407
         389             7.20751             7.58731           0.0346651
         390             7.48407             7.58704           0.0345773
         391             7.61358             7.58711           0.0344889
         392             7.47764             7.58683           0.0344021
         393             7.21509             7.58589           0.0343275
         394             7.11321             7.58469           0.0342613
         395             6.97281             7.58314           0.0342096
         396             7.26933             7.58235           0.0341324
         397              7.3151             7.58167           0.0340531
         398             7.19492              7.5807           0.0339814
         399             7.19422             7.57973             0.03391
         400             6.97293             7.57821           0.0338591
         401             7.15645             7.57716            0.033791
         402              6.8437             7.57534           0.0337562
         403             6.80387             7.57342           0.0337267
         404             6.87801              7.5717           0.0336871
         405             7.26713             7.57095           0.0336123
         406             7.23635             7.57013           0.0335396
         407             7.20445             7.56923           0.0334692
         408             7.76007              7.5697           0.0333905
         409             7.46538             7.56944           0.0333098
         410              7.2532             7.56867           0.0332375
         411             7.31656             7.56806           0.0331623
         412             7.92817             7.56893           0.0330933
         413             7.36384             7.56843           0.0330169
         414             7.06279             7.56721           0.0329597
         415             7.28039             7.56652           0.0328876
         416             6.94064             7.56502           0.0328429
         417             6.86082             7.56333           0.0328075
         418             6.49781             7.56078           0.0328279
         419             6.73221              7.5588           0.0328091
         420             6.95912             7.55737            0.032762
         421             7.41434             7.55703            0.032686
         422             7.59711             7.55713           0.0326087
         423              7.5356             7.55708           0.0325316
         424             7.70448             7.55743           0.0324567
         425             7.60422             7.55754           0.0323806
         426             7.77176             7.55804           0.0323084
         427             7.56572             7.55806           0.0322328
         428             7.50973             7.55794           0.0321577
         429             7.82339             7.55856           0.0320887
         430             7.40262              7.5582           0.0320161
         431             7.23087             7.55744           0.0319508
         432             7.26235             7.55676           0.0318842
         433             7.46873             7.55655           0.0318112
         434             7.25402             7.55586           0.0317455
         435             7.56922             7.55589           0.0316725
         436              7.8941             7.55666           0.0316094
         437             7.51266             7.55656           0.0315372
         438             7.43053             7.55627           0.0314665
         439              7.7357             7.55668           0.0313975
         440             7.71047             7.55703           0.0313281
         441             7.66587             7.55728            0.031258
         442             7.85273             7.55795           0.0311945
         443             8.04517             7.55905           0.0311434
         444             7.52942             7.55898           0.0310734
         445             7.34035             7.55849           0.0310074
         446             7.19564             7.55768           0.0309486
         447             7.50142             7.55755           0.0308796
         448             7.16173             7.55667           0.0308233
         449             7.11352             7.55568           0.0307704
         450             7.21356             7.55492           0.0307114
         451              7.7331             7.55531           0.0306459
         452             7.83488             7.55593           0.0305843
         453             7.90233              7.5567           0.0305264
         454             8.08096             7.55785            0.030481
         455             7.73157             7.55823           0.0304164
         456             8.00106             7.55921           0.0303652
         457             8.03337             7.56024           0.0303164
         458             8.35892             7.56199           0.0303004
         459             8.24696             7.56348           0.0302711
         460             8.30939              7.5651           0.0302487
         461             8.11728              7.5663           0.0302068
         462              7.9338             7.56709           0.0301518
         463             7.90592             7.56783           0.0300956
         464             7.88544             7.56851           0.0300385
         465             7.65255             7.56869           0.0299745
         466             7.82332             7.56924           0.0299151
         467             7.96769             7.57009           0.0298632
         468             8.10884             7.57124           0.0298216
         469             7.95321             7.57206           0.0297691
         470             7.44789             7.57179            0.029707
         471             7.32752             7.57127           0.0296484
         472             7.77653             7.57171           0.0295888
         473             7.35749             7.57126           0.0295297
         474             7.37598             7.57084           0.0294703
         475             7.04651             7.56974           0.0294289
         476             6.90006             7.56833           0.0294007
         477             7.09143             7.56733           0.0293561
         478              6.9917             7.56613           0.0293193
         479             7.01119             7.56497            0.029281
         480             7.14201             7.56409           0.0292333
         481             7.33089              7.5636           0.0291765
         482             7.15492             7.56276           0.0291283
         483             7.08191             7.56176            0.029085
         484             6.66536             7.55991           0.0290838
         485             7.01079             7.55878           0.0290459
         486             6.44053             7.55648           0.0290771
         487             6.41369             7.55413           0.0291119
         488             6.20595             7.55137            0.029183
         489              6.0173             7.54823           0.0292915
         490             6.39377             7.54587           0.0293263
         491             6.19247             7.54312           0.0293959
         492              6.4673             7.54093           0.0294173
         493             6.51647             7.53885            0.029431
         494             6.43767             7.53662           0.0294557
         495             6.77473             7.53508           0.0294364
         496             6.64758             7.53329           0.0294313
         497             6.52963             7.53128           0.0294413
         498             6.76227             7.52973           0.0294227
         499             6.75476             7.52818           0.0294047
         500             7.26399             7.52765           0.0293506
         501             7.54289             7.52768            0.029292
         502             7.84349             7.52831           0.0292404
         503              7.9067             7.52906            0.029192
         504             7.89982              7.5298           0.0291433
         505             7.75866             7.53025           0.0290891
         506             7.78489             7.53075            0.029036
         507             7.63394             7.53096           0.0289795
         508             7.97446             7.53183           0.0289356
         509             7.71156             7.53218           0.0288809
         510             7.88508             7.53288           0.0288325
         511             7.75681             7.53331           0.0287794
         512             7.48376             7.53322           0.0287234
         513             7.70575             7.53355           0.0286694
         514             7.68033             7.53384            0.028615
         515             7.13066             7.53306           0.0285701
         516             7.19062             7.53239           0.0285225
         517             7.18012             7.53171           0.0284755
         518             6.76545             7.53023           0.0284589
         519             6.87692             7.52897           0.0284319
         520             6.84879             7.52766           0.0284073
         521             6.99442             7.52664           0.0283712
         522               7.067             7.52576           0.0283305
         523             7.19323             7.52512           0.0282834
         524             7.46708             7.52501           0.0282297
         525             7.60366             7.52516           0.0281763
         526             6.91069               7.524            0.028147
         527             7.45307             7.52386           0.0280939
         528             7.85807             7.52449           0.0280478
         529             7.68789              7.5248           0.0279965
         530             7.97299             7.52565           0.0279564
         531             8.35238             7.52721           0.0279471
         532             8.20549             7.52848           0.0279236
         533             7.66479             7.52874           0.0278724
         534             7.75732             7.52916           0.0278235
         535             7.33138             7.52879           0.0277739
         536             7.17124             7.52813           0.0277301
         537             7.63665             7.52833           0.0276792
         538             8.01838             7.52924           0.0276428
         539             7.63846             7.52944           0.0275922
         540             7.77626              7.5299           0.0275449
         541             7.83526             7.53046           0.0274998
         542             7.70898             7.53079            0.027451
         543             7.86872             7.53142           0.0274075
         544             7.93221             7.53215            0.027367
         545             8.22485             7.53342           0.0273463
         546              7.9028              7.5341           0.0273046
         547             7.71233             7.53443           0.0272566
         548             7.55544             7.53446           0.0272069
         549             7.33073             7.53409           0.0271599
         550             7.40538             7.53386           0.0271115
         551             7.65587             7.53408           0.0270632
         552             7.91919             7.53478           0.0270232
         553             7.59323             7.53488           0.0269745
         554             7.80212             7.53537           0.0269301
         555             7.89541             7.53602           0.0268894
         556             7.77821             7.53645           0.0268446
         557             7.36935             7.53615           0.0267981
         558             7.27579             7.53568           0.0267541
         559             7.24609             7.53517           0.0267113
         560             7.41848             7.53496           0.0266644
         561             7.22012              7.5344           0.0266228
         562             7.33336             7.53404           0.0265778
         563             7.31059             7.53364           0.0265335
         564             7.50451             7.53359           0.0264866
         565             7.99568             7.53441           0.0264523
         566             7.56297             7.53446           0.0264056
         567              7.4014             7.53422           0.0263601
         568             7.51352             7.53419           0.0263137
         569             7.96985             7.53495           0.0262786
         570             7.94901             7.53568           0.0262425
         571              8.4182             7.53723            0.026242
         572             7.61418             7.53736           0.0261965
         573             7.59061             7.53745            0.026151
         574             7.73487              7.5378           0.0261077
         575             7.55363             7.53782           0.0260623
         576             7.40957              7.5376            0.026018
         577             7.29466             7.53718           0.0259763
         578             7.16517             7.53654           0.0259393
         579             7.27667             7.53609           0.0258984
         580              7.1241             7.53538           0.0258635
         581              6.9349             7.53434           0.0258396
         582             6.74057             7.53298           0.0258312
         583             6.55418              7.5313           0.0258414
         584             6.46499             7.52948           0.0258616
         585             6.77161             7.52818           0.0258498
         586             7.06118             7.52738           0.0258179
         587             7.25031             7.52691           0.0257783
         588             7.34561              7.5266           0.0257363
         589             7.15253             7.52597           0.0257004
         590             7.16858             7.52536            0.025664
         591             7.09937             7.52464           0.0256307
         592             7.79526              7.5251           0.0255915
         593             7.48933             7.52504           0.0255484
         594             7.53269             7.52505           0.0255054
         595             7.41717             7.52487           0.0254632
         596             7.40944             7.52468           0.0254212
         597             7.83328             7.52519           0.0253838
         598             7.50488             7.52516           0.0253414
         599             7.29901             7.52478           0.0253019
         600             7.36946             7.52452           0.0252611
         601             7.19494             7.52397            0.025225
         602             7.20568             7.52345           0.0251886
         603             7.29157             7.52306           0.0251498
         604             7.39798             7.52285            0.025109
         605             7.32136             7.52252           0.0250697
         606             7.36672             7.52226           0.0250297
         607             7.65988             7.52249           0.0249895
         608             8.17102             7.52356           0.0249711
         609             8.26707             7.52478           0.0249599
         610             8.09448             7.52571           0.0249365
         611             7.81898             7.52619           0.0249003
         612              7.4488             7.52607           0.0248599
         613              7.1603             7.52547           0.0248265
         614             7.06798             7.52472           0.0247973
         615             7.51361             7.52471            0.024757
         616             6.76681             7.52348           0.0247473
         617              7.1034             7.52279           0.0247166
         618             7.07475             7.52207           0.0246872
         619             6.87325             7.52102           0.0246696
         620             7.16131             7.52044           0.0246366
         621             7.14448             7.51984           0.0246044
         622             6.90926             7.51885           0.0245844
         623             7.09182             7.51817           0.0245545
         624             7.37243             7.51793           0.0245162
         625             7.75041             7.51831           0.0244798
         626             7.67122             7.51855            0.024442
         627             7.67743              7.5188           0.0244043
         628             7.57352             7.51889           0.0243656
         629             7.60187             7.51902           0.0243272
         630             7.27502             7.51864           0.0242917
         631             7.18728             7.51811           0.0242588
         632             7.42684             7.51797           0.0242209
         633             7.61695             7.51812           0.0241831
         634             7.59723             7.51825           0.0241453
         635             7.66175             7.51847           0.0241083
         636             7.47877             7.51841           0.0240705
         637             7.70337              7.5187           0.0240345
         638             8.01765             7.51948           0.0240095
         639             8.25636             7.52064           0.0239996
         640             7.55307             7.52069           0.0239622
         641             7.76375             7.52107           0.0239278
         642             7.66882              7.5213           0.0238916
         643             7.51983             7.52129           0.0238545
         644             7.29117             7.52094           0.0238201
         645             7.48647             7.52088           0.0237833
         646             7.15725             7.52032           0.0237531
         647             6.98371             7.51949           0.0237309
         648              6.7651             7.51833           0.0237228
         649              6.6354             7.51697           0.0237252
         650             6.69901             7.51571           0.0237221
         651             7.27331             7.51534           0.0236885
         652             7.69191             7.51561           0.0236537
         653             7.63045             7.51578           0.0236182
         654             7.37264             7.51556           0.0235831
         655             7.09835             7.51493           0.0235557
         656             6.94822             7.51406           0.0235356
         657             7.41619             7.51391           0.0235003
         658             7.54049             7.51395           0.0234646
         659             8.03045             7.51474           0.0234421
         660             8.04496             7.51554           0.0234203
         661             8.13048             7.51647           0.0234033
         662             8.03976             7.51726           0.0233813
         663             7.63368             7.51744           0.0233467
         664              7.4992             7.51741           0.0233116
         665             7.26186             7.51703           0.0232797
         666             7.08259             7.51637           0.0232539
         667             7.11157             7.51577           0.0232269
         668             7.30975             7.51546           0.0231942
         669             7.95226             7.51611           0.0231687
         670             7.76883             7.51649           0.0231372
         671             7.38801              7.5163           0.0231035
         672             6.77345             7.51519           0.0230956
         673             6.98146              7.5144           0.0230749
         674             7.29795             7.51408           0.0230429
         675             7.27365             7.51372           0.0230115
         676             7.12487             7.51315           0.0229846
         677             7.15115             7.51261           0.0229569
         678             7.41749             7.51247           0.0229235
         679             7.13671             7.51192           0.0228964
         680             7.22043             7.51149           0.0228667
         681             7.07428             7.51085           0.0228422
         682             6.96574             7.51005           0.0228226
         683             7.57435             7.51014           0.0227894
         684             7.54147             7.51019           0.0227562
         685             7.05682             7.50953           0.0227326
         686             6.92791             7.50868           0.0227152
         687             6.47319             7.50717           0.0227321
         688             6.68414             7.50597           0.0227305
         689              6.9905             7.50523           0.0227098
         690             6.98631             7.50447           0.0226894
         691             7.28001             7.50415           0.0226589
         692             6.97177             7.50338           0.0226392
         693             6.93871             7.50257           0.0226212
         694             6.77133             7.50151           0.0226131
         695              7.2346             7.50113           0.0225838
         696             7.16479             7.50064           0.0225565
         697             7.47928             7.50061           0.0225242
         698              7.5077             7.50062           0.0224919
         699             7.60612             7.50077           0.0224603
         700             7.64046             7.50097           0.0224291
         701             7.79732              7.5014           0.0224011
         702             8.06641              7.5022           0.0223836
         703             7.86944             7.50272           0.0223579
         704             8.06352             7.50352           0.0223403
         705             8.15235             7.50444           0.0223275
         706             7.88245             7.50498           0.0223023
         707             7.58348             7.50509           0.0222711
         708             7.59707             7.50522             0.02224
         709             7.44701             7.50514           0.0222088
         710             7.41353             7.50501           0.0221779
         711             7.17712             7.50455           0.0221515
         712             7.22484             7.50415           0.0221238
         713             7.25011              7.5038           0.0220957
         714             7.65835             7.50401           0.0220658
         715              8.0619             7.50479           0.0220487
         716              7.9716             7.50545           0.0220276
         717             7.64091             7.50563           0.0219977
         718              7.6023             7.50577           0.0219674
         719             8.03636             7.50651           0.0219493
         720             7.74392             7.50684           0.0219213
         721             8.14743             7.50772           0.0219089
         722             8.42955               7.509           0.0219157
         723             8.43879             7.51029           0.0219231
         724             8.00339             7.51097           0.0219034
         725             8.05914             7.51172           0.0218862
         726             7.87089             7.51222           0.0218616
         727             7.79074              7.5126           0.0218349
         728             7.82647             7.51303           0.0218092
         729             7.97295             7.51366           0.0217884
         730             7.71289             7.51394           0.0217603
         731             7.84244             7.51439           0.0217351
         732             7.76231             7.51473           0.0217081
         733             7.61749             7.51487           0.0216789
         734             7.64498             7.51504           0.0216501
         735             8.28865              7.5161           0.0216462
         736             7.76001             7.51643           0.0216193
         737             8.02381             7.51712            0.021601
         738              7.7497             7.51743            0.021574
         739             7.94665             7.51801           0.0215526
         740             8.19176             7.51892           0.0215427
         741             8.25418             7.51991           0.0215365
         742             7.66197             7.52011           0.0215083
         743             8.11982             7.52091           0.0214945
         744             7.93357             7.52147           0.0214728
         745             7.46833              7.5214           0.0214441
         746             7.76706             7.52173           0.0214178
         747              6.8606             7.52084           0.0214075
         748             7.20229             7.52041           0.0213831
         749              7.5495             7.52045           0.0213546
         750             7.53608             7.52047           0.0213261
         751             7.23514             7.52009           0.0213011
         752             7.35873             7.51988           0.0212738
         753             7.43711             7.51977           0.0212459
         754             7.41326             7.51963           0.0212182
         755             7.59316             7.51973           0.0211903
         756             7.55768             7.51978           0.0211623
         757             7.31741             7.51951            0.021136
         758             7.50078             7.51948           0.0211082
         759              7.2254              7.5191           0.0210839
         760             7.38852             7.51892           0.0210569
         761             7.58714             7.51901           0.0210294
         762             7.51463             7.51901           0.0210018
         763             7.29976             7.51872           0.0209762
         764             7.20645             7.51831           0.0209528
         765             7.54972             7.51835           0.0209254
         766             8.08455             7.51909           0.0209111
         767             8.12225             7.51988           0.0208987
         768             8.00091             7.52051           0.0208808
         769             7.72746             7.52077           0.0208554
         770             7.53932              7.5208           0.0208283
         771             7.50041             7.52077           0.0208013
         772             7.54683             7.52081           0.0207744
         773             7.46596             7.52074           0.0207477
         774             7.70051             7.52097           0.0207222
         775              7.3027             7.52069           0.0206973
         776             7.29851              7.5204           0.0206727
         777             6.87091             7.51956           0.0206629
         778             6.79372             7.51863           0.0206574
         779             7.20567             7.51823           0.0206348
         780             7.08744             7.51768           0.0206158
         781              7.0531             7.51708           0.0205979
         782             6.83105              7.5162           0.0205903
         783             6.94367             7.51547            0.020577
         784             6.73177             7.51447            0.020575
         785             6.91796             7.51371           0.0205628
         786             7.02301             7.51309           0.0205461
         787             6.87006             7.51227           0.0205362
         788             7.54292             7.51231           0.0205102
         789             7.81183             7.51269           0.0204877
         790             7.72357             7.51296           0.0204635
         791             7.72472             7.51323           0.0204394
         792             7.86689             7.51367           0.0204185
         793             8.04004             7.51434           0.0204035
         794             7.97785             7.51492           0.0203862
         795             7.65885              7.5151           0.0203613
         796             7.49804             7.51508           0.0203358
         797             8.00098             7.51569           0.0203194
         798             7.75455             7.51599           0.0202961
         799             7.40622             7.51585           0.0202712
         800             7.27372             7.51555           0.0202481
         801             7.35637             7.51535           0.0202238
         802             7.75345             7.51565           0.0202008
         803             7.87011             7.51609           0.0201804
         804              7.6629             7.51627           0.0201562
         805             7.38209              7.5161           0.0201318
         806             7.22894             7.51575             0.02011
         807              7.0415             7.51516           0.0200937
         808             6.69338             7.51414           0.0200945
         809             7.28313             7.51386           0.0200717
         810             7.40224             7.51372           0.0200474
         811             7.17512              7.5133            0.020027
         812             7.24994             7.51298            0.020005
         813             7.27716             7.51269           0.0199825
         814             7.44224              7.5126           0.0199581
         815             7.37644             7.51243           0.0199343
         816             7.85053             7.51285           0.0199142
         817             7.66778             7.51304           0.0198907
         818             7.62498             7.51317           0.0198669
         819             7.53987             7.51321           0.0198427
         820             7.73106             7.51347           0.0198202
         821             7.76418             7.51378           0.0197985
         822             7.89754             7.51424           0.0197799
         823             7.97089              7.5148           0.0197636
         824             7.83636             7.51519           0.0197435
         825             8.09251             7.51589            0.019732
         826             7.76649             7.51619           0.0197104
         827             7.70856             7.51643           0.0196879
         828             7.91979             7.51691           0.0196702
         829              8.2764             7.51783           0.0196678
         830              8.0499             7.51847           0.0196545
         831             7.94426             7.51898           0.0196376
         832             7.75303             7.51926            0.019616
         833             7.44788             7.51918           0.0195926
         834             7.45011              7.5191           0.0195693
         835             7.65176             7.51925           0.0195465
         836              7.7947             7.51958           0.0195259
         837             7.49051             7.51955           0.0195026
         838             7.64307              7.5197           0.0194799
         839             7.73308             7.51995           0.0194583
         840             7.68979             7.52015           0.0194362
         841             8.11454             7.52086           0.0194259
         842             8.23341             7.52171           0.0194213
         843             8.14696             7.52245           0.0194124
         844             7.59376             7.52253           0.0193896
         845             7.59003             7.52261           0.0193668
         846              7.3733             7.52244           0.0193447
         847             7.68669             7.52263           0.0193229
         848             8.00813              7.5232           0.0193086
         849              8.2815              7.5241           0.0193065
         850             7.98265             7.52463           0.0192913
         851              7.8675             7.52504           0.0192728
         852             7.96621             7.52556           0.0192572
         853             8.04078             7.52616            0.019244
         854             8.19747             7.52695           0.0192376
         855             8.20653             7.52774           0.0192315
         856             8.15351             7.52847           0.0192229
         857             7.90206             7.52891           0.0192054
         858             7.89531             7.52933           0.0191878
         859              8.1557             7.53006           0.0191793
         860             8.06244             7.53068            0.019167
         861             7.89613             7.53111           0.0191494
         862             7.98978             7.53164           0.0191346
         863             8.25803             7.53248           0.0191309
         864              8.4171              7.5335           0.0191362
         865             8.10132             7.53416           0.0191253
         866             8.29445             7.53504           0.0191233
         867             8.02742             7.53561           0.0191097
         868             7.64983             7.53574           0.0190882
         869             7.68952             7.53592            0.019067
         870             7.61459             7.53601           0.0190453
         871             7.35789              7.5358           0.0190245
         872             7.37699             7.53562           0.0190036
         873             7.68043             7.53579           0.0189825
         874             7.78815             7.53607            0.018963
         875             7.52026             7.53606           0.0189414
         876             7.47922             7.53599           0.0189198
         877             7.60503             7.53607           0.0188984
         878             7.31949             7.53582           0.0188785
         879             7.73141             7.53605           0.0188584
         880             7.91753             7.53648           0.0188419
         881             7.63504             7.53659           0.0188209
         882             8.03426             7.53716            0.018808
         883             7.84567              7.5375           0.0187899
         884              7.7636             7.53776           0.0187704
         885             7.38535             7.53759             0.01875
         886             7.39131             7.53742           0.0187295
         887             8.03307             7.53798           0.0187168
         888             7.36781             7.53779           0.0186967
         889             7.16592             7.53737           0.0186803
         890             7.78443             7.53765           0.0186614
         891             8.06665             7.53824           0.0186499
         892             7.94586              7.5387           0.0186346
         893             8.22659             7.53947           0.0186296
         894             8.43335             7.54047           0.0186356
         895             7.86957             7.54084           0.0186184
         896             7.86997             7.54121           0.0186012
         897             7.56748             7.54123           0.0185805
         898              7.2628             7.54092           0.0185624
         899             7.69523              7.5411           0.0185426
         900             7.19039             7.54071           0.0185261
         901             6.87683             7.53997           0.0185202
         902             7.13378             7.53952           0.0185051
         903             7.02161             7.53895           0.0184935
         904             6.93662             7.53828            0.018485
         905             6.74389              7.5374           0.0184854
         906             7.03627             7.53685           0.0184733
         907             7.01686             7.53628           0.0184618
         908             6.93317             7.53561           0.0184534
         909             7.09547             7.53513           0.0184395
         910             6.80781             7.53433           0.0184365
         911             6.56609             7.53326           0.0184469
         912             6.53068             7.53217           0.0184594
         913             6.86321             7.53143           0.0184537
         914             7.24304             7.53112           0.0184362
         915             7.02536             7.53056           0.0184244
         916             7.01788                7.53           0.0184128
         917             6.80909             7.52922           0.0184095
         918             6.50513              7.5281           0.0184232
         919             6.37778             7.52685           0.0184456
         920             6.75389             7.52601           0.0184447
         921             6.60837             7.52501           0.0184515
         922              6.8748             7.52431            0.018445
         923             6.60809             7.52332           0.0184517
         924             6.63359             7.52235           0.0184568
         925             6.34396             7.52108           0.0184808
         926             6.70625              7.5202           0.0184818
         927             6.84072             7.51947           0.0184764
         928             6.84489             7.51874           0.0184708
         929             7.11727             7.51831           0.0184559
         930             7.39715             7.51818           0.0184365
         931             7.34609             7.51799           0.0184177
         932             7.51879             7.51799           0.0183979
         933             7.93178             7.51844           0.0183835
         934             7.38735              7.5183           0.0183644
         935             6.97845             7.51772           0.0183538
         936             7.03137              7.5172           0.0183416
         937             7.13133             7.51679           0.0183266
         938             7.49756             7.51677           0.0183071
         939             7.56325             7.51682           0.0182877
         940             7.47126             7.51677           0.0182683
         941             7.52547             7.51678           0.0182489
         942               7.933             7.51722           0.0182348
         943             8.07306             7.51781            0.018225
         944             7.80052             7.51811           0.0182082
         945             8.12983             7.51876           0.0182004
         946             8.04886             7.51932           0.0181898
         947             8.44067             7.52029           0.0181966
         948             8.85322              7.5217           0.0182316
         949             8.48052             7.52271           0.0182404
         950             8.13336             7.52335           0.0182325
         951             8.13834               7.524           0.0182248
         952             7.87079             7.52436           0.0182093
         953             7.72953             7.52457           0.0181915
         954             7.52211             7.52457           0.0181724
         955              7.6876             7.52474           0.0181542
         956             7.40076             7.52461           0.0181356
         957             7.30867             7.52439           0.0181181
         958             7.31125             7.52417           0.0181006
         959             7.21375             7.52384           0.0180846
         960             7.56049             7.52388           0.0180658
         961              7.8914             7.52426            0.018051
         962             8.09212             7.52485           0.0180419
         963             8.17424             7.52553           0.0180358
         964              7.9278             7.52594           0.0180219
         965             8.38316             7.52683           0.0180251
         966             8.62384             7.52797           0.0180422
         967             8.88613             7.52937           0.0180781
         968             8.80003             7.53069            0.018107
         969             8.89224             7.53209           0.0181428
         970             8.25516             7.53284           0.0181394
         971             7.49709              7.5328           0.0181207
         972             7.52458             7.53279           0.0181021
         973             7.71399             7.53298           0.0180844
         974             8.01665             7.53347           0.0180727
         975             7.86206             7.53381           0.0180573
         976             7.74136             7.53402             0.01804
         977             8.29487              7.5348           0.0180384
         978             8.57039             7.53586            0.018051
         979             9.14243              7.5375            0.018107
         980             8.64301             7.53863           0.0181236
         981             8.25213             7.53936           0.0181197
         982             8.26534              7.5401           0.0181164
         983             8.21415             7.54078           0.0181109
         984             8.18774             7.54144           0.0181044
         985             8.07629             7.54198           0.0180942
         986             8.54238               7.543           0.0181043
         987             8.21488             7.54368           0.0180987
         988             8.07983             7.54422           0.0180885
         989             7.81417             7.54449           0.0180723
         990             7.43401             7.54438           0.0180544
         991             7.70933             7.54455           0.0180369
         992             7.83721             7.54484           0.0180212
         993             7.73963             7.54504           0.0180041
         994             7.79295             7.54529           0.0179877
         995             7.93569             7.54568           0.0179739
         996             7.94388             7.54608           0.0179603
         997             8.12451             7.54666           0.0179517
         998             7.67566             7.54679           0.0179341
         999             7.60699             7.54685           0.0179163
        1000             7.79894              7.5471           0.0179001
        1001              8.1748             7.54773           0.0178932
        1002             8.25854             7.54844           0.0178894
        1003             8.25073             7.54914           0.0178853
        1004             8.08915             7.54968           0.0178756
        1005             8.10975             7.55023           0.0178665
        1006              7.9093             7.55059           0.0178523
        1007             8.09215             7.55113           0.0178426
        1008             7.89227             7.55147           0.0178281
        1009             7.94904             7.55186           0.0178148
        1010             7.79532              7.5521           0.0177988
        1011             7.67028             7.55222           0.0177816
        1012             7.55589             7.55222            0.017764
        1013             7.06447             7.55174            0.017753
        1014             7.19149             7.55139           0.0177391
        1015             7.00523             7.55085           0.0177298
        1016             7.19426              7.5505           0.0177158
        1017             7.40301             7.55035           0.0176989
        1018             7.62496             7.55043           0.0176817
        1019             7.17686             7.55006           0.0176682
        1020             7.64493             7.55015           0.0176511
        1021             7.76958             7.55037           0.0176351
        1022             7.73014             7.55054           0.0176187
        1023             7.81073              7.5508           0.0176033
        1024              7.8083             7.55105           0.0175879
        1025             7.96345             7.55145           0.0175754
        1026             8.22032              7.5521           0.0175703
        1027             8.42687             7.55295           0.0175739
        1028             8.91511             7.55428           0.0176067
        1029             8.60564              7.5553           0.0176192
        1030             8.30605             7.55603           0.0176171
        1031             8.43542             7.55688           0.0176207
        1032             8.30372             7.55761           0.0176185
        1033             8.51693             7.55854           0.0176259
        1034             8.25136             7.55921           0.0176215
        1035             8.01298             7.55964             0.01761
        1036             7.67019             7.55975           0.0175933
        1037             7.53372             7.55973           0.0175764
        1038             7.53885             7.55971           0.0175594
        1039             7.70469             7.55985           0.0175431
        1040             7.61737              7.5599           0.0175263
        1041             7.13233             7.55949           0.0175143
        1042             7.34289             7.55928           0.0174987
        1043             7.31459             7.55905           0.0174835
        1044             7.30359              7.5588           0.0174685
        1045             7.71971             7.55896           0.0174524
        1046             7.86853             7.55925           0.0174383
        1047              7.7345             7.55942           0.0174224
        1048             7.88656             7.55973           0.0174086
        1049             7.93466             7.56009           0.0173956
        1050              7.8006             7.56032           0.0173806
        1051             7.92222             7.56066           0.0173675
        1052             8.10579             7.56118           0.0173587
        1053             8.24128             7.56183           0.0173542
        1054             7.70214             7.56196           0.0173383
        1055             7.86453             7.56225           0.0173242
        1056             7.68605             7.56236           0.0173082
        1057              7.5337             7.56234           0.0172918
        1058             7.59186             7.56236           0.0172755
        1059             7.36138             7.56218           0.0172602
        1060             7.68094             7.56229           0.0172443
        1061             7.70693             7.56242           0.0172286
        1062             8.15603             7.56298           0.0172214
        1063             8.08815             7.56348           0.0172123
        1064             7.75846             7.56366           0.0171971
        1065             7.60099             7.56369            0.017181
        1066             7.16242             7.56332            0.017169
        1067             6.92551             7.56272           0.0171633
        1068             6.68608              7.5619           0.0171669
        1069             7.33061             7.56168           0.0171522
        1070             7.95503             7.56205           0.0171401
        1071             8.14105             7.56259           0.0171326
        1072             8.12653             7.56312           0.0171247
        1073             8.00432             7.56353           0.0171137
        1074             7.44777             7.56342           0.0170981
        1075             6.87377             7.56278           0.0170942
        1076             6.77534             7.56205            0.017094
        1077             7.04261             7.56157           0.0170849
        1078             7.17387             7.56121           0.0170728
        1079             7.39944             7.56106           0.0170577
        1080              7.2881              7.5608           0.0170438
        1081             7.31797             7.56058           0.0170295
        1082             7.74632             7.56075           0.0170146
        1083             7.77188             7.56095               0.017
        1084             7.65396             7.56103           0.0169845
        1085             7.91782             7.56136           0.0169721
        1086             7.72312             7.56151           0.0169571
        1087             7.65483             7.56159           0.0169417
        1088             7.90045             7.56191            0.016929
        1089              8.0998              7.5624           0.0169207
        1090             8.06759             7.56286           0.0169115
        1091             7.90827             7.56318            0.016899
        1092             7.94812             7.56353           0.0168872
        1093             8.10754             7.56403            0.016879
        1094             7.56016             7.56403           0.0168636
        1095             7.68764             7.56414           0.0168486
        1096             7.86193             7.56441           0.0168354
        1097             7.82391             7.56465           0.0168217
        1098             7.81313             7.56487           0.0168079
        1099             8.22683             7.56548           0.0168034
        1100             8.77376             7.56657            0.016824
        1101              8.0787             7.56704           0.0168151
        1102             7.39555             7.56688           0.0168006
        1103             7.14091              7.5665           0.0167898
        1104             8.27399             7.56714           0.0167868
        1105             8.42062             7.56791           0.0167894
        1106             8.60686             7.56885           0.0168005
        1107             8.44244             7.56964           0.0168038
        1108              8.3376             7.57033           0.0168029
        1109             8.33516             7.57102           0.0168019
        1110             8.68918             7.57203            0.016817
        1111              8.3758             7.57275           0.0168174
        1112              8.1801              7.5733           0.0168111
        1113             8.21277             7.57387           0.0168059
        1114             7.59392             7.57389           0.0167908
        1115             7.27274             7.57362           0.0167779
        1116             7.34262             7.57342           0.0167641
        1117             7.36648             7.57323           0.0167501
        1118             7.25614             7.57295           0.0167376
        1119             7.29947              7.5727           0.0167244
        1120             7.71317             7.57283           0.0167099
        1121             8.09987              7.5733           0.0167016
        1122             7.96643             7.57365           0.0166904
        1123             8.20256             7.57421            0.016685
        1124             7.62269             7.57425           0.0166702
        1125             7.49122             7.57418           0.0166555
        1126             7.38728             7.57401           0.0166415
        1127             7.46944             7.57392            0.016627
        1128             7.35165             7.57372           0.0166135
        1129             7.20699              7.5734           0.0166019
        1130             6.79242             7.57271           0.0166016
        1131             7.01162             7.57221           0.0165943
        1132             7.09478             7.57179            0.016585
        1133              7.0079             7.57129           0.0165779
        1134             6.99814             7.57078            0.016571
        1135             6.91037              7.5702           0.0165666
        1136             6.95955             7.56967           0.0165607
        1137             6.87224             7.56905           0.0165575
        1138             6.67722             7.56827           0.0165615
        1139             7.01903             7.56779            0.016554
        1140             6.91146             7.56721           0.0165494
        1141             7.07019             7.56677           0.0165407
        1142             7.42099             7.56665           0.0165267
        1143             7.26328             7.56638           0.0165144
        1144             7.26531             7.56612            0.016502
        1145             7.98621             7.56649           0.0164917
        1146             8.08984             7.56694           0.0164836
        1147             7.74699              7.5671             0.01647
        1148             7.68429              7.5672            0.016456
        1149             8.20273             7.56775           0.0164509
        1150             8.19609              7.5683           0.0164457
        1151             7.92882             7.56861           0.0164344
        1152             7.50253             7.56856           0.0164202
        1153               7.406             7.56842           0.0164066
        1154             7.44818             7.56831           0.0163927
        1155             7.51973             7.56827           0.0163786
        1156             7.57952             7.56828           0.0163644
        1157             7.93458              7.5686           0.0163533
        1158             7.79137             7.56879           0.0163403
        1159             7.82307             7.56901           0.0163277
        1160             7.62435             7.56905           0.0163137
        1161             7.40309             7.56891           0.0163003
        1162             7.42023             7.56878           0.0162867
        1163             7.20805             7.56847           0.0162757
        1164             7.56257             7.56847           0.0162617
        1165             7.54764             7.56845           0.0162478
        1166             7.04142               7.568           0.0162401
        1167             7.33327              7.5678           0.0162274
        1168              7.4601             7.56771           0.0162138
        1169             7.05992             7.56727           0.0162058
        1170              7.4762             7.56719           0.0161921
        1171             7.24475             7.56692           0.0161806
        1172             7.37367             7.56675           0.0161676
        1173              7.5451             7.56673           0.0161539
        1174             7.52287              7.5667           0.0161402
        1175             7.82819             7.56692            0.016128
        1176             7.42314              7.5668           0.0161147
        1177             7.23856             7.56652           0.0161034
        1178               7.328             7.56632            0.016091
        1179             7.51081             7.56627           0.0160774
        1180             7.46517             7.56618           0.0160641
        1181             7.31984             7.56597           0.0160518
        1182             7.55365             7.56596           0.0160382
        1183             7.27553             7.56572           0.0160265
        1184             7.10076             7.56533           0.0160178
        1185              7.0851             7.56492           0.0160094
        1186             7.27356             7.56468           0.0159978
        1187             7.33882             7.56448           0.0159855
        1188             8.06569             7.56491           0.0159776
        1189             8.23563             7.56547           0.0159741
        1190             8.12118             7.56594           0.0159675
        1191             7.87173             7.56619           0.0159562
        1192             7.54353             7.56618           0.0159428
        1193             7.67979             7.56627           0.0159297
        1194             7.65758             7.56635           0.0159165
        1195             7.73831             7.56649           0.0159039
        1196              8.3008             7.56711           0.0159024
        1197              7.8679             7.56736           0.0158911
        1198             8.01902             7.56773           0.0158823
        1199             7.74912             7.56788           0.0158698
        1200             7.92584             7.56818           0.0158594
        1201             7.71112              7.5683           0.0158466
        1202             7.55629             7.56829           0.0158334
        1203             7.59066             7.56831           0.0158203
        1204             7.71702             7.56843           0.0158076
        1205             7.78791             7.56862           0.0157956
        1206             7.71024             7.56873           0.0157829
        1207             7.60645             7.56876           0.0157699
        1208             8.28953             7.56936           0.0157681
        1209             8.22618              7.5699           0.0157644
        1210             8.25825             7.57047           0.0157616
        1211             8.50124             7.57124           0.0157674
        1212             7.95228             7.57156           0.0157575
        1213             8.36487             7.57221           0.0157581
        1214             8.10795             7.57265           0.0157512
        1215             7.84115             7.57287           0.0157398
        1216             8.15692             7.57335           0.0157342
        1217             7.94967             7.57366           0.0157243
        1218             7.85988              7.5739           0.0157132
        1219             7.96369             7.57422           0.0157035
        1220             8.24261             7.57477           0.0157002
        1221             7.97328             7.57509           0.0156908
        1222              7.6098             7.57512           0.0156779
        1223             6.96922             7.57462           0.0156729
        1224             7.67007              7.5747           0.0156603
        1225             7.54873             7.57468           0.0156476
        1226             7.85389             7.57491           0.0156365
        1227             8.19278             7.57541           0.0156318
        1228             7.95754             7.57572           0.0156222
        1229             7.95249             7.57603           0.0156125
        1230             7.68086             7.57612              0.0156
        1231             7.76471             7.57627           0.0155881
        1232             8.13272             7.57672            0.015582
        1233             7.76738             7.57688           0.0155701
        1234             7.87479             7.57712           0.0155594
        1235             7.54057             7.57709           0.0155468
        1236             7.74804             7.57723           0.0155348
        1237             7.60371             7.57725           0.0155223
        1238             7.73744             7.57738           0.0155103
        1239             7.72344             7.57749           0.0154982
        1240             7.68105             7.57758            0.015486
        1241              8.0478             7.57796           0.0154781
        1242             8.13374              7.5784           0.0154721
        1243             8.13883             7.57885           0.0154662
        1244             8.28607             7.57942           0.0154642
        1245             8.16703              7.5799            0.015459
        1246             8.25807             7.58044           0.0154562
        1247             8.29119             7.58101           0.0154543
        1248             8.10245             7.58143           0.0154476
        1249             7.75668             7.58157           0.0154358
        1250             7.69076             7.58165           0.0154237
        1251             7.73477             7.58178           0.0154119
        1252             8.31008             7.58236           0.0154106
        1253             8.40649             7.58302           0.0154123
        1254             8.55139             7.58379           0.0154193
        1255             8.26047             7.58433           0.0154165
        1256              8.2498             7.58486           0.0154133
        1257              8.0355             7.58522           0.0154052
        1258             8.06529              7.5856           0.0153977
        1259             7.88191             7.58583           0.0153873
        1260             8.27196             7.58638           0.0153847
        1261             7.83862             7.58658           0.0153738
        1262             7.55675             7.58655           0.0153616
        1263             7.65404             7.58661           0.0153495
        1264             7.99432             7.58693           0.0153408
        1265             7.78928             7.58709           0.0153295
        1266             8.06328             7.58747            0.015322
        1267              7.9427             7.58775           0.0153125
        1268             7.47606             7.58766           0.0153007
        1269             7.16861             7.58733           0.0152922
        1270             7.16981               7.587           0.0152837
        1271             7.46548              7.5869           0.0152719
        1272             7.17143             7.58658           0.0152634
        1273             7.30196             7.58635           0.0152531
        1274             7.09568             7.58597           0.0152459
        1275             7.61989               7.586            0.015234
        1276             7.68896             7.58608           0.0152223
        1277             7.55704             7.58605           0.0152104
        1278             7.37039             7.58588           0.0151994
        1279             7.13068             7.58553           0.0151917
        1280              7.6088             7.58555           0.0151798
        1281             7.55342             7.58552            0.015168
        1282             7.53263             7.58548           0.0151562
        1283             7.13971             7.58513           0.0151484
        1284             7.60347             7.58515           0.0151366
        1285             6.91955             7.58463           0.0151337
        1286             7.35978             7.58445           0.0151229
        1287             7.11999             7.58409           0.0151155
        1288             7.33296              7.5839            0.015105
        1289             7.50418             7.58384           0.0150934
        1290             7.60965             7.58386           0.0150817
        1291             7.34519             7.58367           0.0150712
        1292             7.36033              7.5835           0.0150605
        1293             7.28825             7.58327           0.0150506
        1294             7.30278             7.58305           0.0150405
        1295             7.41892             7.58293           0.0150294
        1296             8.05377             7.58329           0.0150222
        1297             7.87929             7.58352           0.0150124
        1298             7.71165             7.58362           0.0150012
        1299             7.25319             7.58336           0.0149918
        1300             7.49487              7.5833           0.0149804
        1301             7.03044             7.58287           0.0149749
        1302             6.96365             7.58239           0.0149709
        1303             7.05138             7.58199            0.014965
        1304             7.06992             7.58159           0.0149587
        1305             7.53993             7.58156           0.0149472
        1306             7.30915             7.58135           0.0149373
        1307             6.98464              7.5809           0.0149328
        1308             7.52529             7.58085           0.0149214
        1309             7.17767             7.58055           0.0149132
        1310             6.87862             7.58001           0.0149115
        1311             7.29064             7.57979           0.0149017
        1312              7.2929             7.57957            0.014892
        1313             7.56152             7.57956           0.0148806
        1314             7.50423              7.5795           0.0148694
        1315             7.55642             7.57948           0.0148581
        1316             7.50382             7.57943           0.0148469
        1317             7.46941             7.57934           0.0148359
        1318             7.75571             7.57948           0.0148253
        1319             7.56479             7.57946            0.014814
        1320             7.28801             7.57924           0.0148044
        1321             7.20651             7.57896           0.0147959
        1322             6.99806             7.57852           0.0147913
        1323             6.64332             7.57782            0.014797
        1324             6.91755             7.57732           0.0147942
        1325             6.79876             7.57673           0.0147947
        1326             7.04182             7.57633            0.014789
        1327             7.38209             7.57618           0.0147786
        1328             7.23953             7.57593           0.0147696
        1329             7.05923             7.57554           0.0147636
        1330             7.16892             7.57523           0.0147557
        1331             7.40199              7.5751           0.0147452
        1332             7.43354             7.57499           0.0147345
        1333             7.65913             7.57506           0.0147236
        1334             7.37678             7.57491           0.0147133
        1335             7.62132             7.57494           0.0147023
        1336              7.3338             7.57476           0.0146924
        1337             7.56449             7.57476           0.0146814
        1338             7.47127             7.57468           0.0146707
        1339             7.56809             7.57467           0.0146597
        1340             7.18434             7.57438           0.0146517
        1341             7.37192             7.57423           0.0146415
        1342             7.50932             7.57418           0.0146307
        1343             7.28817             7.57397           0.0146213
        1344             7.25137             7.57373           0.0146124
        1345             7.68062             7.57381           0.0146018
        1346             7.56572              7.5738           0.0145909
        1347             7.45421             7.57371           0.0145804
        1348             7.61392             7.57374           0.0145696
        1349             7.69464             7.57383           0.0145591
        1350             7.75227             7.57397           0.0145489
        1351             7.95763             7.57425           0.0145409
        1352             7.67742             7.57433           0.0145303
        1353               7.374             7.57418           0.0145204
        1354             7.76365             7.57432           0.0145103
        1355             7.87075             7.57454           0.0145012
        1356             7.83714             7.57473           0.0144918
        1357             7.92853             7.57499           0.0144835
        1358             7.36725             7.57484           0.0144736
        1359             7.69938             7.57493           0.0144633
        1360              7.6242             7.57497           0.0144527
        1361             7.38468             7.57483           0.0144428
        1362             8.00497             7.57514           0.0144356
        1363             8.22995             7.57562            0.014433
        1364             8.24546             7.57611           0.0144308
        1365             8.34074             7.57667           0.0144311
        1366             8.29063              7.5772             0.01443
        1367             8.13734             7.57761           0.0144252
        1368             7.77143             7.57775           0.0144154
        1369             7.65639             7.57781            0.014405
        1370              8.0339             7.57814           0.0143983
        1371             7.75973             7.57827           0.0143884
        1372             7.60418             7.57829           0.0143779
        1373              8.0736             7.57865            0.014372
        1374             8.08315             7.57902           0.0143662
        1375             8.28958             7.57953           0.0143651
        1376              8.5599             7.58025           0.0143723
        1377             8.38339             7.58083           0.0143737
        1378               8.458             7.58147           0.0143773
        1379             7.86233             7.58167           0.0143683
        1380             7.86105             7.58187           0.0143594
        1381             7.67107             7.58194           0.0143491
        1382             8.06208             7.58229           0.0143429
        1383             7.80246             7.58244           0.0143334
        1384             7.81761             7.58261           0.0143241
        1385             7.45266             7.58252           0.0143141
        1386             7.41114              7.5824           0.0143043
        1387             6.94883             7.58194           0.0143012
        1388             7.02026             7.58154           0.0142967
        1389             7.36987             7.58138           0.0142872
        1390             7.26058             7.58115           0.0142788
        1391             7.22596              7.5809           0.0142708
        1392             7.29937             7.58069            0.014262
        1393             6.60724                7.58           0.0142688
        1394             6.80401             7.57944           0.0142695
        1395             6.79016             7.57887           0.0142704
        1396             7.09108             7.57852           0.0142645
        1397             7.03766             7.57814           0.0142595
        1398             7.06717             7.57777            0.014254
        1399             7.08064             7.57742           0.0142483
        1400             7.07818             7.57706           0.0142425
        1401             6.90801             7.57658           0.0142404
        1402             6.69879             7.57596            0.014244
        1403             6.67538             7.57531           0.0142483
        1404             6.82128             7.57478           0.0142483
        1405             6.89547             7.57429           0.0142463
        1406              7.0004             7.57388            0.014242
        1407             7.03558              7.5735            0.014237
        1408              6.9857             7.57308           0.0142331
        1409             7.06455             7.57272           0.0142275
        1410             6.95634             7.57229           0.0142241
        1411             7.18746             7.57201           0.0142167
        1412             7.30746             7.57183           0.0142078
        1413             7.21632             7.57158              0.0142
        1414              7.2148             7.57132           0.0141922
        1415             7.47932             7.57126           0.0141823
        1416              7.6747             7.57133           0.0141725
        1417             7.13833             7.57103           0.0141658
        1418             7.51965             7.57099           0.0141559
        1419             7.31537             7.57081            0.014147
        1420             7.37733             7.57067           0.0141377
        1421             7.53326             7.57065           0.0141278
        1422             7.81991             7.57082            0.014119
        1423             7.83839             7.57101           0.0141103
        1424             7.80303             7.57117           0.0141013
        1425             7.49341             7.57112           0.0140915
        1426             7.60472             7.57114           0.0140817
        1427             7.22796              7.5709           0.0140738
        1428              7.4322              7.5708           0.0140643
        1429             7.15072             7.57051           0.0140576
        1430             7.09778             7.57018           0.0140516
        1431              7.2241             7.56994           0.0140439
        1432             7.24322             7.56971           0.0140359
        1433             6.72625             7.56912           0.0140385
        1434             6.68524              7.5685           0.0140422
        1435             6.73611             7.56792           0.0140444
        1436             6.63277             7.56727           0.0140497
        1437             6.64468             7.56663           0.0140546
        1438             6.79265             7.56609           0.0140551
        1439             6.87398             7.56561           0.0140536
        1440             6.75264             7.56505           0.0140551
        1441             7.31479             7.56487           0.0140465
        1442             7.72125             7.56498           0.0140371
        1443             7.25478             7.56477           0.0140291
        1444             6.85126             7.56427            0.014028
        1445             6.85246             7.56378            0.014027
        1446             7.16037              7.5635           0.0140201
        1447             7.08613             7.56317           0.0140142
        1448             7.44613             7.56309           0.0140048
        1449             7.93908             7.56335           0.0139975
        1450             7.77675              7.5635           0.0139887
        1451             7.39271             7.56338           0.0139795
        1452             7.25374             7.56317           0.0139715
        1453             7.33666             7.56301           0.0139628
        1454              7.4053              7.5629           0.0139536
        1455             7.45563             7.56283           0.0139442
        1456             7.25203             7.56261           0.0139362
        1457             7.15983             7.56234           0.0139294
        1458             7.55328             7.56233           0.0139199
        1459              7.1999             7.56208           0.0139125
        1460             7.27022             7.56188           0.0139045
        1461             7.23613             7.56166           0.0138967
        1462             7.38868             7.56154           0.0138877
        1463               7.471             7.56148           0.0138784
        1464             8.27208             7.56197           0.0138774
        1465              8.3191             7.56248           0.0138775
        1466             8.26852             7.56296           0.0138764
        1467              8.5211             7.56362           0.0138823
        1468             7.95224             7.56388           0.0138754
        1469             8.23637             7.56434           0.0138735
        1470             8.25383             7.56481            0.013872
        1471             8.54508             7.56548           0.0138785
        1472             8.41541             7.56605           0.0138811
        1473             8.52239              7.5667           0.0138869
        1474             8.25863             7.56717           0.0138854
        1475             8.21786             7.56761            0.013883
        1476             8.40665             7.56818           0.0138852
        1477             8.54183             7.56884           0.0138914
        1478             8.55562             7.56951           0.0138981
        1479             8.77947             7.57033           0.0139127
        1480             8.78999             7.57115           0.0139277
        1481             8.84149             7.57201           0.0139447
        1482             8.76228             7.57281           0.0139584
        1483             8.28473             7.57329           0.0139572
        1484             8.24557             7.57374           0.0139552
        1485             7.82698             7.57391           0.0139468
        1486             7.96107             7.57418           0.0139399
        1487             8.02733             7.57448           0.0139338
        1488             7.88237             7.57469            0.013926
        1489             7.84075             7.57487           0.0139178
        1490             8.07672              7.5752           0.0139125
        1491             8.30536             7.57569           0.0139118
        1492             8.51045             7.57632           0.0139166
        1493             8.31929             7.57682           0.0139162
        1494             8.75551             7.57761           0.0139292
        1495             8.32346              7.5781           0.0139288
        1496             8.11393             7.57846           0.0139241
        1497              8.2604             7.57892           0.0139223
        1498             7.59587             7.57893            0.013913
        1499             7.47306             7.57886           0.0139039
        1500              7.0072             7.57848           0.0138998
        1501             7.12678             7.57818           0.0138938
        1502             7.29626             7.57799           0.0138858
        1503             7.59597               7.578           0.0138766
        1504             7.83743             7.57817           0.0138684
        1505             8.37005              7.5787           0.0138692
        1506               8.345             7.57921           0.0138693
        1507             8.35525             7.57972           0.0138697
        1508             7.95923             7.57998           0.0138628
        1509             8.04275             7.58028            0.013857
        1510             8.03121             7.58058            0.013851
        1511              8.0346             7.58088           0.0138451
        1512             8.02818             7.58118           0.0138391
        1513             8.06692              7.5815           0.0138337
        1514             7.86534             7.58169           0.0138258
        1515             7.63164             7.58172           0.0138167
        1516             7.65108             7.58176           0.0138077
        1517             8.32814             7.58226           0.0138074
        1518             7.84424             7.58243           0.0137993
        1519             8.02026             7.58272           0.0137933
        1520             8.13994             7.58308           0.0137891
        1521             7.60278              7.5831             0.01378
        1522             7.34378             7.58294           0.0137718
        1523             7.76454             7.58306           0.0137633
        1524             7.59373             7.58307           0.0137543
        1525             7.57685             7.58306           0.0137453
        1526             7.45527             7.58298           0.0137365
        1527             7.20068             7.58273           0.0137298
        1528             6.99335             7.58234           0.0137262
        1529             7.13738             7.58205           0.0137203
        1530             7.29348             7.58186           0.0137127
        1531             7.23836             7.58164           0.0137055
        1532             7.31076             7.58146           0.0136977
        1533             7.72957             7.58156           0.0136891
        1534             7.29295             7.58137           0.0136815
        1535             7.33569             7.58121           0.0136735
        1536             7.47747             7.58114           0.0136648
        1537             7.21629              7.5809            0.013658
        1538             7.61861             7.58093           0.0136491
        1539             7.69963             7.58101           0.0136405
        1540             8.33251             7.58149           0.0136403
        1541             9.12175             7.58249           0.0136681
        1542             8.60806             7.58316           0.0136754
        1543             8.72116              7.5839           0.0136864
        1544             8.13218             7.58425           0.0136821
        1545             7.81301              7.5844           0.0136741
        1546             7.57852              7.5844           0.0136652
        1547             7.83836             7.58456           0.0136574
        1548             7.60928             7.58458           0.0136486
        1549             7.40794             7.58446           0.0136402
        1550             7.45167             7.58438           0.0136317
        1551             7.63383             7.58441           0.0136229
        1552             7.42136              7.5843           0.0136146
        1553             7.37608             7.58417           0.0136065
        1554               7.085             7.58385           0.0136015
        1555             7.21969             7.58361           0.0135948
        1556             7.84501             7.58378           0.0135871
        1557             7.49204             7.58372           0.0135785
        1558             7.62946             7.58375           0.0135698
        1559              7.3529              7.5836           0.0135619
        1560             6.71375             7.58305           0.0135647
        1561             6.82222             7.58256           0.0135647
        1562             6.83192             7.58208           0.0135645
        1563             6.98645              7.5817           0.0135612
        1564             7.02739             7.58134           0.0135572
        1565             7.25343             7.58113           0.0135501
        1566             7.41587             7.58103           0.0135419
        1567             7.75116             7.58114           0.0135337
        1568             7.52549              7.5811           0.0135251
        1569             7.68261             7.58117           0.0135166
        1570             7.23994             7.58095           0.0135098
        1571             7.12894             7.58066           0.0135042
        1572             7.02557             7.58031           0.0135003
        1573             7.24363             7.58009           0.0134934
        1574             7.28705             7.57991           0.0134861
        1575             7.15486             7.57964           0.0134802
        1576             7.21564             7.57941           0.0134736
        1577             7.34631             7.57926           0.0134659
        1578             7.32311              7.5791           0.0134584
        1579             7.47402             7.57903             0.01345
        1580             7.66237             7.57908           0.0134416
        1581             7.62745             7.57911           0.0134331
        1582             7.59748             7.57912           0.0134246
        1583               7.515             7.57908           0.0134162
        1584             7.45625             7.57901            0.013408
        1585             7.25463              7.5788           0.0134011
        1586             7.22588             7.57858           0.0133945
        1587             7.21207             7.57835            0.013388
        1588             7.24842             7.57814           0.0133812
        1589             7.52053              7.5781           0.0133728
        1590              7.3897             7.57799           0.0133649
        1591             7.23575             7.57777           0.0133583
        1592             7.42101             7.57767           0.0133503
        1593             7.08743             7.57736           0.0133454
        1594             7.08253             7.57705           0.0133407
        1595             6.89296             7.57662           0.0133392
        1596              7.2712             7.57643           0.0133322
        1597             7.57325             7.57643           0.0133238
        1598             7.61866             7.57646           0.0133155
        1599             7.21858             7.57623           0.0133091
        1600             7.16461             7.57598           0.0133033
        1601              6.6955             7.57543           0.0133063
        1602             6.68667             7.57487           0.0133096
        1603             6.72416             7.57434           0.0133118
        1604             6.68202             7.57378           0.0133152
        1605             6.50601             7.57312           0.0133235
        1606             6.18855             7.57226            0.013343
        1607             6.63405             7.57167           0.0133475
        1608             6.97734              7.5713           0.0133443
        1609             6.91029             7.57089           0.0133423
        1610             6.83847             7.57044           0.0133418
        1611             6.89539             7.57002           0.0133401
        1612             6.95099             7.56964           0.0133374
        1613              6.9593             7.56926           0.0133345
        1614             6.98284             7.56889           0.0133311
        1615              6.7897             7.56841           0.0133316
        1616             7.37301             7.56829           0.0133239
        1617              7.2657              7.5681            0.013317
        1618             7.30527             7.56794           0.0133098
        1619             7.24133             7.56774           0.0133031
        1620             7.40299             7.56764           0.0132952
        1621             7.23333             7.56743           0.0132886
        1622             7.41462             7.56734           0.0132808
        1623             7.32686             7.56719           0.0132734
        1624             7.27018             7.56701           0.0132665
        1625             7.36461             7.56688           0.0132589
        1626             6.99652             7.56653           0.0132554
        1627             7.34006             7.56639            0.013248
        1628             7.63604             7.56643           0.0132399
        1629             7.67168              7.5665            0.013232
        1630             7.24089              7.5663           0.0132253
        1631              7.1695             7.56606           0.0132195
        1632             7.56255             7.56605           0.0132114
        1633             7.57715             7.56606           0.0132033
        1634             7.54039             7.56604           0.0131952
        1635             7.74184             7.56615           0.0131876
        1636             8.13228              7.5665           0.0131841
        1637               7.615             7.56653            0.013176
        1638             8.19333             7.56691           0.0131736
        1639             8.37864             7.56741           0.0131748
        1640             8.41746             7.56792            0.013177
        1641             8.81859             7.56869            0.013191
        1642             8.86715             7.56948           0.0132066
        1643             9.24152             7.57049           0.0132377
        1644             8.85046             7.57127           0.0132526
        1645             9.05832             7.57218           0.0132753
        1646             9.13237             7.57312            0.013301
        1647             8.97363             7.57398           0.0133201
        1648             9.15029             7.57493           0.0133463
        1649             9.14852             7.57589           0.0133723
        1650             9.17745             7.57686           0.0133994
        1651             9.02572             7.57773             0.01342
        1652             8.58571             7.57834           0.0134257
        1653             8.93707             7.57917           0.0134427
        1654             8.56177             7.57976           0.0134477
        1655             8.76683             7.58048           0.0134587
        1656             9.03607             7.58136           0.0134793
        1657             8.94446             7.58218           0.0134962
        1658             8.74622             7.58288           0.0135063
        1659             8.56499             7.58347           0.0135111
        1660             8.45515               7.584           0.0135132
        1661             8.64909             7.58464           0.0135203
        1662             8.57916             7.58524           0.0135254
        1663             8.77957             7.58596           0.0135363
        1664             8.83654             7.58671            0.013549
        1665             8.83693             7.58746           0.0135617
        1666             8.32693              7.5879           0.0135608
        1667             7.88049             7.58808           0.0135538
        1668             7.76113             7.58818            0.013546
        1669             7.92965             7.58839           0.0135395
        1670             7.63748             7.58842           0.0135314
        1671             7.46218             7.58834           0.0135235
        1672             7.86989             7.58851           0.0135165
        1673             7.78352             7.58863           0.0135089
        1674             7.89207             7.58881            0.013502
        1675             7.84636             7.58896           0.0134949
        1676             7.79184             7.58908           0.0134873
        1677              7.7217             7.58916           0.0134795
        1678             7.45374             7.58908           0.0134717
        1679              7.2282             7.58886           0.0134654
        1680             6.85862             7.58843           0.0134644
        1681             7.13446             7.58816           0.0134591
        1682              6.6181             7.58758           0.0134635
        1683             6.40279             7.58688           0.0134739
        1684             6.69919             7.58635           0.0134762
        1685             7.02682             7.58602           0.0134723
        1686             6.68386             7.58549           0.0134749
        1687              6.7465             7.58499           0.0134761
        1688             6.92567              7.5846           0.0134738
        1689             7.16188             7.58435           0.0134681
        1690             7.75225             7.58445           0.0134605
        1691             7.78576             7.58457           0.0134531
        1692             7.83472             7.58471           0.0134459
        1693             7.85707             7.58487            0.013439
        1694             7.87491             7.58505           0.0134321
        1695             8.01314              7.5853           0.0134266
        1696              7.5906              7.5853           0.0134187
        1697             7.49249             7.58525           0.0134109
        1698             7.03607             7.58492           0.0134069
        1699             7.44355             7.58484           0.0133992
        1700             7.69581              7.5849           0.0133915
        1701             8.01526             7.58516            0.013386
        1702             7.87078             7.58533           0.0133792
        1703             7.89213             7.58551           0.0133726
        1704             8.06993             7.58579           0.0133677
        1705             7.88163             7.58596            0.013361
        1706             7.32936             7.58581            0.013354
        1707             7.49909             7.58576           0.0133463
        1708              7.7326             7.58585           0.0133388
        1709             7.38187             7.58573           0.0133315
        1710             7.21083             7.58551           0.0133255
        1711             7.39133              7.5854           0.0133182
        1712             7.66393             7.58544           0.0133105
        1713             7.20339             7.58522           0.0133046
        1714              7.0185             7.58489           0.0133009
        1715             7.13802             7.58463           0.0132957
        1716             7.56919             7.58462            0.013288
        1717             7.88489             7.58479           0.0132814
        1718             7.94779             7.58501           0.0132754
        1719             7.51471             7.58496           0.0132677
        1720             7.77018             7.58507           0.0132604
        1721             7.72359             7.58515            0.013253
        1722              7.5208             7.58512           0.0132453
        1723               7.308             7.58495           0.0132386
        1724             7.23184             7.58475           0.0132325
        1725             7.66774              7.5848           0.0132249
        1726              7.8436             7.58495           0.0132181
        1727             7.77785             7.58506           0.0132109
        1728             8.22633             7.58543           0.0132085
        1729             7.69916              7.5855            0.013201
        1730             6.99514             7.58515           0.0131978
        1731             7.18609             7.58492           0.0131922
        1732             6.84484              7.5845           0.0131915
        1733             6.74809             7.58401           0.0131927
        1734             6.76897             7.58354           0.0131935
        1735             7.33814              7.5834           0.0131866
        1736             7.08763             7.58312           0.0131821
        1737             7.08632             7.58283           0.0131776
        1738             7.03459             7.58252           0.0131738
        1739             7.15332             7.58227           0.0131686
        1740             7.29154              7.5821           0.0131621
        1741             7.65086             7.58214           0.0131546
        1742             7.46256             7.58207           0.0131472
        1743             7.34918             7.58194           0.0131403
        1744             7.00842             7.58161           0.0131369
        1745             7.01234             7.58128           0.0131334
        1746             7.16967             7.58105            0.013128
        1747              7.3909             7.58094           0.0131209
        1748             7.63128             7.58097           0.0131135
        1749               7.332             7.58083           0.0131068
        1750             7.86731             7.58099           0.0131003
        1751             7.69275             7.58105            0.013093
        1752             8.01247              7.5813           0.0130878
        1753             7.70684             7.58137           0.0130805
        1754             7.56908             7.58136           0.0130731
        1755             7.48304             7.58131           0.0130657
        1756             7.28448             7.58114           0.0130594
        1757             6.84786             7.58072           0.0130586
        1758             7.18068             7.58049           0.0130532
        1759             7.35965             7.58037           0.0130464
        1760             7.33845             7.58023           0.0130397
        1761             7.42114             7.58014           0.0130326
        1762             7.56501             7.58013           0.0130252
        1763             7.13572             7.57988           0.0130202
        1764             7.13546             7.57963           0.0130153
        1765             7.69826              7.5797           0.0130081
        1766             7.68265             7.57975           0.0130009
        1767             7.48501              7.5797           0.0129936
        1768             7.82364             7.57984            0.012987
        1769             7.58771             7.57984           0.0129797
        1770             7.70633             7.57991           0.0129725
        1771             7.59519             7.57992           0.0129652
        1772             7.20614             7.57971           0.0129596
        1773             7.36691             7.57959           0.0129528
        1774             7.16883             7.57936           0.0129476
        1775             7.36151             7.57924           0.0129409
        1776             7.99086             7.57947           0.0129357
        1777             8.01782             7.57972           0.0129308
        1778             8.06834             7.57999           0.0129264
        1779             8.11663             7.58029           0.0129227
        1780             8.05597             7.58056           0.0129182
        1781             8.16494             7.58089           0.0129151
        1782             8.35052             7.58132           0.0129151
        1783             8.35478             7.58175           0.0129151
        1784             8.02248               7.582           0.0129102
        1785             7.96801             7.58222           0.0129048
        1786             8.00683             7.58245           0.0128998
        1787             7.88207             7.58262           0.0128936
        1788             7.79417             7.58274            0.012887
        1789             7.58447             7.58274           0.0128798
        1790             7.94015             7.58294           0.0128741
        1791             7.53609             7.58291           0.0128669
        1792             6.90969             7.58254           0.0128653
        1793             7.29851             7.58238           0.0128591
        1794             7.72174             7.58246           0.0128521
        1795             7.97237             7.58268           0.0128468
        1796             7.73147             7.58276           0.0128399
        1797             7.83085              7.5829           0.0128335
        1798             8.11189             7.58319           0.0128297
        1799             8.14938             7.58351           0.0128265
        1800             7.98789             7.58373           0.0128213
        1801               7.741             7.58382           0.0128145
        1802             8.13252             7.58412            0.012811
        1803              7.5466              7.5841           0.0128039
        1804             7.84423             7.58425           0.0127976
        1805             7.91943             7.58443           0.0127919
        1806             7.92722             7.58462           0.0127862
        1807             7.84256             7.58476           0.0127799
        1808             7.86442             7.58492           0.0127738
        1809              8.0236             7.58516            0.012769
        1810             8.39439             7.58561           0.0127698
        1811             8.64859             7.58619           0.0127762
        1812             8.32464              7.5866           0.0127757
        1813             8.05014             7.58686           0.0127712
        1814             7.99218             7.58708           0.0127661
        1815             8.01136             7.58732           0.0127612
        1816             7.93589             7.58751           0.0127556
        1817             7.99698             7.58773           0.0127506
        1818             8.43371              7.5882           0.0127521
        1819             8.39188             7.58864           0.0127527
        1820             8.10038             7.58892           0.0127488
        1821                7.48             7.58886           0.0127419
        1822             6.98154             7.58853           0.0127393
        1823               6.997              7.5882           0.0127365
        1824             7.37544             7.58809             0.01273
        1825             7.64718             7.58812           0.0127231
        1826             7.30832             7.58797            0.012717
        1827             7.65172               7.588           0.0127101
        1828             7.83174             7.58813           0.0127039
        1829             7.76083             7.58823           0.0126973
        1830             7.83577             7.58836            0.012691
        1831             7.76323             7.58846           0.0126845
        1832             7.66581              7.5885           0.0126776
        1833             7.69393             7.58856           0.0126708
        1834             7.67316             7.58861            0.012664
        1835             7.72648             7.58868           0.0126573
        1836             7.80018              7.5888            0.012651
        1837             7.51084             7.58875           0.0126441
        1838             7.42253             7.58866           0.0126376
        1839             7.24925             7.58848           0.0126321
        1840             7.37702             7.58836           0.0126257
        1841             7.60142             7.58837           0.0126189
        1842             7.77506             7.58847           0.0126124
        1843             7.25489             7.58829           0.0126069
        1844             6.91976             7.58793           0.0126053
        1845             6.87184             7.58754           0.0126044
        1846             7.13621              7.5873           0.0125999
        1847             7.79391             7.58741           0.0125936
        1848             7.70645             7.58747            0.012587
        1849             7.53541             7.58744           0.0125802
        1850             7.45151             7.58737           0.0125736
        1851              7.7658             7.58747           0.0125672
        1852             6.90627              7.5871           0.0125658
        1853             7.00065             7.58678            0.012563
        1854             7.25249              7.5866           0.0125575
        1855              7.3191             7.58646           0.0125516
        1856             7.47249              7.5864           0.0125449
        1857             7.40255              7.5863           0.0125386
        1858             7.20604             7.58609           0.0125335
        1859             7.38232             7.58598           0.0125272
        1860             7.09921             7.58572           0.0125232
        1861             6.98623              7.5854           0.0125206
        1862             6.56809             7.58485           0.0125258
        1863             6.78254             7.58442           0.0125265
        1864             7.39084             7.58432           0.0125202
        1865             7.33613             7.58419           0.0125142
        1866             7.29193             7.58403           0.0125085
        1867             7.44066             7.58395            0.012502
        1868             7.27188             7.58378           0.0124965
        1869             7.35858             7.58366           0.0124903
        1870             7.26077             7.58349           0.0124849
        1871             7.07729             7.58322           0.0124811
        1872              6.5679             7.58268           0.0124862
        1873             7.00871             7.58237           0.0124833
        1874             7.06917              7.5821           0.0124797
        1875             7.02427              7.5818           0.0124766
        1876             6.92579             7.58145           0.0124748
        1877             7.58694             7.58145           0.0124682
        1878             7.84687              7.5816           0.0124623
        1879             7.68901             7.58165           0.0124558
        1880             7.31289             7.58151             0.01245
        1881             7.03266             7.58122           0.0124468
        1882             6.72887             7.58076           0.0124484
        1883             6.62632             7.58026           0.0124521
        1884              6.5867             7.57973           0.0124567
        1885             6.89588             7.57937           0.0124554
        1886             6.74047             7.57892           0.0124567
        1887             6.32093             7.57826           0.0124679
        1888             6.06155             7.57745           0.0124872
        1889             6.34655              7.5768           0.0124976
        1890             6.50506             7.57623           0.0125038
        1891             7.24509             7.57606           0.0124984
        1892             7.62913             7.57609           0.0124918
        1893             7.40374               7.576           0.0124856
        1894              7.1514             7.57577            0.012481
        1895             7.60435             7.57579           0.0124744
        1896             7.33713             7.57566           0.0124685
        1897             7.37059             7.57555           0.0124624
        1898             7.46704              7.5755           0.0124559
        1899             7.76921              7.5756           0.0124498
        1900             7.59771             7.57561           0.0124433
        1901             7.71639             7.57568           0.0124369
        1902             7.99852             7.57591           0.0124324
        1903             8.04861             7.57615           0.0124283
        1904             7.95837             7.57636           0.0124234
        1905             7.69385             7.57642            0.012417
        1906             7.97054             7.57662           0.0124123
        1907             7.94383             7.57682           0.0124072
        1908             7.61274             7.57684           0.0124007
        1909             7.52113             7.57681           0.0123943
        1910             7.49746             7.57676           0.0123879
        1911             7.04198             7.57648           0.0123845
        1912             6.73652             7.57605           0.0123859
        1913             6.57527             7.57552           0.0123904
        1914             6.85527             7.57515           0.0123897
        1915             7.25026             7.57498           0.0123844
        1916             7.08206             7.57472           0.0123806
        1917             6.91728             7.57438           0.0123789
        1918             6.64133             7.57389            0.012382
        1919              7.1804             7.57368           0.0123772
        1920             7.47996             7.57364           0.0123709
        1921               7.549             7.57362           0.0123644
        1922             7.69468             7.57369           0.0123581
        1923             7.41073              7.5736            0.012352
        1924             7.29691             7.57346           0.0123464
        1925             7.82986             7.57359           0.0123407
        1926             7.64439             7.57363           0.0123344
        1927             7.80363             7.57375           0.0123286
        1928               8.047             7.57399           0.0123246
        1929             8.11072             7.57427           0.0123214
        1930             8.05809             7.57452           0.0123175
        1931             8.62988             7.57507           0.0123233
        1932             8.38799             7.57549           0.0123241
        1933             8.64206             7.57604             0.01233
        1934             8.59515             7.57657           0.0123349
        1935             8.38365             7.57698           0.0123356
        1936              8.1477             7.57728           0.0123327
        1937             7.98258             7.57749           0.0123281
        1938             8.16541             7.57779           0.0123255
        1939             7.83826             7.57793           0.0123199
        1940             7.51934              7.5779           0.0123136
        1941             7.37887             7.57779           0.0123077
        1942             7.14779             7.57757           0.0123033
        1943             7.44938             7.57751           0.0122972
        1944             7.55806              7.5775           0.0122908
        1945             7.78546              7.5776            0.012285
        1946             7.66881             7.57765           0.0122788
        1947             7.72134             7.57772           0.0122727
        1948             7.81177             7.57784            0.012267
        1949             7.38534             7.57774           0.0122611
        1950             6.85557             7.57737           0.0122604
        1951              7.1408             7.57715           0.0122561
        1952             7.44335             7.57708             0.01225
        1953             7.28566             7.57693           0.0122447
        1954             7.05024             7.57666           0.0122414
        1955             6.85954              7.5763           0.0122406
        1956             7.13196             7.57607           0.0122365
        1957             7.45891             7.57601           0.0122304
        1958             7.26875             7.57585           0.0122251
        1959             7.97849             7.57606           0.0122206
        1960             7.72503             7.57613           0.0122146
        1961             7.47337             7.57608           0.0122085
        1962             7.65458             7.57612           0.0122023
        1963             7.67116             7.57617           0.0121962
        1964             7.82675              7.5763           0.0121907
        1965             8.05636             7.57654           0.0121869
        1966              8.0387             7.57678            0.012183
        1967             8.00254             7.57699           0.0121787
        1968             8.06249             7.57724            0.012175
        1969             7.95689             7.57743           0.0121704
        1970             8.03498             7.57767           0.0121664
        1971             7.62604             7.57769           0.0121603
        1972             7.70386             7.57775           0.0121543
        1973             7.44545             7.57769           0.0121483
        1974              7.1138             7.57745           0.0121444
        1975             7.45749             7.57739           0.0121384
        1976             7.52306             7.57736           0.0121323
        1977             8.16314             7.57766           0.0121298
        1978             7.83126             7.57779           0.0121243
        1979             7.44181             7.57772           0.0121184
        1980             7.30768             7.57758            0.012113
        1981             7.00095             7.57729           0.0121104
        1982             7.35568             7.57718           0.0121048
        1983             7.72776             7.57726            0.012099
        1984             8.15655             7.57755           0.0120964
        1985             8.00799             7.57776           0.0120922
        1986             7.96064             7.57796           0.0120877
        1987              7.8351             7.57809           0.0120823
        1988             7.56324             7.57808           0.0120762
        1989             7.61465              7.5781           0.0120702
        1990             7.49371             7.57806           0.0120642
        1991             7.54099             7.57804           0.0120581
        1992             7.57799             7.57804           0.0120521
        1993             7.70361              7.5781           0.0120462
        1994             7.11772             7.57787           0.0120424
        1995              7.0112             7.57758           0.0120397
        1996             7.09708             7.57734            0.012036
        1997             6.83602             7.57697           0.0120357
        1998             7.14245             7.57676           0.0120317
        1999             7.33227             7.57663           0.0120263
        2000             7.46384             7.57658           0.0120204
        2001              7.2208              7.5764           0.0120157
        2002             7.45857             7.57634           0.0120099
        2003             7.04186             7.57607           0.0120068
        2004             6.87642             7.57572           0.0120059
        2005             7.17378             7.57552           0.0120016
        2006             7.25631             7.57536           0.0119967
        2007             7.04213              7.5751           0.0119936
        2008             6.97483              7.5748           0.0119914
        2009             6.91946             7.57447           0.0119898
        2010             7.19696             7.57429           0.0119853
        2011             6.94884             7.57397           0.0119834
        2012             6.92782             7.57365           0.0119818
        2013             6.78098             7.57326           0.0119823
        2014               7.199             7.57307           0.0119778
        2015             7.26258             7.57292           0.0119728
        2016             7.37419             7.57282           0.0119673
        2017             7.58996             7.57283           0.0119614
        2018             7.20035             7.57265           0.0119569
        2019             6.99976             7.57236           0.0119543
        2020             6.86036             7.57201           0.0119536
        2021             6.99934             7.57173            0.011951
        2022             6.84703             7.57137           0.0119505
        2023             6.86543             7.57102           0.0119497
        2024             7.03127             7.57075           0.0119467
        2025              7.1736             7.57056           0.0119425
        2026             7.53542             7.57054           0.0119366
        2027             7.95654             7.57073           0.0119322
        2028             8.38392             7.57113           0.0119331
        2029              8.2299             7.57145           0.0119316
        2030             7.83373             7.57158           0.0119264
        2031              7.8561             7.57172           0.0119214
        2032             8.01892             7.57194           0.0119175
        2033             7.96451             7.57214           0.0119132
        2034              7.6829             7.57219           0.0119075
        2035             7.79837              7.5723           0.0119022
        2036             7.53211             7.57228           0.0118963
        2037             7.46249             7.57223           0.0118906
        2038             7.37875             7.57213           0.0118852
        2039             6.93451             7.57182           0.0118834
        2040             7.14516             7.57161           0.0118795
        2041             7.15071             7.57141           0.0118754
        2042             7.38909             7.57132           0.0118699
        2043             7.17247             7.57112           0.0118657
        2044             7.06435             7.57087           0.0118625
        2045             7.78349             7.57098           0.0118572
        2046             8.25287             7.57131           0.0118561
        2047             7.79014             7.57142           0.0118508
        2048             7.30709             7.57129           0.0118457
        2049              6.8426             7.57093           0.0118452
        2050             6.58438             7.57045           0.0118492
        2051             6.45114             7.56991            0.011856
        2052             6.46575             7.56937           0.0118624
        2053             6.66866             7.56893           0.0118648
        2054              6.9224             7.56861           0.0118632
        2055             7.18295             7.56843           0.0118589
        2056              7.4497             7.56837           0.0118533
        2057             7.75535             7.56846           0.0118478
        2058             7.48069             7.56842           0.0118422
        2059             7.68401             7.56847           0.0118365
        2060              7.9475             7.56866           0.0118322
        2061             7.86609              7.5688           0.0118274
        2062             8.30294             7.56916            0.011827
        2063             8.34841             7.56954           0.0118273
        2064             8.07876             7.56978           0.0118241
        2065             8.18182             7.57008           0.0118221
        2066             8.27136             7.57042           0.0118213
        2067             8.44699             7.57084           0.0118231
        2068             8.24883             7.57117            0.011822
        2069             8.33686             7.57154           0.0118221
        2070             8.12626             7.57181           0.0118194
        2071             7.99891             7.57201           0.0118155
        2072             7.57359             7.57201           0.0118098
        2073              7.5665             7.57201           0.0118041
        2074             7.67361             7.57206           0.0117985
        2075             7.93372             7.57224           0.0117941
        2076             7.67068             7.57228           0.0117885
        2077             7.45307             7.57223            0.011783
        2078             7.45163             7.57217           0.0117774
        2079             7.31818             7.57205           0.0117724
        2080             7.18223             7.57186           0.0117682
        2081             7.80187             7.57197           0.0117631
        2082             7.52653             7.57195           0.0117575
        2083             7.40097             7.57186           0.0117521
        2084             7.42647             7.57179           0.0117467
        2085             7.78642              7.5719           0.0117415
        2086             7.39304             7.57181           0.0117362
        2087             7.67405             7.57186           0.0117307
        2088             7.45458              7.5718           0.0117252
        2089             7.64281             7.57184           0.0117196
        2090              7.6268             7.57186            0.011714
        2091             7.46978             7.57182           0.0117085
        2092             8.05562             7.57205           0.0117052
        2093             8.54666             7.57251           0.0117089
        2094             8.32492             7.57287           0.0117088
        2095              7.8954             7.57303           0.0117042
        2096             7.95742             7.57321           0.0117001
        2097             8.11289             7.57347           0.0116973
        2098             8.20593             7.57377           0.0116956
        2099             7.41779             7.57369           0.0116903
        2100             7.42938             7.57363           0.0116849
        2101             7.25324             7.57347           0.0116804
        2102             7.33134             7.57336           0.0116754
        2103             7.48946             7.57332           0.0116699
        2104             7.76246             7.57341           0.0116647
        2105             7.47334             7.57336           0.0116593
        2106             7.16734             7.57317           0.0116553
        2107              7.2288               7.573           0.0116509
        2108             7.12479             7.57279           0.0116473
        2109             7.24427             7.57264           0.0116429
        2110              7.4872             7.57259           0.0116374
        2111             6.86119             7.57226           0.0116368
        2112             6.65117             7.57182           0.0116394
        2113             6.85254             7.57148           0.0116389
        2114             6.84672             7.57114           0.0116384
        2115             6.49384             7.57063           0.0116441
        2116             6.87298              7.5703           0.0116433
        2117             7.23012             7.57014           0.0116389
        2118             7.23542             7.56998           0.0116344
        2119             7.20381             7.56981           0.0116302
        2120               7.279             7.56967           0.0116256
        2121             7.75426             7.56976           0.0116204
        2122             8.00492             7.56996           0.0116167
        2123             7.73947             7.57004           0.0116115
        2124             8.17125             7.57033           0.0116095
        2125             7.82925             7.57045           0.0116047
        2126             7.69704             7.57051           0.0115994
        2127             8.06163             7.57074           0.0115962
        2128             8.17381             7.57102           0.0115942
        2129             8.21663             7.57132           0.0115928
        2130             8.36281              7.5717           0.0115933
        2131             8.15642             7.57197           0.0115911
        2132             8.42738             7.57237           0.0115926
        2133             8.52513             7.57282           0.0115958
        2134             8.62183             7.57331           0.0116007
        2135             8.16858             7.57359           0.0115987
        2136              8.0014             7.57379           0.0115949
        2137             7.99458             7.57399           0.0115912
        2138             7.98113             7.57418           0.0115873
        2139             7.56851             7.57417           0.0115819
        2140             7.36836             7.57408           0.0115769
        2141             7.03734             7.57383           0.0115742
        2142             6.89768             7.57351           0.0115731
        2143              6.9485             7.57322           0.0115714
        2144             7.23063             7.57306           0.0115671
        2145             7.58791             7.57307           0.0115617
        2146             7.01525             7.57281           0.0115592
        2147             7.44899             7.57275            0.011554
        2148             7.23321             7.57259           0.0115497
        2149             7.23621             7.57243           0.0115454
        2150             7.58476             7.57244             0.01154
        2151             7.06213              7.5722           0.0115371
        2152             6.91583              7.5719           0.0115358
        2153             7.12387             7.57169           0.0115323
        2154             7.15522              7.5715           0.0115285
        2155             7.02557             7.57124            0.011526
        2156             6.67906             7.57083           0.0115281
        2157             6.90764             7.57052           0.0115268
        2158             7.18103             7.57034           0.0115229
        2159             7.09911             7.57012           0.0115196
        2160              6.9927             7.56986           0.0115174
        2161             6.74526             7.56947           0.0115184
        2162             6.65783             7.56905           0.0115208
        2163             7.05852             7.56882           0.0115179
        2164             6.60007             7.56837           0.0115212
        2165             6.80256             7.56802           0.0115213
        2166             6.69621             7.56761            0.011523
        2167             6.76888             7.56724           0.0115236
        2168             6.82639              7.5669           0.0115234
        2169             6.86214             7.56658           0.0115226
        2170             7.34448             7.56648           0.0115178
        2171             7.02545             7.56623           0.0115152
        2172             7.42101             7.56616           0.0115101
        2173             7.29983             7.56604           0.0115054
        2174             7.04838              7.5658           0.0115026
        2175             7.54211             7.56579           0.0114973
        2176             7.81107              7.5659           0.0114926
        2177             7.83829             7.56603            0.011488
        2178             7.40504             7.56595           0.0114829
        2179             7.71128             7.56602           0.0114779
        2180             7.72885             7.56609           0.0114728
        2181             7.19876             7.56592           0.0114688
        2182               7.773             7.56602            0.011464
        2183             7.74669              7.5661            0.011459
        2184             7.99628              7.5663           0.0114555
        2185              7.7249             7.56637           0.0114504
        2186             8.04091             7.56659           0.0114473
        2187             8.21377             7.56688           0.0114458
        2188             7.76994             7.56698            0.011441
        2189             7.48118             7.56694           0.0114358
        2190             7.83223             7.56706           0.0114313
        2191             7.39491             7.56698           0.0114263
        2192               7.917             7.56714           0.0114222
        2193             7.88776             7.56729           0.0114179
        2194             7.54049             7.56727           0.0114127
        2195             7.74906             7.56736           0.0114078
        2196             7.55467             7.56735           0.0114026
        2197             7.57139             7.56735           0.0113975
        2198               7.879              7.5675           0.0113932
        2199             7.74415             7.56758           0.0113883
        2200             7.47642             7.56753           0.0113832
        2201             7.55119             7.56753            0.011378
        2202             7.25283             7.56738           0.0113737
        2203             7.33615             7.56728            0.011369
        2204               7.599             7.56729           0.0113639
        2205             7.54221             7.56728           0.0113587
        2206             7.33522             7.56718           0.0113541
        2207             7.95032             7.56735           0.0113503
        2208             7.71489             7.56742           0.0113453
        2209             7.09199              7.5672           0.0113422
        2210             7.16126             7.56702           0.0113386
        2211             7.01538             7.56677           0.0113362
        2212             7.13373             7.56657           0.0113328
        2213             6.95273              7.5663            0.011331
        2214             7.17676             7.56612           0.0113273
        2215             7.82241             7.56624           0.0113228
        2216             7.20785             7.56607           0.0113188
        2217             7.08083             7.56585           0.0113158
        2218              7.0358             7.56562           0.0113132
        2219             7.35873             7.56552           0.0113085
        2220             7.81955             7.56564            0.011304
        2221             7.69769              7.5657           0.0112991
        2222             7.73247             7.56577           0.0112942
        2223             7.69201             7.56583           0.0112893
        2224             7.87924             7.56597           0.0112851
        2225             7.46478             7.56592           0.0112801
        2226             7.14933             7.56574           0.0112766
        2227             7.19226             7.56557           0.0112728
        2228             7.19211              7.5654            0.011269
        2229             7.38081             7.56532           0.0112642
        2230             7.58466             7.56533           0.0112592
        2231             7.37142             7.56524           0.0112545
        2232             7.56303             7.56524           0.0112494
        2233             7.53793             7.56523           0.0112444
        2234              7.9537              7.5654           0.0112407
        2235             7.87162             7.56554           0.0112365
        2236             8.10779             7.56578           0.0112341
        2237             7.98823             7.56597           0.0112307
        2238             8.71503             7.56648           0.0112374
        2239             9.18677             7.56721           0.0112556
        2240              8.7648             7.56774           0.0112633
        2241             8.65112             7.56822           0.0112686
        2242             8.63374              7.5687           0.0112736
        2243             8.24068               7.569           0.0112726
        2244             8.00706             7.56919           0.0112693
        2245             7.68443             7.56925           0.0112644
        2246             8.23595             7.56954           0.0112632
        2247             7.60121             7.56956           0.0112582
        2248             7.19986             7.56939           0.0112544
        2249             7.27118             7.56926           0.0112502
        2250              7.5595             7.56926           0.0112452
        2251             7.56924             7.56926           0.0112402
        2252             7.50352             7.56923           0.0112353
        2253             7.37141             7.56914           0.0112306
        2254             7.42348             7.56907           0.0112258
        2255             7.41498             7.56901           0.0112211
        2256             7.24555             7.56886            0.011217
        2257             7.80109             7.56896           0.0112125
        2258             7.77544             7.56906           0.0112079
        2259             7.68511             7.56911           0.0112031
        2260             7.70504             7.56917           0.0111983
        2261             7.77435             7.56926           0.0111937
        2262             7.75021             7.56934            0.011189
        2263              7.8842             7.56948           0.0111849
        2264             8.10278             7.56971           0.0111825
        2265             8.01343             7.56991           0.0111793
        2266             8.25497             7.57021           0.0111784
        2267             7.95565             7.57038           0.0111748
        2268              8.1052             7.57062           0.0111723
        2269             7.56437             7.57061           0.0111674
        2270             7.36927             7.57053           0.0111628
        2271             7.42057             7.57046           0.0111581
        2272              7.7564             7.57054           0.0111535
        2273              7.8274             7.57065           0.0111492
        2274             8.20779             7.57093           0.0111478
        2275              8.3657             7.57128           0.0111484
        2276             7.85624             7.57141           0.0111442
        2277             7.96187             7.57158           0.0111406
        2278             7.35802             7.57149           0.0111361
        2279             7.62337             7.57151           0.0111312
        2280             7.54228              7.5715           0.0111264
        2281             7.58448              7.5715           0.0111215
        2282             7.45616             7.57145           0.0111167
        2283              7.1903             7.57129           0.0111131
        2284              7.1178             7.57109             0.01111
        2285             7.28915             7.57096           0.0111058
        2286             7.31558             7.57085           0.0111015
        2287             7.45679              7.5708           0.0110968
        2288             7.41294             7.57073           0.0110922
        2289             7.23452             7.57059           0.0110883
        2290             7.29344             7.57046           0.0110841
        2291             7.09867             7.57026           0.0110812
        2292             7.17293             7.57009           0.0110777
        2293             6.86793             7.56978           0.0110771
        2294             7.09049             7.56957           0.0110743
        2295             7.11982             7.56937           0.0110712
        2296             6.86863             7.56907           0.0110705
        2297             6.98015             7.56881           0.0110687
        2298             6.74108             7.56845           0.0110697
        2299             7.08119             7.56824            0.011067
        2300             7.13625             7.56805           0.0110637
        2301             7.41018             7.56798           0.0110591
        2302             7.47442             7.56794           0.0110544
        2303             7.26639             7.56781           0.0110504
        2304             7.56266             7.56781           0.0110456
        2305             7.61322             7.56783           0.0110408
        2306             7.87098             7.56796           0.0110368
        2307             7.72213             7.56803           0.0110322
        2308             7.62679             7.56805           0.0110275
        2309             7.51308             7.56803           0.0110227
        2310              7.5029               7.568            0.011018
        2311             7.19337             7.56784           0.0110144
        2312             7.34937             7.56775           0.0110101
        2313             7.03865             7.56752           0.0110077
        2314             7.17723             7.56735           0.0110042
        2315             7.41829             7.56728           0.0109996
        2316             7.13107              7.5671           0.0109965
        2317             7.58607              7.5671           0.0109918
        2318             7.32924               7.567           0.0109875
        2319             7.23154             7.56686           0.0109837
        2320               7.469             7.56681           0.0109791
        2321              6.9595             7.56655           0.0109774
        2322             6.83182             7.56624           0.0109773
        2323              6.7567             7.56589           0.0109781
        2324             6.85675             7.56558           0.0109776
        2325             6.51415             7.56513           0.0109822
        2326             6.85496             7.56482           0.0109817
        2327             7.12455             7.56464           0.0109786
        2328             6.88965             7.56435           0.0109777
        2329             7.11881             7.56415           0.0109747
        2330             7.21822             7.56401            0.010971
        2331               7.607             7.56402           0.0109663
        2332             7.55689             7.56402           0.0109616
        2333             7.28153              7.5639           0.0109576
        2334             7.23665             7.56376           0.0109538
        2335             7.06153             7.56354           0.0109512
        2336               7.642             7.56358           0.0109465
        2337             7.76665             7.56367           0.0109422
        2338             7.85358             7.56379           0.0109382
        2339              7.8372             7.56391           0.0109342
        2340             8.15897             7.56416           0.0109325
        2341             8.54874             7.56458           0.0109359
        2342             8.37927             7.56493           0.0109367
        2343             8.28226             7.56524           0.0109364
        2344             8.24619             7.56553           0.0109355
        2345             7.79736             7.56562           0.0109313
        2346             7.74806              7.5657           0.0109269
        2347             7.78793              7.5658           0.0109227
        2348             7.86824             7.56593           0.0109188
        2349             7.89772             7.56607           0.0109151
        2350             8.24064             7.56635           0.0109142
        2351             8.63328             7.56681            0.010919
        2352             8.25261              7.5671           0.0109182
        2353             8.17066             7.56736           0.0109166
        2354             7.51071             7.56733            0.010912
        2355             7.26956             7.56721           0.0109081
        2356             7.48054             7.56717           0.0109035
        2357             7.15301             7.56699           0.0109003
        2358               7.227             7.56685           0.0108967
        2359             7.51268             7.56683           0.0108921
        2360             7.28053              7.5667           0.0108881
        2361             7.23976             7.56657           0.0108844
        2362             7.37021             7.56648           0.0108801
        2363             7.83394              7.5666           0.0108761
        2364             7.54341             7.56659           0.0108715
        2365             7.72507             7.56665           0.0108671
        2366              7.0556             7.56644           0.0108647
        2367             7.81605             7.56654           0.0108606
        2368             7.95457             7.56671           0.0108572
        2369             7.79686              7.5668           0.0108531
        2370             7.61748             7.56683           0.0108485
        2371             7.46444             7.56678            0.010844
        2372             7.71679             7.56685           0.0108396
        2373              7.6692             7.56689           0.0108352
        2374             7.77852             7.56698            0.010831
        2375             7.04653             7.56676           0.0108286
        2376             7.18029              7.5666           0.0108253
        2377             7.63849             7.56663           0.0108208
        2378             7.71681             7.56669           0.0108164
        2379             7.29253             7.56657           0.0108125
        2380             7.32451             7.56647           0.0108084
        2381             7.09718             7.56628           0.0108057
        2382             7.12181             7.56609           0.0108027
        2383              7.2704             7.56596           0.0107989
        2384             7.32226             7.56586           0.0107949
        2385             7.61952             7.56588           0.0107904
        2386             7.44302             7.56583            0.010786
        2387             7.70889             7.56589           0.0107816
        2388             7.51983             7.56587           0.0107771
        2389             7.76825             7.56596           0.0107729
        2390             7.42965              7.5659           0.0107686
        2391              8.0184             7.56609           0.0107657
        2392             8.26982             7.56638           0.0107653
        2393             8.10597             7.56661           0.0107631
        2394             8.25549              7.5669           0.0107625
        2395             8.01144             7.56708           0.0107596
        2396             7.80386             7.56718           0.0107555
        2397             7.61975              7.5672           0.0107511
        2398             7.70617             7.56726           0.0107468
        2399              7.5942             7.56727           0.0107423
        2400             8.12564             7.56751           0.0107403
        2401             7.60469             7.56752           0.0107359
        2402             7.55019             7.56751           0.0107314
        2403             7.18323             7.56735           0.0107281
        2404              7.3761             7.56728           0.0107239
        2405             7.36658             7.56719           0.0107198
        2406             7.74516             7.56727           0.0107156
        2407             7.55641             7.56726           0.0107112
        2408             7.32038             7.56716           0.0107072
        2409             7.21505             7.56701           0.0107038
        2410             7.45808             7.56697           0.0106994
        2411             7.16225              7.5668           0.0106963
        2412             7.10165             7.56661           0.0106936
        2413             6.75428             7.56627           0.0106945
        2414             6.90769               7.566           0.0106935
        2415             6.53107             7.56557           0.0106977
        2416             6.33515             7.56506           0.0107054
        2417             6.65189             7.56468           0.0107076
        2418             6.67789             7.56431           0.0107094
        2419             6.81122               7.564           0.0107095
        2420              7.0335             7.56378           0.0107074
        2421             7.42024             7.56372           0.0107031
        2422             7.46759             7.56369           0.0106988
        2423             7.77852             7.56377           0.0106947
        2424             7.48359             7.56374           0.0106903
        2425             7.79511             7.56384           0.0106864
        2426             7.95025               7.564           0.0106831
        2427             7.87514             7.56412           0.0106795
        2428             7.52649             7.56411           0.0106751
        2429             8.13306             7.56434           0.0106733
        2430             7.97135             7.56451           0.0106702
        2431             8.00139             7.56469           0.0106673
        2432             7.83396              7.5648           0.0106635
        2433             7.94028             7.56495           0.0106603
        2434             7.83541             7.56507           0.0106565
        2435             7.71394             7.56513           0.0106523
        2436              7.9248             7.56527           0.0106489
        2437             7.94609             7.56543           0.0106457
        2438             8.00805             7.56561           0.0106429
        2439             7.92219             7.56576           0.0106395
        2440             8.04952             7.56596            0.010637
        2441             7.61162             7.56598           0.0106327
        2442             7.52001             7.56596           0.0106283
        2443             7.73223             7.56602           0.0106242
        2444             7.64157             7.56606           0.0106199
        2445             7.53967             7.56604           0.0106155
        2446             7.82423             7.56615           0.0106117
        2447             7.82831             7.56626           0.0106079
        2448             8.19167             7.56651           0.0106067
        2449             8.32522             7.56682           0.0106069
        2450              8.4278             7.56717           0.0106084
        2451             7.92826             7.56732           0.0106051
        2452             7.49359             7.56729           0.0106008
        2453             7.47538             7.56725           0.0105965
        2454             7.66049             7.56729           0.0105923
        2455              7.4608             7.56725            0.010588
        2456             7.49202             7.56722           0.0105838
        2457             7.91572             7.56736           0.0105804
        2458             7.33045             7.56726           0.0105766
        2459             7.69186             7.56731           0.0105724
        2460             7.94807             7.56747           0.0105692
        2461             7.72945             7.56753           0.0105651
        2462             7.37387             7.56746           0.0105611
        2463             7.27511             7.56734           0.0105575
        2464             7.54376             7.56733           0.0105532
        2465             7.67781             7.56737            0.010549
        2466              7.4827             7.56734           0.0105448
        2467             7.71697              7.5674           0.0105407
        2468             7.87663             7.56752           0.0105372
        2469             7.72835             7.56759           0.0105331
        2470             7.79523             7.56768           0.0105293
        2471             7.67465             7.56772           0.0105251
        2472             7.84135             7.56784           0.0105214
        2473             7.78314             7.56792           0.0105175
        2474             7.65832             7.56796           0.0105133
        2475             8.07554             7.56816           0.0105111
        2476             7.87285             7.56829           0.0105076
        2477             7.96505             7.56845           0.0105045
        2478             8.06007             7.56865           0.0105022
        2479             7.63135             7.56867            0.010498
        2480             7.62678             7.56869           0.0104938
        2481             7.40978             7.56863           0.0104897
        2482             7.19212             7.56848           0.0104866
        2483             6.75339             7.56815           0.0104875
        2484             6.76879             7.56783           0.0104882
        2485             7.03199             7.56761           0.0104862
        2486             7.75176             7.56769           0.0104823
        2487             7.63398             7.56771           0.0104781
        2488             7.31461             7.56761           0.0104744
        2489             7.48959             7.56758           0.0104702
        2490             7.89283             7.56771           0.0104668
        2491             8.68619             7.56816           0.0104722
        2492             8.82809             7.56867           0.0104802
        2493             8.48669             7.56903           0.0104825
        2494             7.94772             7.56919           0.0104794
        2495             7.95265             7.56934           0.0104763
        2496             7.57711             7.56934           0.0104721
        2497             7.48647             7.56931            0.010468
        2498             6.94323             7.56906           0.0104668
        2499             7.32173             7.56896           0.0104631
        2500             7.11507             7.56878           0.0104605
        2501             7.00915             7.56855           0.0104587
        2502             7.23708             7.56842           0.0104553
        2503             7.14013             7.56825           0.0104525
        2504             7.45455             7.56821           0.0104485
        2505             7.82125             7.56831           0.0104448
        2506             7.75452             7.56838           0.0104409
        2507              7.6187              7.5684           0.0104367
        2508             7.48896             7.56837           0.0104326
        2509              7.2163             7.56823           0.0104294
        2510             6.78412             7.56792           0.0104299
        2511             7.14196             7.56775           0.0104272
        2512             7.27021             7.56763           0.0104237
        2513              7.2414              7.5675           0.0104203
        2514             7.11392             7.56732           0.0104178
        2515             7.40461             7.56725           0.0104138
        2516             7.29072             7.56714           0.0104103
        2517             7.46939             7.56711           0.0104062
        2518              7.3433             7.56702           0.0104024
        2519             7.21346             7.56688           0.0103993
        2520              7.1974             7.56673           0.0103962
        2521             7.60852             7.56675           0.0103921
        2522             7.27505             7.56663           0.0103886
        2523             7.50516             7.56661           0.0103845
        2524             7.32318             7.56651           0.0103808
        2525             7.52045             7.56649           0.0103767
        2526             7.43109             7.56644           0.0103728
        2527             7.62605             7.56646           0.0103687
        2528             7.50255             7.56644           0.0103646
        2529              7.2089             7.56629           0.0103615
        2530             7.47146             7.56626           0.0103574
        2531             7.77824             7.56634           0.0103537
        2532             7.87066             7.56646           0.0103503
        2533             7.60224             7.56647           0.0103462
        2534             7.38997             7.56641           0.0103424
        2535             7.45145             7.56636           0.0103384
        2536             7.58746             7.56637           0.0103343
        2537             7.61793             7.56639           0.0103303
        2538             7.62373             7.56641           0.0103262
        2539             7.25528             7.56629           0.0103229
        2540             7.56832             7.56629           0.0103188
        2541             7.99301             7.56646           0.0103161
        2542             8.01641             7.56663           0.0103136
        2543             7.89963             7.56677           0.0103104
        2544             7.45426             7.56672           0.0103064
        2545              7.5945             7.56673           0.0103024
        2546             7.45177             7.56669           0.0102984
        2547             7.42588             7.56663           0.0102945
        2548             7.27186             7.56652           0.0102911
        2549             7.11106             7.56634           0.0102886
        2550             6.89141             7.56607            0.010288
        2551             6.90398             7.56581           0.0102873
        2552             6.97995             7.56558           0.0102858
        2553             7.05352             7.56538           0.0102837
        2554              7.2327             7.56525           0.0102805
        2555             7.55847             7.56525           0.0102765
        2556             7.03569             7.56504           0.0102746
        2557             7.32395             7.56495            0.010271
        2558             7.21648             7.56481           0.0102679
        2559             7.63412             7.56484           0.0102639
        2560             7.39295             7.56477           0.0102601
        2561             7.33919             7.56468           0.0102565
        2562             7.05646             7.56449           0.0102544
        2563             7.70067             7.56454           0.0102505
        2564             7.86621             7.56466           0.0102472
        2565               7.958             7.56481           0.0102443
        2566               7.638             7.56484           0.0102404
        2567             7.35898             7.56476           0.0102367
        2568             7.52799             7.56474           0.0102327
        2569             7.65842             7.56478           0.0102288
        2570             7.35462              7.5647           0.0102252
        2571             7.35003             7.56462           0.0102215
        2572             7.41645             7.56456           0.0102177
        2573             7.40039             7.56449           0.0102139
        2574              6.9853             7.56427           0.0102125
        2575               7.404             7.56421           0.0102087
        2576             7.47409             7.56417           0.0102048
        2577             7.34423             7.56409           0.0102012
        2578             7.23549             7.56396            0.010198
        2579               7.246             7.56384           0.0101948
        2580             7.39313             7.56377           0.0101911
        2581             7.62429             7.56379           0.0101871
        2582              7.6138             7.56381           0.0101832
        2583             7.77943              7.5639           0.0101796
        2584             7.70299             7.56395           0.0101758
        2585             7.91469             7.56408           0.0101728
        2586             8.66339             7.56451           0.0101777
        2587             8.41012             7.56484            0.010179
        2588             8.44293             7.56518           0.0101808
        2589             8.32511             7.56547           0.0101811
        2590             8.12218             7.56568           0.0101794
        2591             7.88516             7.56581           0.0101762
        2592             7.84018             7.56591           0.0101728
        2593             7.85829             7.56603           0.0101695
        2594             7.51432             7.56601           0.0101656
        2595             7.60129             7.56602           0.0101617
        2596             7.79973             7.56611           0.0101582
        2597             7.57297             7.56611           0.0101543
        2598             8.02445             7.56629           0.0101519
        2599             8.22983             7.56654           0.0101512
        2600             8.09514             7.56675           0.0101494
        2601             7.79782             7.56684           0.0101459
        2602               7.391             7.56677           0.0101422
        2603             7.82302             7.56687           0.0101388
        2604              7.7185             7.56693            0.010135
        2605             7.66728             7.56696           0.0101312
        2606              7.4164             7.56691           0.0101275
        2607             7.48516             7.56688           0.0101237
        2608             7.50594             7.56685           0.0101198
        2609             7.16108              7.5667           0.0101171
        2610             7.30901              7.5666           0.0101137
        2611             7.38632             7.56653           0.0101101
        2612             7.35502             7.56645           0.0101065
        2613             7.41286             7.56639           0.0101028
        2614             7.72729             7.56645           0.0100992
        2615             7.68604              7.5665           0.0100954
        2616             7.73002             7.56656           0.0100917
        2617             7.92522              7.5667           0.0100888
        2618             7.96427             7.56685           0.0100861
        2619             7.56151             7.56685           0.0100823
        2620              7.5274             7.56683           0.0100784
        2621             7.60975             7.56685           0.0100746
        2622             7.83118             7.56695           0.0100713
        2623             7.84885             7.56706            0.010068
        2624             8.14402             7.56728           0.0100665
        2625             7.63156              7.5673           0.0100627
        2626             7.64197             7.56733            0.010059
        2627             8.08142             7.56752            0.010057
        2628             8.04625             7.56771           0.0100548
        2629             8.50533             7.56806           0.0100573
        2630             8.15405             7.56829            0.010056
        2631             8.38507              7.5686            0.010057
        2632             8.24432             7.56885           0.0100564
        2633             7.82754             7.56895           0.0100531
        2634             7.75018             7.56902           0.0100495
        2635             7.73815             7.56908           0.0100459
        2636             7.73338             7.56915           0.0100423
        2637             7.40357             7.56908           0.0100387
        2638             6.90123             7.56883            0.010038
        2639             7.12049             7.56866           0.0100357
        2640             7.38648             7.56859           0.0100321
        2641             7.36642             7.56851           0.0100286
        2642             7.41766             7.56846            0.010025
        2643             8.02665             7.56863           0.0100227
        2644             8.25221             7.56889           0.0100222
        2645             7.94153             7.56903           0.0100194
        2646             7.82883             7.56913           0.0100161
        2647             7.74338             7.56919           0.0100125
        2648              7.8227             7.56929           0.0100092
        2649             7.58645              7.5693           0.0100054
        2650             7.51987             7.56928           0.0100017
        2651             7.54949             7.56927          0.00999792
        2652             7.57211             7.56927          0.00999415
        2653              7.1408             7.56911          0.00999169
        2654             7.05158             7.56891          0.00998983
        2655             6.74742             7.56861          0.00999085
        2656             6.77516             7.56831          0.00999156
        2657             6.71022             7.56798          0.00999302
        2658             6.41736             7.56755          0.00999863
        2659             6.65109             7.56721           0.0100008
        2660             6.51088             7.56681           0.0100049
        2661             6.52149             7.56642           0.0100089
        2662             6.69498             7.56609           0.0100105
        2663             6.66363             7.56575           0.0100124
        2664             7.08772             7.56557           0.0100103
        2665             6.99739             7.56536           0.0100088
        2666              6.5247             7.56497           0.0100127
        2667             6.69723             7.56464           0.0100142
        2668             6.54308             7.56426           0.0100178
        2669             5.80197              7.5636           0.0100357
        2670             5.95171             7.56299           0.0100501
        2671             5.96171              7.5624           0.0100642
        2672             6.15138             7.56187           0.0100743
        2673             6.95631             7.56164           0.0100731
        2674             6.63806              7.5613           0.0100752
        2675             6.62608             7.56095           0.0100775
        2676             6.86017             7.56068           0.0100772
        2677              6.5742             7.56032           0.0100801
        2678             6.49265             7.55992           0.0100843
        2679             6.37865             7.55948           0.0100901
        2680             6.70768             7.55916           0.0100914
        2681             6.73511             7.55885           0.0100923
        2682             6.86514             7.55859           0.0100918
        2683             7.23234             7.55847           0.0100888
        2684             7.30463             7.55838           0.0100855
        2685             7.54707             7.55837           0.0100817
        2686             6.99921             7.55816           0.0100801
        2687              7.2776             7.55806           0.0100769
        2688             7.18474             7.55792           0.0100741
        2689              7.0318             7.55772           0.0100723
        2690             7.13423             7.55757           0.0100698
        2691             6.91399             7.55733           0.0100689
        2692             7.61586             7.55735           0.0100651
        2693             7.71466             7.55741           0.0100616
        2694             7.50507             7.55739           0.0100579
        2695             7.61466             7.55741           0.0100542
        2696             7.68072             7.55746           0.0100505
        2697             7.37797             7.55739            0.010047
        2698             7.20952             7.55726           0.0100441
        2699              6.5445             7.55688           0.0100474
        2700             6.48542             7.55649           0.0100515
        2701             6.67475             7.55616           0.0100531
        2702             6.73772             7.55586           0.0100539
        2703             6.72908             7.55555           0.0100549
        2704             6.96312             7.55533           0.0100535
        2705             6.60818             7.55498           0.0100559
        2706             7.04697              7.5548            0.010054
        2707             7.06753             7.55462           0.0100519
        2708              7.2788             7.55451           0.0100487
        2709             7.25669              7.5544           0.0100456
        2710             7.19865             7.55427           0.0100427
        2711             7.21033             7.55415           0.0100398
        2712             7.55633             7.55415           0.0100361
        2713             7.56323             7.55415           0.0100324
        2714             7.89982             7.55428           0.0100295
        2715             7.76871             7.55436           0.0100261
        2716             7.73949             7.55442           0.0100227
        2717             7.23798             7.55431           0.0100197
        2718             7.16159             7.55416            0.010017
        2719              7.4379             7.55412           0.0100134
        2720             7.54266             7.55412           0.0100097
        2721             7.88128             7.55424           0.0100068
        2722             8.53735              7.5546           0.0100096
        2723             8.41099             7.55491           0.0100109
        2724              8.4482             7.55524           0.0100126
        2725             7.95498             7.55539             0.01001
        2726             7.67389             7.55543           0.0100064
        2727               8.197             7.55567           0.0100055
        2728             8.19898              7.5559           0.0100046
        2729              8.0742             7.55609           0.0100027
        2730              7.7417             7.55616          0.00999931
        2731             7.74483             7.55623          0.00999589
        2732             7.78276             7.55631          0.00999257
        2733             7.57072             7.55632          0.00998892
        2734             7.80741             7.55641          0.00998569
        2735             7.54158              7.5564          0.00998204
        2736             7.51405             7.55639           0.0099784
        2737              7.7074             7.55644          0.00997491
        2738             7.53434             7.55643          0.00997127
        2739             7.60973             7.55645          0.00996765
        2740             7.31416             7.55637           0.0099644
        2741             7.35516             7.55629          0.00996104
        2742              7.6372             7.55632          0.00995745
        2743             7.25212             7.55621          0.00995444
        2744             7.19689             7.55608          0.00995167
        2745             6.99223             7.55587          0.00995016
        2746             7.68145             7.55592          0.00994664
        2747             7.89428             7.55604          0.00994379
        2748             7.99665              7.5562          0.00994146
        2749             8.03574             7.55638          0.00993937
        2750             7.52845             7.55637          0.00993577
        2751             7.61225             7.55639          0.00993217
        2752             7.54142             7.55638          0.00992857
        2753             7.74685             7.55645           0.0099252
        2754             7.93644             7.55659          0.00992256
        2755             7.68598             7.55664          0.00991907
        2756             7.50135             7.55662          0.00991549
        2757             7.11028             7.55646          0.00991321
        2758             7.53017             7.55645          0.00990962
        2759             8.03864             7.55662          0.00990757
        2760             7.86439             7.55673          0.00990461
        2761             7.79792             7.55682          0.00990141
        2762             8.00495             7.55698          0.00989915
        2763             7.85131             7.55709          0.00989614
        2764             7.47693             7.55706           0.0098926
        2765             7.42431             7.55701          0.00988914
        2766             7.92139             7.55714          0.00988645
        2767             8.21407             7.55738          0.00988572
        2768             8.15426              7.5576           0.0098845
        2769             8.06682             7.55778          0.00988264
        2770             8.02002             7.55795          0.00988048
        2771             7.97573              7.5581          0.00987807
        2772             7.74052             7.55816          0.00987472
        2773             7.87981             7.55828          0.00987184
        2774             7.80566             7.55837          0.00986869
        2775             7.44839             7.55833          0.00986521
        2776             7.11708             7.55817          0.00986294
        2777             7.37089              7.5581          0.00985962
        2778             7.03311             7.55791          0.00985788
        2779             6.93682             7.55769          0.00985687
        2780             6.69292             7.55738          0.00985823
        2781             7.14657             7.55723          0.00985579
        2782             7.90489             7.55736          0.00985304
        2783             8.00138             7.55752          0.00985079
        2784             8.39222             7.55782          0.00985181
        2785             7.89653             7.55794          0.00984903
        2786              7.8244             7.55803          0.00984596
        2787             7.73385              7.5581          0.00984262
        2788             8.38634             7.55839          0.00984358
        2789             7.91129             7.55852          0.00984086
        2790              8.2072             7.55875          0.00984008
        2791              8.8151              7.5592          0.00984684
        2792             8.40271              7.5595          0.00984795
        2793             7.96042             7.55965          0.00984547
        2794             8.14347             7.55986          0.00984416
        2795             8.53942             7.56021          0.00984688
        2796             8.53277             7.56056           0.0098495
        2797             8.35575             7.56084          0.00985008
        2798             7.77767             7.56092          0.00984686
        2799              7.6124             7.56094          0.00984336
        2800             7.19541              7.5608          0.00984071
        2801             7.43705             7.56076           0.0098373
        2802              7.3837              7.5607          0.00983399
        2803             7.44086             7.56065          0.00983058
        2804             7.59378             7.56067          0.00982708
        2805              7.8181             7.56076            0.009824
        2806             7.57079             7.56076           0.0098205
        2807             7.56598             7.56076            0.009817
        2808             8.13398             7.56097          0.00981563
        2809             7.78431             7.56105          0.00981246
        2810             8.39086             7.56134          0.00981341
        2811             8.42636             7.56165          0.00981474
        2812             8.25801              7.5619          0.00981437
        2813             7.80307             7.56198          0.00981126
        2814             8.09447             7.56217           0.0098096
        2815             7.94615             7.56231          0.00980706
        2816             7.77716             7.56239          0.00980388
        2817              7.4847             7.56236          0.00980043
        2818              7.5594             7.56236          0.00979696
        2819             7.46528             7.56232          0.00979354
        2820             7.26327             7.56222          0.00979064
        2821             7.50384              7.5622          0.00978719
        2822             7.17536             7.56206          0.00978469
        2823             7.42635             7.56201          0.00978134
        2824             7.49975             7.56199           0.0097779
        2825             7.28525             7.56189          0.00977493
        2826             7.31926              7.5618          0.00977185
        2827             7.37414             7.56174          0.00976862
        2828             7.74022              7.5618          0.00976537
        2829             7.54874              7.5618          0.00976191
        2830             7.28693              7.5617          0.00975895
        2831             7.45681             7.56166          0.00975557
        2832              7.1916             7.56153            0.009753
        2833             7.04581             7.56135          0.00975126
        2834             7.09515             7.56119           0.0097492
        2835             6.91798             7.56096          0.00974841
        2836             7.28049             7.56086          0.00974547
        2837             7.07171             7.56069          0.00974356
        2838             7.14978             7.56054           0.0097412
        2839             7.03442             7.56036          0.00973953
        2840             7.17465             7.56022          0.00973705
        2841             6.95607             7.56001          0.00973595
        2842             7.25839              7.5599           0.0097331
        2843             7.24622             7.55979           0.0097303
        2844              7.1753             7.55966          0.00972782
        2845             7.38854              7.5596          0.00972458
        2846             7.19719             7.55947            0.009722
        2847              7.0796              7.5593          0.00972005
        2848              7.2515             7.55919          0.00971724
        2849             7.72811             7.55925          0.00971401
        2850             7.80575             7.55934          0.00971098
        2851             7.21807             7.55922          0.00970831
        2852             7.20838              7.5591          0.00970569
        2853             7.28515               7.559          0.00970276
        2854             7.32651             7.55892           0.0096997
        2855             7.43665             7.55888           0.0096964
        2856             7.54153             7.55887          0.00969301
        2857             7.02659             7.55868          0.00969141
        2858             7.29506             7.55859          0.00968845
        2859             7.67632             7.55863          0.00968515
        2860              7.8498             7.55873           0.0096823
        2861             7.29299             7.55864          0.00967936
        2862             7.00954             7.55845          0.00967788
        2863             7.39238             7.55839          0.00967467
        2864             7.49271             7.55837          0.00967132
        2865             7.77551             7.55844          0.00966825
        2866             7.52345             7.55843          0.00966488
        2867             7.49279             7.55841          0.00966154
        2868             7.68119             7.55845          0.00965826
        2869             7.36054             7.55838          0.00965514
        2870             7.33117              7.5583           0.0096521
        2871             7.60811             7.55832          0.00964876
        2872             7.80192             7.55841          0.00964577
        2873             7.77008             7.55848          0.00964269
        2874             7.39527             7.55842           0.0096395
        2875             7.73989             7.55849          0.00963636
        2876             7.39669             7.55843          0.00963317
        2877             7.02943             7.55825          0.00963158
        2878             7.04313             7.55807          0.00962989
        2879             7.13076             7.55792          0.00962769
        2880             8.00934             7.55808          0.00962563
        2881             7.76102             7.55815          0.00962254
        2882             8.04568             7.55831          0.00962069
        2883             7.75176             7.55838          0.00961759
        2884             7.71574             7.55844          0.00961441
        2885             7.69837             7.55848           0.0096112
        2886             7.70021             7.55853          0.00960799
        2887             7.68516             7.55858          0.00960477
        2888             7.28508             7.55848          0.00960191
        2889             7.30038             7.55839            0.009599
        2890             7.45527             7.55836          0.00959574
        2891             7.07546             7.55819          0.00959388
        2892              6.8965             7.55796          0.00959329
        2893             7.21917             7.55785          0.00959069
        2894             7.22389             7.55773          0.00958807
        2895             7.10555             7.55757          0.00958603
        2896             6.95056             7.55736          0.00958501
        2897              7.6484              7.5574          0.00958175
        2898              7.6229             7.55742          0.00957847
        2899              7.3116             7.55733          0.00957554
        2900             7.14026             7.55719          0.00957332
        2901               7.642             7.55722          0.00957007
        2902             7.54792             7.55722          0.00956677
        2903             7.82145             7.55731          0.00956391
        2904             7.77959             7.55738          0.00956092
        2905              7.4939             7.55736          0.00955765
        2906             7.53346             7.55735          0.00955437
        2907             8.00773             7.55751          0.00955234
        2908             8.16956             7.55772          0.00955137
        2909             8.00689             7.55787          0.00954933
        2910             7.77665             7.55795          0.00954635
        2911             7.54844             7.55794          0.00954307
        2912             7.39091             7.55789          0.00953997
        2913             7.05855             7.55772          0.00953823
        2914             6.92249              7.5575          0.00953745
        2915             6.84332             7.55725          0.00953732
        2916             6.73431             7.55697          0.00953823
        2917              6.8007             7.55671          0.00953848
        2918             6.99827             7.55652          0.00953713
        2919             7.27666             7.55642          0.00953435
        2920             6.81032             7.55617           0.0095345
        2921             6.91014             7.55595           0.0095338
        2922              6.9431             7.55574          0.00953285
        2923             7.37867             7.55568          0.00952978
        2924             7.48726             7.55565          0.00952655
        2925             7.80778             7.55574          0.00952368
        2926             8.02644              7.5559          0.00952179
        2927             7.83708               7.556          0.00951902
        2928             8.07513             7.55617          0.00951742
        2929             7.73051             7.55623          0.00951435
        2930              8.2066             7.55646           0.0095137
        2931             8.52812             7.55679          0.00951622
        2932             7.88101              7.5569          0.00951362
        2933             8.32307             7.55716          0.00951396
        2934             7.91701             7.55728          0.00951151
        2935             7.40533             7.55723          0.00950841
        2936             7.67287             7.55727          0.00950525
        2937             7.33655             7.55719          0.00950231
        2938             7.36242             7.55713          0.00949931
        2939             7.45626             7.55709          0.00949614
        2940             7.78641             7.55717          0.00949323
        2941             7.57036             7.55718             0.00949
        2942             7.43532             7.55713          0.00948687
        2943             7.46883              7.5571          0.00948369
        2944             7.77249             7.55718          0.00948075
        2945              7.3463             7.55711           0.0094778
        2946             7.09464             7.55695          0.00947589
        2947             7.47106             7.55692          0.00947272
        2948             7.47806             7.55689          0.00946954
        2949             7.24491             7.55679          0.00946692
        2950             6.95021             7.55658          0.00946594
        2951             6.53015             7.55623          0.00946913
        2952             6.94234             7.55603           0.0094682
        2953             7.23856             7.55592          0.00946561
        2954             7.52953             7.55591           0.0094624
        2955             7.76095             7.55598          0.00945946
        2956              8.2636             7.55622          0.00945929
        2957             8.43259             7.55651          0.00946073
        2958             8.22064             7.55674          0.00946019
        2959              8.1737             7.55695          0.00945929
        2960             8.00886              7.5571          0.00945733
        2961             7.50992             7.55708          0.00945415
        2962             7.47978             7.55706          0.00945099
        2963             7.22759             7.55695          0.00944846
        2964             7.48561             7.55692           0.0094453
        2965             7.23033             7.55681          0.00944276
        2966              7.6147             7.55683          0.00943959
        2967             7.30961             7.55675          0.00943678
        2968             7.16998             7.55662           0.0094345
        2969             7.13727             7.55648          0.00943238
        2970             7.43747             7.55644          0.00942929
        2971             7.32179             7.55636          0.00942645
        2972             7.51859             7.55635          0.00942328
        2973             8.17975             7.55656          0.00942245
        2974             8.47527             7.55686          0.00942434
        2975             8.42232             7.55716          0.00942566
        2976             8.38377             7.55743          0.00942659
        2977             8.26125             7.55767          0.00942638
        2978             7.74669             7.55773          0.00942343
        2979             7.62344             7.55776          0.00942029
        2980             7.46343             7.55772          0.00941719
        2981             7.19863              7.5576           0.0094148
        2982             6.99604             7.55741          0.00941352
        2983             7.19997             7.55729          0.00941113
        2984             7.06044             7.55713          0.00940945
        2985             7.15727             7.55699          0.00940725
        2986             7.06003             7.55683          0.00940557
        2987             7.23943             7.55672          0.00940302
        2988             6.97986             7.55653          0.00940186
        2989              7.2807             7.55644          0.00939917
        2990             7.46622             7.55641          0.00939607
        2991              7.5572             7.55641          0.00939293
        2992             7.56031             7.55641          0.00938979
        2993             7.37345             7.55635          0.00938685
        2994             7.33848             7.55627            0.009384
        2995              7.1308             7.55613          0.00938194
        2996             7.02435             7.55595          0.00938049
        2997             7.03343             7.55578          0.00937898
        2998             6.82195             7.55554          0.00937904
        2999             7.21826             7.55542          0.00937659
        3000             7.82385             7.55551          0.00937389
        3001             7.57561             7.55552          0.00937077
        3002             7.35342             7.55545          0.00936789
        3003             7.77818             7.55553          0.00936507
        3004             7.49413             7.55551          0.00936197
        3005              7.3148             7.55543           0.0093592
        3006             7.41838             7.55538          0.00935619
        3007              8.0859             7.55556          0.00935475
        3008             7.79946             7.55564          0.00935199
        3009             8.04498              7.5558          0.00935029
        3010             7.72832             7.55586          0.00934736
        3011             8.06239             7.55603          0.00934577
        3012             8.67162              7.5564          0.00935001
        3013             8.52905             7.55672          0.00935247
        3014             7.86372             7.55682          0.00934993
        3015             7.98778             7.55696          0.00934792
        3016             7.77886             7.55704          0.00934511
        3017             7.46219             7.55701          0.00934206
        3018             7.51524             7.55699          0.00933898
        3019             7.76604             7.55706          0.00933614
        3020             7.74391             7.55712          0.00933325
        3021             7.82585             7.55721          0.00933059
        3022             7.73898             7.55727           0.0093277
        3023             7.80574             7.55735          0.00932497
        3024             7.21827             7.55724          0.00932256
        3025              6.9686             7.55705          0.00932151
        3026             7.53636             7.55704          0.00931843
        3027             7.40773             7.55699          0.00931549
        3028             6.89538             7.55677          0.00931497
        3029             7.09912             7.55662          0.00931312
        3030             7.61639             7.55664          0.00931007
        3031             7.77983             7.55671          0.00930729
        3032             7.79604             7.55679          0.00930455
        3033             7.34989             7.55673          0.00930174
        3034             7.26407             7.55663          0.00929917
        3035             7.18711             7.55651           0.0092969
        3036             7.66652             7.55654          0.00929391
        3037             7.28515             7.55645          0.00929128
        3038             7.41841             7.55641          0.00928833
        3039              7.8753             7.55651          0.00928587
        3040             7.65175             7.55655          0.00928287
        3041             7.52895             7.55654          0.00927982
        3042             7.68547             7.55658          0.00927687
        3043             7.50873             7.55656          0.00927383
        3044             7.79282             7.55664          0.00927111
        3045             7.56662             7.55664          0.00926806
        3046             7.50894             7.55663          0.00926503
        3047             7.48284              7.5566          0.00926203
        3048             7.20813             7.55649          0.00925969
        3049             7.35947             7.55642          0.00925688
        3050             7.90156             7.55654          0.00925454
        3051             7.59788             7.55655          0.00925151
        3052             7.26223             7.55646          0.00924899
        3053             6.91109             7.55624          0.00924837
        3054             7.53735             7.55624          0.00924535
        3055             7.55829             7.55624          0.00924232
        3056             7.90414             7.55635             0.00924
        3057             8.00443              7.5565          0.00923814
        3058             7.95978             7.55663          0.00923606
        3059             8.02448             7.55678           0.0092343
        3060               7.485             7.55676          0.00923132
        3061             7.90807             7.55687          0.00922901
        3062               7.618             7.55689          0.00922602
        3063             7.24877             7.55679          0.00922356
        3064             7.59111             7.55681          0.00922055
        3065             7.65772             7.55684           0.0092176
        3066             7.42017             7.55679           0.0092147
        3067             7.61871             7.55681          0.00921172
        3068             7.20409              7.5567          0.00920944
        3069             7.43086             7.55666          0.00920653
        3070             7.56852             7.55666          0.00920353
        3071             7.40713             7.55661          0.00920066
        3072             7.62974             7.55664           0.0091977
        3073             7.64442             7.55667          0.00919475
        3074             7.42375             7.55662          0.00919186
        3075             7.42623             7.55658          0.00918897
        3076             7.57387             7.55659          0.00918598
        3077             7.43892             7.55655          0.00918308
        3078             7.27148             7.55645          0.00918056
        3079             7.23933             7.55635          0.00917816
        3080             6.93273             7.55615          0.00917741
        3081             7.06336             7.55599          0.00917582
        3082             7.32486             7.55591          0.00917315
        3083             7.08979             7.55576          0.00917142
        3084             7.41046             7.55572          0.00916857
        3085             6.92474             7.55551          0.00916788
        3086             7.23948             7.55541          0.00916548
        3087             7.07675             7.55525          0.00916382
        3088             7.27474             7.55516          0.00916131
        3089             7.26067             7.55507          0.00915884
        3090             7.19409             7.55495          0.00915662
        3091             7.07502              7.5548          0.00915497
        3092             7.44245             7.55476          0.00915208
        3093             7.56988             7.55476          0.00914913
        3094             7.65707              7.5548          0.00914623
        3095             7.68263             7.55484          0.00914337
        3096              7.5622             7.55484          0.00914041
        3097             7.64989             7.55487          0.00913751
        3098             7.53836             7.55487          0.00913457
        3099             7.16811             7.55474          0.00913247
        3100             7.51653             7.55473          0.00912953
        3101             7.51848             7.55472           0.0091266
        3102             7.64606             7.55475           0.0091237
        3103             7.44307             7.55471          0.00912083
        3104             7.73182             7.55477          0.00911807
        3105             7.83981             7.55486           0.0091156
        3106             7.84755             7.55495          0.00911315
        3107              7.8499             7.55505          0.00911071
        3108             8.01798              7.5552            0.009109
        3109             7.89147             7.55531          0.00910671
        3110             7.50255             7.55529           0.0091038
        3111             7.27918              7.5552           0.0091013
        3112             7.42116             7.55516          0.00909848
        3113             7.46954             7.55513           0.0090956
        3114             6.99348             7.55495          0.00909447
        3115             7.02294             7.55478          0.00909315
        3116             6.97017             7.55459          0.00909217
        3117             7.34824             7.55452          0.00908949
        3118             7.27321             7.55443          0.00908702
        3119             7.14808              7.5543          0.00908504
        3120             7.84244              7.5544           0.0090826
        3121             7.75804             7.55446          0.00907993
        3122             7.79418             7.55454          0.00907734
        3123             7.82366             7.55462          0.00907485
        3124             7.44591             7.55459          0.00907201
        3125             7.21497             7.55448          0.00906976
        3126             7.24247             7.55438           0.0090674
        3127             7.56903             7.55439           0.0090645
        3128             7.21903             7.55428          0.00906224
        3129             7.05891             7.55412          0.00906073
        3130             7.11716             7.55398          0.00905891
        3131             6.96372             7.55379          0.00905798
        3132             6.92857             7.55359          0.00905728
        3133             7.24401             7.55349          0.00905493
        3134             7.31035             7.55342          0.00905237
        3135             7.07395             7.55326          0.00905078
        3136             6.96286             7.55308          0.00904985
        3137              7.0658             7.55292           0.0090483
        3138             7.16614              7.5528          0.00904625
        3139             7.24694              7.5527           0.0090439
        3140             7.30857             7.55262          0.00904135
        3141             7.25306             7.55253          0.00903898
        3142             7.39818             7.55248          0.00903623
        3143             7.60951              7.5525          0.00903338
        3144              7.5711              7.5525           0.0090305
        3145             7.45725             7.55247          0.00902768
        3146             7.63584              7.5525          0.00902485
        3147             7.56409              7.5525          0.00902199
        3148                7.29             7.55242          0.00901951
        3149             7.03506             7.55225          0.00901814
        3150             6.73681             7.55199          0.00901899
        3151             6.63028              7.5517          0.00902087
        3152             6.99578             7.55153          0.00901973
        3153             6.90952             7.55132          0.00901917
        3154             7.22248             7.55122          0.00901691
        3155             7.21346             7.55111          0.00901469
        3156             7.35479             7.55105          0.00901205
        3157             7.58199             7.55106           0.0090092
        3158             7.53641             7.55105          0.00900635
        3159             7.45536             7.55102          0.00900355
        3160             7.15757              7.5509          0.00900156
        3161             6.70087             7.55063          0.00900273
        3162             7.00274             7.55046          0.00900155
        3163             7.09135             7.55031          0.00899987
        3164             7.06474             7.55016          0.00899833
        3165             7.28511             7.55007          0.00899588
        3166             7.52883             7.55007          0.00899304
        3167             7.55808             7.55007           0.0089902
        3168             7.57389             7.55008          0.00898737
        3169             7.58329             7.55009          0.00898454
        3170              7.3117             7.55001          0.00898202
        3171             6.48945             7.54968          0.00898541
        3172             6.41528             7.54932          0.00898969
        3173             6.50686             7.54899          0.00899286
        3174             7.06384             7.54884          0.00899133
        3175             7.21234             7.54873          0.00898912
        3176             6.92449             7.54854          0.00898844
        3177             6.86632             7.54832          0.00898817
        3178             6.68823             7.54805          0.00898942
        3179             6.88844             7.54784          0.00898899
        3180             7.06218             7.54769          0.00898746
        3181             7.16994             7.54757          0.00898541
        3182             7.25649             7.54748          0.00898306
        3183             7.42047             7.54744          0.00898032
        3184             7.10079              7.5473           0.0089786
        3185             7.14585             7.54717          0.00897666
        3186              7.2685             7.54709          0.00897427
        3187             6.80908             7.54686          0.00897444
        3188             6.81073             7.54662           0.0089746
        3189               6.858             7.54641          0.00897438
        3190             6.97974             7.54623          0.00897333
        3191             7.18641             7.54612          0.00897122
        3192             7.44771             7.54609          0.00896847
        3193             7.49647             7.54607          0.00896567
        3194             8.16526             7.54627          0.00896496
        3195             8.27118             7.54649          0.00896502
        3196             8.34691             7.54674          0.00896572
        3197             8.49354             7.54704           0.0089678
        3198             7.81851             7.54712           0.0089654
        3199             7.32321             7.54705          0.00896287
        3200             7.68674              7.5471          0.00896017
        3201             7.35745             7.54704          0.00895757
        3202             7.52147             7.54703          0.00895478
        3203              7.3904             7.54698          0.00895212
        3204              7.1723             7.54686          0.00895009
        3205             7.69084             7.54691          0.00894741
        3206             8.10923             7.54709          0.00894633
        3207             7.91543              7.5472          0.00894428
        3208             7.41267             7.54716          0.00894159
        3209             7.72097             7.54721          0.00893897
        3210              7.3918             7.54716          0.00893632
        3211             7.80462             7.54724          0.00893389
        3212             7.59438             7.54726          0.00893112
        3213             7.57109             7.54727          0.00892835
        3214             7.53027             7.54726          0.00892557
        3215             7.73595             7.54732          0.00892299
        3216             7.43729             7.54729          0.00892028
        3217             7.77695             7.54736          0.00891779
        3218             7.51963             7.54735          0.00891502
        3219             7.61707             7.54737          0.00891228
        3220             7.06987             7.54722          0.00891075
        3221             7.04849             7.54707          0.00890932
        3222              7.0668             7.54692          0.00890781
        3223             7.37817             7.54687           0.0089052
        3224             7.23706             7.54677          0.00890295
        3225             7.31271              7.5467          0.00890049
        3226              7.2149             7.54659          0.00889832
        3227              7.0722             7.54645          0.00889678
        3228             7.09642             7.54631          0.00889512
        3229             6.95424             7.54612          0.00889425
        3230             6.86826             7.54591          0.00889397
        3231             6.83705             7.54569          0.00889393
        3232             7.08956             7.54555          0.00889229
        3233             7.11708             7.54542          0.00889053
        3234             7.06803             7.54527          0.00888901
        3235             7.08268             7.54513          0.00888741
        3236             7.18668             7.54502          0.00888535
        3237             7.47528               7.545          0.00888263
        3238             7.39021             7.54495          0.00888002
        3239             7.17914             7.54484            0.008878
        3240             6.96495             7.54466          0.00887706
        3241             7.02844              7.5445          0.00887575
        3242             7.17385             7.54438          0.00887375
        3243             7.88327             7.54449          0.00887163
        3244              7.1565             7.54437           0.0088697
        3245             6.91203             7.54417          0.00886911
        3246             7.51108             7.54416          0.00886638
        3247             7.68341             7.54421          0.00886375
        3248             7.48559             7.54419          0.00886104
        3249             7.59291              7.5442          0.00885833
        3250             8.03112             7.54435          0.00885687
        3251             7.83948             7.54445          0.00885461
        3252             8.00365             7.54459          0.00885301
        3253             8.12746             7.54477           0.0088521
        3254              7.7362             7.54482          0.00884958
        3255             7.61368             7.54485          0.00884689
        3256             7.58956             7.54486          0.00884418
        3257              7.5976             7.54488          0.00884148
        3258             7.75057             7.54494          0.00883899
        3259             8.14635             7.54512           0.0088382
        3260             8.04787             7.54528          0.00883684
        3261             8.01124             7.54542          0.00883528
        3262             7.49666             7.54541          0.00883259
        3263             7.46711             7.54538          0.00882991
        3264             7.73762             7.54544           0.0088274
        3265             7.87599             7.54554          0.00882528
        3266             7.39281             7.54549           0.0088227
        3267             7.59616             7.54551          0.00882002
        3268             7.35437             7.54545          0.00881751
        3269             7.18858             7.54534          0.00881549
        3270              6.9107             7.54515          0.00881493
        3271             7.28954             7.54507          0.00881258
        3272             7.19411             7.54496          0.00881054
        3273             7.47189             7.54494          0.00880788
        3274             6.99678             7.54477          0.00880678
        3275             6.98955              7.5446          0.00880572
        3276             7.63141             7.54463          0.00880307
        3277             7.45851              7.5446          0.00880043
        3278             7.38308             7.54455          0.00879788
        3279             7.30897             7.54448          0.00879549
        3280             7.05059             7.54433           0.0087941
        3281             7.27252             7.54425          0.00879181
        3282             7.45795             7.54422          0.00878917
        3283             7.56893             7.54423          0.00878649
        3284              7.2773             7.54415          0.00878419
        3285              6.9839             7.54398          0.00878317
        3286             7.37061             7.54393          0.00878066
        3287              7.0975             7.54379          0.00877904
        3288             7.17704             7.54368          0.00877708
        3289             7.14999             7.54356          0.00877523
        3290             6.94897             7.54338          0.00877442
        3291             7.17711             7.54327          0.00877246
        3292             7.54314             7.54327          0.00876979
        3293             7.50138             7.54325          0.00876714
        3294             7.67662             7.54329          0.00876457
        3295              7.9226             7.54341          0.00876267
        3296             8.23359             7.54362          0.00876251
        3297             8.06991             7.54378          0.00876131
        3298             8.07415             7.54394          0.00876013
        3299             7.97549             7.54407          0.00875845
        3300             8.00683             7.54421          0.00875692
        3301             7.87619             7.54431          0.00875484
        3302             7.64959             7.54434          0.00875225
        3303              7.6864             7.54439           0.0087497
        3304             7.64772             7.54442          0.00874711
        3305             7.43069             7.54438          0.00874453
        3306              7.3721             7.54433          0.00874204
        3307             7.43209              7.5443          0.00873946
        3308             6.91422             7.54411           0.0087389
        3309             6.56519             7.54381          0.00874126
        3310             6.89322             7.54361          0.00874083
        3311             6.91113             7.54342          0.00874028
        3312             7.50151             7.54341          0.00873765
        3313             7.36659             7.54336          0.00873517
        3314              7.2898             7.54328          0.00873287
        3315             7.26956              7.5432          0.00873063
        3316             7.10655             7.54307          0.00872899
        3317             6.81726             7.54285           0.0087291
        3318               7.166             7.54273          0.00872721
        3319             7.21756             7.54264          0.00872513
        3320             7.18813             7.54253          0.00872315
        3321             7.37644             7.54248          0.00872067
        3322             7.26592              7.5424          0.00871844
        3323             6.90951             7.54221           0.0087179
        3324             6.86976               7.542          0.00871762
        3325             6.49465             7.54169          0.00872069
        3326             7.03553             7.54154           0.0087194
        3327             6.89694             7.54134          0.00871893
        3328             6.47785             7.54102          0.00872216
        3329             6.12929              7.5406          0.00872985
        3330             6.38517             7.54025          0.00873412
        3331             6.66685             7.53999          0.00873543
        3332             7.03199             7.53984          0.00873414
        3333             6.93033             7.53965          0.00873343
        3334             6.89598             7.53946          0.00873295
        3335             7.12862             7.53934           0.0087312
        3336             7.10984             7.53921          0.00872953
        3337             7.02853             7.53906          0.00872825
        3338             6.95608             7.53888          0.00872739
        3339              6.6973             7.53863          0.00872841
        3340             6.93938             7.53845          0.00872764
        3341             7.33429             7.53839          0.00872524
        3342             7.24296              7.5383          0.00872308
        3343             7.91301             7.53841          0.00872119
        3344             7.41706             7.53838          0.00871866
        3345             7.88413             7.53848          0.00871666
        3346              8.0831             7.53864          0.00871558
        3347             8.32646             7.53888          0.00871615
        3348             7.95253               7.539          0.00871442
        3349             8.22005              7.5392          0.00871419
        3350             7.86336              7.5393          0.00871213
        3351               7.986             7.53943          0.00871055
        3352              8.3011             7.53966          0.00871092
        3353             7.96811             7.53979          0.00870925
        3354             8.32262             7.54002          0.00870978
        3355             7.66339             7.54006          0.00870727
        3356             7.61148             7.54008           0.0087047
        3357              7.6336             7.54011          0.00870215
        3358             7.28181             7.54003           0.0086999
        3359             7.57474             7.54004          0.00869731
        3360             7.32162             7.53998          0.00869497
        3361             7.90839             7.54009          0.00869307
        3362              7.7384             7.54015          0.00869069
        3363             7.58447             7.54016          0.00868811
        3364             8.16368             7.54034          0.00868751
        3365             7.77944             7.54042          0.00868522
        3366              7.8124              7.5405          0.00868301
        3367             8.02013             7.54064           0.0086816
        3368             7.42218              7.5406          0.00867909
        3369             7.51012             7.54059          0.00867652
        3370              7.7904             7.54067          0.00867427
        3371             7.99155              7.5408          0.00867272
        3372             8.14165             7.54098          0.00867198
        3373             8.14753             7.54116          0.00867127
        3374              7.7658             7.54123          0.00866896
        3375             7.73164             7.54128          0.00866658
        3376              7.5133             7.54128          0.00866401
        3377             7.40075             7.54123          0.00866155
        3378             7.35092             7.54118          0.00865917
        3379             7.54143             7.54118           0.0086566
        3380             7.51612             7.54117          0.00865404
        3381             7.74718             7.54123           0.0086517
        3382             7.66886             7.54127          0.00864922
        3383             7.72978             7.54132          0.00864685
        3384             7.62354             7.54135          0.00864433
        3385             8.16849             7.54153          0.00864376
        3386             7.91989             7.54165          0.00864193
        3387             8.02204             7.54179          0.00864054
        3388             7.18764             7.54168          0.00863862
        3389             6.96051             7.54151          0.00863777
        3390             6.98931             7.54135          0.00863676
        3391             6.66305             7.54109           0.0086381
        3392             6.79157             7.54087          0.00863838
        3393             6.96727              7.5407          0.00863748
        3394             7.45441             7.54067          0.00863498
        3395             7.47931             7.54066          0.00863245
        3396             7.55063             7.54066          0.00862991
        3397             7.20594             7.54056          0.00862793
        3398             7.35478             7.54051          0.00862557
        3399             7.72821             7.54056          0.00862321
        3400             7.74255             7.54062          0.00862087
        3401             7.32031             7.54056          0.00861858
        3402             7.34141              7.5405          0.00861625
        3403             7.51008             7.54049          0.00861372
        3404             7.69851             7.54053          0.00861132
        3405             7.35737             7.54048          0.00860896
        3406              7.3524             7.54043           0.0086066
        3407             7.54435             7.54043          0.00860408
        3408             7.14913             7.54031          0.00860232
        3409              7.2136             7.54022          0.00860033
        3410              7.4986              7.5402          0.00859782
        3411             7.78709             7.54028           0.0085956
        3412             7.72764             7.54033          0.00859326
        3413             7.78933              7.5404          0.00859105
        3414             7.35688             7.54035           0.0085887
        3415             7.40275             7.54031          0.00858628
        3416             7.47165             7.54029          0.00858379
        3417             7.49833             7.54028          0.00858129
        3418             6.89795             7.54009          0.00858083
        3419             6.87155             7.53989          0.00858055
        3420             7.21718              7.5398          0.00857856
        3421             7.53967              7.5398          0.00857605
        3422             7.50972             7.53979          0.00857355
        3423             7.56033              7.5398          0.00857105
        3424             7.65507             7.53983          0.00856861
        3425             8.02611             7.53997          0.00856729
        3426             7.60835             7.53999          0.00856481
        3427             7.79906             7.54007          0.00856264
        3428             8.14805             7.54025          0.00856198
        3429             8.19629             7.54044          0.00856162
        3430             7.95117             7.54056          0.00855996
        3431             7.27046             7.54048          0.00855783
        3432             7.36761             7.54043          0.00855549
        3433             7.17882             7.54032          0.00855364
        3434             7.56145             7.54033          0.00855115
        3435             7.73813             7.54039          0.00854886
        3436             8.06728             7.54054          0.00854775
        3437             8.04733             7.54069          0.00854653
        3438             8.04265             7.54083          0.00854529
        3439             7.76687              7.5409          0.00854306
        3440             8.65585             7.54122          0.00854672
        3441             8.41176             7.54148          0.00854798
        3442             8.60725             7.54179           0.0085511
        3443             8.20031             7.54198          0.00855076
        3444             8.39455             7.54222          0.00855186
        3445             8.15222              7.5424          0.00855121
        3446             8.19944             7.54259          0.00855085
        3447             8.19964             7.54278           0.0085505
        3448             8.26467             7.54299          0.00855058
        3449             8.03064             7.54313          0.00854927
        3450             8.10825              7.5433          0.00854836
        3451              7.9491             7.54341          0.00854669
        3452             8.08628             7.54357          0.00854566
        3453             7.89957             7.54367          0.00854381
        3454             8.15256             7.54385          0.00854316
        3455             7.95665             7.54397          0.00854152
        3456             7.72811             7.54402          0.00853921
        3457             7.30119             7.54395          0.00853703
        3458             7.20471             7.54386          0.00853513
        3459             7.27263             7.54378          0.00853302
        3460             7.33309             7.54372          0.00853077
        3461               7.402             7.54368           0.0085284
        3462             7.51717             7.54367          0.00852594
        3463             7.99153              7.5438          0.00852446
        3464              8.0222             7.54393          0.00852312
        3465             8.08948             7.54409          0.00852211
        3466             8.03848             7.54424          0.00852085
        3467             8.27325             7.54445          0.00852099
        3468             8.79891             7.54481           0.0085262
        3469             8.80363             7.54517          0.00853146
        3470             9.33198             7.54568          0.00854453
        3471             9.41426             7.54622          0.00855901
        3472             8.67476             7.54655          0.00856272
        3473              8.4782             7.54682          0.00856445
        3474             8.33449             7.54704          0.00856499
        3475             8.09523              7.5472          0.00856397
        3476             7.50097             7.54719          0.00856152
        3477             7.72539             7.54724          0.00855921
        3478             7.94222             7.54735           0.0085575
        3479             8.18365             7.54754            0.008557
        3480             8.32942             7.54776          0.00855749
        3481             8.58991             7.54806          0.00856027
        3482             8.27238             7.54827          0.00856034
        3483             7.89692             7.54837          0.00855846
        3484             8.12721             7.54853          0.00855762
        3485             8.64384             7.54885          0.00856093
        3486             8.35779             7.54908          0.00856162
        3487             8.05878             7.54923          0.00856041
        3488             7.64624             7.54925            0.008558
        3489             7.58156             7.54926          0.00855556
        3490             7.50475             7.54925          0.00855311
        3491             7.73378              7.5493          0.00855083
        3492               7.509             7.54929          0.00854839
        3493             7.99951             7.54942          0.00854691
        3494             7.66217             7.54945          0.00854453
        3495              7.2006             7.54935          0.00854266
        3496             7.24791             7.54927          0.00854066
        3497             7.71733             7.54932          0.00853835
        3498              7.9499             7.54943          0.00853668
        3499              7.8757             7.54952          0.00853475
        3500             8.00655             7.54965          0.00853331
        3501             8.01221             7.54979          0.00853189
        3502             7.85296             7.54987          0.00852989
        3503             7.85239             7.54996           0.0085279
        3504             8.03123              7.5501          0.00852657
        3505             7.93819             7.55021          0.00852485
        3506             7.92671             7.55031           0.0085231
        3507             8.13492             7.55048           0.0085223
        3508             8.12727             7.55065          0.00852146
        3509             8.71422             7.55098          0.00852548
        3510             8.57673             7.55127          0.00852806
        3511             8.52491             7.55155          0.00853013
        3512             8.44703              7.5518          0.00853152
        3513             8.57866             7.55209          0.00853409
        3514              8.4014             7.55234          0.00853509
        3515             8.23386             7.55253          0.00853486
        3516             8.20796             7.55272          0.00853447
        3517             8.05999             7.55286          0.00853326
        3518             8.24094             7.55306          0.00853308
        3519             7.55284             7.55306          0.00853065
        3520             7.35553               7.553          0.00852841
        3521             7.21199              7.5529          0.00852654
        3522             7.07602             7.55277          0.00852519
        3523             7.42405             7.55273          0.00852285
        3524             7.39854             7.55269          0.00852055
        3525             7.29599             7.55261          0.00851844
        3526              7.1862             7.55251          0.00851666
        3527             7.41152             7.55247          0.00851434
        3528             7.47755             7.55245          0.00851195
        3529             7.61312             7.55247          0.00850955
        3530             7.32534              7.5524          0.00850739
        3531             7.85817             7.55249          0.00850542
        3532             7.88511             7.55258          0.00850353
        3533             7.85781             7.55267          0.00850156
        3534              8.2929             7.55288          0.00850174
        3535             8.36068             7.55311           0.0085024
        3536             7.98193             7.55323          0.00850086
        3537             8.42519             7.55347          0.00850203
        3538             8.01483              7.5536          0.00850063
        3539             8.29235             7.55381          0.00850079
        3540             8.11509             7.55397          0.00849987
        3541             7.55571             7.55397          0.00849747
        3542              7.5731             7.55398          0.00849507
        3543             7.72212             7.55403          0.00849281
        3544             8.32651             7.55424          0.00849321
        3545             8.02222             7.55438          0.00849184
        3546             7.78236             7.55444          0.00848969
        3547             8.09829             7.55459          0.00848868
        3548             7.66559             7.55462          0.00848634
        3549             7.82619              7.5547           0.0084843
        3550             7.40488             7.55466          0.00848201
        3551             7.53381             7.55465          0.00847962
        3552             7.56633             7.55466          0.00847724
        3553             7.58091             7.55466          0.00847485
        3554             7.58839             7.55467          0.00847248
        3555             7.51633             7.55466           0.0084701
        3556             7.25345             7.55458          0.00846814
        3557             7.12925             7.55446           0.0084666
        3558             6.86395             7.55426          0.00846645
        3559             6.89687             7.55408          0.00846608
        3560             6.92548              7.5539          0.00846555
        3561             7.38875             7.55386           0.0084633
        3562             7.22578             7.55376          0.00846142
        3563             7.09479             7.55364          0.00846003
        3564             7.17139             7.55353          0.00845833
        3565              6.9673             7.55336          0.00845756
        3566             7.11968             7.55324          0.00845606
        3567             6.88375             7.55305          0.00845577
        3568              7.4554             7.55303          0.00845345
        3569             7.81864              7.5531          0.00845141
        3570              7.8794             7.55319          0.00844953
        3571             7.78876             7.55326          0.00844743
        3572             7.71077              7.5533          0.00844518
        3573             7.47868             7.55328          0.00844284
        3574             7.63971             7.55331          0.00844051
        3575             7.65125             7.55333          0.00843819
        3576             7.52327             7.55333          0.00843584
        3577             7.13533             7.55321          0.00843429
        3578             7.01912             7.55306          0.00843325
        3579             7.22022             7.55297          0.00843141
        3580             7.33552             7.55291          0.00842927
        3581              7.4171             7.55287            0.008427
        3582             7.76976             7.55293          0.00842487
        3583             7.59128             7.55294          0.00842252
        3584             7.71693             7.55298           0.0084203
        3585              7.9307             7.55309          0.00841861
        3586             7.70817             7.55313          0.00841637
        3587             7.49164             7.55312          0.00841404
        3588             7.22158             7.55302          0.00841221
        3589             7.53196             7.55302          0.00840986
        3590             7.43721             7.55299          0.00840758
        3591             7.74898             7.55304          0.00840542
        3592             7.80476             7.55311          0.00840337
        3593              8.2355              7.5533          0.00840318
        3594             7.96215             7.55341          0.00840161
        3595             7.22103             7.55332          0.00839978
        3596             7.30372             7.55325          0.00839773
        3597             7.03924             7.55311          0.00839661
        3598             7.38687             7.55306          0.00839441
        3599             7.45463             7.55304          0.00839212
        3600             6.62049             7.55278          0.00839379
        3601             6.97547             7.55262          0.00839299
        3602             7.47534             7.55259          0.00839068
        3603             6.94324             7.55243          0.00839006
        3604             7.03672             7.55228          0.00838895
        3605             6.93676             7.55211          0.00838836
        3606             6.51842             7.55182          0.00839093
        3607             6.70833             7.55159          0.00839186
        3608             6.39288             7.55127          0.00839568
        3609             6.33286             7.55093          0.00840014
        3610              6.1302             7.55054          0.00840703
        3611             6.20003             7.55016          0.00841301
        3612             6.27582             7.54981          0.00841808
        3613             6.64206             7.54956           0.0084195
        3614             6.81456             7.54936          0.00841962
        3615             7.21188             7.54926          0.00841781
        3616             7.17782             7.54916          0.00841611
        3617             7.17517             7.54906          0.00841442
        3618             7.16575             7.54895          0.00841276
        3619             7.43499             7.54892          0.00841049
        3620             7.30856             7.54885          0.00840843
        3621             7.53012             7.54885          0.00840611
        3622             7.45594             7.54882          0.00840383
        3623             7.61806             7.54884          0.00840153
        3624             7.53767             7.54884          0.00839921
        3625             7.38672             7.54879          0.00839702
        3626             7.43595             7.54876          0.00839476
        3627             7.45184             7.54874          0.00839249
        3628             6.91688             7.54856          0.00839198
        3629             7.35839             7.54851          0.00838983
        3630             7.12482             7.54839          0.00838833
        3631             6.72732             7.54817          0.00838907
        3632               6.442             7.54786          0.00839229
        3633             6.62199             7.54761          0.00839384
        3634             6.96578             7.54745          0.00839306
        3635             7.39894             7.54741          0.00839085
        3636             7.57236             7.54741          0.00838855
        3637             7.48968              7.5474          0.00838626
        3638             7.36366             7.54735           0.0083841
        3639             7.28997             7.54728           0.0083821
        3640             7.29361             7.54721          0.00838008
        3641             7.58523             7.54722          0.00837779
        3642             7.22567             7.54713          0.00837595
        3643             7.51865             7.54712          0.00837366
        3644              7.9781             7.54724           0.0083722
        3645             7.54187             7.54724           0.0083699
        3646             7.21487             7.54715           0.0083681
        3647             7.31544             7.54708          0.00836605
        3648             7.96047              7.5472          0.00836452
        3649             7.38976             7.54715          0.00836234
        3650             7.02021             7.54701          0.00836129
        3651             6.68225             7.54677          0.00836236
        3652             6.61026             7.54652            0.008364
        3653             7.36416             7.54647          0.00836186
        3654             7.56912             7.54647          0.00835957
        3655             7.26188             7.54639          0.00835765
        3656             7.08768             7.54627           0.0083563
        3657             6.80679             7.54607          0.00835647
        3658             6.90049             7.54589          0.00835604
        3659             6.81652             7.54569          0.00835614
        3660             7.04507             7.54555          0.00835497
        3661             6.95141             7.54539          0.00835427
        3662             7.19646              7.5453          0.00835253
        3663             7.29359             7.54523          0.00835053
        3664             7.16043             7.54512          0.00834891
        3665             7.19493             7.54503          0.00834718
        3666             7.67076             7.54506          0.00834498
        3667             7.66834             7.54509          0.00834277
        3668             7.43797             7.54507          0.00834054
        3669             7.23468             7.54498           0.0083387
        3670             7.43357             7.54495          0.00833648
        3671             7.36743              7.5449          0.00833435
        3672             7.38651             7.54486          0.00833219
        3673             7.36584             7.54481          0.00833007
        3674             7.38538             7.54477          0.00832791
        3675             7.50456             7.54476          0.00832566
        3676             7.27331             7.54468          0.00832372
        3677              7.3733             7.54464          0.00832159
        3678             7.72971             7.54469          0.00831947
        3679             7.57853              7.5447          0.00831722
        3680             7.64323             7.54472            0.008315
        3681             7.83693              7.5448          0.00831312
        3682             7.77436             7.54486           0.0083111
        3683              7.7824             7.54493          0.00830909
        3684             7.41789             7.54489          0.00830691
        3685             7.45658             7.54487          0.00830469
        3686             7.37367             7.54482          0.00830256
        3687             7.18747             7.54473          0.00830088
        3688             7.45587              7.5447          0.00829866
        3689             7.63547             7.54473          0.00829645
        3690             7.34267             7.54467          0.00829438
        3691             7.29921             7.54461           0.0082924
        3692             7.58116             7.54462          0.00829016
        3693              7.8232             7.54469          0.00828826
        3694             7.49396             7.54468          0.00828603
        3695             7.65052             7.54471          0.00828383
        3696             7.49564             7.54469           0.0082816
        3697             7.23825             7.54461          0.00827978
        3698             7.20193             7.54452          0.00827806
        3699             7.15635             7.54441          0.00827648
        3700             7.04869             7.54428          0.00827533
        3701             6.61259             7.54403          0.00827692
        3702             6.62968             7.54378          0.00827837
        3703             6.42906             7.54348          0.00828161
        3704             6.36554             7.54316          0.00828548
        3705             6.64522             7.54292          0.00828678
        3706             7.04325             7.54278          0.00828565
        3707             7.02222             7.54264           0.0082846
        3708             6.73722             7.54243          0.00828521
        3709             6.64962             7.54218          0.00828647
        3710             6.50296              7.5419          0.00828897
        3711             6.65096             7.54166          0.00829022
        3712             6.87032             7.54148          0.00828996
        3713             6.87536              7.5413          0.00828966
        3714             6.63713             7.54106          0.00829101
        3715             7.07767             7.54094          0.00828971
        3716             7.14725             7.54083          0.00828816
        3717             6.88429             7.54065          0.00828781
        3718             7.20767             7.54056          0.00828607
        3719             6.99336             7.54042          0.00828514
        3720              7.0365             7.54028          0.00828402
        3721             7.33428             7.54023          0.00828198
        3722             7.10603             7.54011          0.00828058
        3723             7.26833             7.54004          0.00827868
        3724             7.12393             7.53992          0.00827721
        3725             7.25037             7.53985          0.00827535
        3726              7.2685             7.53977          0.00827345
        3727             6.90921             7.53961          0.00827296
        3728             7.14516              7.5395          0.00827142
        3729             7.37506             7.53946          0.00826932
        3730             7.04259             7.53932          0.00826817
        3731              7.0365             7.53919          0.00826706
        3732             7.49751             7.53918          0.00826485
        3733             7.70202             7.53922          0.00826275
        3734             8.13626             7.53938          0.00826208
        3735             7.88833             7.53947           0.0082604
        3736              7.7546             7.53953          0.00825839
        3737              7.6639             7.53956          0.00825625
        3738             7.97252             7.53968          0.00825485
        3739             7.90636             7.53978          0.00825322
        3740             7.85085             7.53986          0.00825144
        3741             7.44573             7.53984          0.00824927
        3742             6.97304             7.53968          0.00824846
        3743             7.30492             7.53962          0.00824649
        3744             7.01314             7.53948          0.00824549
        3745             7.07485             7.53936          0.00824422
        3746              7.1386             7.53925          0.00824271
        3747             6.99463              7.5391          0.00824179
        3748             6.90696             7.53894          0.00824132
        3749             7.21806             7.53885          0.00823957
        3750             7.18468             7.53876          0.00823791
        3751             7.25342             7.53868          0.00823606
        3752             7.45662             7.53866           0.0082339
        3753             7.33552              7.5386          0.00823188
        3754             7.41381             7.53857          0.00822976
        3755             7.99133             7.53869          0.00822845
        3756             8.43734             7.53893          0.00822974
        3757             7.86994             7.53902          0.00822802
        3758             7.59821             7.53903          0.00822584
        3759              7.3216             7.53898          0.00822386
        3760             7.18234             7.53888          0.00822222
        3761             6.80869             7.53869          0.00822232
        3762             6.88101             7.53851            0.008222
        3763             6.62532             7.53827          0.00822339
        3764             6.79515             7.53807          0.00822358
        3765             6.80264             7.53788          0.00822371
        3766             6.83603             7.53769          0.00822364
        3767             7.09127             7.53757          0.00822231
        3768             6.98947             7.53743          0.00822141
        3769             6.92165             7.53726          0.00822086
        3770             6.62148             7.53702          0.00822226
        3771             6.70039              7.5368          0.00822308
        3772             6.95731             7.53664          0.00822233
        3773             7.22447             7.53656          0.00822057
        3774             7.35519             7.53651          0.00821853
        3775             7.25616             7.53644          0.00821669
        3776             7.65718             7.53647          0.00821457
        3777             7.48365             7.53646          0.00821241
        3778             7.59087             7.53647          0.00821025
        3779             8.04706             7.53661          0.00820919
        3780             7.75378             7.53666          0.00820722
        3781             7.43022             7.53664           0.0082051
        3782             7.25278             7.53656          0.00820327
        3783             7.14731             7.53646          0.00820175
        3784             7.37519             7.53642          0.00819969
        3785             7.15314             7.53631          0.00819815
        3786             7.23872             7.53624          0.00819636
        3787             7.43275             7.53621          0.00819424
        3788             6.77628             7.53601          0.00819453
        3789             6.60663             7.53576          0.00819604
        3790             6.46511             7.53548          0.00819875
        3791             6.67807             7.53525           0.0081997
        3792             6.99754             7.53511          0.00819877
        3793             7.07054             7.53499          0.00819752
        3794             6.99547             7.53485          0.00819659
        3795             6.58608              7.5346          0.00819824
        3796             6.49413             7.53432          0.00820066
        3797             6.68087              7.5341          0.00820158
        3798             6.50056             7.53383          0.00820394
        3799             6.29498              7.5335          0.00820826
        3800             6.49453             7.53323          0.00821065
        3801             6.85804             7.53305          0.00821041
        3802              7.3392               7.533          0.00820841
        3803              7.1369             7.53289          0.00820691
        3804             6.93292             7.53274          0.00820627
        3805             6.92303             7.53258          0.00820568
        3806             7.33376             7.53252          0.00820369
        3807              7.5129             7.53252          0.00820153
        3808             7.41217             7.53249          0.00819944
        3809             7.36195             7.53244          0.00819741
        3810             7.08219             7.53232          0.00819611
        3811             6.99902             7.53218          0.00819516
        3812             6.99192             7.53204          0.00819423
        3813             7.40672             7.53201          0.00819215
        3814             7.29163             7.53195          0.00819024
        3815             7.39511             7.53191          0.00818817
        3816               7.447             7.53189          0.00818606
        3817             8.09721             7.53204          0.00818525
        3818             7.60749             7.53206          0.00818313
        3819             7.42998             7.53203          0.00818103
        3820             7.89539             7.53213          0.00817945
        3821             7.61289             7.53215          0.00817733
        3822             7.74891              7.5322          0.00817539
        3823             7.28531             7.53214          0.00817351
        3824             7.15218             7.53204          0.00817197
        3825             7.07979             7.53192          0.00817069
        3826             7.03861             7.53179          0.00816957
        3827             7.08065             7.53167          0.00816829
        3828             6.79776             7.53148           0.0081684
        3829             6.86578             7.53131          0.00816812
        3830             6.89764             7.53114          0.00816766
        3831             6.90962             7.53098          0.00816714
        3832             6.97623             7.53084           0.0081663
        3833             7.72931             7.53089          0.00816433
        3834             7.89216             7.53098          0.00816274
        3835             8.43486             7.53122          0.00816402
        3836             8.73123             7.53153          0.00816788
        3837             8.62327             7.53182          0.00817071
        3838             8.43138             7.53205          0.00817194
        3839             8.21734             7.53223          0.00817176
        3840             7.76298             7.53229          0.00816985
        3841              8.0685             7.53243          0.00816892
        3842             7.76282             7.53249          0.00816701
        3843              7.4466             7.53247          0.00816492
        3844             7.84766             7.53255           0.0081632
        3845             7.45669             7.53253           0.0081611
        3846             7.53792             7.53253          0.00815898
        3847             7.82869             7.53261          0.00815722
        3848             8.09035             7.53275          0.00815639
        3849             8.01024             7.53288          0.00815522
        3850             7.72383             7.53292          0.00815325
        3851             7.54929             7.53293          0.00815113
        3852             7.65487             7.53296          0.00814908
        3853             7.74206             7.53301          0.00814714
        3854              7.4222             7.53299          0.00814508
        3855             7.11138             7.53288           0.0081437
        3856             6.91216             7.53272          0.00814318
        3857             6.99145             7.53258          0.00814228
        3858             6.81491             7.53239          0.00814229
        3859             6.72929             7.53218          0.00814284
        3860              7.1939             7.53209           0.0081412
        3861             6.91827             7.53193          0.00814065
        3862             6.79964             7.53175          0.00814075
        3863             7.18384             7.53165          0.00813914
        3864             7.58869             7.53167          0.00813705
        3865             7.20776             7.53159          0.00813537
        3866             7.18646              7.5315          0.00813376
        3867             7.40705             7.53146          0.00813172
        3868             7.39144             7.53143           0.0081297
        3869             7.19593             7.53134          0.00812806
        3870             6.98001              7.5312          0.00812721
        3871             7.02768             7.53107          0.00812615
        3872               7.162             7.53097          0.00812461
        3873             7.24067              7.5309          0.00812286
        3874             6.81953             7.53072          0.00812283
        3875             6.59984             7.53047          0.00812429
        3876             6.68854             7.53026           0.0081251
        3877             7.34154             7.53021          0.00812315
        3878             7.28241             7.53015           0.0081213
        3879             7.25939             7.53008          0.00811951
        3880             7.15082             7.52998          0.00811801
        3881             7.03438             7.52985          0.00811692
        3882             7.31041             7.52979          0.00811502
        3883             7.18647              7.5297          0.00811342
        3884             7.27059             7.52964           0.0081116
        3885             7.45775             7.52962          0.00810953
        3886              7.6114             7.52964          0.00810747
        3887             7.69282             7.52968           0.0081055
        3888             7.83184             7.52976          0.00810379
        3889             7.61047             7.52978          0.00810173
        3890             7.72238             7.52983           0.0080998
        3891             7.68713             7.52987          0.00809782
        3892             7.68895             7.52991          0.00809584
        3893             7.63007             7.52994           0.0080938
        3894             7.44143             7.52991          0.00809175
        3895             7.65888             7.52995          0.00808974
        3896             7.26876             7.52988          0.00808794
        3897             7.32884             7.52983          0.00808603
        3898             7.09473             7.52972          0.00808473
        3899             7.50159             7.52971          0.00808266
        3900             7.18482             7.52962          0.00808107
        3901             6.91748             7.52947          0.00808052
        3902             6.78852             7.52928          0.00808068
        3903             6.51243             7.52901          0.00808281
        3904             6.62826             7.52878          0.00808403
        3905             6.76055             7.52859          0.00808436
        3906             7.03731             7.52846          0.00808326
        3907             6.89403              7.5283          0.00808283
        3908             7.49851             7.52829          0.00808076
        3909              6.7917              7.5281          0.00808089
        3910             7.07877             7.52799          0.00807964
        3911             7.61011             7.52801           0.0080776
        3912             7.92055             7.52811          0.00807616
        3913             8.31391             7.52831          0.00807659
        3914             7.85793             7.52839          0.00807497
        3915             7.89108             7.52849          0.00807344
        3916             7.27358             7.52842          0.00807164
        3917             7.43944              7.5284          0.00806961
        3918              7.0153             7.52827          0.00806861
        3919             7.05989             7.52815          0.00806744
        3920             7.35241              7.5281          0.00806551
        3921             7.19477             7.52802           0.0080639
        3922             7.12378             7.52792           0.0080625
        3923              6.7585             7.52772          0.00806283
        3924             6.75709             7.52752          0.00806317
        3925             6.73333             7.52732          0.00806365
        3926             6.80036             7.52714          0.00806372
        3927             7.22924             7.52706          0.00806203
        3928             7.26431             7.52699          0.00806025
        3929             7.37215             7.52695           0.0080583
        3930             7.71555               7.527          0.00805639
        3931             7.58061             7.52702          0.00805435
        3932             7.68758             7.52706          0.00805241
        3933             7.65258             7.52709          0.00805042
        3934             7.12327             7.52699          0.00804903
        3935             7.18369              7.5269          0.00804746
        3936             7.98074             7.52701          0.00804624
        3937             8.14714             7.52717          0.00804574
        3938             7.93351             7.52727          0.00804435
        3939             7.50658             7.52727          0.00804231
        3940             7.66891             7.52731          0.00804035
        3941             7.68352             7.52734          0.00803841
        3942             8.13065              7.5275          0.00803783
        3943             8.04712             7.52763          0.00803687
        3944             7.92066             7.52773          0.00803545
        3945              8.0474             7.52786          0.00803449
        3946             8.26708             7.52805          0.00803464
        3947             8.14799             7.52821          0.00803414
        3948             8.48592             7.52845          0.00803577
        3949             8.97813             7.52882          0.00804211
        3950             8.97898             7.52918          0.00804845
        3951             8.50637             7.52943          0.00805021
        3952             8.51043             7.52968            0.008052
        3953             8.42018              7.5299          0.00805312
        3954             8.10522             7.53005          0.00805239
        3955             7.57939             7.53006          0.00805037
        3956             7.70033              7.5301          0.00804845
        3957             7.25955             7.53004           0.0080467
        3958             7.58012             7.53005          0.00804468
        3959             7.88063             7.53014          0.00804314
        3960             7.58774             7.53015          0.00804112
        3961             6.87706             7.52999          0.00804078
        3962              6.6335             7.52976          0.00804193
        3963             6.79624             7.52958          0.00804203
        3964              6.9845             7.52944          0.00804118
        3965             7.15402             7.52934          0.00803971
        3966             7.09331             7.52923          0.00803843
        3967             7.17637             7.52914           0.0080369
        3968             6.99927             7.52901          0.00803598
        3969             7.31167             7.52896          0.00803415
        3970             7.42355             7.52893          0.00803217
        3971             7.45073             7.52891          0.00803017
        3972             7.41329             7.52888           0.0080282
        3973             7.43388             7.52886          0.00802621
        3974             7.69384              7.5289           0.0080243
        3975             7.49227             7.52889          0.00802229
        3976             7.75298             7.52895          0.00802047
        3977             8.01748             7.52907          0.00801939
        3978              7.7569             7.52913          0.00801758
        3979              7.8473             7.52921          0.00801596
        3980             7.83712             7.52928          0.00801432
        3981             7.64473             7.52931          0.00801236
        3982             7.65147             7.52934          0.00801041
        3983              7.7006             7.52939          0.00800851
        3984             7.16238             7.52929          0.00800703
        3985             7.09562             7.52918          0.00800576
        3986             6.84335             7.52901           0.0080056
        3987             6.63835             7.52879          0.00800671
        3988             6.97975             7.52865          0.00800589
        3989             6.91674              7.5285          0.00800535
        3990             6.78292             7.52831          0.00800552
        3991             6.81629             7.52813          0.00800551
        3992             6.86997             7.52797           0.0080052
        3993             7.07983             7.52786          0.00800398
        3994             7.57357             7.52787          0.00800198
        3995             7.46344             7.52785               0.008
        3996             7.52991             7.52785            0.007998
        3997             7.79198             7.52792          0.00799627
        3998              7.6508             7.52795          0.00799433
        3999             7.40188             7.52792          0.00799239
        4000             7.89426             7.52801          0.00799092
        4001             7.59295             7.52802          0.00798894
        4002             7.36083             7.52798          0.00798705
        4003             7.77919             7.52805           0.0079853
        4004              7.5209             7.52804          0.00798331
        4005             7.60934             7.52806          0.00798134
        4006             7.72019             7.52811          0.00797949
        4007             7.54732             7.52812           0.0079775
        4008             7.61771             7.52814          0.00797554
        4009             7.79263              7.5282          0.00797382
        4010             7.50052              7.5282          0.00797184
        4011             8.18591             7.52836          0.00797154
        4012             8.01078             7.52848          0.00797046
        4013             8.18821             7.52865          0.00797017
        4014             8.09838             7.52879          0.00796944
        4015              8.0776             7.52893          0.00796863
        4016             7.94121             7.52903          0.00796731
        4017             7.83865             7.52911           0.0079657
        4018             7.68973             7.52914          0.00796382
        4019              7.6319             7.52917          0.00796188
        4020              7.6959             7.52921             0.00796
        4021             7.88464              7.5293          0.00795851
        4022             8.07612             7.52944           0.0079577
        4023             8.33939             7.52964          0.00795827
        4024             7.97845             7.52975          0.00795707
        4025             7.31259              7.5297          0.00795528
        4026             7.64427             7.52972          0.00795335
        4027             7.33912             7.52968          0.00795152
        4028             7.37959             7.52964          0.00794963
        4029             7.47803             7.52963          0.00794767
        4030             7.20749             7.52955           0.0079461
        4031             7.80922             7.52962          0.00794443
        4032             7.85123              7.5297          0.00794286
        4033             7.68162             7.52973          0.00794098
        4034             7.80162              7.5298           0.0079393
        4035             8.00933             7.52992          0.00793822
        4036             7.99172             7.53003          0.00793707
        4037             8.05451             7.53016          0.00793617
        4038             8.01842             7.53028          0.00793513
        4039             8.19661             7.53045          0.00793488
        4040             7.86886             7.53053          0.00793336
        4041             8.12013             7.53068          0.00793273
        4042             8.43699              7.5309          0.00793394
        4043             8.48033             7.53114          0.00793545
        4044             8.43776             7.53136          0.00793666
        4045             8.31509             7.53156          0.00793706
        4046             8.09941              7.5317          0.00793634
        4047             8.45199             7.53192          0.00793763
        4048             8.34382             7.53212          0.00793821
        4049             8.94347             7.53247          0.00794389
        4050             8.06993             7.53261          0.00794304
        4051             7.95476             7.53271          0.00794176
        4052             7.68627             7.53275           0.0079399
        4053             7.81488             7.53282          0.00793824
        4054             8.05718             7.53295          0.00793734
        4055             7.85277             7.53303          0.00793577
        4056             7.40318             7.53299          0.00793388
        4057             7.51137             7.53299          0.00793193
        4058             7.68553             7.53303          0.00793006
        4059             7.66672             7.53306          0.00792817
        4060             7.80211             7.53313           0.0079265
        4061             7.63801             7.53315          0.00792459
        4062             7.61537             7.53317          0.00792266
        4063             7.89232             7.53326          0.00792121
        4064             7.38353             7.53322          0.00791934
        4065             7.90365             7.53331          0.00791792
        4066             8.59437             7.53358          0.00792027
        4067              8.0713             7.53371          0.00791943
        4068             7.93944             7.53381          0.00791811
        4069             7.75148             7.53386          0.00791634
        4070             7.81432             7.53393           0.0079147
        4071              7.8214               7.534          0.00791307
        4072             7.44284             7.53398          0.00791116
        4073             7.66183             7.53401          0.00790928
        4074             7.61225             7.53403          0.00790736
        4075              7.3084             7.53397          0.00790561
        4076              7.5103             7.53397          0.00790368
        4077             7.38639             7.53393          0.00790182
        4078             7.71821             7.53398          0.00790001
        4079             7.99645             7.53409          0.00789889
        4080             7.92937             7.53419          0.00789755
        4081             7.86849             7.53427          0.00789604
        4082             7.87869             7.53435          0.00789455
        4083             7.60396             7.53437          0.00789264
        4084             7.29949             7.53431          0.00789091
        4085             8.14451             7.53446           0.0078904
        4086             8.31284             7.53465          0.00789076
        4087             8.72246             7.53494          0.00789418
        4088             8.98606              7.5353          0.00790023
        4089             8.70642             7.53558          0.00790349
        4090             8.40609              7.5358          0.00790442
        4091             8.15309             7.53595          0.00790393
        4092             8.35406             7.53615          0.00790453
        4093             8.08611             7.53628          0.00790374
        4094             8.24122             7.53645          0.00790368
        4095             7.81346             7.53652          0.00790204
        4096             7.92211             7.53662          0.00790067
        4097             7.84645             7.53669          0.00789911
        4098             7.90118             7.53678          0.00789768
        4099             8.49572             7.53701          0.00789922
        4100             7.78238             7.53707          0.00789752
        4101             7.82226             7.53714           0.0078959
        4102             7.74759              7.5372          0.00789414
        4103             7.96271              7.5373           0.0078929
        4104             7.81967             7.53737          0.00789127
        4105             7.77645             7.53743          0.00788956
        4106             7.58951             7.53744          0.00788765
        4107             8.07032             7.53757           0.0078868
        4108             7.99904             7.53768          0.00788568
        4109             7.72008             7.53773          0.00788389
        4110             7.77223             7.53778          0.00788217
        4111             7.40171             7.53775          0.00788033
        4112             7.38428             7.53771           0.0078785
        4113             7.20344             7.53763            0.007877
        4114             6.99364              7.5375           0.0078762
        4115             7.28351             7.53744          0.00787452
        4116             6.84338             7.53727          0.00787442
        4117             7.08341             7.53716          0.00787328
        4118             7.55809             7.53716          0.00787137
        4119             7.60625             7.53718          0.00786947
        4120             7.36906             7.53714          0.00786767
        4121             7.97789             7.53725          0.00786649
        4122             7.63317             7.53727          0.00786461
        4123             7.60419             7.53729          0.00786272
        4124             7.64221             7.53731          0.00786086
        4125             7.92029              7.5374           0.0078595
        4126             7.72076             7.53745          0.00785772
        4127             7.54547             7.53745          0.00785582
        4128             8.01066             7.53756          0.00785475
        4129             8.73799             7.53786          0.00785822
        4130             8.58277             7.53811          0.00786039
        4131             8.67547             7.53838          0.00786331
        4132             8.88155             7.53871          0.00786812
        4133             8.65887             7.53898          0.00787089
        4134             8.22672             7.53915          0.00787074
        4135              7.8912             7.53923           0.0078693
        4136             7.77595             7.53929           0.0078676
        4137             7.53452             7.53929           0.0078657
        4138             7.27842             7.53922          0.00786405
        4139             7.01103              7.5391          0.00786319
        4140             7.13821               7.539          0.00786189
        4141             7.46697             7.53898          0.00786001
        4142             7.33397             7.53893          0.00785827
        4143             7.39151              7.5389          0.00785645
        4144             7.26008             7.53883          0.00785484
        4145              6.8239             7.53866          0.00785484
        4146             7.02741             7.53853          0.00785391
        4147             7.12852             7.53844          0.00785264
        4148             6.90077             7.53828          0.00785225
        4149             7.29862             7.53822          0.00785057
        4150             7.19617             7.53814          0.00784911
        4151             7.14513             7.53805          0.00784779
        4152             7.27556             7.53798          0.00784616
        4153              7.2133             7.53791          0.00784466
        4154             7.11216              7.5378          0.00784344
        4155             7.09498              7.5377          0.00784228
        4156             6.71347              7.5375           0.0078429
        4157              7.3449             7.53745          0.00784115
        4158             7.53608             7.53745          0.00783926
        4159             7.37822             7.53741          0.00783747
        4160             6.71461             7.53722          0.00783808
        4161             6.63812               7.537          0.00783917
        4162             6.74446             7.53681           0.0078396
        4163             6.32812             7.53652           0.0078431
        4164             6.26157             7.53621          0.00784719
        4165              6.3795             7.53593          0.00785021
        4166             6.63868             7.53572          0.00785128
        4167              6.7575             7.53553          0.00785162
        4168             7.21516             7.53546          0.00785011
        4169             7.32376              7.5354          0.00784839
        4170             7.62966             7.53543          0.00784654
        4171             7.68589             7.53546          0.00784475
        4172             7.16779             7.53538          0.00784336
        4173             7.31856             7.53532          0.00784165
        4174             7.29343             7.53527          0.00783999
        4175             7.58158             7.53528          0.00783812
        4176             7.56095             7.53528          0.00783624
        4177             7.39078             7.53525          0.00783445
        4178             7.74368              7.5353          0.00783273
        4179             7.97761              7.5354          0.00783157
        4180             7.50217              7.5354           0.0078297
        4181             7.34869             7.53535          0.00782795
        4182             7.59396             7.53537           0.0078261
        4183             7.58119             7.53538          0.00782423
        4184             7.90983             7.53547          0.00782287
        4185             7.79645             7.53553          0.00782125
        4186              8.4522             7.53575          0.00782245
        4187             7.90315             7.53583          0.00782107
        4188             7.93496             7.53593          0.00781979
        4189             7.43962             7.53591          0.00781795
        4190             7.38624             7.53587          0.00781617
        4191             7.29042             7.53581          0.00781452
        4192             7.43344             7.53579           0.0078127
        4193             7.40956             7.53576          0.00781089
        4194             7.57306             7.53577          0.00780904
        4195             7.32418             7.53572          0.00780734
        4196             6.93666             7.53557          0.00780678
        4197             7.04198             7.53546          0.00780581
        4198              7.1218             7.53536          0.00780457
        4199             7.36332             7.53532          0.00780282
        4200             7.27266             7.53525          0.00780121
        4201             7.01687             7.53513          0.00780033
        4202             7.08423             7.53502          0.00779921
        4203             6.85174             7.53486          0.00779905
        4204             6.73909             7.53467          0.00779949
        4205             6.75027             7.53449          0.00779987
        4206             6.89805             7.53433          0.00779948
        4207             7.09632             7.53423          0.00779832
        4208             7.26513             7.53417          0.00779673
        4209             7.08091             7.53406          0.00779562
        4210             7.31064               7.534          0.00779395
        4211             7.32727             7.53396          0.00779225
        4212             7.08844             7.53385          0.00779112
        4213             7.76603             7.53391          0.00778947
        4214             7.60086             7.53392          0.00778764
        4215             7.73589             7.53397          0.00778594
        4216             7.51359             7.53396          0.00778409
        4217             6.63656             7.53375          0.00778515
        4218             6.69861             7.53355          0.00778582
        4219             6.80668             7.53338          0.00778589
        4220              6.7073             7.53319           0.0077865
        4221             6.78611             7.53301          0.00778667
        4222             6.66352              7.5328          0.00778755
        4223             7.42685             7.53278          0.00778574
        4224             7.08521             7.53267          0.00778462
        4225             7.25198              7.5326          0.00778306
        4226             7.44169             7.53258          0.00778125
        4227             7.68625             7.53262          0.00777949
        4228             7.30417             7.53257          0.00777784
        4229             6.98064             7.53244           0.0077771
        4230             6.98722             7.53231          0.00777633
        4231             7.26586             7.53224          0.00777474
        4232             7.77384              7.5323          0.00777312
        4233              7.9284             7.53239          0.00777184
        4234             7.87197             7.53247          0.00777042
        4235             7.85604             7.53255          0.00776896
        4236             7.55504             7.53256          0.00776713
        4237             7.26641             7.53249          0.00776555
        4238             7.34381             7.53245          0.00776385
        4239             7.21825             7.53237          0.00776237
        4240             7.48192             7.53236          0.00776055
        4241             7.60221             7.53238          0.00775873
        4242             7.03672             7.53226          0.00775778
        4243             6.78205             7.53209          0.00775797
        4244             6.91705             7.53194           0.0077575
        4245             6.66359             7.53174          0.00775836
        4246             6.80469             7.53156          0.00775843
        4247             6.53473             7.53133          0.00776015
        4248             6.97209              7.5312          0.00775944
        4249             6.99819             7.53107          0.00775863
        4250             7.07323             7.53097          0.00775755
        4251             7.14012             7.53087          0.00775627
        4252             7.17213             7.53079           0.0077549
        4253             7.93292             7.53088          0.00775366
        4254             7.45005             7.53086          0.00775186
        4255              7.6387             7.53089          0.00775008
        4256             6.85622             7.53073          0.00774988
        4257             6.86961             7.53058          0.00774961
        4258             6.83208             7.53041          0.00774953
        4259             7.05719              7.5303          0.00774851
        4260             6.96519             7.53017          0.00774782
        4261             7.39797             7.53014          0.00774607
        4262             7.29906             7.53008          0.00774444
        4263             6.83944             7.52992          0.00774432
        4264              6.7715             7.52974          0.00774454
        4265             6.94551             7.52961          0.00774394
        4266             7.36062             7.52957          0.00774222
        4267             7.23503              7.5295          0.00774072
        4268             7.02673             7.52938           0.0077398
        4269              7.4336             7.52936          0.00773802
        4270              7.6362             7.52938          0.00773625
        4271             7.96394             7.52948          0.00773511
        4272             8.06767             7.52961          0.00773432
        4273             8.04232             7.52973          0.00773344
        4274             7.95189             7.52983          0.00773226
        4275             8.06652             7.52995          0.00773147
        4276              8.4425             7.53017          0.00773261
        4277             8.23141             7.53033          0.00773254
        4278             8.09498             7.53046          0.00773186
        4279             8.39177             7.53066          0.00773267
        4280             8.41569             7.53087          0.00773363
        4281              8.1876             7.53102          0.00773334
        4282             7.99775             7.53113          0.00773231
        4283              7.7836             7.53119          0.00773073
        4284             7.71832             7.53124          0.00772904
        4285             7.24128             7.53117          0.00772754
        4286             7.20876             7.53109           0.0077261
        4287              7.7214             7.53114          0.00772442
        4288             7.59755             7.53115          0.00772264
        4289             7.42549             7.53113          0.00772088
        4290             7.33831             7.53108          0.00771921
        4291             7.35759             7.53104          0.00771752
        4292             7.26475             7.53098          0.00771597
        4293             7.70914             7.53102          0.00771428
        4294             7.36952             7.53099          0.00771258
        4295             7.49157             7.53098          0.00771079
        4296             7.25648             7.53091          0.00770926
        4297             7.79674             7.53097          0.00770771
        4298             7.74074             7.53102          0.00770607
        4299             7.83422             7.53109           0.0077046
        4300             7.86292             7.53117           0.0077032
        4301             7.89249             7.53125          0.00770186
        4302             7.95629             7.53135          0.00770071
        4303              7.6879             7.53139            0.007699
        4304             7.55062             7.53139          0.00769722
        4305             7.41699             7.53137          0.00769547
        4306             7.54555             7.53137          0.00769369
        4307             7.71011             7.53141          0.00769201
        4308              7.3781             7.53138          0.00769031
        4309             7.85987             7.53145           0.0076889
        4310             7.88225             7.53153          0.00768755
        4311             8.10338             7.53167          0.00768691
        4312             7.85548             7.53174          0.00768549
        4313             8.19712              7.5319          0.00768526
        4314             7.92843             7.53199          0.00768403
        4315              7.4378             7.53197          0.00768228
        4316             7.77301             7.53202           0.0076807
        4317             7.83287             7.53209          0.00767924
        4318             7.22941             7.53202          0.00767778
        4319             7.41643               7.532          0.00767605
        4320             7.47927             7.53198          0.00767428
        4321             7.56594             7.53199          0.00767251
        4322             7.56829               7.532          0.00767074
        4323             7.74054             7.53205          0.00766912
        4324             7.69073             7.53208          0.00766743
        4325             7.80548             7.53215          0.00766592
        4326             7.79026             7.53221          0.00766438
        4327             7.49244              7.5322          0.00766261
        4328             7.82333             7.53227          0.00766114
        4329             8.24612             7.53243          0.00766114
        4330             7.71176             7.53247          0.00765949
        4331             7.71815             7.53251          0.00765784
        4332             8.12081             7.53265          0.00765727
        4333              8.1727              7.5328          0.00765693
        4334             8.38619             7.53299           0.0076577
        4335             8.12538             7.53313          0.00765715
        4336             8.13774             7.53327          0.00765665
        4337             7.91267             7.53336          0.00765539
        4338             7.96861             7.53346          0.00765428
        4339             7.85446             7.53353          0.00765287
        4340             8.12486             7.53367          0.00765232
        4341              8.5862             7.53391           0.0076544
        4342             8.44119             7.53412          0.00765549
        4343             8.26937             7.53429           0.0076556
        4344             7.86006             7.53436           0.0076542
        4345             7.69776              7.5344          0.00765253
        4346             7.25303             7.53434          0.00765105
        4347             7.70325             7.53438          0.00764938
        4348             7.93394             7.53447          0.00764818
        4349             7.95175             7.53456          0.00764702
        4350             7.77195             7.53462          0.00764546
        4351             7.43187              7.5346          0.00764374
        4352             7.15038             7.53451          0.00764249
        4353             6.93888             7.53437          0.00764196
        4354             6.37406              7.5341          0.00764485
        4355             6.76748             7.53393          0.00764512
        4356             7.01529             7.53381          0.00764429
        4357             7.02185             7.53369          0.00764344
        4358             6.96419             7.53356           0.0076428
        4359             7.16338             7.53348          0.00764152
        4360             7.49257             7.53347          0.00763978
        4361             7.63186             7.53349          0.00763806
        4362             7.42909             7.53346          0.00763634
        4363             7.66103             7.53349          0.00763465
        4364             7.27315             7.53343          0.00763313
        4365             7.44061             7.53341          0.00763141
        4366             7.91008              7.5335          0.00763015
        4367             7.59843             7.53351          0.00762842
        4368             8.32977              7.5337          0.00762885
        4369             7.89647             7.53378          0.00762756
        4370             7.42952             7.53376          0.00762585
        4371             7.64706             7.53378          0.00762415
        4372             7.93419             7.53387          0.00762295
        4373             8.00871             7.53398          0.00762198
        4374             7.48313             7.53397          0.00762025
        4375             8.01919             7.53408          0.00761932
        4376             7.91087             7.53417          0.00761806
        4377             7.72734             7.53421          0.00761645
        4378             7.50109              7.5342          0.00761471
        4379             6.97745             7.53408          0.00761404
        4380             6.84386             7.53392          0.00761393
        4381             6.96528             7.53379           0.0076133
        4382             7.44148             7.53377          0.00761159
        4383             7.57791             7.53378          0.00760986
        4384             8.01613             7.53389          0.00760892
        4385             8.33584             7.53407          0.00760938
        4386             8.20208             7.53422          0.00760917
        4387             8.36614             7.53441           0.0076098
        4388             8.10768             7.53454          0.00760918
        4389             7.98433             7.53465          0.00760814
        4390             7.84364             7.53472          0.00760673
        4391             7.68255             7.53475          0.00760508
        4392             7.70526             7.53479          0.00760344
        4393             7.61237             7.53481          0.00760173
        4394             7.93828              7.5349          0.00760056
        4395             8.22277             7.53506          0.00760044
        4396             8.45302             7.53526          0.00760158
        4397             8.25923             7.53543          0.00760163
        4398             8.03184             7.53554          0.00760074
        4399             8.04126             7.53566          0.00759988
        4400             8.14831              7.5358          0.00759943
        4401             8.30338             7.53597          0.00759971
        4402             7.77637             7.53602          0.00759818
        4403             7.61218             7.53604          0.00759647
        4404             7.46943             7.53603          0.00759476
        4405             7.43807               7.536          0.00759307
        4406             7.47547             7.53599          0.00759136
        4407             6.99027             7.53587          0.00759064
        4408             6.87476             7.53572           0.0075904
        4409             7.17442             7.53564          0.00758912
        4410             7.51935             7.53563           0.0075874
        4411             7.27457             7.53557          0.00758592
        4412              7.3227             7.53552          0.00758435
        4413             7.28349             7.53547          0.00758285
        4414             7.03017             7.53535          0.00758199
        4415             6.94533             7.53522          0.00758145
        4416             7.28702             7.53516          0.00757994
        4417             7.16127             7.53508           0.0075787
        4418             7.13466             7.53499          0.00757753
        4419             6.82669             7.53483          0.00757751
        4420             7.41294              7.5348          0.00757584
        4421             7.49039             7.53479          0.00757414
        4422             7.57325              7.5348          0.00757243
        4423             7.47997             7.53479          0.00757073
        4424             7.69362             7.53482           0.0075691
        4425             7.27293             7.53476          0.00756762
        4426              7.6763             7.53479          0.00756598
        4427             7.21455             7.53472          0.00756462
        4428             7.11507             7.53463           0.0075635
        4429             7.16051             7.53454          0.00756227
        4430             7.68645             7.53458          0.00756064
        4431             7.38661             7.53454            0.007559
        4432             7.82931             7.53461          0.00755759
        4433             8.17179             7.53475          0.00755725
        4434             8.06699             7.53487           0.0075565
        4435             7.88101             7.53495           0.0075552
        4436             8.35475             7.53514          0.00755576
        4437             8.13249             7.53527          0.00755525
        4438             7.91013             7.53536          0.00755402
        4439             8.23533             7.53551          0.00755397
        4440             7.76701             7.53557          0.00755245
        4441              7.4942             7.53556          0.00755075
        4442             7.41884             7.53553           0.0075491
        4443               7.076             7.53543          0.00754811
        4444             7.03859             7.53531          0.00754724
        4445              7.2193             7.53524          0.00754587
        4446             7.32349              7.5352          0.00754433
        4447             7.25609             7.53513          0.00754289
        4448             7.17388             7.53505          0.00754163
        4449             7.09536             7.53495          0.00754058
        4450             7.30672              7.5349          0.00753906
        4451              7.3395             7.53486           0.0075375
        4452             7.17808             7.53478          0.00753623
        4453             7.37698             7.53474          0.00753462
        4454             7.55687             7.53475          0.00753293
        4455               7.767              7.5348          0.00753142
        4456             7.78955             7.53486          0.00752995
        4457             7.82841             7.53492          0.00752855
        4458             7.18868             7.53485          0.00752726
        4459             7.42198             7.53482          0.00752561
        4460               7.238             7.53475          0.00752422
        4461              7.4641             7.53474          0.00752255
        4462             7.80678              7.5348          0.00752111
        4463             8.35045             7.53498          0.00752165
        4464             8.13481             7.53512          0.00752116
        4465             7.98236             7.53522          0.00752014
        4466             7.73525             7.53526          0.00751859
        4467             7.78472             7.53532          0.00751712
        4468             7.64582             7.53534          0.00751548
        4469             7.75397             7.53539          0.00751395
        4470             7.72602             7.53543          0.00751239
        4471             7.79526             7.53549          0.00751094
        4472             8.13358             7.53562          0.00751045
        4473             8.01386             7.53573          0.00750953
        4474             7.88156             7.53581          0.00750825
        4475             7.91729             7.53589          0.00750706
        4476             7.93596             7.53598          0.00750591
        4477             7.53253             7.53598          0.00750423
        4478             7.78345             7.53604          0.00750276
        4479             7.45546             7.53602          0.00750111
        4480             6.98603              7.5359          0.00750044
        4481             7.42166             7.53587          0.00749881
        4482             7.58004             7.53588          0.00749714
        4483             7.71928             7.53592          0.00749558
        4484             8.04739             7.53604          0.00749478
        4485             7.59302             7.53605          0.00749312
        4486             7.76981              7.5361          0.00749163
        4487             7.71126             7.53614          0.00749006
        4488             8.36292             7.53632          0.00749066
        4489             8.17475             7.53647          0.00749034
        4490             8.01046             7.53657          0.00748941
        4491             7.86235             7.53664           0.0074881
        4492             7.31983              7.5366          0.00748659
        4493             7.09105              7.5365          0.00748558
        4494             7.12603             7.53641          0.00748447
        4495             7.68153             7.53644          0.00748287
        4496             7.97282             7.53654          0.00748184
        4497             7.39364              7.5365          0.00748024
        4498             8.02327             7.53661          0.00747936
        4499             7.13996             7.53652          0.00747822
        4500             6.87935             7.53638          0.00747798
        4501              6.9833             7.53625          0.00747733
        4502             7.38909             7.53622          0.00747574
        4503             7.35785             7.53618          0.00747418
        4504             6.86187             7.53603          0.00747402
        4505             6.81192             7.53587          0.00747409
        4506             6.85699             7.53572          0.00747395
        4507             7.51371             7.53572           0.0074723
        4508             7.05959             7.53561          0.00747139
        4509             7.32466             7.53556          0.00746988
        4510             7.41634             7.53554          0.00746827
        4511             7.61489             7.53556          0.00746663
        4512             7.66074             7.53558          0.00746503
        4513             7.40406             7.53555          0.00746343
        4514             7.27064              7.5355          0.00746201
        4515             6.96381             7.53537          0.00746143
        4516             6.95388             7.53524          0.00746089
        4517             7.41632             7.53521          0.00745928
        4518             7.90752              7.5353          0.00745809
        4519              7.5679              7.5353          0.00745644
        4520             7.32704             7.53526          0.00745493
        4521             6.98367             7.53513          0.00745428
        4522             7.21596             7.53506          0.00745297
        4523             7.35577             7.53502          0.00745143
        4524             7.48548             7.53501          0.00744979
        4525             7.28015             7.53496          0.00744835
        4526             7.29313              7.5349           0.0074469
        4527             7.19434             7.53483          0.00744563
        4528             7.70812             7.53487          0.00744409
        4529             7.67166              7.5349          0.00744251
        4530             7.33581             7.53485          0.00744099
        4531             7.63494             7.53488          0.00743938
        4532              7.4051             7.53485           0.0074378
        4533             7.45603             7.53483          0.00743618
        4534             6.94723              7.5347          0.00743566
        4535             7.02476             7.53459          0.00743488
        4536             7.55872             7.53459          0.00743324
        4537               7.088             7.53449          0.00743225
        4538             7.01263             7.53438           0.0074315
        4539             6.81345             7.53422          0.00743156
        4540             7.08879             7.53412          0.00743057
        4541             7.56669             7.53413          0.00742894
        4542             7.54636             7.53413          0.00742731
        4543             7.52038             7.53413          0.00742567
        4544              7.5093             7.53412          0.00742404
        4545             7.11953             7.53403          0.00742297
        4546             7.21934             7.53396          0.00742166
        4547             6.85286             7.53381          0.00742154
        4548              6.8757             7.53367          0.00742131
        4549             7.05807             7.53356          0.00742042
        4550              6.8341             7.53341          0.00742038
        4551             7.12463             7.53332          0.00741929
        4552             7.02191             7.53321          0.00741851
        4553             7.13102             7.53312          0.00741741
        4554             7.55845             7.53313          0.00741578
        4555             7.81449             7.53319          0.00741441
        4556             7.69097             7.53322          0.00741287
        4557             7.29522             7.53317          0.00741142
        4558             6.93498             7.53304          0.00741096
        4559             6.87824             7.53289          0.00741073
        4560             6.72288             7.53272          0.00741123
        4561             7.18291             7.53264             0.00741
        4562             7.47803             7.53263          0.00740839
        4563             7.52147             7.53263          0.00740676
        4564             7.45417             7.53261          0.00740516
        4565             7.45324             7.53259          0.00740356
        4566             7.51957             7.53259          0.00740194
        4567             7.24301             7.53253          0.00740059
        4568             7.39689              7.5325          0.00739903
        4569             7.39702             7.53247          0.00739747
        4570             7.66381             7.53249          0.00739591
        4571             7.49743             7.53249          0.00739429
        4572             7.10476             7.53239          0.00739327
        4573             7.04304             7.53229          0.00739242
        4574             7.50893             7.53228          0.00739081
        4575             7.67269             7.53231          0.00738926
        4576             7.44402             7.53229          0.00738767
        4577             7.13198             7.53221          0.00738657
        4578             7.73144             7.53225          0.00738509
        4579             7.75979              7.5323          0.00738364
        4580             7.92826             7.53238          0.00738253
        4581             7.74129             7.53243          0.00738106
        4582             7.60245             7.53245          0.00737947
        4583              8.2309              7.5326          0.00737943
        4584              8.2961             7.53276           0.0073797
        4585             7.83837             7.53283          0.00737839
        4586             7.54792             7.53283          0.00737679
        4587             7.69297             7.53287          0.00737526
        4588             7.81482             7.53293          0.00737391
        4589             7.73061             7.53297          0.00737243
        4590             7.47857             7.53296          0.00737083
        4591              7.4406             7.53294          0.00736925
        4592             7.59656             7.53296          0.00736766
        4593             7.49409             7.53295          0.00736606
        4594              7.6398             7.53297          0.00736449
        4595             7.97349             7.53307          0.00736352
        4596              8.0731             7.53318          0.00736285
        4597             7.90621             7.53327           0.0073617
        4598             7.69061              7.5333          0.00736018
        4599             7.97669              7.5334          0.00735921
        4600             7.57316              7.5334          0.00735761
        4601             7.82448             7.53347          0.00735628
        4602             7.41348             7.53344          0.00735473
        4603              7.6169             7.53346          0.00735316
        4604             7.74354             7.53351           0.0073517
        4605             7.49661              7.5335          0.00735011
        4606             7.78781             7.53355          0.00734872
        4607             7.64481             7.53358          0.00734717
        4608             7.54036             7.53358          0.00734557
        4609             7.96294             7.53367          0.00734457
        4610             7.88556             7.53375          0.00734337
        4611             7.83572             7.53381          0.00734207
        4612             7.88667             7.53389          0.00734088
        4613             7.87804             7.53396          0.00733967
        4614             7.21509              7.5339           0.0073384
        4615             7.19909             7.53382          0.00733717
        4616             7.74973             7.53387          0.00733573
        4617             7.98548             7.53397          0.00733479
        4618             8.20916             7.53411          0.00733466
        4619             8.13499             7.53424          0.00733423
        4620             8.00919             7.53435          0.00733336
        4621             8.12924             7.53448           0.0073329
        4622             7.72124             7.53452          0.00733143
        4623             8.23479             7.53467           0.0073314
        4624             7.96194             7.53476           0.0073304
        4625              7.4966             7.53475          0.00732882
        4626             7.48125             7.53474          0.00732725
        4627             7.21154             7.53467            0.007326
        4628             6.97051             7.53455          0.00732543
        4629             6.59037             7.53434          0.00732668
        4630             6.88854              7.5342          0.00732643
        4631             6.67599             7.53402          0.00732719
        4632             6.89573             7.53388           0.0073269
        4633             6.26486             7.53361          0.00733044
        4634              6.8032             7.53345          0.00733055
        4635             6.88448             7.53331          0.00733031
        4636             7.01222              7.5332          0.00732959
        4637             7.04095             7.53309          0.00732878
        4638             6.85871             7.53295          0.00732864
        4639             7.11238             7.53286          0.00732762
        4640             7.11699             7.53277          0.00732659
        4641             7.33337             7.53272          0.00732514
        4642             7.61278             7.53274          0.00732358
        4643              8.0286             7.53285          0.00732278
        4644             8.30654             7.53301           0.0073231
        4645             8.48488             7.53322          0.00732439
        4646               8.482             7.53342          0.00732566
        4647              8.4565             7.53362          0.00732677
        4648             8.58174             7.53385          0.00732867
        4649             8.28737             7.53401          0.00732888
        4650             8.01844             7.53411          0.00732805
        4651             7.77884             7.53417          0.00732666
        4652             7.81371             7.53423          0.00732533
        4653             7.83017             7.53429          0.00732403
        4654             8.21171             7.53443          0.00732391
        4655             8.50466             7.53464           0.0073253
        4656             8.82459             7.53492          0.00732896
        4657             8.60757             7.53515          0.00733101
        4658             8.49459             7.53536          0.00733233
        4659              8.3913             7.53554          0.00733305
        4660             7.64868             7.53556          0.00733152
        4661             7.34161             7.53552          0.00733006
        4662             7.40343             7.53549          0.00732855
        4663             7.42509             7.53547          0.00732701
        4664             7.60004             7.53548          0.00732546
        4665             7.69251             7.53552          0.00732396
        4666             7.64533             7.53554          0.00732243
        4667             7.91568             7.53562          0.00732132
        4668             7.43579              7.5356          0.00731978
        4669             7.22858             7.53554          0.00731851
        4670             7.26808             7.53548          0.00731716
        4671             7.10055             7.53539          0.00731619
        4672             7.11847              7.5353          0.00731517
        4673             7.28061             7.53524           0.0073138
        4674              7.8557             7.53531          0.00731256
        4675             7.39842             7.53528          0.00731106
        4676             7.54491             7.53528          0.00730949
        4677             7.77342             7.53533          0.00730811
        4678              7.6831             7.53537          0.00730661
        4679             7.55933             7.53537          0.00730505
        4680             7.49845             7.53536           0.0073035
        4681             7.56532             7.53537          0.00730194
        4682             7.62333             7.53539           0.0073004
        4683             7.48836             7.53538          0.00729885
        4684             6.96683             7.53526           0.0072983
        4685             6.99994             7.53514          0.00729764
        4686             7.22041             7.53508          0.00729639
        4687             7.51079             7.53507          0.00729484
        4688             6.95296             7.53495          0.00729434
        4689             7.27604             7.53489          0.00729299
        4690             6.93655             7.53476          0.00729255
        4691               7.021             7.53465          0.00729182
        4692             6.97079             7.53453          0.00729125
        4693             7.09902             7.53444          0.00729029
        4694             7.22962             7.53438          0.00728903
        4695             7.27659             7.53432          0.00728768
        4696              6.6803             7.53414           0.0072884
        4697             6.92478             7.53401            0.007288
        4698             7.06336             7.53391          0.00728714
        4699              7.1641             7.53383          0.00728601
        4700             6.94672             7.53371          0.00728553
        4701             7.42583             7.53368          0.00728402
        4702             6.60233             7.53348          0.00728516
        4703             6.69997             7.53331          0.00728577
        4704             6.81581             7.53315          0.00728582
        4705             6.51653             7.53294          0.00728747
        4706             6.74048             7.53277          0.00728787
        4707             6.59933             7.53257          0.00728902
        4708             6.71121              7.5324          0.00728956
        4709             6.56209             7.53219          0.00729092
        4710             6.57802             7.53199          0.00729219
        4711             6.58324             7.53179          0.00729342
        4712             6.50469             7.53157          0.00729513
        4713             6.68291             7.53139           0.0072958
        4714             6.90396             7.53126          0.00729547
        4715             7.48913             7.53125          0.00729393
        4716             7.29046              7.5312          0.00729256
        4717             6.75674             7.53103          0.00729286
        4718              6.4783             7.53081          0.00729473
        4719             6.95762             7.53069          0.00729419
        4720              6.9529             7.53057          0.00729368
        4721             6.89268             7.53043          0.00729338
        4722             7.05255             7.53033          0.00729254
        4723              7.0542             7.53023          0.00729169
        4724             7.04725             7.53013          0.00729087
        4725             7.11586             7.53004          0.00728985
        4726             6.91603             7.52991          0.00728946
        4727             7.21922             7.52984          0.00728822
        4728             7.40644             7.52982          0.00728672
        4729             7.67685             7.52985          0.00728525
        4730             7.39889             7.52982          0.00728376
        4731             7.39612             7.52979          0.00728228
        4732             7.41094             7.52977          0.00728078
        4733             7.77339             7.52982          0.00727942
        4734             7.42093             7.52979          0.00727792
        4735             7.33793             7.52975           0.0072765
        4736             7.35619             7.52972          0.00727506
        4737             7.05789             7.52962           0.0072742
        4738             7.52749             7.52962          0.00727267
        4739             7.70608             7.52965          0.00727123
        4740             7.55861             7.52966           0.0072697
        4741             7.27954             7.52961          0.00726835
        4742             8.20202             7.52975           0.0072682
        4743             7.72704             7.52979          0.00726679
        4744             7.26161             7.52974          0.00726548
        4745             7.68531             7.52977          0.00726402
        4746             7.74459             7.52981          0.00726263
        4747             7.94493              7.5299          0.00726163
        4748             8.34055             7.53007          0.00726211
        4749             7.90299             7.53015            0.007261
        4750             7.39057             7.53012          0.00725953
        4751             7.63911             7.53014          0.00725804
        4752              7.7608             7.53019          0.00725667
        4753             7.77903             7.53024          0.00725534
        4754             7.56867             7.53025          0.00725382
        4755             7.94688             7.53034          0.00725282
        4756             8.13219             7.53047           0.0072524
        4757             7.97542             7.53056          0.00725148
        4758             8.00425             7.53066          0.00725064
        4759             8.37672             7.53084          0.00725129
        4760             8.31971               7.531          0.00725166
        4761             8.21057             7.53115          0.00725154
        4762             8.08048             7.53126          0.00725094
        4763             8.06595             7.53137          0.00725028
        4764             7.99164             7.53147          0.00724941
        4765             8.00982             7.53157          0.00724858
        4766             7.91436             7.53165           0.0072475
        4767             7.88842             7.53173          0.00724637
        4768             8.00166             7.53182          0.00724552
        4769             8.13897             7.53195          0.00724512
        4770             7.82909             7.53201          0.00724387
        4771             8.01401             7.53211          0.00724305
        4772             7.80628             7.53217          0.00724176
        4773             7.62882             7.53219          0.00724028
        4774             8.14978             7.53232          0.00723991
        4775             7.76146             7.53237          0.00723856
        4776              7.7552             7.53242          0.00723719
        4777             7.46708              7.5324          0.00723569
        4778             7.28253             7.53235          0.00723436
        4779             7.40329             7.53232           0.0072329
        4780             7.22206             7.53226          0.00723168
        4781             7.09153             7.53217          0.00723075
        4782             7.18821             7.53209           0.0072296
        4783             7.68814             7.53213          0.00722816
        4784             7.66415             7.53215           0.0072267
        4785             7.49102             7.53215           0.0072252
        4786             7.12612             7.53206          0.00722419
        4787             7.52351             7.53206          0.00722268
        4788             7.22641               7.532          0.00722145
        4789             7.38502             7.53197          0.00722001
        4790             7.97016             7.53206          0.00721908
        4791             7.89982             7.53213          0.00721798
        4792             7.66786             7.53216          0.00721653
        4793             7.89227             7.53224          0.00721542
        4794             7.90271             7.53231          0.00721433
        4795             7.88344             7.53239          0.00721319
        4796             7.68418             7.53242          0.00721176
        4797             7.97175             7.53251          0.00721084
        4798             8.23697             7.53266          0.00721083
        4799             7.99929             7.53275          0.00720998
        4800             8.09235             7.53287          0.00720942
        4801             7.98712             7.53297          0.00720854
        4802             8.26962             7.53312          0.00720867
        4803             8.45699             7.53331          0.00720974
        4804             8.08867             7.53343          0.00720916
        4805             7.85967             7.53349          0.00720798
        4806             7.97214             7.53359          0.00720706
        4807             8.11505             7.53371          0.00720658
        4808             8.56927             7.53392           0.0072083
        4809             8.85451              7.5342          0.00721203
        4810             8.92993             7.53449          0.00721636
        4811             8.45376             7.53468          0.00721739
        4812             8.35262             7.53485          0.00721789
        4813             8.33928             7.53502          0.00721833
        4814             8.28897             7.53517          0.00721853
        4815             7.85466             7.53524          0.00721733
        4816             7.92909             7.53532           0.0072163
        4817             8.01329             7.53542          0.00721548
        4818             8.47131             7.53561           0.0072166
        4819             7.97014              7.5357          0.00721566
        4820             8.12679             7.53583          0.00721521
        4821             7.82104             7.53589          0.00721395
        4822             8.08763               7.536          0.00721337
        4823             8.55499             7.53621          0.00721496
        4824             7.84047             7.53627          0.00721374
        4825             8.17475             7.53641          0.00721346
        4826             7.91832             7.53649           0.0072124
        4827              7.8587             7.53655          0.00721122
        4828             7.73127             7.53659          0.00720983
        4829             7.74129             7.53664          0.00720847
        4830             8.05044             7.53674          0.00720776
        4831             7.87292             7.53681           0.0072066
        4832             7.63389             7.53683          0.00720514
        4833             7.84228             7.53689          0.00720393
        4834             7.85108             7.53696          0.00720273
        4835              8.1265             7.53708          0.00720227
        4836             8.30543             7.53724          0.00720253
        4837             8.22098             7.53738          0.00720243
        4838             8.30341             7.53754          0.00720268
        4839             8.24922             7.53769           0.0072027
        4840             7.88845             7.53776          0.00720157
        4841              7.9296             7.53784          0.00720054
        4842             8.23952             7.53799          0.00720051
        4843             8.33147             7.53815          0.00720089
        4844             8.61973             7.53837          0.00720286
        4845               8.296             7.53853          0.00720307
        4846             7.89603              7.5386          0.00720196
        4847             7.48756             7.53859          0.00720049
        4848             7.58757              7.5386          0.00719901
        4849             7.79398             7.53866          0.00719772
        4850             7.83797             7.53872           0.0071965
        4851             8.28825             7.53887          0.00719667
        4852             8.41472             7.53905          0.00719745
        4853             7.90347             7.53913          0.00719636
        4854             8.08669             7.53924          0.00719576
        4855             8.27618             7.53939          0.00719588
        4856                8.24             7.53954          0.00719584
        4857             7.92748             7.53962          0.00719481
        4858             8.12336             7.53974          0.00719433
        4859             8.01912             7.53983          0.00719352
        4860             8.11281             7.53995          0.00719301
        4861             7.93848             7.54003            0.007192
        4862             8.15269             7.54016          0.00719162
        4863             8.12546             7.54028          0.00719115
        4864             8.25981             7.54043          0.00719119
        4865             8.21461             7.54057          0.00719105
        4866             7.83646             7.54063          0.00718983
        4867             7.33132             7.54059          0.00718848
        4868             7.32056             7.54054          0.00718715
        4869             7.40376             7.54051          0.00718573
        4870             7.74529             7.54055          0.00718437
        4871             7.39079             7.54052          0.00718296
        4872             7.32009             7.54048          0.00718163
        4873             7.55044             7.54048          0.00718016
        4874             7.31748             7.54043          0.00717883
        4875              7.3792              7.5404          0.00717743
        4876             7.07386             7.54031           0.0071766
        4877              7.3005             7.54026           0.0071753
        4878             7.35257             7.54022          0.00717393
        4879             7.29409             7.54017          0.00717264
        4880             7.41773             7.54014          0.00717121
        4881             7.55535             7.54015          0.00716974
        4882              7.8101              7.5402          0.00716849
        4883             7.96433             7.54029          0.00716755
        4884             7.62545              7.5403           0.0071661
        4885             7.44576             7.54029          0.00716466
        4886             7.59078              7.5403           0.0071632
        4887             8.11165             7.54041          0.00716269
        4888             8.32781             7.54057          0.00716303
        4889             8.01404             7.54067          0.00716222
        4890             8.66892              7.5409          0.00716447
        4891              8.5008              7.5411           0.0071657
        4892             8.37211             7.54127          0.00716624
        4893             8.49029             7.54146           0.0071674
        4894             8.40426             7.54164          0.00716811
        4895               8.358              7.5418          0.00716858
        4896              7.7246             7.54184          0.00716722
        4897             7.90791             7.54192          0.00716614
        4898              7.7584             7.54196          0.00716482
        4899             7.85154             7.54202          0.00716363
        4900             8.18032             7.54215          0.00716335
        4901              8.1189             7.54227          0.00716286
        4902             8.09273             7.54238          0.00716228
        4903             7.91962             7.54246          0.00716123
        4904             7.72185              7.5425          0.00715986
        4905             8.20674             7.54263          0.00715968
        4906             8.55413             7.54284          0.00716119
        4907             8.10026             7.54295          0.00716063
        4908             8.66884             7.54318          0.00716285
        4909             7.94343             7.54326          0.00716185
        4910             7.61646             7.54328          0.00716041
        4911             7.52991             7.54328          0.00715895
        4912             7.89812             7.54335          0.00715786
        4913             8.03217             7.54345          0.00715709
        4914             8.05796             7.54355           0.0071564
        4915             7.76333              7.5436          0.00715509
        4916              7.9212             7.54367          0.00715404
        4917             7.98412             7.54376          0.00715315
        4918             8.10677             7.54388          0.00715261
        4919             8.22134             7.54402          0.00715248
        4920             8.05212             7.54412          0.00715178
        4921             8.05553             7.54422          0.00715108
        4922             8.36004             7.54439          0.00715154
        4923             8.17197             7.54452          0.00715123
        4924             7.99209             7.54461          0.00715035
        4925             8.28169             7.54476          0.00715047
        4926             7.73368              7.5448          0.00714912
        4927             7.90608             7.54487          0.00714804
        4928             7.93563             7.54495          0.00714703
        4929             7.89928             7.54502          0.00714595
        4930             7.82999             7.54508          0.00714473
        4931             7.86729             7.54514          0.00714358
        4932             7.88522             7.54521          0.00714246
        4933             7.63228             7.54523          0.00714104
        4934             7.91516              7.5453          0.00713998
        4935              7.9659             7.54539          0.00713905
        4936             8.26562             7.54554          0.00713909
        4937             8.34993              7.5457           0.0071395
        4938             8.61625             7.54592          0.00714135
        4939              8.4875             7.54611          0.00714245
        4940             8.69577             7.54634          0.00714479
        4941             9.01589             7.54664          0.00714953
        4942             9.46102             7.54702          0.00715857
        4943             9.16785             7.54735          0.00716463
        4944             8.91609             7.54763          0.00716853
        4945             9.09894             7.54794          0.00717394
        4946             8.58076             7.54815          0.00717553
        4947              8.6331             7.54837          0.00717743
        4948             8.32678             7.54853           0.0071777
        4949               8.241             7.54867          0.00717761
        4950             8.50605             7.54886          0.00717877
        4951                8.15             7.54898          0.00717835
        4952             8.52048             7.54918          0.00717958
        4953             7.86518             7.54924          0.00717841
        4954             7.72637             7.54928          0.00717705
        4955             7.63679              7.5493          0.00717562
        4956             7.68747             7.54932          0.00717423
        4957             7.42864              7.5493          0.00717283
        4958             7.59574             7.54931          0.00717138
        4959             7.71483             7.54934          0.00717002
        4960             7.92796             7.54942          0.00716898
        4961             8.04331             7.54952          0.00716822
        4962             7.90885             7.54959          0.00716714
        4963             8.31763             7.54974          0.00716737
        4964             8.18926             7.54987          0.00716708
        4965             7.88465             7.54994          0.00716596
        4966              7.4429             7.54992          0.00716455
        4967             7.23521             7.54986          0.00716339
        4968             7.08115             7.54976          0.00716256
        4969              7.2375              7.5497           0.0071614
        4970             6.90207             7.54957          0.00716114
        4971             7.06871             7.54947          0.00716036
        4972             7.19328              7.5494          0.00715927
        4973             7.59898             7.54941          0.00715784
        4974             7.53538             7.54941           0.0071564
        4975             7.22067             7.54934          0.00715527
        4976             7.37161             7.54931          0.00715392
        4977             7.38277             7.54927          0.00715256
        4978             7.21325              7.5492          0.00715144
        4979             7.24865             7.54914          0.00715026
        4980             7.45183             7.54912          0.00714885
        4981             7.13157             7.54904          0.00714791
        4982              7.6659             7.54906          0.00714651
        4983             7.77553             7.54911          0.00714522
        4984             7.80387             7.54916          0.00714397
        4985             7.82449             7.54922          0.00714275
        4986             8.02197             7.54931          0.00714195
        4987             7.98319              7.5494          0.00714105
        4988             8.08493             7.54951          0.00714042
        4989             7.99099             7.54959          0.00713954
        4990             7.92339             7.54967           0.0071385
        4991             7.89629             7.54974          0.00713741
        4992             7.82268             7.54979          0.00713619
        4993             8.47331             7.54998          0.00713716
        4994             8.70278             7.55021          0.00713946
        4995              8.7887             7.55046          0.00714233
        4996             8.69815             7.55069           0.0071446
        4997             8.51295             7.55088          0.00714576
        4998             8.49652             7.55107          0.00714684
        4999             8.53153             7.55126           0.0071481
        5000             8.51751             7.55146          0.00714928
